sample,start,end,n,peak,profile_snr,Rg,Rg_fit_se,guinier_chi2,guinier_qmin,guinier_qmax,qmin_Rg_relative_span,halves_mean_squared_z,s2,mode2_q_ac,mode2_t_ac,eligible
WT_092025,150,165,16,165,314.33483451997364,27.410604803905247,0.9789714125286201,1.1520529145574594,0.012,0.036,0.07803522721378467,2.1628700483485863,16.018841012655088,0.7345753247243662,0.7793184684240859,False
WT_092025,150,166,17,165,334.5293870796813,26.974077348266125,0.8592515352311989,1.0890802358119676,0.012,0.037,0.07111819187492947,2.05243486174473,16.144309422149135,0.7334997958693835,0.7843013282303782,False
WT_092025,150,167,18,165,352.7568740075073,26.262638219828368,0.7686012713358821,1.1642727718232138,0.012,0.038,0.04814385055543579,2.1009666138719187,16.420738963994992,0.7467778953927245,0.7708552061119105,False
WT_092025,150,168,19,165,368.7797444229466,26.139693266355696,0.740222638897866,1.101888988013448,0.012,0.038,0.042335542061099914,2.1460425910453087,16.545770819746387,0.7507998728042187,0.7822841702424833,False
WT_092025,150,169,20,165,382.5512054383945,26.098705793903022,0.7172634270615436,0.9477995687002462,0.012,0.038,0.03382542276014378,2.2135312212818428,16.734236295835544,0.7441969404522544,0.7891157356044227,False
WT_092025,150,170,21,165,394.28301522596416,25.976900244896324,0.7009738104092044,0.8744618385715532,0.012,0.038,0.029518323474505982,2.2480966607523434,17.71478453160928,0.741198968160182,0.7466395075236704,False
WT_092025,150,171,22,165,403.7680368012201,25.94464015585686,0.6857866586923218,0.9331427156999831,0.012,0.038,0.026650080665641073,2.2501582889751894,17.7013262526691,0.7413404593433472,0.7475889584829276,False
WT_092025,150,172,23,165,411.4396927716198,25.92303924960321,0.6743645423913748,0.8689957785634541,0.012,0.038,0.025801114155043596,2.2189038675938155,17.786060085203598,0.7458132529896846,0.7388585746494987,False
WT_092025,150,173,24,165,417.17056782693953,25.989457542826706,0.6641833648989844,0.9150760235271734,0.012,0.038,0.02865635812050037,2.282694621972777,17.906995870991103,0.756548078541846,0.7445350415594343,False
WT_092025,150,174,25,165,421.1666831761413,25.95822592792612,0.6585084343744034,0.8932120690152516,0.012,0.038,0.02687143986907363,2.181416724181653,17.938597944491946,0.758140345859881,0.7518585398290476,False
WT_092025,150,175,26,165,423.54420782595093,25.942297894816786,0.6558073080710293,0.8552132200212665,0.012,0.038,0.027840074399277742,2.271114460979529,18.223456522101696,0.7661849213231349,0.7352973585944442,False
WT_092025,150,176,27,165,424.35517482069383,25.91075664031801,0.6556564448838713,0.7995507100736964,0.012,0.038,0.02831522128916749,2.3539922153452184,18.27324530445107,0.7674927652320701,0.7442114766902688,False
WT_092025,150,177,28,165,423.87256056849066,25.832798124865988,0.6590196268002978,0.7915322023220032,0.012,0.038,0.028739927020487388,2.416633396968625,18.35657922094098,0.7725904004144976,0.7463452747273349,False
WT_092025,150,178,29,165,422.4376627926918,25.82137259286446,0.6619716837881372,0.8152226527819963,0.012,0.038,0.03127448876272987,2.609535980457153,18.459651145867607,0.776713989718014,0.744971125097123,False
WT_092025,150,179,30,165,419.7892809709088,25.888085647594576,0.6641273841611994,0.860214160920342,0.012,0.038,0.033063201302835334,2.6640317776491544,18.48222533574051,0.7766963552385115,0.7465931043975065,False
WT_092025,150,180,31,165,416.3690096066575,25.86889658258703,0.6704861630227021,0.8235402492556418,0.012,0.038,0.03053674654567961,2.547840695679136,18.628169970432523,0.7770643950230218,0.7364370966944277,False
WT_092025,150,181,32,165,412.38326603313624,26.010062298391166,0.6735371578240313,0.8359968973794331,0.012,0.038,0.02992310406914716,2.616794435024098,18.729672206407958,0.7768423173437209,0.7442090747679608,False
WT_092025,150,182,33,165,407.83519234622423,25.993457856150147,0.6813440912397011,0.815959401458365,0.012,0.038,0.03301040590458622,2.5219033060752727,18.741892338448775,0.7765434306278818,0.7419625477449924,False
WT_092025,150,183,34,165,402.7332648538415,25.947454133023722,0.6912186059053864,0.7890423425124915,0.012,0.038,0.03198591481945964,2.5108441036179117,18.77756569027713,0.7809303150513978,0.7334778628908208,False
WT_092025,150,184,35,165,397.31644981575164,25.881280651618653,0.7025699944517886,0.8068261362070648,0.012,0.038,0.03194514204494191,2.3285355373281207,18.79279883457917,0.7819724384263372,0.7339234268551585,False
WT_092025,150,185,36,165,391.5832713216229,25.80879183182761,0.7145306484273442,0.8622444211963866,0.012,0.038,0.03325488585593172,2.304576984978591,18.806645905567382,0.7819837438670166,0.7339571741117125,False
WT_092025,150,186,37,165,385.81250091540215,25.832892462038163,0.7243122145754418,0.8624186392461966,0.012,0.038,0.033288288481453654,2.086284209728603,18.81934057956047,0.7819657763424397,0.7337976203404104,False
WT_092025,150,187,38,165,379.8520770149771,25.872115558525056,0.7349291551474681,0.8482577223435626,0.012,0.038,0.03341992481262211,2.0669015475402834,18.84432601221371,0.7820885719680792,0.7305018616402852,False
WT_092025,150,188,39,165,373.8697236379511,25.86621976871762,0.7466933288110463,0.8473432765963008,0.012,0.038,0.03452337868098243,1.8336832560968341,18.86649278911098,0.7805358370241074,0.7282364774574963,False
WT_092025,150,189,40,165,367.7239734113807,25.903824947944756,0.7582949020469651,0.8450964472668254,0.012,0.038,0.03433334117919669,1.7827977348757162,18.882009813035065,0.7819035147236151,0.7275490544186078,False
WT_092025,150,190,41,165,361.65242772076397,25.93985086919962,0.7692233267807457,0.8327972074340948,0.012,0.038,0.03478208590967378,1.4534696014029824,18.896320059070387,0.781495668122075,0.7267738492312068,True
WT_092025,150,191,42,165,355.7220361568123,26.13180931906059,0.7758032892388401,0.8375948543619802,0.012,0.038,0.0373401426482952,1.4071581638032096,18.910734735949564,0.7816593996999632,0.7269899588476286,True
WT_092025,150,192,43,165,349.62905979102334,26.23842408493558,0.786264242354847,0.831516859171169,0.012,0.038,0.0320978154781946,1.3500185559236868,18.98629631358765,0.7780758708540212,0.7185292340370576,True
WT_092025,150,193,44,165,343.8001681844784,26.217324824358652,0.8002753722479717,0.8611583955316341,0.012,0.038,0.038324189719298025,1.3494603375116931,19.005468924622775,0.779512889632112,0.7216701516378448,True
WT_092025,150,194,45,165,338.1428103662831,26.142632133280195,0.815730482126116,0.8489612955285439,0.012,0.038,0.0360668786648376,1.2089177514398413,19.048525733911738,0.779485477391716,0.7174673162124448,True
WT_092025,150,195,46,165,332.34047009031474,26.104098298813124,0.8311277803609192,0.8684702964482445,0.012,0.038,0.035846114743017986,1.153783299256556,19.07432878204803,0.7771596983523795,0.7184620177166692,True
WT_092025,151,165,15,165,320.3411277422236,27.357258434102327,0.9660748364202131,1.128894253323885,0.012,0.036,0.07251926446920316,1.7343844640361423,14.845563466523336,0.6891143333233356,0.702465471913422,False
WT_092025,151,166,16,165,341.0581974696318,26.863333534376427,0.8488112943530276,1.0812449514167355,0.012,0.037,0.06492179075847142,1.7538935413007477,14.882806442833164,0.6989949264889181,0.7098962988085831,False
WT_092025,151,167,17,165,359.68390117188784,26.187368652453014,0.7583119152386455,1.1578776708988272,0.012,0.038,0.043053271991465504,1.804565879206009,15.084026588277856,0.7203793873569437,0.6938504307406996,False
WT_092025,151,168,18,165,375.9874313826087,26.06656349153578,0.7301981440571237,1.0868349918307958,0.012,0.038,0.03774914782946911,1.8443041101770101,15.209192423163161,0.7252197977660337,0.7091980792042281,False
WT_092025,151,169,19,165,389.9375938911293,26.028362066799527,0.7075562801938985,0.9178668789808643,0.012,0.038,0.029490686838534338,1.8027097061883475,15.475989292872,0.7073845583721966,0.7173466505634813,False
WT_092025,151,170,20,165,401.7668934302986,25.907901548941243,0.6916086531899318,0.847417892579298,0.012,0.038,0.025178868740585534,1.9479002276802182,16.45941859989398,0.7127090426222126,0.6987976589616682,False
WT_092025,151,171,21,165,411.2677400045815,25.87903754279136,0.6767229801815603,0.9051492050179103,0.012,0.038,0.0221252191315099,1.8866904291290048,16.453425436047187,0.7105627509130947,0.6844128818522166,False
WT_092025,151,172,22,165,418.89941119217275,25.860846563790393,0.6655793909768682,0.8367522706738271,0.012,0.038,0.022000178037417908,1.9391472904143527,16.574638361773594,0.7129117160303308,0.6656156839976298,False
WT_092025,151,173,23,165,424.53629217343615,25.931240294488223,0.65567444456086,0.8781788800866903,0.012,0.038,0.02510016290245131,1.8661149002380812,16.71346037874228,0.7306676402244067,0.6756685197629168,False
WT_092025,151,174,24,165,428.3937624159298,25.901709545781177,0.6502871673774753,0.8604823017842445,0.012,0.038,0.023217366109735037,1.90882305631956,16.734732220063616,0.7341781278461528,0.6845827433934046,False
WT_092025,151,175,25,165,430.59683665691097,25.887532253018474,0.6478569151599858,0.8227875049078682,0.012,0.038,0.023961791826875353,2.040273497079351,17.044205399330036,0.7444623242905319,0.6645866574660206,False
WT_092025,151,176,26,165,431.2016182948692,25.856855160139975,0.6479701704624,0.775367749838765,0.012,0.038,0.024538289508236364,2.0683377436743386,17.07109916967718,0.7478093275194727,0.6738967741076611,False
WT_092025,151,177,27,165,430.49136515155095,25.778681779085378,0.6516022255051793,0.7596545035325546,0.012,0.038,0.02506053748796372,2.299511953551218,17.1689315254967,0.7544999624487242,0.673230870521276,False
WT_092025,151,178,28,165,428.8180319982339,25.767863742904645,0.6548027915431008,0.7818629360991892,0.012,0.038,0.027719675786134122,2.3202363488600395,17.28511434273726,0.756718332967661,0.6710268754204689,False
WT_092025,151,179,29,165,425.91344468026233,25.836585705558505,0.6571760755347764,0.8275249099792754,0.012,0.038,0.02961614867721804,2.2066835308815183,17.312402469791156,0.7558554201711715,0.6737760658049755,False
WT_092025,151,180,30,165,422.23298939619673,25.818007592084037,0.66375949228584,0.791589243286435,0.012,0.038,0.027108168758493503,2.274433926078495,17.493059209633728,0.7533282023883248,0.6591973511100826,False
WT_092025,151,181,31,165,417.9870211454974,25.96213935155658,0.6669985320838471,0.7999049269313209,0.012,0.038,0.026575085974511452,2.2896408228220015,17.611104549618815,0.7521373312580368,0.67279936531146,False
WT_092025,151,182,32,165,413.1788634111313,25.94579482611119,0.675020047141805,0.7773986973734288,0.012,0.038,0.02972304087207023,2.2862164597276,17.62251094895664,0.7520565885515771,0.6737321007613488,False
WT_092025,151,183,33,165,407.8180155458927,25.89981113506188,0.6851062134760385,0.7552412449764363,0.012,0.038,0.028716526061661644,2.142817385961532,17.64012488665899,0.7553316916396617,0.670427678920342,False
WT_092025,151,184,34,165,402.1476201785697,25.832942991811475,0.6966832064446548,0.7704130316836623,0.012,0.038,0.028693087358317756,2.1169777991928123,17.653741301554014,0.7564552642544794,0.6703311526238507,False
WT_092025,151,185,35,165,396.16593716355936,25.760078018594186,0.7088567639786538,0.8300875940937033,0.012,0.038,0.03002854346159557,1.9674151583501458,17.667805421367174,0.7574005473372875,0.670616989518446,False
WT_092025,151,186,36,165,390.1577816194438,25.785362633297314,0.7188194717512576,0.8349123391055165,0.012,0.038,0.030100454742668863,1.8982606424757882,17.68491883965292,0.7547020517007206,0.6699601749906239,False
WT_092025,151,187,37,165,383.96665621422017,25.8253596761988,0.7296340669714955,0.8224684713463204,0.012,0.038,0.030251870285598184,1.7468379314674598,17.713571150234728,0.7543604841286128,0.6636794145124069,False
WT_092025,151,188,38,165,377.76349367460983,25.81964775515453,0.7415995162357729,0.8240020511685158,0.012,0.038,0.03137722329320461,1.669875216956825,17.743062741299816,0.7514336330043739,0.6594628917604779,False
WT_092025,151,189,39,165,371.40285731885035,25.85824099678333,0.7533881797539866,0.8263464280607375,0.012,0.038,0.031200135567948307,1.3720017573786878,17.763275298571816,0.7533643300882774,0.6568898281294064,True
WT_092025,151,190,40,165,365.12743383475356,25.894761044892316,0.7645106673047447,0.8143523966433167,0.012,0.038,0.03167809645551331,1.3438145379778528,17.77988207744178,0.7519436269470059,0.6536404922087815,True
WT_092025,151,191,41,165,359.00429299951213,26.08946225443823,0.771235065868663,0.8188512279913516,0.012,0.038,0.03431541962360524,1.2974241076853321,17.795684953726845,0.7497800935377549,0.6518123863549996,True
WT_092025,151,192,42,165,352.72355142989755,26.19750465516316,0.7818718619454809,0.8128830219586086,0.012,0.038,0.030886384124332925,1.268718645978229,17.87826226651695,0.746139758509448,0.6437616066381252,True
WT_092025,151,193,43,165,346.71920237956795,26.176396475458876,0.7960838052470202,0.8431322563980979,0.012,0.038,0.03534514263357126,1.1697345695377073,17.90141453588042,0.7477959189916349,0.6486710059687809,True
WT_092025,151,194,44,165,340.8960963811405,26.100985667836113,0.8117537523502192,0.830296182452694,0.012,0.038,0.033062685547451565,1.1486814836918253,17.93869033569521,0.7492525286860084,0.6444731638104335,True
WT_092025,151,195,45,165,334.9319035602494,26.06216402248243,0.8273634272409819,0.8510856016189227,0.012,0.038,0.03284316945390038,0.9443587416369883,17.967428459385044,0.7466330460499961,0.6450386373270799,True
WT_092025,152,165,14,165,327.63467636142866,27.266433442706095,0.953623827958813,1.0499633852586012,0.012,0.036,0.07045516014953623,1.4028142391755798,13.134881641206626,0.653434948466847,0.5960240058440076,False
WT_092025,152,166,15,165,348.844387047817,26.269583842673406,0.7812862014167756,1.0343218271262007,0.012,0.038,0.04455974052950409,1.46472815205353,13.140746374747577,0.6669752005208429,0.6050867729197175,True
WT_092025,152,167,16,165,367.8326239358119,26.071142770102245,0.7481911646973345,1.086645079960972,0.012,0.038,0.03944049038059408,1.5006184107611935,13.373001509845745,0.6891670186905465,0.5683952075450973,False
WT_092025,152,168,17,165,384.37547720987,25.959236029518976,0.7202399129700704,1.014692882960017,0.012,0.038,0.034073716479288474,1.4372573767780565,13.613845643525417,0.6768712411209157,0.5922984833968267,True
WT_092025,152,169,18,165,398.4621636996566,25.930025902531817,0.697813816308176,0.854637261044807,0.012,0.038,0.02588833106565303,1.513129205934212,13.94807782247191,0.6475668059450065,0.6158256225847067,False
WT_092025,152,170,19,165,410.34441038815544,25.81479448564146,0.682170406433434,0.7881795943707334,0.012,0.038,0.021812097573390997,1.581296036700717,15.052617237066052,0.6535151595484615,0.62024410581131,False
WT_092025,152,171,20,165,419.8140421927891,25.790367931543127,0.6676164182743904,0.8286446727561635,0.012,0.038,0.019300771498095348,1.5827382842485258,15.045738701694532,0.652627964392004,0.6065797267571729,False
WT_092025,152,172,21,165,427.36114226729234,25.77736814361915,0.6567502693945876,0.7611376869734842,0.012,0.038,0.018870615867695194,1.5127312269190354,15.160904520133602,0.6563698761117055,0.5872550760548458,False
WT_092025,152,173,22,165,432.8599280959331,25.852560388935316,0.6471371376162268,0.8071781506645844,0.012,0.038,0.022165805281647275,1.5717537565383397,15.287104752268377,0.6718663614310577,0.6038647725303394,False
WT_092025,152,174,23,165,436.53511257711847,25.82526771129558,0.6420577854443069,0.7867831605538872,0.012,0.038,0.02051004609460713,1.6921702042396964,15.299500364231148,0.6781323687434239,0.6134192596817444,False
WT_092025,152,175,24,165,438.52160175518407,25.81409299166729,0.639896172254023,0.748206912429722,0.012,0.038,0.021735332782489687,1.778063155560329,15.625184806588612,0.6895136741801939,0.5856087522998527,False
WT_092025,152,176,25,165,438.87857342717956,25.78587314472302,0.640259092451851,0.7008903710819879,0.012,0.038,0.022375676359829063,1.9872707100624918,15.652621634159248,0.6931764311654977,0.597522297178572,False
WT_092025,152,177,26,165,437.9017501031287,25.708812336806687,0.644146184287261,0.688394395284908,0.012,0.038,0.022951242795661672,2.0381094578519403,15.741631860681439,0.7020458684746432,0.5991016356696999,False
WT_092025,152,178,27,165,435.9531146440961,25.699846486806877,0.6475807386206649,0.718092323170922,0.012,0.038,0.025694598492471493,1.9081660868992016,15.8467439045034,0.7103626413079367,0.5939788550187194,False
WT_092025,152,179,28,165,432.7563538954876,25.77087853995187,0.6501802397217006,0.759946252777192,0.012,0.038,0.027681868311994415,1.9584007413172233,15.901912507949868,0.7084135819227673,0.5982160111192291,False
WT_092025,152,180,29,165,428.78225001444173,25.753076026160272,0.656998666926463,0.7261857784395965,0.012,0.038,0.025172570490879502,1.9698274156220676,16.076012602291325,0.7088321812281845,0.5873564528182926,False
WT_092025,152,181,30,165,424.2439904934292,25.899747873043378,0.6604489451301677,0.7339005640702548,0.012,0.038,0.024681420778385633,2.0498591213545856,16.24008157208895,0.7003384485545198,0.6030301877051244,False
WT_092025,152,182,31,165,419.146013961655,25.883996442918832,0.668686339929303,0.7154596943398067,0.012,0.038,0.027907946224272485,2.0006862563170524,16.251381323224027,0.700341461793596,0.603453220748058,False
WT_092025,152,183,32,165,413.497551279507,25.83762438249165,0.6790070687089578,0.6941319754257421,0.012,0.038,0.026896954976262495,1.9302741429458374,16.26535333259365,0.7024085502492268,0.6015223972069572,False
WT_092025,152,184,33,165,407.54702300774557,25.770048606022257,0.690819194430682,0.7160400828725407,0.012,0.038,0.026873753074713583,1.7816572916592912,16.277579652960846,0.7018189618615339,0.6014603713510981,False
WT_092025,152,185,34,165,401.2920653935017,25.695987128587664,0.7032407879353872,0.7758292199160315,0.012,0.038,0.028214452748787693,1.7668529288147456,16.291155440725934,0.7023498968714172,0.6015945837834064,False
WT_092025,152,186,35,165,395.0227303165886,25.72276430153579,0.7133880287432821,0.7801388356370285,0.012,0.038,0.02830398355357214,1.6070441738316992,16.309357174297105,0.6994436574568013,0.6011232564193603,False
WT_092025,152,187,36,165,388.57899120313095,25.763947831260225,0.7243996082790048,0.7666641310118268,0.012,0.038,0.02847052260844949,1.5868839975829943,16.34438499195184,0.6965690611015938,0.5918111246569365,False
WT_092025,152,188,37,165,382.13442643740734,25.75850064612856,0.7365739082964119,0.7683045594602943,0.012,0.038,0.02962479937065099,1.2929749617640334,16.382417483580188,0.6930766102380387,0.5845687719764322,True
WT_092025,152,189,38,165,375.5398690375343,25.797949272277286,0.7485635396776981,0.7717826932352309,0.012,0.038,0.02945727748005506,1.2601208895174854,16.395364327394624,0.6945069656401799,0.583373436812989,True
WT_092025,152,190,39,165,369.042368098939,25.834648222965292,0.7598973993802998,0.7626378731803942,0.012,0.038,0.029934367676318505,1.2230126136379382,16.409399767430255,0.6935125123219629,0.581423532232466,True
WT_092025,152,191,40,165,362.70972650290145,26.032212516258877,0.7667673723502967,0.7697473684379665,0.012,0.038,0.03264772975146752,1.2035933117102906,16.43391381500179,0.6862157318541627,0.5746815077889594,True
WT_092025,152,192,41,165,356.2253390310326,26.141519123671245,0.7775907794029546,0.7669576393723041,0.012,0.038,0.029454819691057326,1.095930742981255,16.53226131101348,0.6807860100633912,0.5648257171605975,True
WT_092025,152,193,42,165,350.0307361025456,26.120486105627336,0.792011238896921,0.7970484741005326,0.012,0.038,0.03371521676420358,1.098704077007812,16.557808136264523,0.6827252332062614,0.5718573200394385,True
WT_092025,152,194,43,165,344.02789136739574,26.0441099683861,0.8079143832629538,0.7844127579827702,0.012,0.038,0.03139773820770482,0.9398096400809847,16.579034674641164,0.687223393743124,0.5694763308747233,True
WT_092025,152,195,44,165,337.88853176618255,26.004870593480927,0.8237515550385133,0.8064590534525538,0.012,0.038,0.031161479634907778,0.901144492965929,16.60116562554061,0.6848074222639456,0.5696733348392725,True
WT_092025,153,165,13,165,335.86456087938063,26.95643391925327,0.8662831986902783,0.996289539958464,0.012,0.037,0.06277617684278129,1.2349054959496566,11.592400424565543,0.5075183550788978,0.4185097308849654,False
WT_092025,153,166,14,165,357.5467021938655,26.158814937844646,0.7684734651485388,1.021092466420175,0.012,0.038,0.04410771906489413,1.2319990831071634,11.729466926882752,0.45731536339693235,0.4381603093147982,True
WT_092025,153,167,15,165,376.8705226789421,25.966826875643395,0.7358244858089726,1.0754707378351898,0.012,0.038,0.03860919228269631,1.1492411554275745,12.171938843517303,0.3704280046598738,0.3913122371937917,True
WT_092025,153,168,16,165,393.6208859462835,25.86270818001433,0.708320019919966,0.9991016026541553,0.012,0.038,0.033436754099849184,1.1889275084684017,12.345532841471009,0.4362090620154712,0.4867393952385884,True
WT_092025,153,169,17,165,407.8067197279996,25.84287948912499,0.6863022725705281,0.8401348796488025,0.012,0.038,0.025219699789047277,1.1955607549763014,12.636737444248828,0.4654298483090297,0.5509916814135808,True
WT_092025,153,170,18,165,419.70254937070644,25.73247412686826,0.6711263936759672,0.7791738647533124,0.012,0.038,0.021017497718326554,1.3289882617541833,13.792667419923003,0.5064820774823742,0.6006781270767627,True
WT_092025,153,171,19,165,429.10074019641905,25.712385788037363,0.6570339850672918,0.8213373915489914,0.012,0.038,0.018196996885953214,1.2610850446500863,13.815203440036322,0.49965069752441016,0.550610419642902,True
WT_092025,153,172,20,165,436.52259164511435,25.70484026948124,0.6465403749224924,0.7570291714752247,0.012,0.038,0.01825220039483906,1.2915393415215972,13.88651692458405,0.5044874885233033,0.5293337200436297,True
WT_092025,153,173,21,165,441.8422984858549,25.784098607674398,0.6373293806122337,0.7939411904050171,0.012,0.038,0.021652702301396706,1.4401756407196906,14.036081717266505,0.5144366262377673,0.5522325406938057,True
WT_092025,153,174,22,165,445.29502148944425,25.75890104019471,0.6326308906195378,0.7657458658726543,0.012,0.038,0.019815791320661098,1.487128079468907,14.045087488257881,0.5208204760657869,0.5649116759901759,True
WT_092025,153,175,23,165,447.02646573952524,25.750404973047253,0.630799432613334,0.7332452946210464,0.012,0.038,0.020904324396021457,1.762287423175963,14.330964778737671,0.5483896465953212,0.5452846702613006,False
WT_092025,153,176,24,165,447.0979287346508,25.7241316560642,0.6314675446296079,0.6752058766614627,0.012,0.038,0.021574429769041083,1.7814962954880114,14.373264007088482,0.5505993078096199,0.5596717635516831,False
WT_092025,153,177,25,165,445.81852389725447,25.647268122481318,0.6356646381679725,0.6616859450627678,0.012,0.038,0.022183097657863936,1.662460784472167,14.468574148658616,0.5570505665066847,0.5646376591645506,False
WT_092025,153,178,26,165,443.5607930405067,25.63878720423662,0.6393981409707117,0.6906796178171457,0.012,0.038,0.024984475672243083,1.6819155801391537,14.546230915403957,0.5719668935122794,0.560800783090517,False
WT_092025,153,179,27,165,440.039467028896,25.712470615992572,0.6422416756532164,0.7324190589805255,0.012,0.038,0.02702807690693832,1.6620945952440729,14.666848396328188,0.5642802576989432,0.5564644703495605,False
WT_092025,153,180,28,165,435.74128607346216,25.69625876620484,0.6492895906958065,0.7017461844439369,0.012,0.038,0.024504137757739766,1.7318959221452117,14.825182339194615,0.5692868321441079,0.5581409850038744,False
WT_092025,153,181,29,165,430.8826074633472,25.846338513501507,0.6529497715338609,0.7128733556854394,0.012,0.038,0.02402408253396389,1.7712034348870418,14.982316130990396,0.5676396968562524,0.582589312582765,False
WT_092025,153,182,30,165,425.4685690305786,25.831066365177723,0.66141724890387,0.6936124700170248,0.012,0.038,0.02733351682939751,1.7671349975457604,15.01440087683185,0.563619615174636,0.5622312937755831,False
WT_092025,153,183,31,165,419.50723728473776,25.784905123404698,0.6719623544798875,0.6688428448173547,0.012,0.038,0.026303846017740776,1.6080619001384022,15.031181384062721,0.5657994237830372,0.5533372240087981,False
WT_092025,153,184,32,165,413.25324282551253,25.716789642236492,0.6840070625440103,0.6947907997562591,0.012,0.038,0.026284750975189,1.5790070596192178,15.048784852526465,0.5592917602554587,0.5527957088444594,False
WT_092025,153,185,33,165,406.7034000361224,25.6412264334434,0.6966848823655065,0.7534041904722864,0.012,0.038,0.027612206840016848,1.4953516942018992,15.061851424671769,0.5582270677576041,0.5530757734862248,True
WT_092025,153,186,34,165,400.1529706294647,25.668709359576987,0.7070417532009182,0.7566955189838924,0.012,0.038,0.027706370383289033,1.4436978986755953,15.085649015941005,0.5527088947627785,0.5540441756802496,True
WT_092025,153,187,35,165,393.4378439479572,25.71088189033517,0.7182574715112083,0.740739931398524,0.012,0.038,0.027865593146611134,1.2338031745908968,15.163363382781753,0.5388143953903732,0.52819777805702,True
WT_092025,153,188,36,165,386.7345339896926,25.70557359384636,0.7306439258499919,0.7423473224653071,0.012,0.038,0.029032684169244385,1.1879156751346611,15.198217215298916,0.5341398982466923,0.5175557707212869,True
WT_092025,153,189,37,165,379.8900517392597,25.74562672736158,0.74284173719328,0.7468686232374259,0.012,0.038,0.028856033770489477,1.1704484321726194,15.215020343312732,0.5287593224052811,0.5182975148659755,True
WT_092025,153,190,38,165,373.1558986778429,25.782499959240464,0.7543884657989568,0.7368271378664305,0.012,0.038,0.029328615950212585,1.1366582167936108,15.23043658186323,0.5266785526499452,0.5159575739815164,True
WT_092025,153,191,39,165,366.6001296601482,25.983554128488542,0.7613932493889416,0.7473478291719043,0.012,0.038,0.03210178304951713,1.0488802663919126,15.292343090619887,0.5030811207334613,0.49398236804171747,True
WT_092025,153,192,40,165,359.89953001768504,26.094477719578123,0.7723939993095403,0.7467868035795644,0.012,0.038,0.02885432422203338,1.0303004379271299,15.385503665592221,0.5035006322151782,0.4937815691107712,True
WT_092025,153,193,41,165,353.503262536639,26.0729722594694,0.7870321792959282,0.7797654362289086,0.012,0.038,0.03317351166791031,0.8910799181414081,15.399260786370983,0.5050380935284062,0.49843743665199225,True
WT_092025,153,194,42,165,347.30993667433745,25.996010172337552,0.8031480558304672,0.76771346227274,0.012,0.038,0.030824494396664744,0.8920598389138702,15.40839467112148,0.5060606058923011,0.4983936086623974,True
WT_092025,153,195,43,165,340.98538273490976,25.955444202167598,0.8192344197214122,0.7881492625513294,0.012,0.038,0.030564161780339487,0.8460384850355751,15.431851678071975,0.502520279827516,0.494431432368512,True
WT_092025,154,165,12,165,344.96802902246884,26.272865190518825,0.7970436607151661,0.9387767661793714,0.012,0.038,0.04417564502611188,1.1621288561669438,11.151811073593352,0.3734824041233684,0.32225257634558463,True
WT_092025,154,166,13,165,367.0990304361324,26.00935071555096,0.7567007949053752,0.9085286005993696,0.012,0.038,0.04305247197609979,1.0090714277760482,11.383806636637598,0.26470002830410383,0.3498267548791019,True
WT_092025,154,167,14,165,386.72619649639864,25.826146895216873,0.7244290976285337,0.9639147348597811,0.012,0.038,0.038030043255253235,1.0571834903198747,11.863171513222264,0.1857397444991764,0.335735213903184,True
WT_092025,154,168,15,165,403.6448956190828,25.732728270759267,0.6972883646315237,0.8991972689123312,0.012,0.038,0.03258439582257906,1.0464981941944698,12.013570464528318,0.28613147664586447,0.4281840054037014,True
WT_092025,154,169,16,165,417.888357314696,25.724242297115527,0.675627662760521,0.7617603453279433,0.012,0.038,0.024170845981514904,1.106713550817117,12.274186281838615,0.3530877982801615,0.48626559751157256,True
WT_092025,154,170,17,165,429.7544604242364,25.621688496204865,0.6608478717511691,0.7122037327926588,0.012,0.038,0.0201435669916468,1.1983848887314181,13.39203580708123,0.4292322756854273,0.5408026342045675,True
WT_092025,154,171,18,165,439.0368903526003,25.60808770051637,0.6471673528531778,0.7650112119321787,0.012,0.038,0.017627749333607244,1.171297969753955,13.432409082181927,0.42228900839637146,0.4730475227505801,True
WT_092025,154,172,19,165,446.290912990882,25.607607091881846,0.6370146423126901,0.6964155442693647,0.012,0.038,0.01723451897522668,1.289594370048394,13.473793065591705,0.42572036016663767,0.4534300707861134,True
WT_092025,154,173,20,165,451.3893862838832,25.69257780799258,0.6281683354679176,0.7278196096537765,0.012,0.038,0.020664727792377467,1.3642600803766403,13.64088000763208,0.4345515899711654,0.47146101882576796,True
WT_092025,154,174,21,165,454.5788181679522,25.671312565198118,0.6238139381338456,0.6962196140346473,0.012,0.038,0.019211466446868043,1.6017651371447073,13.649811184271186,0.4408738640798719,0.48516081010393697,False
WT_092025,154,175,22,165,456.0152112724009,25.665972959031013,0.6223119445316159,0.6615097688191862,0.012,0.038,0.020549826639439044,1.6796695669020172,13.950682714692714,0.4709855608372761,0.46662937836575985,False
WT_092025,154,176,23,165,455.7636604453302,25.641319523252253,0.623302981309746,0.6041209007469004,0.012,0.038,0.021244013858846014,1.5405802494613026,13.987310128708673,0.47365645226736025,0.48070097486139146,False
WT_092025,154,177,24,165,454.14582377317305,25.502494086785106,0.5793220786810492,0.5738406237332938,0.012,0.039,0.019447808397578585,1.570917003490092,14.080268414036107,0.4770041364088164,0.4869350960174071,False
WT_092025,154,178,25,165,451.5450424700741,25.469339682146437,0.5834799736387303,0.6077593351535682,0.012,0.039,0.021296100016641225,1.5075942319577198,14.159278611584254,0.49420876518566786,0.47967926567786945,False
WT_092025,154,179,26,165,447.66743578703915,25.635268568589428,0.6349108308397601,0.6687687811630528,0.012,0.038,0.02682276714197384,1.5588590073132709,14.28605006071409,0.48860858839765736,0.4807743678449636,False
WT_092025,154,180,27,165,443.01485920621064,25.621063475366356,0.6421942672803098,0.6441689541192491,0.012,0.038,0.024284996876218344,1.5980259752390655,14.465545921702827,0.4956231465774371,0.4818688198726296,False
WT_092025,154,181,28,165,437.8077196170079,25.774504338812452,0.6460763669708414,0.6597235946360618,0.012,0.038,0.023817563302462767,1.6758167424864197,14.636844826129714,0.4957814080700674,0.5129780327619,False
WT_092025,154,182,29,165,432.0516693742121,25.760413728040497,0.6547721136148544,0.6432705265415666,0.012,0.038,0.02721621506033155,1.5801476918732718,14.68627930871772,0.49234006482851517,0.48498905460303027,False
WT_092025,154,183,30,165,425.7533255321744,25.714401180865384,0.6655623980187357,0.6128321178451033,0.012,0.038,0.02614935500383924,1.5158528213415527,14.707581887458458,0.49597893720456593,0.46939909161844234,False
WT_092025,154,184,31,165,419.17380244582523,25.64640305137789,0.6778433372502374,0.645762573947729,0.012,0.038,0.026126232438920014,1.4302338800705878,14.732333104842352,0.4859401983909798,0.4695968967587214,True
WT_092025,154,185,32,165,412.3084228298345,25.57020331775042,0.6907745128166435,0.7046302299891417,0.012,0.038,0.027446548858695193,1.4136357953451093,14.746589026918246,0.4835634883063511,0.47036849429492256,True
WT_092025,154,186,33,165,405.458379587667,25.598515146824855,0.7013540509761786,0.7086182473671283,0.012,0.038,0.02753371335930674,1.1781085068317105,14.780537226978261,0.4751075247320684,0.4746305350635819,True
WT_092025,154,187,34,165,398.45442688402517,25.641685994517026,0.712790870183049,0.6924984166338697,0.012,0.038,0.027704443307820938,1.1788790677430898,14.890244465878489,0.4613213109691146,0.44021116184708514,True
WT_092025,154,188,35,165,391.4765476037157,25.636055797842403,0.7254224979998095,0.6938032798094453,0.012,0.038,0.028895971417694403,1.1709994378688335,14.924293337750285,0.45644446106843284,0.42875614633820125,True
WT_092025,154,189,36,165,384.367258125154,25.676460594245615,0.7378555671777123,0.7007163848724589,0.012,0.038,0.028714762899415717,1.1249456979020445,14.946148489216728,0.449750789968947,0.42987933096406217,True
WT_092025,154,190,37,165,377.38288540013,25.71370195898777,0.74962770702672,0.6907565790917076,0.012,0.038,0.02918283006216641,1.0288294997481364,14.962668207890584,0.4473304039210554,0.42764818367408347,True
WT_092025,154,191,38,165,370.5915024308474,25.917732826212838,0.7567940736639986,0.7017591900622364,0.012,0.038,0.03202026542287365,1.0216792255453613,15.063862031820545,0.4199775850054688,0.39916175153586403,True
WT_092025,154,192,39,165,363.66273612405763,26.029923403419236,0.7680004660479001,0.7016018460187187,0.012,0.038,0.031109922659133503,0.8656805372735041,15.180806156185428,0.42845707720157145,0.4097518829506648,True
WT_092025,154,193,40,165,357.0542413220071,26.007678588531483,0.7828890228647383,0.7318551707782531,0.012,0.038,0.03310830714803007,0.8714387357914439,15.193658811051979,0.4291712589177845,0.41275302438995826,True
WT_092025,154,194,41,165,350.6610863886672,25.929918663597398,0.7992502155097703,0.7212742062290585,0.012,0.038,0.030723204236623353,0.871236870489981,15.203914302401435,0.4265286436894095,0.4123536993607804,True
WT_092025,154,195,42,165,344.14226460011304,25.88807642454097,0.8156103026012694,0.7399655958247457,0.012,0.038,0.030443649248574726,0.8351487544790461,15.221640571126095,0.42293529855686307,0.40802702815488245,True
WT_092025,155,165,11,165,354.53450616667084,26.150168073183615,0.7811640010364539,0.9220560135776,0.012,0.038,0.04317960731549833,0.8910794403314355,10.645087806885362,0.16011439795093652,0.16935259268348038,True
WT_092025,155,166,12,165,377.1060188168489,25.891307862011036,0.7417070240926035,0.8677381735969107,0.012,0.038,0.03514985054440111,0.8818684024282976,11.111853255413676,0.02137414694923652,0.25585615942457984,True
WT_092025,155,167,13,165,397.01706869903677,25.715081514225595,0.7102472112731151,0.9308751852692819,0.012,0.038,0.029632351327448844,0.872106150458347,11.61318478957906,0.0017508348465002507,0.2806307228083565,True
WT_092025,155,168,14,165,414.0778804275932,25.629982212068736,0.6838397198025008,0.8656469533476385,0.012,0.038,0.03154733320595268,0.9005976457946547,11.64757335585322,0.04796000383176556,0.3423038405416421,True
WT_092025,155,169,15,165,428.3473798000646,25.629721406958595,0.6628556918390031,0.7256907762311623,0.012,0.038,0.023049038784837175,0.8923938990541923,11.740154235920967,0.11512177250388535,0.39430699876556247,True
WT_092025,155,170,16,165,440.15021528532003,25.532534110325876,0.6487110213717372,0.67499912632641,0.012,0.038,0.019046403293187478,1.0214444126131397,12.622309281925066,0.2738721538931371,0.5248094367830006,True
WT_092025,155,171,17,165,449.2795970847403,25.524316769167832,0.6356172587449921,0.7204927166997871,0.012,0.038,0.016569513966623685,1.1240094232005087,12.647952480472282,0.2756355646772754,0.47226866547849633,True
WT_092025,155,172,18,165,456.33070237128743,25.52948373944408,0.6259521934221255,0.6574297987593779,0.012,0.038,0.0162545966892342,1.1299037612972624,12.65627638949703,0.2780984679708096,0.4671753030132282,True
WT_092025,155,173,19,165,461.1738280042195,25.61951327109864,0.6175815351488209,0.6933564556731936,0.012,0.038,0.01983610835136252,1.4104245212952164,12.734086552681864,0.28507628213003555,0.4715031867013941,True
WT_092025,155,174,20,165,464.0655282888879,25.600770191496515,0.6136762488380264,0.6649252926588117,0.012,0.038,0.018400552237429677,1.434865296724577,12.738178501134222,0.28743227175955,0.47794575827265146,True
WT_092025,155,175,21,165,465.1739061878577,25.59832948200265,0.612565213254906,0.630111629201394,0.012,0.038,0.019809459754284418,1.3551073761394339,13.018286807537157,0.3352066589307782,0.47376823516748645,True
WT_092025,155,176,22,165,464.5673794529681,25.575112305122396,0.613924947519642,0.5760708577857193,0.012,0.038,0.020533030648755533,1.3621215493305687,13.048783242788595,0.340264339250864,0.48855165807065076,True
WT_092025,155,177,23,165,462.58095212123555,25.455488876159542,0.5706317442642279,0.5430168775757132,0.012,0.039,0.0195095042305915,1.297985153688408,13.155420458653865,0.34404303533753006,0.4962128119260525,True
WT_092025,155,178,24,165,459.6094817600356,25.42242162605274,0.5751002369697372,0.5756819890980934,0.012,0.039,0.021388237961225073,1.3209125530370103,13.20461837155265,0.3713155645049113,0.49605866904921125,True
WT_092025,155,179,25,165,455.3491642014367,25.500084307794673,0.5783016148462851,0.6201821116197651,0.012,0.039,0.02349836529105693,1.344161627396884,13.373825353297748,0.3633917427835894,0.47580197905696564,True
WT_092025,155,180,26,165,450.3183669113838,25.485919630268864,0.5852549528454919,0.5993067660163021,0.012,0.039,0.020890100189386352,1.4152003324257099,13.483991518163284,0.3897011082240914,0.49555463894717017,True
WT_092025,155,181,27,165,444.74035209964967,25.716137057171156,0.6381855470037736,0.6415416998054908,0.012,0.038,0.02324998180306637,1.4178643493718086,13.655517311742791,0.389800979687047,0.5343636135006746,True
WT_092025,155,182,28,165,438.6213309555708,25.702920386595473,0.6471266046905904,0.6282912873628911,0.012,0.038,0.026719086050015304,1.4216896906790053,13.775512133093427,0.36964602635315014,0.45848711291540106,True
WT_092025,155,183,29,165,431.9676100623215,25.6563444914893,0.6581821736261276,0.6022189297036605,0.012,0.038,0.025620481453578262,1.30450018777285,13.78879335761256,0.3692881112813117,0.45534460766120477,True
WT_092025,155,184,30,165,425.0450596506055,25.58799005197763,0.6707115093202908,0.6389832419159888,0.012,0.038,0.025596532509930634,1.2893694023617976,13.835217389900533,0.3471707415201596,0.45741769712668334,True
WT_092025,155,185,31,165,417.84861981465843,25.51130046946914,0.6838883196839659,0.7014053476005401,0.012,0.038,0.02693333373277587,1.1394775498083993,13.857895254842077,0.33774010661430826,0.4656201255194516,True
WT_092025,155,186,32,165,410.68464719669424,25.5403794772133,0.6946945022791201,0.705088986360044,0.012,0.038,0.027018943066498158,1.0773713203963096,13.916837240443934,0.3221085270474283,0.47117842773582014,True
WT_092025,155,187,33,165,403.3795155121576,25.584448529766078,0.7063546776655917,0.6912493363060609,0.012,0.038,0.027195501257299807,1.1234753470455852,14.003649267737737,0.316031335587728,0.4388190927457662,True
WT_092025,155,188,34,165,396.1157314718697,25.579041897923652,0.7192131465506209,0.6925752377612028,0.012,0.038,0.02839515859526295,1.0730288868896778,14.056786001401969,0.3071608848138235,0.42164195721540276,True
WT_092025,155,189,35,165,388.73100053196987,25.620752068818934,0.7318511118899211,0.7005110505021502,0.012,0.038,0.028202316578032665,0.9760753531038693,14.08748788621158,0.2955852460979455,0.42273286517985675,True
WT_092025,155,190,36,165,381.48715807386066,25.65873904231137,0.7438346428487878,0.6900468489817331,0.012,0.038,0.02868140213334623,0.9555627316997192,14.104650871489357,0.29708315449838707,0.4223461506289514,True
WT_092025,155,191,37,165,374.4526139393159,25.865872066928013,0.7511646059927832,0.7073925045451798,0.012,0.038,0.0315754406772254,0.82510789553997,14.18235719099095,0.2774468203050473,0.40293201871779893,True
WT_092025,155,192,38,165,367.2883067177269,25.97958658239201,0.7625668472703203,0.7061152724959358,0.012,0.038,0.030657664280813592,0.8129833546301752,14.351366614602163,0.29854869778284365,0.4072958384386691,True
WT_092025,155,193,39,165,360.4612714798192,25.957052927553352,0.777682352231782,0.7345193342737504,0.012,0.038,0.03267431217677559,0.8213544219300267,14.365475518134824,0.29651051678106716,0.40036944652356554,True
WT_092025,155,194,40,165,353.86283957744075,25.87866804673472,0.7942702123105737,0.7275409748594894,0.012,0.038,0.030262902117946116,0.828795546765634,14.376126519250452,0.2927670607265981,0.3986305999255743,True
WT_092025,155,195,41,165,347.1448071938306,25.83661611458285,0.8108559167909082,0.7470213281272273,0.012,0.038,0.02998084398424582,0.73006379990883,14.399212396700822,0.28764912015116273,0.39074985899531867,True
WT_092025,156,165,10,165,363.4802656428543,26.08156989699849,0.7659238296679818,0.9945556276190837,0.012,0.038,0.04093872493695939,0.9005629006715106,10.605655737750126,0.16273123265200012,0.1607580601375422,True
WT_092025,156,166,11,165,386.5391146922151,25.598510973384794,0.6743462051487479,0.9318744312720688,0.012,0.039,0.02788178863851388,0.8106069135996031,11.042320172054989,0.015070352960311648,0.23231799355260285,True
WT_092025,156,167,12,165,406.76234906029015,25.55912986000161,0.6433965217066101,0.976345127917419,0.012,0.039,0.027148964555098624,0.8205718585199585,11.523359872993623,-0.00752284812006958,0.26412250526162506,True
WT_092025,156,168,13,165,423.9794538730373,25.539770325389597,0.6186025697617348,0.9065820196527612,0.012,0.039,0.021481341714298528,0.7662085192904654,11.550485452254245,0.037018493834812066,0.3175361251284678,True
WT_092025,156,169,14,165,438.2805686007098,25.54470296339031,0.5996901190377869,0.7553477436101848,0.012,0.039,0.01984909863265794,0.8321651860476391,11.630018968866173,0.10340074769069547,0.35449627036488063,True
WT_092025,156,170,15,165,450.01903497075773,25.47448719241216,0.6371395948421287,0.7298906413446382,0.012,0.038,0.018603361193319828,1.0812599904788514,12.462406607555552,0.2697493570106009,0.48309299162757613,True
WT_092025,156,171,16,165,458.99191912273545,25.470360814472677,0.6246049832618329,0.7838982622065872,0.012,0.038,0.016852593983731515,1.0258170064331387,12.513435781714827,0.2714501595796663,0.4168140918189155,True
WT_092025,156,172,17,165,465.833353570995,25.519668107520452,0.5662064039721789,0.7002121908961523,0.012,0.039,0.015807293994467637,1.2838631783413088,12.520289739954356,0.2724272998035516,0.41528447560092896,True
WT_092025,156,173,18,165,470.4125681908892,25.578023962974257,0.5595394148654329,0.7462529201996091,0.012,0.039,0.018114553101109602,1.3010694623619135,12.55749493508946,0.27708826632350025,0.4154157607745293,True
WT_092025,156,174,19,165,472.99687886948277,25.580002243036297,0.5560465797805619,0.7252113126027278,0.012,0.039,0.017451634064970516,1.1541508076042781,12.56012730853889,0.27647001533731946,0.4149485461815061,True
WT_092025,156,175,20,165,473.76623525792064,25.563344811526502,0.5556296431700477,0.6779568573940981,0.012,0.039,0.018367816617191644,1.255152514255429,12.868229285896593,0.32388914240247174,0.4058050630311296,True
WT_092025,156,176,21,165,472.7938905614064,25.506500563424712,0.5577571697716921,0.6217152755428649,0.012,0.039,0.017825088037986755,1.1768848256777322,12.897958359850016,0.32870150608538873,0.4210294920792033,True
WT_092025,156,177,22,165,470.42865598882884,25.424194649358935,0.5625898771883154,0.5987215054176577,0.012,0.039,0.0182942199138932,1.2039822728983767,13.006181462156395,0.3350837406072601,0.43282043427713063,True
WT_092025,156,178,23,165,467.0770638997527,25.391623755609178,0.5673533199686654,0.6343733951500018,0.012,0.039,0.02022270927657311,1.252010330385671,13.069405533157173,0.36276575869904865,0.4312869959517493,True
WT_092025,156,179,24,165,462.42540178748936,25.471144459526155,0.5708318417523273,0.6789150998018646,0.012,0.039,0.022379878398775616,1.25886560878374,13.229914318485505,0.35662485482168627,0.42433043890136346,True
WT_092025,156,180,25,165,457.00803808506987,25.456990978216975,0.5780635212903308,0.6494196991200502,0.012,0.039,0.019735473536839836,1.262874450715742,13.357441520559039,0.3845586181008045,0.44450276213683604,True
WT_092025,156,181,26,165,451.05256474583706,25.683500244255526,0.6307837648726136,0.6903364194849696,0.012,0.038,0.02187321383487877,1.343744350547679,13.53591120307947,0.3803890859552687,0.4884207028289944,True
WT_092025,156,182,27,165,444.56529638576444,25.670624022777552,0.6399897347703277,0.6744555605504543,0.012,0.038,0.025414008326378433,1.2813885792829867,13.664195621844074,0.36128598307596044,0.41109414651468323,True
WT_092025,156,183,28,165,437.5512044026258,25.623351799808447,0.6513231835580492,0.6436760051834385,0.012,0.038,0.02431867308884785,1.2451423431035626,13.679005083683755,0.36056846982987,0.4044130671835149,True
WT_092025,156,184,29,165,430.28234415212586,25.554148851077862,0.6641244654819464,0.6826483158825009,0.012,0.038,0.024292851510276138,1.1275842602097006,13.724815110164842,0.3399723485236259,0.4071176411595236,True
WT_092025,156,185,30,165,422.75245712290996,25.41472343733286,0.625246651955201,0.720847806997045,0.012,0.039,0.023289177317161635,1.0938808755331626,13.754698439151369,0.3280554564622148,0.4174565705665935,True
WT_092025,156,186,31,165,415.2730860821168,25.506744206331007,0.6886076145521336,0.7490499083775927,0.012,0.038,0.02576649757330438,1.077370818382001,13.805100434165,0.31328819199327745,0.4264604504192821,True
WT_092025,156,187,32,165,407.6660249084141,25.551869675600273,0.700505375038025,0.7329822342893383,0.012,0.038,0.025956460148324687,1.0958075903829092,13.906054572151898,0.3064012303937,0.39493935623639087,True
WT_092025,156,188,33,165,400.11691759195753,25.54640115218306,0.7136146967723911,0.7355729245329762,0.012,0.038,0.02717658798879018,1.0025756638455547,13.963473124004258,0.2995797755635752,0.3781162511098861,True
WT_092025,156,189,34,165,392.4575929577481,25.58865037486442,0.7264997293809999,0.7399590521137356,0.012,0.038,0.027010751388963188,0.9591887131242394,13.992567113511951,0.28890753499733446,0.37990443027954,True
WT_092025,156,190,35,165,384.9561377973601,25.62757663238667,0.7387060724943063,0.7298720827722398,0.012,0.038,0.027511560834663204,0.8407642972906683,14.01394309909543,0.2911526761773335,0.37886886817509113,True
WT_092025,156,191,36,165,377.68033507257064,25.837958369390137,0.7462168058681313,0.7458174829258475,0.012,0.038,0.030468102779015772,0.8226966057600087,14.112852844233416,0.2637082959517645,0.36145224320614083,True
WT_092025,156,192,37,165,370.28340809155003,25.95351553795409,0.7578283781713298,0.7437594595680846,0.012,0.038,0.029550119907477183,0.8113343936836435,14.283561008659836,0.28828365452394633,0.3700092112818981,True
WT_092025,156,193,38,165,363.24119391601545,25.930755244690722,0.7731897045335709,0.771888066716101,0.012,0.038,0.03160024008420719,0.8179069831420098,14.299917164642421,0.2857808895319185,0.3607611744278864,True
WT_092025,156,194,39,165,356.44131647597624,25.85127666604242,0.7900404390012438,0.7628532548998802,0.012,0.038,0.029148639332784387,0.7488084074849314,14.311383174151532,0.28179118312176715,0.35914059954578675,True
WT_092025,156,195,40,165,349.52818854619665,25.80939482229876,0.8068621316844878,0.7867520216430084,0.012,0.038,0.028876757949932965,0.7267191748473204,14.33810797304408,0.27646212290054817,0.3497513729930516,True
WT_092025,157,165,9,165,370.11968565715534,26.132602344797217,0.7537291390476812,0.8361004184926337,0.012,0.038,0.030189725324878316,0.8303803453164061,10.47866030722999,0.029082290049891112,-0.08804384057714379,True
WT_092025,157,166,10,165,393.8229840943861,25.854600167975573,0.7154502961770393,0.7825156104453735,0.012,0.038,0.028913368366156357,0.7738383187803067,10.985722027778628,-0.01345070140553358,0.20940050623388967,True
WT_092025,157,167,11,165,414.47787831104773,25.629111355670393,0.6320437641472227,0.8104058148331595,0.012,0.039,0.023318485186820448,0.7668321369535829,11.493579718679168,-0.016016484374710316,0.254088332540369,True
WT_092025,157,168,12,165,431.94727710496267,25.582970242810863,0.6600882592294827,0.7692888274551357,0.012,0.038,0.02041926765209104,0.7703641567284536,11.51571045600614,0.014657572761015798,0.2937501595251728,True
WT_092025,157,169,13,165,446.35655542831074,25.592992125702192,0.6401024404478178,0.6659541783848469,0.012,0.038,0.012610990885607624,0.887765672999398,11.562672071244759,0.038722258313267865,0.29989910884773807,True
WT_092025,157,170,14,165,458.0925477688005,25.493610239852483,0.6271441733260547,0.6108107403713237,0.012,0.038,0.00906116758199843,1.0371202327288978,12.261946054778061,0.1764883028913553,0.3997767815109763,True
WT_092025,157,171,15,165,466.95822584894455,25.48810407212143,0.6150895474510628,0.6662697738664712,0.012,0.038,0.007150874223184993,1.2774337820410242,12.329408536073787,0.18658280293594148,0.3289083778969212,True
WT_092025,157,172,16,165,473.6311856110402,25.57360976160207,0.5572302582737597,0.5935235918147796,0.012,0.039,0.01031543416530795,1.228723756074516,12.336062987050598,0.18694214320992547,0.3295949346326883,True
WT_092025,157,173,17,165,477.98084752659446,25.629959357440992,0.5509914650859735,0.6237989516075181,0.012,0.039,0.012921619389603192,1.0828067452614218,12.377097835953828,0.19458652046488673,0.3285557569441709,True
WT_092025,157,174,18,165,480.287941721237,25.629876238179587,0.5478820871062176,0.6043215792579324,0.012,0.039,0.01247942075160167,1.0948668497358782,12.381653888035583,0.1938445515328564,0.32751535253703346,True
WT_092025,157,175,19,165,480.7458258468942,25.611645421854732,0.5478159349689812,0.5686794560258593,0.012,0.039,0.013599694939253245,1.1151011194221614,12.599058297374206,0.2336079885177538,0.30925208882081906,True
WT_092025,157,176,20,165,479.43132840651987,25.552295232351987,0.5502765184051057,0.5130065244983876,0.012,0.039,0.013184490586670403,1.0964879299086732,12.625529966692971,0.23922661887439625,0.32250972169986647,True
WT_092025,157,177,21,165,476.7089033888715,25.467217143790837,0.5554336792238898,0.49724084025053117,0.012,0.039,0.013760531734797169,1.123993788940955,12.732414446141847,0.251740814263534,0.33651112698353886,True
WT_092025,157,178,22,165,472.9985275387393,25.432153538687665,0.5605189788255154,0.5310757549155045,0.012,0.039,0.015806318550455018,1.1388255495930528,12.761702237691704,0.2716382979301996,0.33259897756097,True
WT_092025,157,179,23,165,467.9737899707098,25.511691977001604,0.5642891739769701,0.5655323911011219,0.012,0.039,0.018116029503081266,1.1181408767803374,13.02101255718163,0.27387583084133427,0.3150515661455354,True
WT_092025,157,180,24,165,462.1888553188314,25.49692813635895,0.5717936317954525,0.539994807371555,0.012,0.039,0.015547806095033182,1.1679669965908304,13.113249130112319,0.30043507325034824,0.33288495554214254,True
WT_092025,157,181,25,165,455.87453020324216,25.70184994726347,0.6247051655899728,0.5839254982552169,0.012,0.038,0.016893657210347638,1.2041990332604675,13.230781473010772,0.3072713186819538,0.3641371872817708,True
WT_092025,157,182,26,165,449.0369009341102,25.68940517052921,0.6341704466947139,0.579769127795947,0.012,0.038,0.02056184643721406,1.2047109677650223,13.40070414592066,0.2718959957138576,0.2811061778162965,True
WT_092025,157,183,27,165,441.6797966884401,25.640382622390273,0.6458158986237895,0.5442831914965864,0.012,0.038,0.019483117907387226,1.0952273199330642,13.430014937999088,0.2638193506522565,0.24891349478521335,True
WT_092025,157,184,28,165,434.0820227722282,25.568720422892785,0.6589441463612552,0.5779618399090511,0.012,0.038,0.019496259710016676,1.0842970341459244,13.477337674833803,0.242991359103723,0.2519880788572849,True
WT_092025,157,185,29,165,426.23533759876096,25.449325684169153,0.6203487751346964,0.6128693604669337,0.012,0.039,0.019368933708393498,1.1270874699524052,13.491822931674916,0.2436410109961484,0.2505524347540144,True
WT_092025,157,186,30,165,418.4586771497821,25.51878090282097,0.6840403876651213,0.6384762661650225,0.012,0.038,0.02100318673605351,1.0523072807542058,13.562286107185969,0.23267720547982151,0.26164523641186216,True
WT_092025,157,187,31,165,410.5675520211869,25.564956951781195,0.6962056580039798,0.6220398763808419,0.012,0.038,0.02123831418641865,1.0278470689765293,13.657738306051442,0.22883861362738508,0.2284876799632789,True
WT_092025,157,188,32,165,402.75094881882654,25.55901868657136,0.7096050768546047,0.6268864639212167,0.012,0.038,0.022494080946216063,0.9777923012139225,13.732190068368185,0.2185719385340966,0.21649848495523633,True
WT_092025,157,189,33,165,394.8348353966813,25.60192869304499,0.722769079648918,0.6386502923858433,0.012,0.038,0.0223564898482806,0.8434534289884653,13.777157877484559,0.20365981261807575,0.2324836534119525,True
WT_092025,157,190,34,165,387.0932428700231,25.64071095107896,0.7352616363332638,0.6293864489332334,0.012,0.038,0.02286352311000881,0.8172703709719185,13.796100054710374,0.20537284599369218,0.23244303021412413,True
WT_092025,157,191,35,165,379.59422480500183,25.854795890156986,0.7429704945209317,0.6503331550264274,0.012,0.038,0.025952567552180904,0.7951629891774237,13.894696891400292,0.19015053054846928,0.22849655318750017,True
WT_092025,157,192,36,165,371.98206742635,25.972043513182808,0.7548379946007343,0.6523964197547448,0.012,0.038,0.025083828708159898,0.7914362097496214,14.052563644670947,0.2199348932453381,0.24205615838162942,True
WT_092025,157,193,37,165,364.74202195770977,25.948472919851262,0.7705052174923332,0.679357369091734,0.012,0.038,0.02714721834441866,0.7255421560041705,14.070222012012886,0.21666202664034004,0.23098352082990722,True
WT_092025,157,194,38,165,357.7580332236929,25.86793004793259,0.7876564205305958,0.6741866682738028,0.012,0.038,0.02466869421343311,0.740186670145904,14.088123335975558,0.20888424606343234,0.2303870035395114,True
WT_092025,157,195,39,165,350.6666364490666,25.825003679395497,0.8048018015137601,0.6991717431663367,0.012,0.038,0.024377677130267908,0.701743020578095,14.106076991100878,0.20422402340916462,0.2215161189215891,True
WT_092025,158,165,8,165,373.3107848925391,26.668705449322808,0.8016697385121521,0.676503693423404,0.012,0.037,0.042251693150589575,0.7050072548904902,10.314088916595397,-0.09703456656558046,-0.11513017775461543,True
WT_092025,158,166,9,165,397.9195502986311,26.115819975330883,0.7043388781363278,0.6570106072802084,0.012,0.038,0.03201581160639704,0.6458871264570685,10.941760270546128,-0.022100264765490794,0.21545277726665754,True
WT_092025,158,167,10,165,419.214421008317,25.89252744593743,0.6745911580691825,0.7291311358412393,0.012,0.038,0.027326006806318352,0.6453382257897866,11.375956545902744,-0.05583812276239983,0.2845023461120885,True
WT_092025,158,168,11,165,437.0978290272497,25.781376095116514,0.6498477322729787,0.6548332875525358,0.012,0.038,0.022242182996635728,0.7341697376628613,11.378394273398815,-0.03962217636513563,0.31320832479928384,True
WT_092025,158,169,12,165,451.7446729856205,25.77487329074378,0.630348264766673,0.5634754486325272,0.012,0.038,0.014145883399977377,0.798047221146662,11.420371200351525,-0.01810569598692354,0.31060127108031077,True
WT_092025,158,170,13,165,463.58742990578537,25.66146915598798,0.6178358806701094,0.5467578799124773,0.012,0.038,0.010578086173159208,1.244533942005854,11.97018629926628,0.09662027088247749,0.4409313632474162,True
WT_092025,158,171,14,165,472.4342799687951,25.644547198664487,0.6062487118289109,0.5812445620346207,0.012,0.038,0.008488433966093363,1.1778160099605177,12.005547272541328,0.11795581091384955,0.39900366399956105,True
WT_092025,158,172,15,165,479.01700947427275,25.648604452236313,0.5978108253117651,0.5382489539682259,0.012,0.038,0.008764798685067113,0.9729785497767146,12.013987771915394,0.11858239001879434,0.4012782074004334,True
WT_092025,158,173,16,165,483.2055891266098,25.739696877598416,0.5907007265361509,0.5707664241047586,0.012,0.038,0.012983183138922692,0.9989191572993122,12.041947066500839,0.1105242559348137,0.39818436808966656,True
WT_092025,158,174,17,165,485.2956718694868,25.71615992082774,0.5879831515381742,0.557224397099766,0.012,0.038,0.011822036797910463,0.9492311686152302,12.067250269331609,0.11695756256384067,0.382195249583414,True
WT_092025,158,175,18,165,485.49508261907954,25.71054144141151,0.5880026056672624,0.5277915559490423,0.012,0.038,0.013625080153304084,1.0076737484916498,12.189862637477955,0.13903627265767235,0.36312537224478086,True
WT_092025,158,176,19,165,483.8853013527445,25.682416296197502,0.5904292453904769,0.4760306915375883,0.012,0.038,0.014615279208049435,1.0226350614810849,12.227466960088455,0.14661059816642916,0.37335424894319064,True
WT_092025,158,177,20,165,480.84937198946926,25.53408648325905,0.5502723309478896,0.441108898741045,0.012,0.039,0.012992326605277315,1.046841572456662,12.314114531324359,0.1497175793646429,0.3844058106932058,True
WT_092025,158,178,21,165,476.82051753500116,25.495946623528898,0.5556658573388219,0.4781418210493639,0.012,0.039,0.015106597959826357,1.0615897434509907,12.331604609879447,0.15724563585531612,0.3829275400571275,True
WT_092025,158,179,22,165,471.46093883918866,25.66898587018547,0.6060076485674505,0.527387316294104,0.012,0.038,0.0210424817490042,1.048936160717107,12.539998432218336,0.16878276551271915,0.3818745809519162,True
WT_092025,158,180,23,165,465.3443083178094,25.651879455016815,0.614526762806063,0.49805399922965504,0.012,0.038,0.018424552730695883,1.0493780712382588,12.572995340335437,0.18321538544208146,0.39689756526616804,True
WT_092025,158,181,24,165,458.7058484544421,25.81616826107326,0.6194557482657616,0.517003092993615,0.012,0.038,0.01810634364412117,1.1242018530642004,12.634635466016839,0.1730304120312584,0.404195339271384,True
WT_092025,158,182,25,165,451.550749930364,25.8019543368773,0.6292229806689286,0.5169001373877484,0.012,0.038,0.02187396893632413,1.1098556282632785,12.788376817039891,0.14696250370149547,0.33887560385857096,True
WT_092025,158,183,26,165,443.88287793465145,25.749934924389407,0.6412054420011959,0.4839960122572323,0.012,0.038,0.02073304117885536,1.059755094264231,12.871108631572632,0.1368890611358668,0.2565151197712337,True
WT_092025,158,184,27,165,435.98775729281124,25.675348613151186,0.6546724243130339,0.517808581666523,0.012,0.038,0.02072179728938502,1.1112893765152947,12.938315465060333,0.12216747410535468,0.255196755350178,True
WT_092025,158,185,28,165,427.85548453340067,25.59270092966833,0.6687768834766973,0.5777710046052819,0.012,0.038,0.02212171489444638,1.0848062012810302,12.963567033406472,0.13020543688986472,0.24415619093228813,True
WT_092025,158,186,29,165,419.81130352722965,25.62245623305542,0.6804043960063023,0.5780925680718085,0.012,0.038,0.022223954574464865,0.9712487904264,12.999702413523384,0.12595677217094842,0.2565581294400859,True
WT_092025,158,187,30,165,411.66569962990326,25.668793780788857,0.6928834101496064,0.5687334726736986,0.012,0.038,0.022457630025660404,0.9920452233907721,13.030230117286111,0.12882068396813787,0.24513211719122535,True
WT_092025,158,188,31,165,403.61029910834867,25.661994584544228,0.7066017348839755,0.5724721929553486,0.012,0.038,0.023733059478455745,0.8546339362524229,13.095808556652429,0.11834244724522992,0.24530317803786703,True
WT_092025,158,189,32,165,395.46596480012107,25.70552537694609,0.7200752639470437,0.5879386902033431,0.012,0.038,0.023606475181097795,0.8169127723182557,13.270072176657914,0.10562279078402996,0.2620315374180675,True
WT_092025,158,190,33,165,387.5120816528074,25.744371831731577,0.732870893818792,0.5763797596365919,0.012,0.038,0.024089022839492824,0.7865982667355053,13.286586791578301,0.10298642934332394,0.2564622660607625,True
WT_092025,158,191,34,165,379.81743826387003,25.962887069965994,0.7407941095397852,0.6001462963762926,0.012,0.038,0.02723067189632469,0.7814932755445094,13.431751954348123,0.10123304238898231,0.24279974722757308,True
WT_092025,158,192,35,165,372.01710101597394,26.082406893642872,0.7529411588551067,0.6066282981800625,0.012,0.038,0.022088936499032173,0.7019668438155229,13.528779561209026,0.12173334527815258,0.26757729593976753,True
WT_092025,158,193,36,165,364.60552549187753,26.058425569534254,0.768930599687349,0.6340667811547539,0.012,0.038,0.028446823708617817,0.7182318131384741,13.542009766860833,0.12182513975147592,0.26609350059024944,True
WT_092025,158,194,37,165,357.46359991025844,25.976072136878063,0.7864275272222915,0.6319621886236275,0.012,0.038,0.0259221092922587,0.7075473799751213,13.573996052480842,0.10871577682564108,0.26675165063378914,True
WT_092025,158,195,38,165,350.21936630731255,25.933301445480485,0.803889366884359,0.6626468910519179,0.012,0.038,0.02567009876575368,0.6965643470163208,13.585881435759145,0.10638851668360413,0.26390661298008067,True
WT_092025,159,165,7,165,371.7867549688455,26.861317603357232,0.7997321030884638,0.6942447261805317,0.012,0.037,0.02317423872200951,0.7411548539669449,10.256461922090855,-0.09366705819607568,-0.050057511309668734,True
WT_092025,159,166,8,165,397.7051566767078,26.30625519059816,0.7005121053250093,0.6569385972313221,0.012,0.038,0.03435163943819037,0.6909552724236945,10.880858206120577,-0.016012655871844632,0.2500102986006963,True
WT_092025,159,167,9,165,419.9532033981307,26.044100491419833,0.6703032723415914,0.7061973504790114,0.012,0.038,0.029150454510775383,0.7975387609313506,11.302859721143404,-0.04561908332147808,0.3277933233020974,True
WT_092025,159,168,10,165,438.5003012551771,25.910045468617895,0.6452923247018482,0.6152989344308963,0.012,0.038,0.02368126753619673,0.8006642453412313,11.305787931621417,-0.02960807692054463,0.3553918396415077,True
WT_092025,159,169,11,165,453.5891150132819,25.890234819292065,0.6257366354348898,0.5338849349952501,0.012,0.038,0.015051798100235846,1.1854497397708637,11.359196318966369,-0.007510466543836806,0.34787748094541426,True
WT_092025,159,170,12,165,465.70833022727703,25.761494085358223,0.6133796779197045,0.5113975374176156,0.012,0.038,0.014299422657764812,1.3534317020279878,11.923877391524044,0.10907020391262733,0.4679582879931585,True
WT_092025,159,171,13,165,474.68105058369406,25.737299475824624,0.6018845675099178,0.5382438789975772,0.012,0.038,0.013438921361667931,1.095697314186836,11.95625951082563,0.13124705680943524,0.4293935844345798,True
WT_092025,159,172,14,165,481.2971223535036,25.73687140534162,0.5935620329053034,0.48922898448580227,0.012,0.038,0.009348462992691903,1.0573670365811096,11.96761483004907,0.1315908311732495,0.43225668268322986,True
WT_092025,159,173,15,165,485.4321391410744,25.827909426527633,0.5865759132096782,0.5277252187092492,0.012,0.038,0.01370482583861174,1.0185038721463788,12.004290200160966,0.11896659466920492,0.4232411246154982,True
WT_092025,159,174,16,165,487.39951305751225,25.800232623042927,0.5840769496226595,0.5250707250495877,0.012,0.038,0.012475551992330771,1.0000049157201565,12.026316356789707,0.12652729593340217,0.41076750383944727,True
WT_092025,159,175,17,165,487.4243983284788,25.79130298737548,0.5843627653960966,0.4983256226424583,0.012,0.038,0.014319738134680324,1.043416596581314,12.165767349427014,0.14535838848504667,0.3792205966600362,True
WT_092025,159,176,18,165,485.5951783704843,25.758795791651732,0.587091967652791,0.44879300196293465,0.012,0.038,0.015325560625213756,1.0383236261605338,12.205216471766576,0.15241566266507858,0.3897596656499668,True
WT_092025,159,177,19,165,482.31472193487974,25.669613543405333,0.5933771533621324,0.43664771498545835,0.012,0.038,0.016173714874915028,1.0624613751387308,12.299605563711141,0.15163690188935353,0.3938351503354153,True
WT_092025,159,178,20,165,478.03184627117156,25.657426219670892,0.5990320719930112,0.47824862042266403,0.012,0.038,0.019447107280958907,1.0608486342718735,12.31862548045125,0.15965280278266522,0.3919131080064023,True
WT_092025,159,179,21,165,472.3962494494446,25.739010659075873,0.6035878060574972,0.5105177421587783,0.012,0.038,0.021883520587816695,1.0381293749737024,12.522438690922394,0.1733953203355943,0.40015059571192924,True
WT_092025,159,180,22,165,466.003516421316,25.719765540738624,0.6124580807594149,0.4831280918992733,0.012,0.038,0.019174540061667248,1.0509685837830245,12.557356120976138,0.18812175896675132,0.41430669783932084,True
WT_092025,159,181,23,165,459.0942454326336,25.888087061028678,0.6176224840765596,0.5037019109846191,0.012,0.038,0.018836645493183268,1.056239307762154,12.627644524327426,0.1726995851206159,0.4067640681722234,True
WT_092025,159,182,24,165,451.67336906294463,25.872679689091854,0.6277227262781877,0.5075947946509053,0.012,0.038,0.022695923823864057,1.0951412702571701,12.774631198423789,0.1509713455320613,0.3535654611595067,True
WT_092025,159,183,25,165,443.7427965432355,25.81767518652034,0.6401058047607275,0.4686403839616519,0.012,0.038,0.021513480391995236,1.146220023173138,12.842628876834121,0.14850891740326572,0.2932991010243052,True
WT_092025,159,184,26,165,435.596626651132,25.73993118133844,0.6539940190264895,0.4956501026465785,0.012,0.038,0.02150871468772855,1.1134890678964475,12.9183731339226,0.12756959367346438,0.285166851543948,True
WT_092025,159,185,27,165,427.2236798880713,25.65472057435001,0.668510252347309,0.5543514224685806,0.012,0.038,0.022969092411741398,1.0264892259653329,12.941708549978001,0.1367627845976695,0.27754032336070744,True
WT_092025,159,186,28,165,418.9560400364949,25.684513029563288,0.6804961772301803,0.5552212164473105,0.012,0.038,0.02306244686845238,0.9632686197133097,12.982530049339728,0.12970874005505348,0.2874319269869571,True
WT_092025,159,187,29,165,410.59834714992894,25.73192324111075,0.6933390711032876,0.5529276413905314,0.012,0.038,0.023300623463747207,0.8911053598002127,13.019409632314659,0.13169403334209068,0.26662302788226777,True
WT_092025,159,188,30,165,402.3451871785545,25.72418929431837,0.7074612459289028,0.551402158571435,0.012,0.038,0.024610848169388657,0.8463763348422403,13.089717301570547,0.11938523756543096,0.2587967837245869,True
WT_092025,159,189,31,165,394.0118515669071,25.768195098141565,0.7213344448026514,0.5644672852236099,0.012,0.038,0.02448440395414777,0.8217160515161382,13.264589220746482,0.10720382870518498,0.2737659959908755,True
WT_092025,159,190,32,165,385.8844696103031,25.808193264054623,0.7344776821450947,0.5550811415968219,0.012,0.038,0.024978322267357755,0.7829448171764525,13.281761501336963,0.10402192233787866,0.26758779914425407,True
WT_092025,159,191,33,165,378.03186676574757,26.03209240653548,0.7426331551292017,0.5759902587363693,0.012,0.038,0.028189747260301188,0.7110429034436525,13.430520142467644,0.10134399487123825,0.2456354401383568,True
WT_092025,159,192,34,165,370.0794851672554,26.154428700195858,0.7551235354362477,0.5829777354359321,0.012,0.038,0.022684460656049597,0.6991332949018342,13.528195668669586,0.12123559304996433,0.26575915797167343,True
WT_092025,159,193,35,165,362.53221004656643,26.12933468916363,0.7715588420862399,0.6066511928080023,0.012,0.038,0.023791621511133718,0.6853147329907393,13.541831530276662,0.12134962587913596,0.26429235036193793,True
WT_092025,159,194,36,165,355.26742420126584,26.044835013421178,0.7895236233702712,0.6055590765837993,0.012,0.038,0.023777032323770327,0.7044503416794402,13.573892157166652,0.10825403317085674,0.2632279478411714,True
WT_092025,159,195,37,165,347.90400039439163,26.00123297038123,0.807450363249784,0.6379535326694085,0.012,0.038,0.023500412979334702,0.6895878450541285,13.586114630845586,0.10590150195094114,0.2605059992849291,True
WT_092025,160,166,7,165,392.3614998931499,26.383704565509923,0.7711155180725083,0.6260203176535436,0.012,0.037,0.043535596613713666,0.7687844446581996,10.728977087067134,0.006949044825774926,0.2766517932794647,True
WT_092025,160,167,8,165,416.0045472570986,26.033606989022303,0.6782947042540892,0.6701019016129167,0.012,0.038,0.03484613698347734,0.8118484372905226,11.031497415082814,-0.034977629894406344,0.3609388577504848,True
WT_092025,160,168,9,165,435.55537903235205,25.889719536369267,0.6513715872048637,0.6056481633537432,0.012,0.038,0.02833487157486123,1.143673544575774,11.03402691546732,-0.021668939021326345,0.38288198193100376,True
WT_092025,160,169,10,165,451.35981226110306,25.87232682196143,0.6304512491560954,0.5592324851510556,0.012,0.038,0.018618544482291232,1.1271434237006763,11.039247848737073,-0.014021337524015779,0.3816453746979358,True
WT_092025,160,170,11,165,463.9794211745333,25.736524426423617,0.6174224463801565,0.5393824203678177,0.012,0.038,0.014417375410361814,1.1668126485376322,11.628272429383223,0.08142692672493744,0.4234494614292557,True
WT_092025,160,171,12,165,473.2626105985796,25.711921916589812,0.6053431824154137,0.5607360119278703,0.012,0.038,0.011797935764513583,1.0378442209205099,11.71143013127015,0.114199974387996,0.3492107144205697,True
WT_092025,160,172,13,165,480.0717507983807,25.71426988604327,0.5965751249774041,0.514052910297936,0.012,0.038,0.011914133043242355,0.9034595241705992,11.727229507575483,0.11614057244765318,0.35949896545104437,True
WT_092025,160,173,14,165,484.29011975034734,25.81218439337043,0.5892497159969861,0.5570938288822493,0.012,0.038,0.016319549119583887,0.9093138192422239,11.737368519758371,0.11465161377223293,0.3588001691422274,True
WT_092025,160,174,15,165,486.2538744860868,25.782381118705718,0.5867166104813251,0.5539731004186605,0.012,0.038,0.014864593405461484,0.8999421423841739,11.80085454505241,0.11364395389706972,0.33632709492658774,True
WT_092025,160,175,16,165,486.20950743181805,25.77428117138732,0.5870434401113775,0.5191191044145793,0.012,0.038,0.016720697704267207,0.9477125642530811,11.911765446456776,0.1290148500986391,0.29833707389171865,True
WT_092025,160,176,17,165,484.25516092589703,25.7394441641503,0.589950653347844,0.4799123787266207,0.012,0.038,0.017667663183696832,0.9327932612150116,11.943250893528598,0.13580943071049517,0.3041005802452581,True
WT_092025,160,177,18,165,480.81599308665574,25.552400463937783,0.5510411905848862,0.4551632949562509,0.012,0.039,0.014876479818251714,0.9521614555445009,11.985379925106942,0.14658407306686452,0.3143975781717267,True
WT_092025,160,178,19,165,476.3584403559718,25.510484333636946,0.5569727876254148,0.49844818714940103,0.012,0.039,0.01710408485953937,0.959426643987477,12.004151886650396,0.14900819955215006,0.30984168886700614,True
WT_092025,160,179,20,165,470.5200152165247,25.72052636581942,0.6071590835376434,0.5419292292538291,0.012,0.038,0.024350419512273246,0.9320219607826293,12.097449592996766,0.1556776828414864,0.34403054092770907,True
WT_092025,160,180,21,165,463.91881694542826,25.700757681562806,0.616393754201707,0.5179450047638712,0.012,0.038,0.02147850668105792,0.8737970610728528,12.120717996977168,0.16186514571506203,0.3463764276562522,True
WT_092025,160,181,22,165,456.8025817153393,25.876795695637572,0.6217118727327987,0.5428759438118909,0.012,0.038,0.021050190890363033,0.9665828881250029,12.136914767123903,0.16236608593127752,0.3467133558509167,True
WT_092025,160,182,23,165,449.1761806199008,25.861839237961753,0.6321782895647755,0.546194270245016,0.012,0.038,0.025069958263939023,1.1219585524365343,12.44144158338191,0.13442391186642577,0.31277881715741873,True
WT_092025,160,183,24,165,441.04039514126026,25.803724980758105,0.6450732106779633,0.49448151390234285,0.012,0.038,0.023804947046107704,1.0873436016643119,12.659300859299725,0.12805328061385898,0.17056655620912958,True
WT_092025,160,184,25,165,432.69859192634897,25.723570997289883,0.6594951501858923,0.5152901982331084,0.012,0.038,0.023794828499637023,1.011207613461651,12.710930583590194,0.12456399655112974,0.16544916738251914,True
WT_092025,160,185,26,165,424.13791434372297,25.634403911192987,0.674603410971068,0.5618149388439969,0.012,0.038,0.025291156166436863,0.9789645492341023,12.741887846369325,0.12729642546956635,0.15557423784714353,True
WT_092025,160,186,27,165,415.6978027533514,25.66457842294545,0.6870490630230467,0.563311930721682,0.012,0.038,0.025349216847970524,0.8454750929523238,12.76054114070553,0.1272530681467556,0.15553414475303637,True
WT_092025,160,187,28,165,407.17734247434964,25.713376900976574,0.7003750542257614,0.565716391662871,0.012,0.038,0.025575614968418085,0.8608894374402414,12.781523382018067,0.12832301350230182,0.14440483468506676,True
WT_092025,160,188,29,165,398.77431241133536,25.705534620104284,0.715020529555267,0.5641914202943152,0.012,0.038,0.026923387435609774,0.8387520390729081,12.831954974113213,0.12443189632974312,0.1459382148050905,True
WT_092025,160,189,30,165,390.2980738207759,25.750603127810717,0.7294213604107582,0.5743069907754451,0.012,0.038,0.02676230538287851,0.80110628134589,13.039541126115733,0.12411842708869059,0.17376117997422663,True
WT_092025,160,190,31,165,382.0421786871727,25.792262403165267,0.743027877884926,0.5654730754963692,0.012,0.038,0.027238412738022653,0.690387764255624,13.058992041427773,0.1250418182272576,0.1828091362053016,True
WT_092025,160,191,32,165,374.07529895810495,26.02517200054165,0.7513737471811296,0.5914403662208464,0.012,0.038,0.030541199732208656,0.6933068440529292,13.164679865422157,0.10430378187405431,0.14291763252200837,True
WT_092025,160,192,33,165,366.01253680399157,26.152466921583272,0.7642717654572637,0.5999225432559749,0.012,0.038,0.02411072896874708,0.6632245986927725,13.271812134251999,0.11984423428476092,0.17100174830928436,True
WT_092025,160,193,34,165,358.3707140570182,26.1267522485104,0.7813120431425051,0.6212874895035791,0.012,0.038,0.03178523157565047,0.6718407933089292,13.294810759300088,0.12242212790480506,0.15786240928511353,True
WT_092025,160,194,35,165,351.0228100805227,26.039515677978134,0.7999545460610619,0.6203991996063881,0.012,0.038,0.029114953672781524,0.6885005886246959,13.32590536668538,0.11164648968134343,0.15808825415441025,True
WT_092025,160,195,36,165,343.5786388561104,25.994073594574918,0.8185769935612305,0.6513021090997849,0.012,0.038,0.028851385976243163,0.6811065345159328,13.348473727433623,0.10411728402323991,0.14929168842741566,True
WT_092025,161,167,7,165,406.5160979297545,25.63575787395684,0.6496699236428656,0.8422078234071755,0.012,0.039,0.02771548297763995,1.135910188541855,10.866235614165937,-0.0013083694991106926,0.47620151219062534,True
WT_092025,161,168,8,165,427.55388960429735,25.598337074392276,0.6190849734561232,0.768628876357367,0.012,0.039,0.02359925835155394,1.1021473969720377,10.864342291270244,0.009096143629420007,0.49034151571637136,True
WT_092025,161,169,9,165,444.4505317287942,25.60495080054008,0.5966093500721765,0.7067048413774307,0.012,0.039,0.013130000633547485,0.868077002131056,10.865544945743046,0.010829346593966862,0.4907589941790969,True
WT_092025,161,170,10,165,457.87754703763125,25.521783709650556,0.6316858736925507,0.7101506712850988,0.012,0.038,0.010603422223831725,1.1016846660551314,11.375087142181856,0.10226285424319975,0.4843718758698773,True
WT_092025,161,171,11,165,467.72164503247353,25.51180083148936,0.6180084288303458,0.7420876272598833,0.012,0.038,0.008088922866526103,0.8048226582018526,11.507112361896942,0.1350002544274375,0.36431346759446737,True
WT_092025,161,172,12,165,474.93690320401794,25.568997098134165,0.5596555185343243,0.6489274653100499,0.012,0.039,0.010006303688641829,0.8218265005252762,11.537093100573493,0.14058726323537046,0.38804041893426616,True
WT_092025,161,173,13,165,479.41864828042543,25.638529068968644,0.5527647108509608,0.6772832091487744,0.012,0.039,0.013185048557914143,0.910165492638544,11.549357249803235,0.13571742186846847,0.3861116184625609,True
WT_092025,161,174,14,165,481.5352244629935,25.640159642107964,0.5495706799461317,0.6554706462930524,0.012,0.039,0.012690600662604737,0.8659624172639717,11.63827072319821,0.12035149190872149,0.3411052664254635,True
WT_092025,161,175,15,165,481.558817765124,25.61938388306954,0.5499109679864951,0.6016955004297734,0.012,0.039,0.014076016762792819,0.9104721820209428,11.791013690490166,0.12998082313616902,0.28636150369252256,True
WT_092025,161,176,16,165,479.6009755424087,25.547935163223546,0.5531624872096753,0.5602900779956612,0.012,0.039,0.013586372585437257,0.9111806364634102,11.819973386674354,0.13504071721826463,0.2934408515523963,True
WT_092025,161,177,17,165,476.1120154022004,25.447324075207376,0.5594848801124813,0.5293030290051447,0.012,0.039,0.014269285429917886,0.9672414225488463,11.87801118293782,0.14663163013367886,0.30981156631544277,True
WT_092025,161,178,18,165,471.58007541081184,25.406085155987686,0.5656101596853798,0.5624791895755782,0.012,0.039,0.01664873093706389,0.9628261585808382,11.903994186152064,0.15007777441732503,0.29200809774051195,True
WT_092025,161,179,19,165,465.629844708895,25.499076315651152,0.5700852549354887,0.5965871294848409,0.012,0.039,0.01930630717019303,0.882843737561218,11.976594965727289,0.16154705532726327,0.34058350144170746,True
WT_092025,161,180,20,165,458.90503380904147,25.48125137647156,0.5788915054019877,0.5732901159744326,0.012,0.039,0.01625196774135214,0.8922825921229947,12.00434351031109,0.16647097699122715,0.3358939204052523,True
WT_092025,161,181,21,165,451.66122557866936,25.75542749198921,0.6321918358736188,0.6189087412016975,0.012,0.038,0.019160208714475924,1.1084059217840936,12.032392979733403,0.163892625660186,0.34151114638007996,True
WT_092025,161,182,22,165,443.9044559468086,25.741582310194985,0.6430929742384669,0.6199476420750097,0.012,0.038,0.02340555155721781,1.1450195711173485,12.328832174370913,0.15605835293532438,0.3141107971487124,True
WT_092025,161,183,23,165,435.6342035054275,25.68304393593048,0.65656122659142,0.549480054521229,0.012,0.038,0.022106693903605666,1.0531433897070082,12.572461562617127,0.13965116617795284,0.15172334405991,True
WT_092025,161,184,24,165,427.1635798753755,25.600365740258393,0.6716734090843859,0.5676160242534408,0.012,0.038,0.022110522345629456,1.0404473381010775,12.61219197620265,0.13819833188661898,0.15120868169342688,True
WT_092025,161,185,25,165,418.4793573482649,25.429081386036874,0.6348177278674821,0.5958772430577015,0.012,0.039,0.02064882469371169,0.898076525649932,12.632195026325896,0.1391079041156094,0.14853363664455413,True
WT_092025,161,186,26,165,409.9281742022278,25.54158871905994,0.70045735858577,0.6201649011901161,0.012,0.038,0.023784758321693567,0.8583373228511482,12.652648887056355,0.14028429313006704,0.14358654112086688,True
WT_092025,161,187,27,165,401.30291002698124,25.594153018287827,0.7143394764136459,0.6193569081838997,0.012,0.038,0.024051431318071418,0.8845076299671879,12.68363828332477,0.1384774565312811,0.1223962676657102,True
WT_092025,161,188,28,165,392.8063011135143,25.586824618168922,0.7296469738014948,0.616145091162545,0.012,0.038,0.02547321078020198,0.8527267130508229,12.730916078906747,0.13506522088972003,0.12586210063455514,True
WT_092025,161,189,29,165,384.2409886796952,25.635239169940643,0.7446642066886489,0.626652440797725,0.012,0.038,0.025309133118201203,0.7290916058176699,12.947993914923439,0.1333843769847122,0.16693494074379653,True
WT_092025,161,190,30,165,375.90853328411373,25.680042811819806,0.7588284992630184,0.6194750225266094,0.012,0.038,0.025846893876491608,0.6945237633650362,12.971533905585773,0.13379295066693156,0.17919543592820797,True
WT_092025,161,191,31,165,367.87734855493096,25.925247854644315,0.7673295061063404,0.6426620095015744,0.012,0.038,0.02932725020172988,0.6660499525526131,13.11820567617599,0.08911066036807709,0.1336111376492939,True
WT_092025,161,192,32,165,359.7523753765352,26.059335608312143,0.7807144910262714,0.6505876458770997,0.012,0.038,0.02829113134203779,0.6669981775287621,13.231200781452337,0.10587418982122104,0.1659068152244091,True
WT_092025,161,193,33,165,352.06263507786576,26.032382906621788,0.7985671576695981,0.6740261508167995,0.012,0.038,0.030630509600955987,0.6730722562727919,13.254646876809673,0.1098831136477442,0.15222169774742672,True
WT_092025,161,194,34,165,344.67674886323067,25.94156618687891,0.8181268931683661,0.6719769684522306,0.012,0.038,0.027832445908850773,0.6907539771186563,13.291779718611279,0.09676988431993185,0.1541879948971938,True
WT_092025,161,195,35,165,337.1951127953232,25.894693970237157,0.8376467100621197,0.7061041173952023,0.012,0.038,0.0275654654825286,0.6802242732128431,13.319873870813748,0.08918445029300678,0.14113302057078803,True
WT_092025,162,168,7,165,414.2249420017308,25.7423238911549,0.6908868420190325,0.6095046509226913,0.012,0.038,0.02796199610555017,0.9899487893331943,10.760509215772338,0.0025349314904246113,0.5482845117580318,True
WT_092025,162,169,8,165,432.6913886086384,25.737523993764487,0.6632739527141654,0.5326634412045635,0.012,0.038,0.016206997166142316,0.9481495670141772,10.764241561466317,0.004121910313811269,0.5491577494958132,True
WT_092025,162,170,9,165,447.3022888680899,25.592671237854542,0.6462326285789752,0.5656058895568777,0.012,0.038,0.011355625166297815,0.9667362477099848,11.361012031142135,0.10293944945475289,0.4906231900258483,True
WT_092025,162,171,10,165,458.00577498863925,25.57921124904076,0.6306873335302011,0.5762912915061713,0.012,0.038,0.008610080168935736,0.8271681948012813,11.495116609394826,0.13211820458884338,0.3692937608861714,True
WT_092025,162,172,11,165,465.8775234126831,25.59199673295811,0.6194445968194957,0.5546404521975813,0.012,0.038,0.008997768552249428,0.866078279720056,11.523029715033358,0.1366882128482314,0.3920809893343599,True
WT_092025,162,173,12,165,470.83104188586316,25.71115786873791,0.6101436922683922,0.5854522773658287,0.012,0.038,0.014277317133752288,0.8936517401685388,11.53567172095791,0.13309246857751325,0.39128249800607223,True
WT_092025,162,174,13,165,473.2782130045058,25.68402704458295,0.606591860978706,0.5979293649513181,0.012,0.038,0.01274751922376341,0.8240811887920644,11.626445562401832,0.11356675561948637,0.3449387115138121,True
WT_092025,162,175,14,165,473.5235657757062,25.678890722388363,0.6064504747100807,0.5291351922714586,0.012,0.038,0.01498370081509868,0.8948433279310187,11.782569712748755,0.12732396142229482,0.2896464761690341,True
WT_092025,162,176,15,165,471.69664390871884,25.57459631983494,0.5624637672329167,0.46866754995355386,0.012,0.039,0.013444739896586046,0.9463195019748697,11.813764564976598,0.13314751645403067,0.29646712701628586,True
WT_092025,162,177,16,165,468.2777920218787,25.465499345170574,0.5690490628973431,0.4263989512790906,0.012,0.039,0.014180648035612935,0.9426666088215676,11.869780266599031,0.14598012287492737,0.3151655896900167,True
WT_092025,162,178,17,165,463.78041884700184,25.420570076655572,0.575384576392654,0.4604681192851653,0.012,0.039,0.01667522018099924,0.9057136356400739,11.898460741140637,0.1488969276451329,0.2934453083252606,True
WT_092025,162,179,18,165,457.8163784185299,25.518838193763383,0.5799075153870241,0.5063772639861198,0.012,0.039,0.019481561283235565,0.8692670642390434,11.975796733506941,0.16070277300106367,0.3435319747745463,True
WT_092025,162,180,19,165,451.05844364379317,25.499204614862272,0.5890886533812033,0.49248075620302895,0.012,0.039,0.016267295989252053,0.9789028192822833,12.006190240309351,0.16544967925705964,0.33725432090940555,True
WT_092025,162,181,20,165,443.771089259436,25.807944163405764,0.642883303568492,0.5283533004132085,0.012,0.038,0.020126155676489312,1.1025051968840842,12.03176161563216,0.16491340307556013,0.34459738556102626,True
WT_092025,162,182,21,165,435.96302347914246,25.793352300726934,0.6542255600589139,0.5396980936381169,0.012,0.038,0.02461653585016844,1.0943729918576575,12.315240470488106,0.16243185214803613,0.3293847024309002,True
WT_092025,162,183,22,165,427.63235139490644,25.72955479950033,0.6683624537420304,0.48710464212106347,0.012,0.038,0.023214281016009617,1.0456791559457783,12.573520121295244,0.1419201359295542,0.1531167129221649,True
WT_092025,162,184,23,165,419.1030928913838,25.642103379642602,0.6842061622247954,0.511836927076202,0.012,0.038,0.023221846487486115,0.9084800210898077,12.6103088863709,0.14160842356336786,0.15327722998587912,True
WT_092025,162,185,24,165,410.36055663240114,25.545229414736912,0.7008038680138273,0.5671237651333176,0.012,0.038,0.024877178620707326,0.8804236521128713,12.6315213082898,0.14253735743927562,0.14934777240237962,True
WT_092025,162,186,25,165,401.76151041375596,25.579047171369577,0.7143447631539744,0.5739003140144971,0.012,0.038,0.024896074678308126,0.8377581805827585,12.652914908832384,0.1437288341587052,0.1433751845079076,True
WT_092025,162,187,26,165,393.0919562979002,25.633113323873516,0.728877952553163,0.5834153833491479,0.012,0.038,0.025152932041084555,0.8699463411215013,12.687528615611178,0.14007259214028497,0.12038536615606991,True
WT_092025,162,188,27,165,384.5592361474306,25.624966718295333,0.7449081553344573,0.5755768574237605,0.012,0.038,0.02664536172256231,0.7622653252080748,12.73421893567639,0.13699423540308472,0.12346357461402882,True
WT_092025,162,189,28,165,375.95987799068655,25.67562374842735,0.7606188141143118,0.581286762491368,0.012,0.038,0.026468729639019466,0.7137570824974964,12.937330757008406,0.13492330367144295,0.16498618265825446,True
WT_092025,162,190,29,165,367.60284178923797,25.72258055508968,0.7753988634813065,0.5732248054481537,0.012,0.038,0.027036628523756927,0.6515859069154423,12.968083205216647,0.13217544394069838,0.18094142570485214,True
WT_092025,162,191,30,165,359.55800404141144,25.97934291239928,0.7841269575795785,0.598874911551611,0.012,0.038,0.030671164250745356,0.6604839460489677,13.103082200227005,0.08476683643762728,0.1333124140304483,True
WT_092025,162,192,31,165,351.41920776406954,26.119025024992926,0.7980994480169307,0.6027762073539733,0.012,0.038,0.024460014589419987,0.6601050462488915,13.223819991383897,0.10370256731970656,0.1673636570505969,True
WT_092025,162,193,32,165,343.7287877670328,26.090489851930535,0.8168252306749169,0.6220649357629727,0.012,0.038,0.03203003467391001,0.666028029012626,13.245967713783925,0.10682875742827926,0.15423462511003458,True
WT_092025,162,194,33,165,336.3507620668241,25.99496844837063,0.8373741812703912,0.6231277923969342,0.012,0.038,0.029095441415083672,0.6890058751010404,13.285590301068478,0.09376824121732087,0.15748649390359576,True
WT_092025,162,195,34,165,328.8746076702758,25.945621471635285,0.8578861280408527,0.6578513618185196,0.012,0.038,0.028807010548111505,0.6749770302897806,13.317190100229803,0.08636903472564926,0.1418103436825227,True
WT_092025,163,169,7,165,415.8558155291895,25.589460375106768,0.6405927400752586,0.5237515319098505,0.012,0.039,0.010766050394846637,0.7677822394503758,10.50954671025911,0.032104653391421066,0.4354012954166042,True
WT_092025,163,170,8,165,432.1326475816508,25.47543921314445,0.673513655097961,0.6054673233067845,0.012,0.038,0.008410593988927625,0.9303494913530893,11.03927218633213,0.1391635167168208,0.32693912907251965,True
WT_092025,163,171,9,165,444.0672832255128,25.469931160852518,0.6545800138719337,0.5536873542111674,0.012,0.038,0.006723507074254221,0.8990427436206601,11.177006526735067,0.16543692084663242,0.19268855737586926,True
WT_092025,163,172,10,165,452.8954470137103,25.554575578525405,0.5893159962607747,0.5015695259429556,0.012,0.039,0.0076172639140238895,0.8726050460048957,11.205113155165344,0.16878552548774176,0.22073361326199017,True
WT_092025,163,173,11,165,458.5687102052591,25.63434775951193,0.5799260402780954,0.5166361461670483,0.012,0.039,0.011501200219629219,0.810591758207964,11.219112600377517,0.17159351579881352,0.22432866738052956,True
WT_092025,163,174,12,165,461.5534370673572,25.63678957466745,0.5751533648127205,0.5393889684725908,0.012,0.039,0.011090510817367654,0.8153404741726564,11.366106578971003,0.1145541576161375,0.1923376958616545,True
WT_092025,163,175,13,165,462.19825338644387,25.612457885781716,0.5747405744368174,0.47297395406393067,0.012,0.039,0.012790588226898896,0.9516428067100081,11.504889719062229,0.12889395281586669,0.12514496738595005,True
WT_092025,163,176,14,165,460.6534926787952,25.53051421470671,0.5778116023472076,0.44507072301884126,0.012,0.039,0.012304187171218624,0.95406275934487,11.531540701110579,0.1361337063589564,0.12857283380496295,True
WT_092025,163,177,15,165,457.43868680819725,25.414466619579517,0.584561148590923,0.4033802446215708,0.012,0.039,0.01313413234805924,0.9783754444678188,11.560238137090742,0.14634348728833074,0.13330432684723603,True
WT_092025,163,178,16,165,453.0953490722647,25.368980713167492,0.5909816385240461,0.44821549583713305,0.012,0.039,0.015856685052343635,0.9302884612903953,11.615863318821976,0.13124562219179461,0.08674845420501044,True
WT_092025,163,179,17,165,447.2236599087574,25.475889590936408,0.595411472833238,0.4974689669775654,0.012,0.039,0.01889580654268792,0.9429603360088809,11.66088289204026,0.1590324585063007,0.14917371839046684,True
WT_092025,163,180,18,165,440.5299797143416,25.45566216285659,0.6049716940402108,0.4953821487057685,0.012,0.039,0.015444673626940094,0.9690925782553892,11.69133133713822,0.14972258983624165,0.1278446329258941,True
WT_092025,163,181,19,165,433.28947848938134,25.752202313077532,0.6606204283981698,0.5267107067263493,0.012,0.038,0.018336178066035904,1.0780449683171267,11.711466622126013,0.15213106624843056,0.12747516884547627,True
WT_092025,163,182,20,165,425.5124896304306,25.73742988696097,0.6724788864014951,0.5309177329985224,0.012,0.038,0.023135095289065617,1.0801181182846284,12.092532099877953,0.1752543603304011,0.254766120747854,True
WT_092025,163,183,21,165,417.19834081885404,25.668869128800193,0.6874197592249275,0.47955948434780893,0.012,0.038,0.02164210430529004,0.9258872087262703,12.429518381935848,0.14645515902146386,0.053689257887123115,True
WT_092025,163,184,22,165,408.68248362169646,25.57711281969459,0.7041662832379453,0.49928360539046024,0.012,0.038,0.021647322876379695,0.9002910234498099,12.459383157821332,0.14937116343127554,0.05059274388968729,True
WT_092025,163,185,23,165,399.9499190872081,25.398671219516846,0.6662563353064892,0.5422467679306048,0.012,0.039,0.020477339135671367,0.8682854136983643,12.481966676636231,0.15040008630524265,0.04829321960938944,True
WT_092025,163,186,24,165,391.36785437748546,25.512273538998155,0.7359170485315593,0.571993430263264,0.012,0.038,0.02350148095447116,0.8288338035110209,12.5091752391683,0.15076842871924703,0.039680670808236534,True
WT_092025,163,187,25,165,382.7156933759668,25.57079941441203,0.7511753872777867,0.598101465113846,0.012,0.038,0.023839084619179864,0.7582166317659482,12.5294937561825,0.1514110496061005,0.031053355393338256,True
WT_092025,163,188,26,165,374.20530812878803,25.563211380467866,0.7680729018451314,0.5851739854152929,0.012,0.038,0.02545967354828973,0.7534845805583164,12.558626027519155,0.15139444871969956,0.02966713535544597,True
WT_092025,163,189,27,165,365.6272607627306,25.618521189941532,0.7845894373846992,0.5866733211847055,0.012,0.038,0.025299692318172994,0.6804992319971641,12.755586488595036,0.16333364508677928,0.05677443166617738,True
WT_092025,163,190,28,165,357.29873605155353,25.669302396126053,0.800098093314973,0.5750508494829486,0.012,0.038,0.025934532982083727,0.6484549920418792,12.774441270616832,0.1634921120146398,0.059504551054678056,True
WT_092025,163,191,29,165,349.29124900449017,25.940858205186924,0.8090171995268872,0.5988317189957688,0.012,0.038,0.029792329819469644,0.6679052752328598,12.961440889896128,0.09526960755454612,0.029010394852432817,True
WT_092025,163,192,30,165,341.1873492652332,26.089877928156245,0.8236198667622,0.6037284284209011,0.012,0.038,0.024423992988888418,0.661245837724802,13.055067806039741,0.10809374028346166,0.06843184807973374,True
WT_092025,163,193,31,165,333.5431138978554,26.059689177218534,0.8434505208977198,0.6259348846365659,0.012,0.038,0.03125123055554805,0.6562169332067702,13.088337014883239,0.11487276660122905,0.05565495536017221,True
WT_092025,163,194,32,165,326.218201382603,25.958622565999743,0.8652750399590967,0.628606926068173,0.012,0.038,0.028142480759290062,0.6868053514723546,13.115400118444539,0.10707712458995063,0.05567891089987166,True
WT_092025,163,195,33,165,318.7907694429566,25.908192125795267,0.8869925603977747,0.6674363074734848,0.012,0.038,0.027879258864171468,0.6300364897029305,13.148155344993526,0.09775222266831234,0.043016604108818315,True
WT_092025,164,170,7,165,412.3568341838472,25.47220682161816,0.6524062621095162,0.7518183698510426,0.012,0.039,0.012235687231743063,1.021601467238962,10.101291964418406,0.07830894627084288,-0.050315193343815234,True
WT_092025,164,171,8,165,425.9744576873838,25.508051492999826,0.6298493147832807,0.7277969224585032,0.012,0.039,0.010493164474473108,0.8522997722838291,10.454315492407346,-0.05852591011389778,-0.0794113570327403,True
WT_092025,164,172,9,165,436.118034354094,25.46170035983671,0.6152250697527208,0.6463373684820239,0.012,0.039,0.007849513317030628,0.6982761818882607,10.477642716117503,-0.06366597143926017,-0.07795649223342818,True
WT_092025,164,173,10,165,442.7962380833698,25.558919166775578,0.6032686159782442,0.657484894734197,0.012,0.039,0.012067603362722137,0.7553838826116407,10.540636753949137,0.04727868871777353,-0.05170999429723395,True
WT_092025,164,174,11,165,446.5507444779427,25.567451939517436,0.5968609134001587,0.6754881249490867,0.012,0.039,0.011581146922230891,0.8531926627891676,11.049576938792438,-0.031990258559730415,0.08380836320608477,True
WT_092025,164,175,12,165,447.78885586151193,25.54648655136003,0.5954943358229737,0.6060000100350795,0.012,0.039,0.013457536059711327,0.8911906877069733,11.097623243836178,-0.023019523308584942,0.011307589763572976,True
WT_092025,164,176,13,165,446.6900368459232,25.460892892531685,0.5981435820808094,0.5743677680588598,0.012,0.039,0.012879900719027443,0.9422610012278694,11.116794078034692,-0.024430542388948536,0.01550663543649292,True
WT_092025,164,177,14,165,443.82008714450615,25.338930389114175,0.6049271537265573,0.5119478002493371,0.012,0.039,0.0137744910666951,0.946915950426435,11.143179679972711,-0.037557226938782745,0.021811840745046204,True
WT_092025,164,178,15,165,439.7554659516772,25.293827313856358,0.6113216367690578,0.5452319336265624,0.012,0.039,0.01669089684859649,0.9403725359851908,11.341391858050383,-0.06785488617909924,-0.01493440020811447,True
WT_092025,164,179,16,165,434.0854923739183,25.410713325719406,0.6155355922561514,0.5849674455445583,0.012,0.039,0.019934212005955236,0.9008838862100945,11.359246227804464,-0.07231500637547315,-0.026997047774131193,True
WT_092025,164,180,17,165,427.5545948165567,25.39039477322312,0.6254686072747254,0.5679506000996642,0.012,0.039,0.016126770237195154,0.892842872363021,11.492130238271072,-0.05537381560016196,-0.008632017330314393,True
WT_092025,164,181,18,165,420.4519302764988,25.595357874146753,0.6847469369912965,0.5987786763037831,0.012,0.038,0.014751205437778497,1.040023700145808,11.512430322811221,-0.06386130459170218,-0.008091507583395366,True
WT_092025,164,182,19,165,412.7894396820223,25.539299940952052,0.6430316518653142,0.5736156855933565,0.012,0.039,0.0183479418511187,0.9474660277151543,11.898658863037303,0.1404183283690539,0.3022939606460398,True
WT_092025,164,183,20,165,404.5682508557478,25.509558452136517,0.7130381052725505,0.5187308642726203,0.012,0.038,0.018454030694906417,0.907128744249545,12.232230929995286,0.12090265094048082,0.018972443471316297,True
WT_092025,164,184,21,165,396.1368062584269,25.413455220811237,0.730873112154438,0.524519258109455,0.012,0.038,0.018491496197451777,0.8887326042624938,12.254985274095166,0.12209533984234112,0.016995487915505675,True
WT_092025,164,185,22,165,387.4801018661974,25.332041180454862,0.6899736081120579,0.5597160267852648,0.012,0.039,0.02150007583139961,0.8710919852997241,12.292234619195186,0.12371527802928689,0.020416696082347845,True
WT_092025,164,186,23,165,378.97840292515957,25.363633737443383,0.7040265656222993,0.5679768415622181,0.012,0.039,0.021303924750563436,0.7410433108553287,12.333988950789232,0.12145519311124668,0.012074530326009787,True
WT_092025,164,187,24,165,370.4024122525144,25.40787693619809,0.7807889619811811,0.6134853432495035,0.012,0.038,0.02091731271755332,0.7738826000075664,12.355721937182533,0.1223917302442756,-0.005903229882552987,True
WT_092025,164,188,25,165,361.97093245659914,25.36852794687792,0.7365173600009127,0.5789259024008969,0.012,0.039,0.021404142984068484,0.7414415713205891,12.374043225692706,0.12250925984524169,-0.005725880399868072,True
WT_092025,164,189,26,165,353.467074844288,25.460186235693786,0.8162798292161104,0.5931575662363009,0.012,0.038,0.02248306180103939,0.7058867138542649,12.463586982642274,0.13272370777120845,-0.025421229227495474,True
WT_092025,164,190,27,165,345.2188028783291,25.515237884983357,0.8326696729840409,0.5791749157353646,0.012,0.038,0.023194128402542882,0.675077340861578,12.489398460659878,0.1242219998315341,-0.010344477542887462,True
WT_092025,164,191,28,165,337.29841192658216,25.80873654902781,0.8415891466236151,0.6101151947711793,0.012,0.038,0.027420162332143963,0.689349000619303,12.615251035608077,-0.01270549941433654,-0.11163977318055779,True
WT_092025,164,192,29,165,329.2756913468055,25.971297092865456,0.8568357156536924,0.6171250541536721,0.012,0.038,0.026642826800691535,0.6797119761424704,12.723008326217238,0.016979008679479615,-0.039144423332823246,True
WT_092025,164,193,30,165,321.72267656253257,25.939043213435568,0.8780260473071254,0.6455765743160825,0.012,0.038,0.028990167034384468,0.667611318771262,12.79115436885463,0.04878574473551901,-0.06062985151709714,True
WT_092025,164,194,31,165,314.4940704164406,25.831743272803458,0.9014244043011922,0.6486889258474017,0.012,0.038,0.02571058574916033,0.6572079760335231,12.804795854225647,0.04789835158043815,-0.06362274897665804,True
WT_092025,164,195,32,165,307.15634368693185,25.778826642190197,0.9246747662517084,0.6896800636813318,0.012,0.038,0.025456023129537406,0.6366134664222938,12.852267936025715,0.050059933876327366,-0.08755085100173825,True
WT_092025,165,171,7,165,404.35714775224983,25.4006447137453,0.668257457076948,0.9117622638132464,0.012,0.039,0.011127223037159833,0.7538556337263483,10.440675816164307,-0.07820311645094767,-0.050902100968554104,True
WT_092025,165,172,8,165,416.202462128844,25.363287300277683,0.6487452528845237,0.7602030674129387,0.012,0.039,0.008497993292557446,0.7704628513617958,10.47341236288368,-0.08273465044013953,-0.061392949789473364,True
WT_092025,165,173,9,165,424.17969757604266,25.479731716354884,0.6331187556943609,0.7333145597427255,0.012,0.039,0.012710866777533669,0.849338064397291,10.49087380018094,-0.0843210104935442,-0.07688836587528429,True
WT_092025,165,174,10,165,428.9346040917944,25.492079039296648,0.6244173206328871,0.721370246277937,0.012,0.039,0.01203110808539718,0.9170508307094422,10.984084654627015,-0.0923432180705388,0.02816520880258356,True
WT_092025,165,175,11,165,430.95251736531833,25.476067037087745,0.6216042925080429,0.6331201200828089,0.012,0.039,0.014106060588236978,1.0270334209800474,11.02061997498076,-0.09015125079716418,-0.03295233492526508,True
WT_092025,165,176,12,165,430.4525249754194,25.38498309595523,0.6235794915058934,0.5911132355945274,0.012,0.039,0.013383984058466953,1.0206911510823,11.042883247926607,-0.08946756689077517,-0.02331113774632696,True
WT_092025,165,177,13,165,428.05659686552764,25.255861611835513,0.6302710298518517,0.520876288483541,0.012,0.039,0.014360062990362119,1.0300450587551797,11.06925497928876,-0.10134730845957182,-0.019325714013803837,True
WT_092025,165,178,14,165,424.3825236596608,25.210629611131004,0.6365227675982534,0.5403295414676089,0.012,0.039,0.009940853732033534,1.0073396555647707,11.32824619739805,-0.09962779677964968,-0.03395229306825216,True
WT_092025,165,179,15,165,419.0117831085692,25.341115934767444,0.6403042329767793,0.5815502933282445,0.012,0.039,0.02105103737724976,0.8838416333086968,11.356766063064212,-0.09637858864832775,-0.05799796553455967,True
WT_092025,165,180,16,165,412.72949220649554,25.321802332203998,0.650570734442922,0.5625470025421454,0.012,0.039,0.01686298580585924,0.9011565717914497,11.501942903270933,-0.05662853542447325,-0.012206468125724335,True
WT_092025,165,181,17,165,405.8419058050461,25.458248886441183,0.7136142092477318,0.5882836883214985,0.012,0.038,0.01194765924007459,0.9439775922470638,11.521774074497458,-0.06276909203263538,-0.015809394626580472,True
WT_092025,165,182,18,165,398.36345187858575,25.487337549307092,0.668480373654787,0.5688842904913161,0.012,0.039,0.019233806655543858,0.9588759814910846,11.541510274659974,-0.06335260649711356,-0.019320907143649944,True
WT_092025,165,183,19,165,390.2999186239033,25.37103216104614,0.7434753856147454,0.5072803109391318,0.012,0.038,0.01630456941466249,0.8927975678835038,11.751951390083132,0.10964637511395758,0.10400107544421613,True
WT_092025,165,184,20,165,382.0126815656825,25.38465929420614,0.6999610133612038,0.49651438082272414,0.012,0.039,0.020623072587141723,0.8830677953048721,11.775167529568932,0.10334380581503502,0.08066775705862804,True
WT_092025,165,185,21,165,373.4874392177799,25.262449758363882,0.7186164658624614,0.5400416494968204,0.012,0.039,0.02252995845596356,0.7712004830080936,11.841343696737272,0.08682802590011576,0.06545504686467146,True
WT_092025,165,186,22,165,365.1183013239846,25.29711166474142,0.7334724690894774,0.5449546899242473,0.012,0.039,0.022302814809024407,0.748481621132284,11.937866530520322,0.06383902961386885,0.007452444491941898,True
WT_092025,165,187,23,165,356.6676507142917,25.34334145447651,0.7496873524510531,0.5577278464784163,0.012,0.039,0.02179171341432561,0.7592145073711821,11.95955224891773,0.06130309276883776,-0.03955970797370153,True
WT_092025,165,188,24,165,348.36180961019863,25.303400517170633,0.7680781911327486,0.5481823000055797,0.012,0.039,0.02235990158490425,0.7531185642577709,11.985535690084516,0.06010229165214004,-0.01715803948166321,True
WT_092025,165,189,25,165,339.97630937345684,25.318878607796698,0.7863577057239903,0.5419420152974825,0.012,0.039,0.020238210658103727,0.7283540871295334,12.089294861781273,0.06677228482720045,-0.11742630708213878,True
WT_092025,165,190,26,165,331.84989692179823,25.380632294254095,0.8710528450982903,0.5448324235458113,0.012,0.038,0.021136354810713156,0.6875304829364758,12.187476186183511,-0.031043466941812613,-0.050506526805538084,True
WT_092025,165,191,27,165,324.0569299175185,25.698371668829747,0.8799207701263261,0.5846734800943978,0.012,0.038,0.025785026380963607,0.6870187510090592,12.557875387707794,-0.060450992583061657,-0.021321552531992492,True
WT_092025,165,192,28,165,316.15303286601903,25.874661089082448,0.8959374703024028,0.5950335189469608,0.012,0.038,0.024548880207286676,0.6810772153038865,12.646908231672496,-0.03146486584482806,0.02973716227746528,True
WT_092025,165,193,29,165,308.72691421302164,25.841306479161233,0.9186660212423765,0.6215622902888329,0.012,0.038,0.02748166403910607,0.636422126179571,12.674692779047072,-0.021505812268452863,0.004808522429449515,True
WT_092025,165,194,30,165,301.62937873094654,25.726491160398748,0.9439145055679118,0.6271152051340103,0.012,0.038,0.023968759085278294,0.662109971562665,12.68792055455808,-0.020512318884953945,0.010308383157477823,True
WT_092025,165,195,31,165,294.41328620200886,25.668704033841085,0.9690403411231557,0.6632052010444722,0.012,0.038,0.023639769280074982,0.6668093736240198,12.701643735979525,-0.020802306287825572,0.002940421393180268,True
AA_052026,155,177,23,177,602.8004357382351,32.67225738081507,0.9236751989943885,0.6465622984994888,0.012,0.030000000000000002,0.03544694795724903,8287.767780238724,11.067326411764759,-0.018136438621160704,-0.17316929039847995,False
AA_052026,155,178,24,177,641.8350979011383,32.62853248054805,0.8686606441923415,0.6195118982493886,0.012,0.030000000000000002,0.03349815869586869,9176.094735515968,11.075421493520734,-0.018446355205079125,-0.12247304416039421,False
AA_052026,155,179,25,177,677.8882229560496,32.55632582898044,0.8245289589960316,0.5990509577196176,0.012,0.030000000000000002,0.030808978508211866,10063.981414298853,11.045058603386769,-0.034529621787919705,-0.04124087152649372,False
AA_052026,155,180,26,177,710.5681733167305,32.490527071937045,0.78804351440662,0.6254270872002841,0.012,0.030000000000000002,0.03086624154884302,10843.620348431792,11.110406452548037,-0.08511849192367328,0.18272913835861251,False
AA_052026,155,181,27,177,740.0584178352316,32.35843686202402,0.7596225175914377,0.6429390273404691,0.012,0.030000000000000002,0.03139691677712867,0.5838773843919597,11.127377292109767,-0.08413009098026589,0.22169390518007154,True
AA_052026,155,182,28,177,765.9891441798957,32.25193355324714,0.6519939465913426,0.6174827184636363,0.012,0.031000000000000003,0.03322101079089439,12072.348402873988,11.10400762265051,-0.08662911647036871,0.2237258711612212,False
AA_052026,155,183,29,177,788.4429526175721,32.57006732648642,0.7086583041033342,0.6463718109623373,0.012,0.030000000000000002,0.0329675663814215,0.6671629306733458,11.481250173015926,-0.13427165528152135,0.251955096778757,True
AA_052026,155,184,30,177,807.5665521475529,32.411319028973686,0.6956550078200193,0.6743165227577335,0.012,0.030000000000000002,0.03725786457335691,0.6445445499532796,11.626932544125625,-0.10257466665666413,0.4734091802504919,True
AA_052026,155,185,31,177,823.5798854945429,32.39544144181264,0.6828864878821351,0.6538927535449435,0.012,0.030000000000000002,0.03537300153528651,0.5588795108395481,12.025266275904704,-0.0602859481424092,0.49754203154490134,True
AA_052026,155,186,32,177,836.3116240984795,32.29739636644805,0.675193361188258,0.6757407388177415,0.012,0.030000000000000002,0.036521338373234416,0.5431240889634,12.18532791160342,-0.00762328165957997,0.6062599095675041,True
AA_052026,155,187,33,177,846.3592200421491,32.25170199809832,0.6682859642826897,0.645288300379847,0.012,0.030000000000000002,0.03723393156257447,0.4925128321251963,12.210489483855582,-0.007761553808981336,0.6306986817440685,True
AA_052026,155,188,34,177,853.5903344283498,32.381144913154046,0.6602017627994123,0.6059690899201772,0.012,0.030000000000000002,0.03733572660194157,0.4964046309675957,12.250041724513787,0.008554146875779017,0.64020786254738,True
AA_052026,155,189,35,177,858.3754257665545,32.34789674693699,0.657587637771644,0.6172375545342086,0.012,0.030000000000000002,0.0354599946439983,0.5741901971032607,12.378687806958453,0.030734305689649796,0.6298566243128035,True
AA_052026,155,190,36,177,860.849927383245,31.91004218135066,0.5878496207690691,0.6520256967531112,0.012,0.031000000000000003,0.03675730582960846,0.5633048225514585,12.505222830414409,0.0976996247697602,0.6286000906976162,True
AA_052026,155,191,37,177,861.497298546699,31.862076827314525,0.5883805341843517,0.6572744195052321,0.012,0.031000000000000003,0.037209101761948284,0.46571836356632723,12.746929876411796,0.10325005992455864,0.6077063635731169,True
AA_052026,155,192,38,177,860.2542227344081,31.838048475425154,0.5898289008552083,0.6627732595475112,0.012,0.031000000000000003,0.036233127788880645,0.4701586572855253,12.774257694078358,0.1282396430904365,0.620842269135466,True
AA_052026,155,193,39,177,857.4056593638319,31.885056095240625,0.5907559714272214,0.672731613742005,0.012,0.031000000000000003,0.0365946951409622,0.48799732164693527,12.832357306966074,0.12747036579561077,0.6239305471454767,True
AA_052026,155,194,40,177,853.0362591283442,31.89157899322048,0.5939220589663371,0.6490625896808327,0.012,0.031000000000000003,0.035204479255660844,0.48560533064776606,12.907024784014826,0.17804058022131697,0.6511270895916981,True
AA_052026,155,195,41,177,847.459287951275,31.89196782164616,0.5975755437905003,0.7029420083865155,0.012,0.031000000000000003,0.0379977214997955,0.4729056200075006,12.960595407021945,0.18954283112906672,0.6589424831681661,True
AA_052026,155,196,42,177,840.9535600006108,31.843906232657513,0.6030292391657085,0.7072599563521352,0.012,0.031000000000000003,0.0399142653780629,0.4666638735361397,13.097901170463803,0.19956416979885047,0.6422396988685908,True
AA_052026,155,197,43,177,833.5089060479819,31.908697123208878,0.6071956845898328,0.7267400770254202,0.012,0.031000000000000003,0.040436338283268085,0.5133951134097816,13.33272784808667,0.2576562065683754,0.6537985095150938,True
AA_052026,155,198,44,177,825.4188347744791,31.901253290871676,0.6134678198670309,0.7179851025080008,0.012,0.031000000000000003,0.03848622978409298,0.5341329094045931,13.58350780440474,0.2575303269091463,0.6468095587954065,True
AA_052026,155,199,45,177,816.7495801295333,32.3018677512331,0.6925596801827403,0.6840307418547096,0.012,0.030000000000000002,0.03665942526852555,0.58423115717882,13.766681654733945,0.2589578095393063,0.6448293184785253,True
AA_052026,155,200,46,177,807.7020001385403,32.33089952563251,0.6998219181187337,0.6610879236444331,0.012,0.030000000000000002,0.03585597336747377,0.5928904482421677,13.783727515347227,0.2580655852660672,0.6444245116959948,True
AA_052026,155,201,47,177,798.3731642234044,32.34446043078675,0.7077728643717421,0.6658865075832582,0.012,0.030000000000000002,0.03702336816893145,0.6485358880618688,13.984137195979644,0.24679471806051567,0.6277857973967258,True
AA_052026,155,202,48,177,788.7872814940654,32.364992161045784,0.7163946404802785,0.6568804056011167,0.012,0.030000000000000002,0.03710912364943366,0.6806980118132091,14.31366397010518,0.24599308068257084,0.6449393469682979,True
AA_052026,155,203,49,177,779.0938136509877,32.342332287613026,0.7260678396201994,0.6378018223802566,0.012,0.030000000000000002,0.03784424300227925,0.8132380657038255,14.342511084562142,0.2549635401235907,0.6555230002140381,True
AA_052026,155,204,50,177,769.4002847687036,32.40316790227047,0.7334315688452284,0.6727154872425439,0.012,0.030000000000000002,0.038239042108777085,0.8026955138438037,14.363707482876725,0.25329707947924823,0.6560934123356934,True
AA_052026,155,205,51,177,759.6023530897393,32.459972835416615,0.7417961278429419,0.6742231675661072,0.012,0.030000000000000002,0.03947044144079288,0.9407355252852835,14.400449793750594,0.2583178694250921,0.6571384359705413,True
AA_052026,155,206,52,177,749.7750401833345,32.50546537297084,0.750680498543384,0.6413844787704407,0.012,0.030000000000000002,0.04032198276536608,0.9335395641000961,14.470908333859722,0.2886309259638582,0.6560921207554793,True
AA_052026,155,207,53,177,740.0374874307857,32.48587078142575,0.7610065005435939,0.6415554893942959,0.012,0.030000000000000002,0.04007953896075056,1.0170629466115177,14.672150539172705,0.28171084728001383,0.6597827693552216,True
AA_052026,155,208,54,177,730.3710945931659,32.49394156401043,0.7705316766275404,0.6427750368708768,0.012,0.030000000000000002,0.040025142047408,1.0025720010054495,14.697496916246125,0.2803125989737804,0.6665447276892443,True
AA_052026,155,209,55,177,720.8279073130445,32.481029071502086,0.7808654121002345,0.6653459744137115,0.012,0.030000000000000002,0.042223261614177554,1.0370891649061917,14.821839174696981,0.28079085287445293,0.653271256996523,True
AA_052026,155,210,56,177,711.4463245609029,32.48137517945568,0.7907026148534384,0.6764579759512028,0.012,0.030000000000000002,0.04405931951087382,1.061755841799372,14.923695013724897,0.2964325316667435,0.6649862924275456,True
AA_052026,155,211,57,177,702.2588899657486,32.54379686310616,0.7995170589844546,0.659036976388346,0.012,0.030000000000000002,0.04408584855727286,1.093144736332101,14.952587724651309,0.30243311967882003,0.670732043325609,True
AA_052026,155,212,58,177,693.2023937154863,32.519554227094126,0.8104189095497798,0.6559935118718969,0.012,0.030000000000000002,0.043856988513166564,1.0592108693678919,14.972792401007473,0.30620663019518707,0.6711263122861058,True
AA_052026,155,213,59,177,684.4029995281417,32.551191112837394,0.8199657827360131,0.6532153130551495,0.012,0.030000000000000002,0.044497886980539796,1.0541036150087688,15.16069098711617,0.29819420238429656,0.6571477129172404,True
AA_052026,155,214,60,177,675.6919615385555,32.50063632745523,0.8316057727416793,0.6409383890675285,0.012,0.030000000000000002,0.04398645721260253,1.0482525847674413,15.208255970447372,0.30395882489991777,0.6658456647183356,True
AA_052026,155,215,61,177,667.1740690889665,32.5103487520218,0.8419794239726255,0.64235545692882,0.012,0.030000000000000002,0.04497482742461235,1.073783849795153,15.223803262955409,0.30385914811199577,0.6658615483767147,True
AA_052026,156,177,22,177,621.7441995801265,32.72449114786928,0.8942898971026806,0.6210785801481387,0.012,0.030000000000000002,0.035270922508907544,0.5007333719822247,10.981047741947037,-0.011053464408678763,-0.1195570391288573,True
AA_052026,156,178,23,177,661.2376941572884,32.67680587766173,0.8420893296201138,0.6031869421536787,0.012,0.030000000000000002,0.03353736098460495,0.5604417917821666,10.993994769910408,-0.013480497812039523,-0.10130175894979852,True
AA_052026,156,179,24,177,697.6403304123149,32.600515052969705,0.8002385957464074,0.5862174452564558,0.012,0.030000000000000002,0.03086856419174583,0.5692003011650193,10.99719566204502,-0.07302227521249327,0.1598408578425606,True
AA_052026,156,180,25,177,730.559520566988,32.53183945880193,0.765628398954876,0.6077786846277791,0.012,0.030000000000000002,0.03609771421580351,0.5904788040605172,11.068684891576915,-0.0509633098023379,0.16772297208798312,True
AA_052026,156,181,26,177,760.1954503672472,32.19487150672823,0.6582700471818441,0.6141469711647295,0.012,0.031000000000000003,0.03310260047423505,0.5926359928412392,11.085127451500302,-0.057352611114081076,0.20913435026650204,True
AA_052026,156,182,27,177,786.1819797898487,32.254498392558574,0.6352138973650577,0.611119584783869,0.012,0.031000000000000003,0.0346950619268702,0.692770866837185,11.062328336327809,-0.0599964499959464,0.21157006216071325,True
AA_052026,156,183,28,177,808.6073547439423,32.60471828207061,0.6903540947728376,0.627035521710474,0.012,0.030000000000000002,0.03431452049728534,0.6764863461636146,11.427197972525821,-0.13460498170662605,0.25518957759259175,True
AA_052026,156,184,29,177,827.6326590673578,32.44436743509078,0.6781891759198903,0.6568724193217056,0.012,0.030000000000000002,0.03854713205935746,0.5905000727020066,11.596583066236096,-0.09926979368399685,0.4755198936525728,True
AA_052026,156,185,30,177,843.4856184454543,32.42686920353564,0.6662058644630274,0.6339171357058093,0.012,0.030000000000000002,0.03660514897043003,0.5738422138892503,11.991560037435969,-0.06684471357117454,0.4940548973821957,True
AA_052026,156,186,31,177,855.9977496526155,32.32748170557796,0.6591258018793476,0.6512836634030578,0.012,0.030000000000000002,0.037719561919693376,0.49161761914393964,12.139650324491884,-0.022347419625562782,0.5972180101158266,True
AA_052026,156,187,32,177,865.7826472207419,32.28066469863636,0.6527803298880441,0.62208541115301,0.012,0.030000000000000002,0.03838489878380246,0.494775918329438,12.1679425162107,-0.020806569922503126,0.622874574944207,True
AA_052026,156,188,33,177,872.706012707487,32.40924383350531,0.6452530861636186,0.5844250896963152,0.012,0.030000000000000002,0.03844466099402275,0.5905152096385199,12.198837286942041,-0.008942617813969163,0.6364063052705861,True
AA_052026,156,189,34,177,877.1524614235968,32.37507338855827,0.6430396242187442,0.5958465732949451,0.012,0.030000000000000002,0.0365357820160508,0.5824348890860119,12.333161873663286,0.019359280351739085,0.6224175306946559,True
AA_052026,156,190,35,177,879.2581782981973,31.911219336599196,0.5755234075500155,0.6448977443354896,0.012,0.031000000000000003,0.037847318076586124,0.45674330321229484,12.449417597262297,0.0855147172948168,0.6278570416767466,True
AA_052026,156,191,36,177,879.5179204535009,31.86328220979606,0.5763047873378546,0.6500555289800384,0.012,0.031000000000000003,0.03828203417700325,0.45686158036208013,12.710217257110003,0.09957750537014831,0.5991810548351014,True
AA_052026,156,192,37,177,877.8692574274922,31.839139234909315,0.5779747557773756,0.6570780815069001,0.012,0.031000000000000003,0.037287011872076586,0.4812882545245255,12.737621490057661,0.12492603580921692,0.6136538539945534,True
AA_052026,156,193,38,177,874.6043385395609,31.885903791912778,0.5791249121398437,0.6656533433452043,0.012,0.031000000000000003,0.03762003561634791,0.4797688712346339,12.793597133281507,0.12496449813729027,0.6182867515223468,True
AA_052026,156,194,39,177,869.8076997795633,31.89242134715343,0.5824552900185838,0.6407399828798903,0.012,0.031000000000000003,0.03621428767595703,0.4725749628758693,12.872922381259785,0.1775654962641569,0.645454996945373,True
AA_052026,156,195,40,177,863.7992897188495,31.892747376661198,0.5862564428067335,0.6968165770836712,0.012,0.031000000000000003,0.03900039118712495,0.45903086117723413,12.918309232387132,0.1883725062535371,0.6563304381383356,True
AA_052026,156,196,41,177,856.862298136513,31.844504843243335,0.5918220924335564,0.7014482934435962,0.012,0.031000000000000003,0.040906787958111764,0.5253557831035444,13.045555118901728,0.20106137191468568,0.6483061901681701,True
AA_052026,156,197,42,177,848.9864360530667,31.90926683569262,0.596115372427483,0.7230296614529266,0.012,0.031000000000000003,0.041412341981412755,0.5169856688121418,13.277098683954618,0.26029754881793604,0.6581754594583316,True
AA_052026,156,198,43,177,840.4705390136209,31.901738789290167,0.6024709307046342,0.7126558337736797,0.012,0.031000000000000003,0.039454425673105975,0.5946763485182718,13.52305833807046,0.2620940404000576,0.6544962479650834,True
AA_052026,156,199,44,177,831.3809956203738,32.32488133789034,0.6799572674738803,0.6648064805522725,0.012,0.030000000000000002,0.03758420193172005,0.596874798272457,13.692118922865212,0.26487026890907917,0.6527816692674648,True
AA_052026,156,200,45,177,821.9216655425171,32.35374845471117,0.6872999503071777,0.641387558114089,0.012,0.030000000000000002,0.03677527328714923,0.6363190796867497,13.710176131614427,0.2654539456652373,0.6525558382299974,True
AA_052026,156,201,46,177,812.1906727014152,32.367086736103865,0.695317364740392,0.645038661827652,0.012,0.030000000000000002,0.037931543547116975,0.6608708169833555,13.913765516574752,0.25275192218028847,0.6271517412675514,True
AA_052026,156,202,47,177,802.2123810514356,32.38736146566853,0.7039937031075801,0.6358730533350624,0.012,0.030000000000000002,0.0380076892137139,0.7980899195027478,14.246908969924027,0.2504588900931427,0.6414489225320035,True
AA_052026,156,203,48,177,792.137643586019,32.3645429527681,0.7136989076790413,0.6170350939765783,0.012,0.030000000000000002,0.038742033469783686,0.820105088104802,14.2775181795331,0.2600359468535558,0.6522423984394153,True
AA_052026,156,204,49,177,782.0753830383909,32.42505195437111,0.7211375224785337,0.6523301130227797,0.012,0.030000000000000002,0.03913006937900393,0.9324239505225645,14.300287723342418,0.25805736228468873,0.6527097121166885,True
AA_052026,156,205,50,177,771.9189404214308,32.48164152144135,0.729554539600773,0.6527975280200822,0.012,0.030000000000000002,0.04035928062926343,0.9551430708564637,14.333506378994029,0.2632323534951789,0.6542360950933048,True
AA_052026,156,206,51,177,761.7437298702197,32.52699065229189,0.7384799263123859,0.6193851929859524,0.012,0.030000000000000002,0.041201482839220094,1.0125764593569309,14.401525778426066,0.29396259128707164,0.6520295992753933,True
AA_052026,156,207,52,177,751.6704414962254,32.507195026558286,0.7488226883883004,0.619406285515706,0.012,0.030000000000000002,0.040952481872327896,1.0336912515869956,14.598564236285705,0.2864475273553093,0.6546271909181081,True
AA_052026,156,208,53,177,741.6794921854522,32.51515460844552,0.7583763893764565,0.6200365237424608,0.012,0.030000000000000002,0.040893006441523064,1.047419882671017,14.62477951065163,0.2848284396203241,0.6611589765443417,True
AA_052026,156,209,54,177,731.823190618377,32.502291737097515,0.7687197156238902,0.6441591130251761,0.012,0.030000000000000002,0.04308846496083217,1.0485661520277099,14.754009111422283,0.28420406654766084,0.6460544779683369,True
AA_052026,156,210,55,177,722.14029354144,32.50261330627694,0.7785755301725958,0.6560235512675671,0.012,0.030000000000000002,0.044920388996715764,1.1209945488084192,14.856728096461486,0.30095559261441174,0.6581199745578925,True
AA_052026,156,211,56,177,712.662905863129,32.564806884954656,0.7874312230148114,0.6393386633152691,0.012,0.030000000000000002,0.044938864353238454,1.104114560934235,14.884808007305969,0.3066755732922183,0.6638568114662093,True
AA_052026,156,212,57,177,703.326428786925,32.54055426843221,0.7983342547996,0.6365136863230768,0.012,0.030000000000000002,0.044710119073200646,1.0203362841987675,14.905277278443519,0.31056537820442826,0.6640871934434565,True
AA_052026,156,213,58,177,694.2585938840997,32.57217492850713,0.8079034015045595,0.63449771502641,0.012,0.030000000000000002,0.045349431101598975,1.061628806512301,15.090698110497994,0.3022097406325226,0.6490600980459262,True
AA_052026,156,214,59,177,685.2876493905981,32.521704043382016,0.8195308816049401,0.6228632342281553,0.012,0.030000000000000002,0.04484158262399219,1.0744674665691087,15.136402658416273,0.30827814746715676,0.6578044225929288,True
AA_052026,156,215,60,177,676.519489630293,32.53130447769338,0.8299163587099929,0.624898651664111,0.012,0.030000000000000002,0.04582029035830494,1.07782744322252,15.152297431666312,0.30804503790353266,0.6577218151104861,True
AA_052026,157,177,21,177,641.6812170903601,32.63232613225717,0.8688876372814831,0.5699703343745182,0.012,0.030000000000000002,0.03980007632198372,0.5223300090071027,10.922379741737053,0.0059290182135178695,-0.13817035602123445,True
AA_052026,157,178,22,177,681.615322694561,32.59371086040585,0.8189482345065238,0.5568734355884919,0.012,0.030000000000000002,0.042380063017676536,0.5288763886221809,10.958442011051051,-0.013382330760855845,-0.0980452188388993,True
AA_052026,157,179,23,177,718.345176935048,32.52479869145076,0.7789386717228224,0.5503702248680462,0.012,0.030000000000000002,0.037778078213164736,0.5497816812719603,10.944499447118439,-0.0417768044614973,-0.030490677106716164,True
AA_052026,157,180,24,177,751.4769831919926,32.219437915324605,0.6653576142519197,0.5607929697443688,0.012,0.031000000000000003,0.035765553791160455,0.5523547234564775,10.99076538603791,0.007082969725644924,0.016096264645427565,True
AA_052026,157,181,25,177,781.2298441236001,32.12441734627867,0.6418995050577488,0.5677228023669006,0.012,0.031000000000000003,0.03253729505860907,0.6401602375195952,10.987289756242795,0.002499249146367292,0.030565984392756124,True
AA_052026,157,182,26,177,807.2420491481325,32.188792854649506,0.6198611395495474,0.5680398014466022,0.012,0.031000000000000003,0.034178145838561866,0.6423764820603186,10.965977064546228,0.006424349110782864,0.029346757679069097,True
AA_052026,157,183,27,177,829.60699551335,32.547823055424196,0.6740383866696673,0.5843772800643596,0.012,0.030000000000000002,0.033835864813574416,0.5672372709395332,11.325382235698546,-0.13010962034877205,0.18823545371997052,True
AA_052026,157,184,28,177,848.5018676610897,32.39003791983707,0.6625986148755041,0.6154789251378123,0.012,0.030000000000000002,0.03225803571181624,0.5418075897029584,11.445212170389416,-0.1325124198168728,0.442317363336511,True
AA_052026,157,185,29,177,864.1615616136255,32.37503761881367,0.6512829613989223,0.5872962633024512,0.012,0.030000000000000002,0.036175883823797716,0.4841039960847831,11.737366958250272,-0.10187545041979013,0.47675425136849986,True
AA_052026,157,186,30,177,876.4212749145615,32.27733342220641,0.6447391321312861,0.6088705437359401,0.012,0.030000000000000002,0.03730985467832783,0.46406606996270966,11.82075688493098,-0.05073090238644312,0.5848034263608705,True
AA_052026,157,187,31,177,885.9109933619471,31.884576878338493,0.5712354080902348,0.6251821526666664,0.012,0.031000000000000003,0.038406087306123986,0.5697503115238296,11.868507113362847,-0.04964498305732257,0.6147908440779872,True
AA_052026,157,188,32,177,892.4942723902813,32.36268818348282,0.6318325914100397,0.5467742427480135,0.012,0.030000000000000002,0.038065627915144305,0.5762591821191491,11.914131792393436,-0.03503166559862483,0.631254662971698,True
AA_052026,157,189,33,177,896.5703533187747,31.956589176686357,0.5634489508509208,0.608097011600184,0.012,0.031000000000000003,0.03658405881270967,0.4620333573418928,12.033565665472894,-0.008455835078219794,0.6304298951317977,True
AA_052026,157,190,34,177,898.2762519166648,31.862881012994425,0.5641543339179471,0.6109838355795296,0.012,0.031000000000000003,0.03747394825022801,0.4481463001709502,12.195416086665197,0.08123973059454362,0.6234173750363781,True
AA_052026,157,191,35,177,898.1181334589236,31.815885693921196,0.5651713913964725,0.6180161695188617,0.012,0.031000000000000003,0.037919985692893385,0.46710379631006954,12.465929797043907,0.11218845653282186,0.5978641027066953,True
AA_052026,157,192,36,177,896.0346470896106,31.792467079252045,0.5670502375052203,0.6290502011961786,0.012,0.031000000000000003,0.03692536391948223,0.47139809946289507,12.522840527437788,0.14965915875548835,0.6152313550258638,True
AA_052026,157,193,37,177,892.3252992324898,31.840245295069845,0.5683997403038559,0.6431922560423184,0.012,0.031000000000000003,0.03727057765363194,0.4711418137051658,12.60488237094906,0.14209239506864585,0.6177602379064195,True
AA_052026,157,194,38,177,887.0740703486488,31.847421320421418,0.5718865788933493,0.6153519568569547,0.012,0.031000000000000003,0.035867167865949824,0.4711511395025105,12.683324873343935,0.1999166545612719,0.652384319586472,True
AA_052026,157,195,39,177,880.608070333219,31.848087786396267,0.5758334293131141,0.6708886803675618,0.012,0.031000000000000003,0.038661625843684606,0.5240399105145994,12.726163706822174,0.21244646576018725,0.6591139959403608,True
AA_052026,157,196,40,177,873.2147891806895,31.800060596377023,0.5815125471445766,0.678523119502398,0.012,0.031000000000000003,0.04057364745009644,0.52073874321039,12.877041009630428,0.21909232672803589,0.6374421238004547,True
AA_052026,157,197,41,177,864.8836815821562,31.865399567465605,0.585925380369792,0.7030470325989278,0.012,0.031000000000000003,0.041086508971756336,0.5676051685105497,13.118780536037088,0.27788446637804887,0.6516769308369028,True
AA_052026,157,198,42,177,855.9191422341397,31.8580344706641,0.5923688596239115,0.692525949644502,0.012,0.031000000000000003,0.03912381044166873,0.5971588583807655,13.412633121740601,0.2651387817203481,0.643045931389006,True
AA_052026,157,199,43,177,846.3874961894591,31.90882953972699,0.5981333162951796,0.6802662718999378,0.012,0.031000000000000003,0.037691313163108336,0.6471128205343599,13.559603900917748,0.2712956527193116,0.6474280114005408,True
AA_052026,157,200,44,177,836.4957812119806,31.922380714527765,0.6049763964404022,0.6621401472556261,0.012,0.031000000000000003,0.03688957583562125,0.6513546544477561,13.578168113667891,0.27147613344944427,0.6474371617662165,True
AA_052026,157,201,45,177,826.342952548873,32.32719391803411,0.684231148305304,0.6132849835385856,0.012,0.030000000000000002,0.03760572510115759,0.7750284374819788,13.762690430490956,0.26322693633305805,0.6300867636318883,True
AA_052026,157,202,46,177,815.9536084653637,32.347696726654775,0.6929660723937305,0.6050912096139046,0.012,0.030000000000000002,0.03768433681232481,0.8221535344439632,14.101327818708079,0.260740810487325,0.6439335680519914,True
AA_052026,157,203,47,177,805.4799028403044,32.32494011668676,0.702717011031342,0.5866340226545086,0.012,0.030000000000000002,0.03842147799798497,0.9649988809878269,14.130366065666578,0.27034793774008054,0.6546122579479994,True
AA_052026,157,204,48,177,795.0322031843101,32.38572761691985,0.7102274482360726,0.6223456294535201,0.012,0.030000000000000002,0.038817066202485435,0.9539223106494918,14.15307348315794,0.26844204826437806,0.655189363400863,True
AA_052026,157,205,49,177,784.5014396392688,32.442305385245994,0.7187051979663884,0.6208932214089901,0.012,0.030000000000000002,0.040047303443554144,1.0289284952615056,14.181922919799842,0.2725303093539409,0.6571703903986151,True
AA_052026,157,206,50,177,773.9633194603455,32.4880463446664,0.7276732510016642,0.5872301019640881,0.012,0.030000000000000002,0.04089553454236817,1.0298881758336997,14.24818086119019,0.3024212009952937,0.6552149224195843,True
AA_052026,157,207,51,177,763.540176140594,32.46823950651866,0.738047303753534,0.5901238554177387,0.012,0.030000000000000002,0.04064363462040751,1.071256828676376,14.442229163471065,0.2991635008953046,0.656969591575962,True
AA_052026,157,208,52,177,753.2113207829802,32.47640207982255,0.7476386218851798,0.592381706589,0.012,0.030000000000000002,0.04058588205823592,1.0585207697273882,14.471033990935252,0.29712417001597563,0.6640096297214908,True
AA_052026,157,209,53,177,743.02917549204,32.463392624701605,0.7580155358070012,0.6165538330813033,0.012,0.030000000000000002,0.04278599954475717,1.1076699645060735,14.591148673653704,0.2983113660427033,0.6514357736754499,True
AA_052026,157,210,54,177,733.032986511384,32.463877488999486,0.7679029788138059,0.6294772048464882,0.012,0.030000000000000002,0.044624930337829986,1.1301177381589638,14.690344453497735,0.31452694315684376,0.6655187323561147,True
AA_052026,157,211,55,177,723.2544122166515,32.526250113547384,0.77680261505663,0.6142420630999612,0.012,0.030000000000000002,0.04464358240409567,1.0593130496463357,14.72229626147565,0.32121675577798015,0.6708022752557858,True
AA_052026,157,212,56,177,713.6273035654328,32.50196697678369,0.7877282077174074,0.610982918777331,0.012,0.030000000000000002,0.04441118764196496,1.0269998742577695,14.742765395197907,0.32470242990825776,0.671010846406742,True
AA_052026,157,213,57,177,704.280988632964,32.533720454478114,0.7973314811312131,0.6081159524996386,0.012,0.030000000000000002,0.04505600442611714,1.0777427116759482,14.91531463281551,0.3196896828464734,0.6592728049845864,True
AA_052026,157,214,58,177,695.0406794199828,32.48322022119809,0.808972469082773,0.5972438630375451,0.012,0.030000000000000002,0.04454611483305473,1.074647859389303,14.965071529481586,0.32537467046448243,0.6679115597951524,True
AA_052026,157,215,59,177,686.0132732622209,32.49284394643457,0.8193838610283218,0.5996747979353244,0.012,0.030000000000000002,0.04553079226658249,0.983318388005396,14.981383884796,0.32574274863763125,0.6683277913790596,True
AA_052026,158,177,20,177,662.9850566939617,32.5769306205138,0.842558816620694,0.617241504217992,0.012,0.030000000000000002,0.037985196754390674,0.5144443099989037,10.863054669700793,0.007034362044855023,-0.1520742350521961,True
AA_052026,158,178,21,177,703.3236563265884,32.54326135435244,0.79504970035458,0.6015955999765703,0.012,0.030000000000000002,0.03922561278193847,0.5312730371548852,10.914675884991555,-0.01632685857387233,-0.10134374859397804,True
AA_052026,158,179,22,177,740.3420780032126,32.478558290923466,0.7570017991178783,0.595003397764429,0.012,0.030000000000000002,0.034882842733895345,0.5451561302596936,10.907903615273854,-0.04654470700950085,-0.02075230885308954,True
AA_052026,158,180,23,177,773.6455155668102,32.196223466549576,0.6469178303200376,0.5957473281962525,0.012,0.031000000000000003,0.03304276017116877,0.6292992925795807,10.956039666221383,0.00631391759519608,0.016230183505702586,True
AA_052026,158,181,24,177,803.4730237543209,32.102626844641215,0.6247017651638531,0.6008320864025416,0.012,0.031000000000000003,0.02997708914467962,0.6296973019539336,10.952377635242087,0.0031770068008568544,0.02791238225225335,True
AA_052026,158,182,25,177,829.4680880083324,32.168326947703356,0.6037745213994423,0.5970307254395268,0.012,0.031000000000000003,0.03179028286940751,0.5814601493305973,10.93199687452039,0.007234223592359954,0.027448478284118054,True
AA_052026,158,183,26,177,851.7292157478529,32.24546798099995,0.5865962575772535,0.6259024794807829,0.012,0.031000000000000003,0.03189449084583031,0.5548483075304982,11.291408625663495,-0.1312640921771341,0.1894301519219948,True
AA_052026,158,184,27,177,870.450551748044,32.35593034124618,0.6466625266690516,0.6520556195594768,0.012,0.030000000000000002,0.030763255355808455,0.4895487368646427,11.413508113261939,-0.13216323922564727,0.44308534727688587,True
AA_052026,158,185,28,177,885.8742401533416,32.342435779758006,0.6360395344297413,0.6241855102757494,0.012,0.030000000000000002,0.034159937425393076,0.47731113554927546,11.692864927306553,-0.10532809335257369,0.47680837617230726,True
AA_052026,158,186,29,177,897.8390370119016,31.922502809130506,0.5629662118961749,0.6786457298885992,0.012,0.031000000000000003,0.03571519614988734,0.5673481124189595,11.757889004162458,-0.06143709905014739,0.5765895638161678,True
AA_052026,158,187,30,177,906.9922036117209,31.868685059841084,0.5583327567745302,0.6570507303062174,0.012,0.031000000000000003,0.036485578190612426,0.5699502810362993,11.811605204920992,-0.06049731876659803,0.6057153063197197,True
AA_052026,158,188,31,177,913.1946403326347,31.95328646383946,0.553078059350012,0.6428310967387169,0.012,0.031000000000000003,0.03668641052780368,0.4837937110065261,11.856701242724618,-0.046513621378856396,0.6231637468644554,True
AA_052026,158,189,32,177,916.8610911747614,31.941587465940827,0.5513228364943631,0.6396801399238223,0.012,0.031000000000000003,0.03477961612893631,0.4713178739995627,11.979358525616275,-0.016404748441806928,0.6261165343263388,True
AA_052026,158,190,33,177,918.1287801588862,31.848147637118295,0.5522935049334814,0.6399141163475272,0.012,0.031000000000000003,0.03569597415315593,0.4771984957317378,12.143606755284152,0.07543453199198658,0.6200498736506171,True
AA_052026,158,191,34,177,917.5156139120048,31.801561083442298,0.5535520748107772,0.6492597803686526,0.012,0.031000000000000003,0.03617387076401242,0.4832254813580597,12.379148704803399,0.10715029562987823,0.6122997246285692,True
AA_052026,158,192,35,177,914.9615667990936,31.778283962921087,0.5556464067856821,0.6572603320596184,0.012,0.031000000000000003,0.023570208345216732,0.4901041536910559,12.444415050021872,0.14973557995188924,0.62361705388556,True
AA_052026,158,193,36,177,910.7735293852684,31.82650860751624,0.5572039053366562,0.6728171527637177,0.012,0.031000000000000003,0.03559337796719147,0.48121543973118147,12.536216332255284,0.13971194226348194,0.6222961948442661,True
AA_052026,158,194,37,177,905.0347078929804,31.833918378859543,0.560850644863429,0.6458100461175201,0.012,0.031000000000000003,0.0225101641400488,0.5353769029258133,12.610665042114864,0.1991874917869687,0.6594769287195705,True
AA_052026,158,195,38,177,898.0795670765613,31.834637786072,0.5649436284982018,0.6993007652633414,0.012,0.031000000000000003,0.03703014832361115,0.528595361623214,12.650030684718637,0.21383001051285508,0.6642482581351897,True
AA_052026,158,196,39,177,890.1999067417403,31.78687747744984,0.5707284271110782,0.7074509772239218,0.012,0.031000000000000003,0.025474059506176705,0.5794373859362344,12.81657412400578,0.22234767677203318,0.6314592265914514,True
AA_052026,158,197,40,177,881.384672984983,31.852450819268352,0.5752638368331229,0.733208985089181,0.012,0.031000000000000003,0.03948992998092182,0.5696112373164758,13.044481236766858,0.28564309058020726,0.6508668211112929,True
AA_052026,158,198,41,177,871.9440568776802,31.845179046618266,0.581790094243416,0.7234597442715747,0.012,0.031000000000000003,0.03753398304908638,0.6478521897566716,13.354707094941707,0.27128496680018227,0.6374081803383576,True
AA_052026,158,199,42,177,861.94422994372,31.896019406389378,0.5876466205919761,0.71105306537229,0.012,0.031000000000000003,0.03611266424009889,0.6554758465743796,13.493126670649623,0.28034433577836215,0.6435520222625022,True
AA_052026,158,200,43,177,851.5952807629708,31.909558881263383,0.5945611980130785,0.6913969483252415,0.012,0.031000000000000003,0.03531822829908577,0.7547509860347219,13.512600386487547,0.28070538585888966,0.6437791521040169,True
AA_052026,158,201,44,177,840.9970847073697,31.911860467720086,0.6020183092131594,0.6945260944393847,0.012,0.031000000000000003,0.036513798319695326,0.7887594681701273,13.689356277937936,0.2752570879769178,0.6298923697602151,True
AA_052026,158,202,45,177,830.1743675496542,32.32354947567804,0.6816589986657967,0.638479076974171,0.012,0.030000000000000002,0.03615576867829147,0.9576363166740656,14.028690390425735,0.2731057670662074,0.6455086574565871,True
AA_052026,158,203,46,177,819.2805381057339,32.30086929131052,0.6914504257390244,0.618106499196247,0.012,0.030000000000000002,0.036896982928229224,0.9753307607212401,14.058563943417488,0.28273083768878843,0.6566678189764206,True
AA_052026,158,204,47,177,808.4272886190358,32.361851964882135,0.6990314702009879,0.6556549621317271,0.012,0.030000000000000002,0.03730700878851832,1.0169902423616208,14.08087963705648,0.28133200338281467,0.6573587550599136,True
AA_052026,158,205,48,177,797.5032763962944,32.41845731117221,0.7075654129134931,0.6541761921559881,0.012,0.030000000000000002,0.03854286186355261,1.0318968080745292,14.111206003075848,0.2856461647103391,0.6595004445178504,True
AA_052026,158,206,49,177,786.5843015407139,32.46428118305058,0.7165795749115657,0.6195918129815174,0.012,0.030000000000000002,0.03939850651092082,1.0531306155054991,14.181310544216757,0.31590176433010275,0.657186710067247,True
AA_052026,158,207,50,177,775.7942457671433,32.444590950792815,0.7269770277349796,0.6227590874865383,0.012,0.030000000000000002,0.03914668999873423,1.071939169405382,14.372755161591442,0.3132301260390594,0.6585359105422841,True
AA_052026,158,208,51,177,765.1112657032716,32.45288458834892,0.7366034213466727,0.6251511503720915,0.012,0.030000000000000002,0.039093399836455246,1.1027437758039043,14.40148149013037,0.3112039780554314,0.6654445909681381,True
AA_052026,158,209,52,177,754.587975947399,32.43993887555785,0.747004024347586,0.6499474501767241,0.012,0.030000000000000002,0.04129134509984581,1.1087986329691661,14.518508631595564,0.3139173986285081,0.6533469858236476,True
AA_052026,158,210,53,177,744.2641154589859,32.44051147031433,0.756920496070408,0.6631776585622744,0.012,0.030000000000000002,0.04313378032904512,1.0765394371320995,14.629752642625144,0.3282776242072057,0.6664105007568772,True
AA_052026,158,211,54,177,734.1706350319897,32.50295431249884,0.765863403430407,0.6464702563702196,0.012,0.030000000000000002,0.0431603030961746,1.0568461385978474,14.662674992300767,0.33506395081916585,0.6717357888906824,True
AA_052026,158,212,55,177,724.2398514506318,32.478525318002376,0.7768091204358236,0.6412527974054294,0.012,0.030000000000000002,0.04292533527609066,1.0375991494682317,14.682977435306997,0.338262716022204,0.6720169021245651,True
AA_052026,158,213,56,177,714.6027614220999,32.51030525940782,0.7864453781912233,0.6379577813445423,0.012,0.030000000000000002,0.0435724397588714,1.073216802106812,14.851501635910886,0.3338791737677118,0.6614419647071029,True
AA_052026,158,214,57,177,705.0813139204942,32.459752644826686,0.7980949405108934,0.6251923639351237,0.012,0.030000000000000002,0.04305868053011897,0.9767761633308257,14.90121964892482,0.33936371779849045,0.670091737293368,True
AA_052026,158,215,58,177,695.7835419727802,32.469556432033826,0.8085239716374917,0.628808708896603,0.012,0.030000000000000002,0.04404418343263157,0.9768406359832826,14.918165838880482,0.3401724038751532,0.6708777091481253,True
AA_052026,159,177,19,177,685.74316321177,32.64400540240411,0.8127174573323473,0.6520367359786823,0.012,0.030000000000000002,0.03166779779998529,0.5136873984596705,10.452393112102133,0.008317250339872488,-0.20427271714276096,True
AA_052026,159,178,20,177,726.4423479380187,32.605022031240274,0.7681203829832367,0.6404922725103332,0.012,0.030000000000000002,0.0394428120781066,0.5241599048892303,10.54243267364624,-0.029260823916544935,-0.08904641049909197,True
AA_052026,159,179,21,177,763.7031151208428,32.535470706786285,0.7324138579460717,0.6310141587000864,0.012,0.030000000000000002,0.03511396068956679,0.6380762229152454,10.591465391096184,-0.0946930985541302,0.17249429565557456,True
AA_052026,159,180,22,177,797.1300984670828,32.24949626417083,0.6268170778737385,0.6493330876128691,0.012,0.031000000000000003,0.03327675142083389,0.6387830354974161,10.628022872847929,-0.07494554209061888,0.17434214173666118,True
AA_052026,159,181,23,177,826.9830980156477,32.152468503198534,0.6060022419243587,0.6572476524017339,0.012,0.031000000000000003,0.030204626477366336,0.5830213823608594,10.621062392736198,-0.07267525986127833,0.18108762464052705,True
AA_052026,159,182,24,177,852.9118158502849,32.215426938113616,0.5863245530424119,0.6647300989463754,0.012,0.031000000000000003,0.03200049548431435,0.5799079619091244,10.602954026298384,-0.07869927557292324,0.1819379995453465,True
AA_052026,159,183,25,177,875.0194506663395,32.556601142501584,0.6388965765940419,0.6831504399315731,0.012,0.030000000000000002,0.031840127557057264,0.5092053616468063,11.144631022742168,-0.15265249915847845,0.2934661733624966,True
AA_052026,159,184,26,177,893.5179950071231,32.05529628408605,0.5624848204937313,0.7415566149098479,0.012,0.031000000000000003,0.02539371474371301,0.47941259009595655,11.373950623024818,-0.12063394579152009,0.4649743806732967,True
AA_052026,159,185,27,177,908.6577656493771,32.3833175359774,0.6192227324294577,0.6690399904758995,0.012,0.030000000000000002,0.03434906280145575,0.550670931527747,11.65124869635714,-0.08983973371593984,0.501754769947089,True
AA_052026,159,186,28,177,920.2803955270007,32.28520427858882,0.6138456814352287,0.6936265105084718,0.012,0.030000000000000002,0.035544972794933266,0.5291650731952685,11.721375618215808,-0.0549767114919658,0.5844020272665017,True
AA_052026,159,187,29,177,929.0509331180165,31.906797573452245,0.5444223965863298,0.6941408946578851,0.012,0.031000000000000003,0.03666799175953633,0.44626426170154876,11.777022531957263,-0.05857116589143921,0.6080486063546935,True
AA_052026,159,188,30,177,934.8275091868343,32.370202049194944,0.6030724715149468,0.6035019041991944,0.012,0.030000000000000002,0.036422984225614755,0.4605595784559281,11.82222612929257,-0.052079435781957915,0.6186123680004555,True
AA_052026,159,189,31,177,938.0411530622999,31.977261526185778,0.5382664723080997,0.6635541583499789,0.012,0.031000000000000003,0.03494615350381765,0.4775424888849989,11.946291112088206,-0.01997830057168437,0.6230471330484909,True
AA_052026,159,190,32,177,938.8286607813529,31.883123061733798,0.539516681428208,0.6615842349502861,0.012,0.031000000000000003,0.03585445251622096,0.46116595045775793,12.106831222148637,0.06184940586991236,0.6147725963426794,True
AA_052026,159,191,33,177,937.7202104291571,31.835697225418265,0.5410369320555861,0.6675370626277985,0.012,0.031000000000000003,0.03632910974191874,0.4685061812304942,12.346344527803609,0.10910939818063725,0.6144255530174679,True
AA_052026,159,192,34,177,934.6566247476362,31.81163137121958,0.5433603599717853,0.6710325692902186,0.012,0.031000000000000003,0.023774885342735724,0.47869999501052607,12.41249840909879,0.14750995304751352,0.6219981390874617,True
AA_052026,159,193,35,177,929.9526883269031,31.859337575976284,0.5451430276947754,0.6858692420581998,0.012,0.031000000000000003,0.03574190949986609,0.5208990329434768,12.505216056011902,0.13663081015287573,0.6202763622244374,True
AA_052026,159,194,36,177,923.6906278507122,31.866089926933483,0.5489609737180579,0.6568008438909276,0.012,0.031000000000000003,0.022703322728967645,0.5237025757995789,12.579435607609089,0.1927640700256626,0.6560038842578677,True
AA_052026,159,195,37,177,916.2121958879729,31.866418714149145,0.5532023419096561,0.7136807505215603,0.012,0.031000000000000003,0.03716934756777103,0.5819704292102396,12.614430875176366,0.20073481256990675,0.6614141558037363,True
AA_052026,159,196,38,177,907.8134303024374,31.818297496612367,0.5590950487046202,0.7202167732941542,0.012,0.031000000000000003,0.025660785303220416,0.5805907526464106,12.763094387749131,0.20364348544225375,0.6415149618879801,True
AA_052026,159,197,39,177,898.4830622192601,31.88343516091119,0.5637608855957064,0.7468039763673718,0.012,0.031000000000000003,0.0396199315504895,0.6121862919897348,12.974663180321782,0.2671499394116347,0.6661982692194244,True
AA_052026,159,198,40,177,888.5368273022732,31.875818268189523,0.5703687007417059,0.7345740055294758,0.012,0.031000000000000003,0.03766517765680565,0.6558626868628379,13.26452060092168,0.25741212518095463,0.6589591331497447,True
AA_052026,159,199,41,177,878.0407443758005,31.926343317352984,0.576316973459839,0.7207971542810051,0.012,0.031000000000000003,0.03624842895351487,0.7767299334495152,13.378646012822385,0.26672318729489153,0.6726586929301368,True
AA_052026,159,200,42,177,867.208104703629,31.939588662192303,0.5832988714614941,0.7033391607974369,0.012,0.031000000000000003,0.03545112101944151,0.7688427040926356,13.400269419228197,0.2680525422362813,0.6727000227125743,True
AA_052026,159,201,43,177,856.139437965226,32.33279775133775,0.6602934067467753,0.6546944402073155,0.012,0.030000000000000002,0.03619791851290118,0.9280417674179982,13.584068912317441,0.2637895283518553,0.6464430463989528,True
AA_052026,159,202,44,177,844.8595870360776,32.3531793528817,0.6691359815628617,0.6477133769813351,0.012,0.030000000000000002,0.03627872733645509,0.9795295776460657,13.93648036696603,0.26238368146296814,0.6576370316135869,True
AA_052026,159,203,45,177,833.5231895480881,32.33033686025707,0.67895578004951,0.627597051970144,0.012,0.030000000000000002,0.03702123579130819,1.0495853119523335,13.969171840009558,0.2735697146774437,0.6698545977497242,True
AA_052026,159,204,46,177,822.2432593174722,32.39118695431488,0.6866045355817758,0.6649058130386377,0.012,0.030000000000000002,0.03743320245267891,1.0305964401058632,13.993318318023451,0.27142728220113355,0.6701077317003282,True
AA_052026,159,205,47,177,810.9059872431708,32.44761466212361,0.6951870076521369,0.6646662410203291,0.012,0.030000000000000002,0.0386619850917768,1.0607717078933203,14.028902890069487,0.2769729736914681,0.6719795588790111,True
AA_052026,159,206,48,177,799.5870560247246,32.49333789467211,0.7042382593882632,0.6291146125807979,0.012,0.030000000000000002,0.03951306301585662,1.0609667208478126,14.095948394882857,0.30637188539911686,0.67081750559376,True
AA_052026,159,207,49,177,788.412055856369,32.47347399447764,0.7146477449835106,0.6337229375981137,0.012,0.030000000000000002,0.03926017553928963,1.1295472965092732,14.272820952033824,0.305623046031892,0.6762575085367873,True
AA_052026,159,208,50,177,777.3579375772931,32.48168167258089,0.7242988294766369,0.6362402037086012,0.012,0.030000000000000002,0.039208578922517744,1.113323444540563,14.300116842189134,0.3044191968750935,0.6823386135357047,True
AA_052026,159,209,51,177,766.4774236587926,32.4686308437617,0.7347093099394331,0.6623308815151893,0.012,0.030000000000000002,0.04140220233790177,1.0613332174947212,14.411381099073413,0.3076922121918154,0.6710757110354201,True
AA_052026,159,210,52,177,755.8106495308357,32.46931955827459,0.7446379347985815,0.6765475929586477,0.012,0.030000000000000002,0.04324413204752991,1.0791446070871813,14.527631623925464,0.3221379390782156,0.6795850980469457,True
AA_052026,159,211,53,177,745.3879120399862,32.531580298085565,0.7536180740626541,0.6581897281419378,0.012,0.030000000000000002,0.043268326322908175,1.0692789071367292,14.558874495575255,0.32815763917834273,0.6858030770455655,True
AA_052026,159,212,54,177,735.1399597555082,32.50713577000014,0.7645616924395784,0.6526346177426968,0.012,0.030000000000000002,0.0430310848029224,1.0393682755881906,14.580780463383768,0.33203195216221226,0.6855103848103847,True
AA_052026,159,213,55,177,725.1993203547693,32.53897398805823,0.7742155018183287,0.6487599011308969,0.012,0.030000000000000002,0.04367959194373105,0.9795521789925344,14.75102440032502,0.3281070182904913,0.6738677028983072,True
AA_052026,159,214,56,177,715.3846284693061,32.48837655577702,0.7858520325972915,0.6375388004096529,0.012,0.030000000000000002,0.04316994896626443,0.9770482886733451,14.805240974855076,0.33388336210947644,0.6816655952384542,True
AA_052026,159,215,57,177,705.8049890582225,32.498187860212,0.7962864092637257,0.6429479591452059,0.012,0.030000000000000002,0.04415063637816141,0.9763241373217161,14.823546621580064,0.3362476899010914,0.6832377498088749,True
AA_052026,160,177,18,177,709.8876820016711,32.628547604414244,0.785369613675375,0.6962840243895149,0.012,0.030000000000000002,0.03190054608211586,0.4975400486767886,10.391599748141664,0.002050202963534432,-0.17829741383987208,True
AA_052026,160,178,19,177,750.8975445904897,32.59143839383213,0.743353221546737,0.6882173960415311,0.012,0.030000000000000002,0.030495326641896164,0.6039098151569565,10.49720197790297,-0.03421436403009908,-0.07805504640228575,True
AA_052026,160,179,20,177,788.3499412104924,32.52356202505107,0.7097208303129033,0.6885435824358321,0.012,0.030000000000000002,0.028112207641349442,0.6222054413670358,10.550323133425577,-0.09387467444817404,0.1548031111897623,True
AA_052026,160,180,21,177,821.8478304203087,32.46015541729191,0.6819854023090586,0.7095183747784314,0.012,0.030000000000000002,0.03064717339028856,0.5662580627624101,10.587088144451188,-0.07323702810550177,0.16423096883541513,True
AA_052026,160,181,22,177,851.6741040143777,32.2011830389501,0.5878125623894238,0.6962714580552344,0.012,0.031000000000000003,0.02787923038203026,0.5644295395303117,10.5813642242984,-0.07204488962957538,0.17437328664977877,True
AA_052026,160,182,23,177,877.484467349495,32.45020055110114,0.6389992588479988,0.710995257742711,0.012,0.030000000000000002,0.02963024516090567,0.5347033948470999,10.564263340004869,-0.0779714921629467,0.17535342663696155,True
AA_052026,160,183,24,177,899.3867677635259,32.54767591271057,0.621736919246825,0.7238553381808447,0.012,0.030000000000000002,0.029830419717608078,0.4995328254728059,11.08560823666511,-0.14821407729291716,0.2629197995978806,True
AA_052026,160,184,25,177,917.6123323658352,32.0975899952755,0.5472089675390324,0.7649898119626646,0.012,0.031000000000000003,0.024900020940942007,0.5670013726099467,11.314019320237188,-0.12058291333977726,0.43919647799708383,True
AA_052026,160,185,26,177,932.4187536518081,32.37520043604426,0.603568769112346,0.7061041796443794,0.012,0.030000000000000002,0.03249930851670584,0.5461349266509365,11.5943841676858,-0.08764202456440298,0.4857142833571951,True
AA_052026,160,186,27,177,943.6513234012637,32.27714695200881,0.5987660369709732,0.7356687299320658,0.012,0.030000000000000002,0.03375372416560988,0.4291316600490045,11.672412532588297,-0.049997558014468854,0.5770540619886915,True
AA_052026,160,187,28,177,951.9928709287872,31.944391016393734,0.5308615390967802,0.7173277389799525,0.012,0.031000000000000003,0.03486631566626572,0.4424914078090331,11.730835848617371,-0.05369579055988144,0.601733302224329,True
AA_052026,160,188,29,177,957.298530056169,32.362983480425335,0.5890313201197765,0.6424521238785236,0.012,0.030000000000000002,0.03474295167806279,0.4724120173665331,11.783903732012506,-0.04949680611860976,0.6141569234425357,True
AA_052026,160,189,30,177,960.0158320760111,32.32953713891019,0.5883155874962743,0.6441715884232455,0.012,0.030000000000000002,0.03291824192382601,0.4565400166727557,11.905850658682443,-0.016854472359566077,0.6195810547519557,True
AA_052026,160,190,31,177,960.2811637392011,31.917784899824497,0.5270591276959007,0.677154848067905,0.012,0.031000000000000003,0.034182069797092,0.44162396377646934,12.068315123679008,0.06579240087868596,0.6110866763681755,True
AA_052026,160,191,32,177,958.6370004893466,31.86983196746121,0.5288303686082604,0.6896379665773731,0.012,0.031000000000000003,0.034696025087610896,0.4551882747582565,12.297913176255554,0.11410858759046791,0.6140461293668193,True
AA_052026,160,192,33,177,955.0254033166389,31.84513371554514,0.5313763609869225,0.6948094022709903,0.012,0.031000000000000003,0.03375580347700997,0.5092215001481771,12.366705000828174,0.15235965522329598,0.6202191420598472,True
AA_052026,160,193,34,177,949.7689476215829,31.892301736731415,0.5333811113208577,0.7077965968198462,0.012,0.031000000000000003,0.03416199237204634,0.5018362090602508,12.463789558973865,0.1403687883855922,0.6170615599121951,True
AA_052026,160,194,35,177,942.9485085658886,31.89855283337839,0.5373657862963407,0.678194775166646,0.012,0.031000000000000003,0.03280539495098696,0.5602899899468384,12.53998135620145,0.19668431479844936,0.6537790056279004,True
AA_052026,160,195,36,177,934.9134244988336,31.89849207119972,0.5417548549992509,0.7347682020867851,0.012,0.031000000000000003,0.035622487484844374,0.55656189971473,12.578859222981237,0.20433811314664113,0.6588531609462585,True
AA_052026,160,196,37,177,925.9639187684787,31.849947789379577,0.5477570400515,0.7415812269577232,0.012,0.031000000000000003,0.03755002981784478,0.5876821008919384,12.731924478355479,0.20516347078197708,0.6391435775498113,True
AA_052026,160,197,38,177,916.0881267579847,31.914929555060894,0.5525481407180374,0.7719587879108709,0.012,0.031000000000000003,0.03810092633681133,0.5875679570410108,12.940847790334548,0.26786342648549616,0.6636594025882507,True
AA_052026,160,198,39,177,905.6077239491907,31.906943917645886,0.5592393178632251,0.7616153396620176,0.012,0.031000000000000003,0.036159068614010324,0.7347142700629405,13.232083724934993,0.25785024318062616,0.6569470728926905,True
AA_052026,160,199,40,177,894.5883469583904,32.2839176780242,0.632697772379473,0.7200598676850978,0.012,0.030000000000000002,0.03440003331353353,0.7592595087947699,13.346132990229933,0.2668606202166454,0.6710098897295439,True
AA_052026,160,200,41,177,883.2463376802706,32.31251878786494,0.6403793128223535,0.6955976480589184,0.012,0.030000000000000002,0.03359589215356431,0.8846966960702842,13.368734997541555,0.2680903467782632,0.6710593805673095,True
AA_052026,160,201,42,177,871.682935706335,32.3261573017529,0.6486663051832693,0.6937457255506552,0.012,0.030000000000000002,0.03476897775691662,0.9177168693583764,13.550168738007756,0.2643502257913728,0.6466643141857287,True
AA_052026,160,202,43,177,859.923095809664,32.346549565360135,0.6575665293827677,0.6872942628391453,0.012,0.030000000000000002,0.03485771231217766,1.0321768603736958,13.903292588853255,0.2637361280264473,0.6582943697176491,True
AA_052026,160,203,44,177,848.1225078591641,32.32362333147189,0.667427802674733,0.6659432247969769,0.012,0.030000000000000002,0.035603368714449385,1.0386798277704772,13.936889980891575,0.27483741157543035,0.6707571562512219,True
AA_052026,160,204,45,177,836.3955547821246,32.38461152811317,0.6751478967635826,0.7047078970942366,0.012,0.030000000000000002,0.03602017043544245,1.044977174159063,13.96138219305046,0.2729701470540822,0.6711031615369399,True
AA_052026,160,205,46,177,824.625780140174,32.44097968242612,0.6837875335545236,0.7011815208293671,0.012,0.030000000000000002,0.037249495644876236,1.0486086979747362,13.99848771429979,0.27835797271311835,0.6728097207906062,True
AA_052026,160,206,47,177,812.8887385395518,32.48681575720686,0.6928830608822969,0.6631234360564318,0.012,0.030000000000000002,0.03810869409552946,1.0949056510453807,14.06277554273788,0.30673979419026687,0.6726998247822203,True
AA_052026,160,207,48,177,801.3118577025864,32.466802153506244,0.7033193731290618,0.6681019599623919,0.012,0.030000000000000002,0.037855779457766824,1.1155161027003346,14.243181620783728,0.30602852420032856,0.6767755149208721,True
AA_052026,160,208,49,177,789.8704991215405,32.47509733834171,0.7130048814022326,0.6695735767045843,0.012,0.030000000000000002,0.03781122561668706,1.044418336055397,14.27019643224085,0.3048753536059161,0.6826711252084661,True
AA_052026,160,209,50,177,778.6176089741566,32.46202034883238,0.7234386984859932,0.696704808965384,0.012,0.030000000000000002,0.04000461226816753,1.0514988230962876,14.379588524612728,0.3078594619457052,0.6718060370212261,True
AA_052026,160,210,51,177,767.5936627927967,32.462776122014525,0.7333948706527099,0.7100495202242416,0.012,0.030000000000000002,0.04185151226431311,1.0818324226965328,14.492472616449525,0.32208071544352707,0.6809039940789907,True
AA_052026,160,211,52,177,756.8283266305691,32.52508099055689,0.7424180476006071,0.6913027694993733,0.012,0.030000000000000002,0.04188273721406869,1.060399476203862,14.525314881319757,0.32835384123926414,0.6868810615001687,True
AA_052026,160,212,53,177,746.250471556678,32.50071643098028,0.7533735963727235,0.6837159940230525,0.012,0.030000000000000002,0.04164379172067078,0.9439927414038417,14.547127955479263,0.33188047909705676,0.6867345720893644,True
AA_052026,160,213,54,177,735.9943850281963,32.53258502586692,0.7630587523489518,0.6791270325626155,0.012,0.030000000000000002,0.042293587081901854,0.9753265545152001,14.715284116142453,0.32756036930415333,0.6754069672312963,True
AA_052026,160,214,55,177,725.8751889203456,32.48195306160099,0.7746998621050901,0.667243639068169,0.012,0.030000000000000002,0.041786428458957914,0.9780096891390064,14.769737383002617,0.33288413075254586,0.6830946204470906,True
AA_052026,160,215,56,177,716.00306845028,32.49187588096085,0.7851517281628885,0.6736203375695655,0.012,0.030000000000000002,0.04276703185745917,0.9711934106158082,14.788907596062566,0.3354352937807967,0.6849015086680987,True
AA_052026,161,177,17,177,735.1417478874063,32.60560437746948,0.7594087071085048,0.5914515573681047,0.012,0.030000000000000002,0.031195937765490254,0.6524419329039877,10.292974669988595,0.009015486629329451,-0.17166133255055044,True
AA_052026,161,178,18,177,776.4159332009499,32.571922714383206,0.7197777641836801,0.5841297063270224,0.012,0.030000000000000002,0.029865129502570007,0.6652501262656584,10.433547979024745,-0.03527349893516739,-0.06362696872400524,True
AA_052026,161,179,19,177,814.012181369678,32.506528526386106,0.6880794887876546,0.588739408730605,0.012,0.030000000000000002,0.027552711335401905,0.6049139753559186,10.50789928014548,-0.09677742635203605,0.17050105398163673,True
AA_052026,161,180,20,177,847.5318155960346,32.44488498541198,0.6619598759542845,0.6289887823708609,0.012,0.030000000000000002,0.030128198862189214,0.6021215715672564,10.546766446270684,-0.07522084681040582,0.1676239727620656,True
AA_052026,161,181,21,177,877.28199245184,32.31702868880616,0.6419638603020137,0.6652724372286564,0.012,0.030000000000000002,0.027277377522039323,0.5783828146440317,10.540326184744103,-0.07575612337190894,0.18332780088125472,True
AA_052026,161,182,22,177,902.9254548529509,32.250729313426824,0.55378314700073,0.643270517335709,0.012,0.031000000000000003,0.029368046629989878,0.5709143871658474,10.524258311866362,-0.08101214358620668,0.18463963332553573,True
AA_052026,161,183,23,177,924.5733732948689,32.53689095326697,0.6052656556983814,0.6587280120557898,0.012,0.030000000000000002,0.02943613401693967,0.6315052147838799,10.988208747235742,-0.141696877782186,0.2291381771403115,True
AA_052026,161,184,24,177,942.4782763329679,32.37891753065022,0.5969621228110398,0.6762220851708676,0.012,0.030000000000000002,0.029230693498228835,0.5886105610220776,11.172456699022463,-0.12139330009372074,0.38812501373654573,True
AA_052026,161,185,25,177,956.9051636276,32.36429533162501,0.5885489277451986,0.6391676945887018,0.012,0.030000000000000002,0.03213004577013182,0.45798659740903364,11.509348425316379,-0.08640565548690975,0.45114923893464265,True
AA_052026,161,186,26,177,967.7023867210016,32.2661752355052,0.584296622536421,0.6744248989416031,0.012,0.030000000000000002,0.03339544853424597,0.4374120796304969,11.594452504594797,-0.047886158994139755,0.5573539809707057,True
AA_052026,161,187,27,177,975.5714398036398,32.22201603618233,0.5805248495133628,0.6358132760107269,0.012,0.030000000000000002,0.034213464356037705,0.45840115833727796,11.654975418396951,-0.05132378926830007,0.5868357939024524,True
AA_052026,161,188,28,177,980.3635249596512,32.3530719847025,0.575551990280825,0.5813051412613433,0.012,0.030000000000000002,0.034426384444201354,0.4793412791260555,11.70838482803141,-0.04650389314376504,0.5996084337738996,True
AA_052026,161,189,29,177,982.5440243532483,32.31958158038418,0.5751998756839585,0.5837606279785166,0.012,0.030000000000000002,0.03259608554238771,0.47177792855419776,11.833683031580492,-0.013451731889742333,0.605163607974688,True
AA_052026,161,190,30,177,982.2479933621606,31.908671903856796,0.5156161609691486,0.622953582486956,0.012,0.031000000000000003,0.03386347406173174,0.45558096895833095,11.98809307157728,0.07183991032445755,0.6037921101679498,True
AA_052026,161,191,31,177,980.0307974285547,31.860911269080226,0.5176240663519497,0.641281047052011,0.012,0.031000000000000003,0.034385919702322486,0.503862159310998,12.229188401664318,0.11889204824912333,0.6066926319099257,True
AA_052026,161,192,32,177,975.8353437256952,31.83606437903177,0.520383736270406,0.6435232248411697,0.012,0.031000000000000003,0.03344554377860276,0.5242729687307078,12.292753636810023,0.1579311201751516,0.6153132594121651,True
AA_052026,161,193,33,177,969.9924291156416,31.88326374574783,0.5225977343400253,0.6548467831571968,0.012,0.031000000000000003,0.03385702006223489,0.5784558004875286,12.386164491214197,0.14475091201472698,0.6128004340793536,True
AA_052026,161,194,34,177,962.5811105230911,31.889564431979156,0.5267419249299912,0.6277478576540747,0.012,0.031000000000000003,0.03250394018367296,0.5889632463045438,12.4599507004724,0.20127113478953984,0.6507205864849853,True
AA_052026,161,195,35,177,953.9586458381874,31.88938323516158,0.5312771211012138,0.6897080153456663,0.012,0.031000000000000003,0.03532299355112048,0.6315960406998229,12.501066657289146,0.20914484191138186,0.6577184877434836,True
AA_052026,161,196,36,177,944.42917908166,31.840684379533375,0.5373915413860589,0.6991987307344536,0.012,0.031000000000000003,0.03724520258114747,0.6257335924054893,12.648318739517704,0.20933417967242152,0.6410890392565438,True
AA_052026,161,197,37,177,933.9804155295175,31.90560187478661,0.5423099090144833,0.7287227681315068,0.012,0.031000000000000003,0.03779623171538466,0.7266055422065736,12.86425788327676,0.2738533839893554,0.66486302187736,True
AA_052026,161,198,38,177,922.939834496506,31.89753747264254,0.5490877955535689,0.7221147627371446,0.012,0.031000000000000003,0.03584816141359886,0.7740545624935311,13.157701136157366,0.2657260210054358,0.6586861980866956,True
AA_052026,161,199,39,177,911.3727129667672,32.27377064426521,0.6214360478296517,0.6817111609016294,0.012,0.030000000000000002,0.0340950303681449,0.9473687125945802,13.279945667488837,0.2721556935446417,0.6717024203797398,True
AA_052026,161,200,40,177,899.4983196974879,32.302534280454815,0.6292004659272759,0.6594992957716626,0.012,0.030000000000000002,0.03329601563131244,0.9168832812880664,13.303562502832394,0.273055305439793,0.6717155953768053,True
AA_052026,161,201,41,177,887.4186768578357,32.3163508073032,0.6375565283580195,0.6661915183149208,0.012,0.030000000000000002,0.03446758910582811,1.0041216466299787,13.499939741715487,0.26702220858164555,0.6452994912783473,True
AA_052026,161,202,42,177,875.1584792344371,32.33654296874177,0.6465228387167002,0.6597205556845449,0.012,0.030000000000000002,0.034549915074104966,1.0591228856895838,13.85151793732178,0.26645393331677697,0.6592933434427083,True
AA_052026,161,203,43,177,862.874714589887,32.31358896025118,0.6564291928535476,0.6413136361088183,0.012,0.030000000000000002,0.035293836021362754,1.0831972133496657,13.888977513805987,0.27847874477217466,0.6727101046592887,True
AA_052026,161,204,44,177,850.6829985984739,32.37453729961408,0.6642274785714434,0.680578270119664,0.012,0.030000000000000002,0.03571145736900443,1.05929039493746,13.91456776733948,0.2765834956149858,0.6730287317385836,True
AA_052026,161,205,45,177,838.4641009760392,32.43107822527929,0.6729233394125208,0.6788357695449573,0.012,0.030000000000000002,0.03693879557581365,1.0924048644753641,13.956039672552778,0.2819917717633056,0.6740996725536981,True
AA_052026,161,206,46,177,826.2933887340164,32.47705688684858,0.6820674314737142,0.6410549513247074,0.012,0.030000000000000002,0.03779929468873828,1.0927448149362442,14.021841149506013,0.3101732613564322,0.6745702780645313,True
AA_052026,161,207,47,177,814.2999433867387,32.456546101882495,0.6925441619666415,0.6457174877075479,0.012,0.030000000000000002,0.03753404769554913,1.0478668989556388,14.200384090552864,0.30862302282103293,0.6796071612290208,True
AA_052026,161,208,48,177,802.4576780008975,32.46480141322668,0.7022722778981749,0.6446030525512445,0.012,0.030000000000000002,0.037492173159814145,1.038945656503662,14.227510690950846,0.30751598739200187,0.685335305791223,True
AA_052026,161,209,49,177,790.8196687734466,32.45156695087927,0.7127384632597016,0.673107699771022,0.012,0.030000000000000002,0.039684011117796764,1.0612611387797697,14.339638359233984,0.30994523626026377,0.6731238188364557,True
AA_052026,161,210,50,177,779.4267060501201,32.45234101213391,0.7227291320558973,0.6894527726621335,0.012,0.030000000000000002,0.04153110320974599,1.0761094948974004,14.456566301783687,0.3235442525690073,0.6818245810709608,True
AA_052026,161,211,51,177,768.307565649433,32.51451894688295,0.7318047780195264,0.6698433389713204,0.012,0.030000000000000002,0.04155796422741811,0.9602885644735958,14.48898573842826,0.3294273056607223,0.6879967104909587,True
AA_052026,161,212,52,177,757.3894128101608,32.49022860104743,0.7427794674362412,0.6615275754618567,0.012,0.030000000000000002,0.04131949595495316,0.9408431281750016,14.510877029774399,0.3326618926223399,0.6879919615466421,True
AA_052026,161,213,53,177,746.8082126678826,32.52219569277385,0.7525000099365367,0.6605750960324398,0.012,0.030000000000000002,0.04197274604626878,0.9778350996061428,14.68261232373214,0.32763887518801904,0.6752555024128076,True
AA_052026,161,214,54,177,736.3754238545833,32.47148303846339,0.7641542665068712,0.6505720549566472,0.012,0.030000000000000002,0.04146465360822559,0.974095120205593,14.737788208385846,0.3330899432712223,0.6830613343438205,True
AA_052026,161,215,55,177,726.2023866142663,32.481701250662674,0.774625883385544,0.6601236681056201,0.012,0.030000000000000002,0.04244834687577251,0.9824933710337361,14.75871051422166,0.3365690924817809,0.6853328095774673,True
AA_052026,162,177,16,177,761.8340977003951,32.66968631217236,0.731136874645545,0.6193235323887707,0.012,0.030000000000000002,0.03205069295239988,0.7050708093010729,10.238905686831714,0.009408704243085871,-0.1723292854802767,True
AA_052026,162,178,17,177,803.303922542197,32.62966886005854,0.6942696577924866,0.614155855674491,0.012,0.030000000000000002,0.03066789061805782,0.6316628577743084,10.382435588916481,-0.03561903108378079,-0.06358172728929391,True
AA_052026,162,179,18,177,840.9768072937991,32.55871003511176,0.6647901825345409,0.6205201702584131,0.012,0.030000000000000002,0.02830712667452177,0.6642709353266975,10.455506992212168,-0.0924804452825577,0.15949016785383235,True
AA_052026,162,180,19,177,874.4508543584358,32.49413050840147,0.6404677186462658,0.6642025119379046,0.012,0.030000000000000002,0.03066877805812281,0.6328378025058355,10.499411433363186,-0.06968959203296617,0.16381140089016766,True
AA_052026,162,181,20,177,904.0584314510454,32.23580526045944,0.5534440707566631,0.6764000000950989,0.012,0.031000000000000003,0.027892495808605717,0.6225652917380831,10.493921962766876,-0.07082183709911455,0.17932895017058414,True
AA_052026,162,182,21,177,929.4708944390097,32.48224922699369,0.602835869382828,0.6907613252410247,0.012,0.030000000000000002,0.029662281608337237,0.6963437755344546,10.479096560063235,-0.07514780474889482,0.18027297558695576,True
AA_052026,162,183,22,177,950.8019226598169,32.5778435684479,0.5877405166253311,0.6966669388827256,0.012,0.030000000000000002,0.02986077061350819,0.6623873540551907,10.924716485123566,-0.12897706690613456,0.22609152579400135,True
AA_052026,162,184,23,177,968.325953998023,32.417583264116075,0.5802474461478817,0.7175504898519709,0.012,0.030000000000000002,0.03426642957533985,0.5038070923921233,11.085387045646296,-0.1157839624366127,0.3894071844846896,True
AA_052026,162,185,24,177,982.3148200472582,32.40105652455955,0.5725868699459773,0.6804636930524167,0.012,0.030000000000000002,0.03251205173771119,0.479876460150645,11.42340180097791,-0.0785917696912933,0.4516940303138496,True
AA_052026,162,186,25,177,992.6204188465657,32.30159090298641,0.5689185699905454,0.7151416168228747,0.012,0.030000000000000002,0.033770016905761015,0.43772081448275624,11.527254350137584,-0.03565612628021192,0.5665123605151419,True
AA_052026,162,187,26,177,999.9631403092274,32.255833779325656,0.565691799981574,0.6767993080763509,0.012,0.030000000000000002,0.03456975842895044,0.449299423362933,11.596140967492301,-0.03952811449532062,0.597015618365202,True
AA_052026,162,188,27,177,1004.1896921840561,32.385779215720625,0.5612566182855585,0.6245925927596963,0.012,0.030000000000000002,0.034756129467387306,0.47355471901446233,11.657433195615459,-0.03757539317518621,0.6075284581864916,True
AA_052026,162,189,28,177,1005.7840257382287,32.35100436696994,0.5612927452566587,0.6291494327758861,0.012,0.030000000000000002,0.032913899519394586,0.4598584592715895,11.789037133691915,-0.005905682544815776,0.6103394292116044,True
AA_052026,162,190,29,177,1004.879133323185,31.940470385731953,0.503483127163859,0.6711053746970468,0.012,0.031000000000000003,0.034172494276124676,0.4528790192057036,11.948241160538721,0.07781355281508219,0.6070619306492426,True
AA_052026,162,191,30,177,1002.0435869364717,31.892076728512066,0.5057400082971392,0.6940012211770248,0.012,0.031000000000000003,0.034692069061977304,0.47466207946531536,12.192292299935962,0.12110912687113864,0.6075938444738853,True
AA_052026,162,192,31,177,997.2211778269815,31.86654066112091,0.5087195714161932,0.6998101494026353,0.012,0.031000000000000003,0.033743465362804544,0.548266902217586,12.257066955015006,0.15987478608217176,0.6162357344433027,True
AA_052026,162,193,32,177,990.7511416517302,31.91314043288278,0.5111533033505136,0.7077626325855603,0.012,0.031000000000000003,0.034138957305161324,0.5470739797266295,12.352022698749083,0.1450638995970016,0.6131271117970851,True
AA_052026,162,194,33,177,982.7100552796122,31.918939058746858,0.5154627910019806,0.6778036527342084,0.012,0.031000000000000003,0.03277885740554754,0.6034691121196786,12.426958485971214,0.20016883044069225,0.650521596127476,True
AA_052026,162,195,34,177,973.4634810429833,31.9185892165732,0.5201403933814918,0.7419099412903436,0.012,0.031000000000000003,0.03559068594349661,0.5917669411506857,12.468166590487172,0.20589995578151005,0.6571372326876795,True
AA_052026,162,196,35,177,963.3192479420782,31.869481993502607,0.5263642697130717,0.7482782683767946,0.012,0.031000000000000003,0.037509768624816524,0.696507206637516,12.615642671253413,0.20639999949978985,0.6406150366824316,True
AA_052026,162,197,36,177,952.2645561265149,31.934161481658165,0.5314092864204719,0.7753663081488892,0.012,0.031000000000000003,0.03805720624888475,0.7009776178514077,12.832823509496082,0.27205888785830007,0.6646704406219237,True
AA_052026,162,198,37,177,940.6328142191677,31.925820698632737,0.5382700255345404,0.7699708359766634,0.012,0.031000000000000003,0.03610501565333348,0.8951764980965189,13.12569951684625,0.2642336968548277,0.6583632133028431,True
AA_052026,162,199,38,177,928.4887625975293,32.300824690148666,0.6094166916502184,0.7290126886646048,0.012,0.030000000000000002,0.034346087699823995,0.9248902313434526,13.247233522301356,0.2697652384852035,0.6718121637275393,True
AA_052026,162,200,39,177,916.0544777562525,32.329483445203905,0.6172617235746909,0.7052109766264223,0.012,0.030000000000000002,0.03353864239436092,0.9563891171372076,13.271934835679557,0.2705480135684424,0.6718110560260889,True
AA_052026,162,201,40,177,903.4327804706223,32.34317661112168,0.6256845547134432,0.7142377643338932,0.012,0.030000000000000002,0.034702537021288636,0.9811344347389505,13.467519979938587,0.26308787466939565,0.6457279840208877,True
AA_052026,162,202,41,177,890.6480651802796,32.36316059636066,0.6347075939293984,0.7046701375761236,0.012,0.030000000000000002,0.03478359566510451,1.071658379965376,13.822048052203524,0.26359389598892813,0.6594396615685414,True
AA_052026,162,203,42,177,877.8583857944709,32.34008830194404,0.6446494426284852,0.6837545200232351,0.012,0.030000000000000002,0.035530084378056256,1.0621697024131609,13.860437702343551,0.27544819762758993,0.6728498786956529,True
AA_052026,162,204,43,177,865.1806929777139,32.40086529502106,0.6525212663258265,0.7249883570908268,0.012,0.030000000000000002,0.03594132734794933,1.0635737397263474,13.887251555293918,0.2736028159719419,0.6731729469539794,True
AA_052026,162,205,44,177,852.4927808936677,32.45724797942109,0.6612719291007549,0.7224533293594488,0.012,0.030000000000000002,0.03716359564202662,1.0681212979191985,13.929304328395103,0.2787585364951239,0.6743778403801515,True
AA_052026,162,206,45,177,839.8697727657891,32.503029263941556,0.6704628368173526,0.6831939196935436,0.012,0.030000000000000002,0.038020364219743204,1.0082855288592123,13.995355564640459,0.3066048979958667,0.6749608259016775,True
AA_052026,162,207,46,177,827.4423594702251,32.482431138192055,0.6809591120633403,0.6828657549798803,0.012,0.030000000000000002,0.03775542008777188,1.0239082307874934,14.175773251023628,0.3055766198981562,0.6798456928370988,True
AA_052026,162,208,47,177,815.1829114125061,32.49058421527828,0.6907206234620498,0.680947216863568,0.012,0.030000000000000002,0.037713884311509335,1.0402030499032247,14.203743708349192,0.3044036112122999,0.6856374572590002,True
AA_052026,162,209,48,177,803.1444840565675,32.477414879742966,0.7012023346349466,0.7097948218473484,0.012,0.030000000000000002,0.03990450409777849,1.0398984943174008,14.317673850690548,0.30792549313838163,0.6732598326225253,True
AA_052026,162,210,49,177,791.368248947661,32.47809896621074,0.711218811927194,0.7264051991062578,0.012,0.030000000000000002,0.04175107901742574,0.9586334108902786,14.435319283901057,0.3218005369066866,0.6820094287998156,True
AA_052026,162,211,50,177,779.882015768836,32.540146852838504,0.7203383454763091,0.7042534340325923,0.012,0.030000000000000002,0.041777089392832284,0.9450896307040889,14.468724673214007,0.327962668311538,0.6881948838582791,True
AA_052026,162,212,51,177,768.6112013685038,32.515735942618456,0.7313233357965279,0.6967802242780197,0.012,0.030000000000000002,0.041534466505271046,0.935143884407734,14.491117935904596,0.3308254842609914,0.6881933288903301,True
AA_052026,162,213,52,177,757.6933306945336,32.54774541299536,0.7410710679369017,0.6972471369033344,0.012,0.030000000000000002,0.04218454200525309,0.9631554766867305,14.662222655578304,0.3248615646162266,0.6757892508479323,True
AA_052026,162,214,53,177,746.9360432708413,32.49709435872124,0.7527211985924921,0.6844099060798946,0.012,0.030000000000000002,0.04168231437446434,0.9754670715058364,14.717773222132687,0.3301543656351214,0.6835740023402959,True
AA_052026,162,215,54,177,736.4518177918602,32.507296666441896,0.7632090751557244,0.6934848274381376,0.012,0.030000000000000002,0.04266122900078539,0.9705625688589549,14.738960801867249,0.3331262820355061,0.6857612876200957,True
AA_052026,163,177,15,177,788.4239740678557,32.61315996558357,0.7072497941175558,0.6255652884956716,0.012,0.030000000000000002,0.033112956795046035,0.604097773906872,10.140646004404164,-0.008389245759472648,-0.11757629025552083,True
AA_052026,163,178,16,177,830.0773088850265,32.57797079950664,0.6725640637856448,0.6234333793737125,0.012,0.030000000000000002,0.03164513561733534,0.6433073809829786,10.279674805689162,-0.05266988152786831,-0.003708471114136083,True
AA_052026,163,179,17,177,867.810350922321,32.51025463921383,0.6448656560670969,0.6284706423493926,0.012,0.030000000000000002,0.029187113072308642,0.6672276205737201,10.379258689286196,-0.112811569285489,0.22317501447676863,True
AA_052026,163,180,18,177,901.2180243396332,32.44952489039678,0.6220072761858138,0.6612699518474601,0.012,0.030000000000000002,0.030903157906661767,0.6590460766270335,10.42728663231196,-0.09672560277380947,0.20574021030791179,True
AA_052026,163,181,19,177,930.659756524028,32.20512614670394,0.5380291071873772,0.6677535811803818,0.012,0.031000000000000003,0.02807623338841523,0.7380965083041608,10.428472661334503,-0.09518991106773073,0.21895185179559365,True
AA_052026,163,182,20,177,955.8165494976796,32.443500899506205,0.5866962916007276,0.6775709104794059,0.012,0.030000000000000002,0.02982923626776519,0.7217105151625001,10.41665732035301,-0.10159093368248961,0.21820595381024008,True
AA_052026,163,183,21,177,976.8045547018481,32.54178609904561,0.5725283407112354,0.6930723597365104,0.012,0.030000000000000002,0.030011545379211697,0.579481224767553,10.847781434272093,-0.13358913226046287,0.26782894796153006,True
AA_052026,163,184,22,177,993.921249703712,32.38254607209523,0.5657253305521979,0.722463035160571,0.012,0.030000000000000002,0.029418446244586283,0.524946951897717,11.00882504172897,-0.10774332286230491,0.434580639110991,True
AA_052026,163,185,23,177,1007.4451293262772,32.36740280081248,0.5586986882642956,0.6827437466609104,0.012,0.030000000000000002,0.032662534230590144,0.49327176388642924,11.364844708126968,-0.06913021383925357,0.4739853368152603,True
AA_052026,163,186,24,177,1017.232015305728,32.26883054773141,0.5555385126224117,0.7166731815529453,0.012,0.030000000000000002,0.03392262573277951,0.4652242690134259,11.477014338709639,-0.027944534853061642,0.5828325952612534,True
AA_052026,163,187,25,177,1024.0222627152978,32.223767076449924,0.552783184214946,0.681627355260315,0.012,0.030000000000000002,0.03471558739407304,0.4764624259483771,11.548815085462346,-0.032813360881934664,0.6129378378113216,True
AA_052026,163,188,26,177,1027.657192077877,32.35496449588134,0.5488055457734787,0.6322228328226165,0.012,0.030000000000000002,0.034880333619802834,0.4784082980930941,11.608550275565381,-0.029610988859951465,0.6249390992874237,True
AA_052026,163,189,27,177,1028.6403562808953,32.320791591508616,0.5491812620346169,0.6333866079017478,0.012,0.030000000000000002,0.03302635334283086,0.44683594192171844,11.745461366776881,0.0006737372360265635,0.6207686759794125,True
AA_052026,163,190,28,177,1027.1022938171996,31.918479137970348,0.49286042904050154,0.6818704313516933,0.012,0.031000000000000003,0.034279799356774304,0.43829105110043787,11.900039448601843,0.0877155358339697,0.6223861845735962,True
AA_052026,163,191,29,177,1023.6250679763717,31.870281720380365,0.4953490234907917,0.7075104337736285,0.012,0.031000000000000003,0.03480193677676638,0.5341458640003016,12.152250922939304,0.12578576345097342,0.6123657146285287,True
AA_052026,163,192,30,177,1018.1536888149244,31.84490347076671,0.4985339745674634,0.716004497612124,0.012,0.031000000000000003,0.033843365994015336,0.5395719172948555,12.214760433855545,0.1664318978773179,0.6241887477153722,True
AA_052026,163,193,31,177,1011.0357668565327,31.892049961412543,0.5011652992595221,0.7285261366954116,0.012,0.031000000000000003,0.034231470630208274,0.5764731671267067,12.310552130394976,0.15171136575846594,0.6212723025203146,True
AA_052026,163,194,32,177,1002.3452100830234,31.898062139479112,0.505633167668774,0.6951371095773302,0.012,0.031000000000000003,0.032858900646533046,0.5930781288561195,12.388639018888489,0.20703070396423842,0.6566422185785363,True
AA_052026,163,195,33,177,992.4559008503828,31.898054750798238,0.5104513838753545,0.7593199246648408,0.012,0.031000000000000003,0.03568202451223136,0.681509082796233,12.431835475879605,0.21247872372833995,0.6634420110712174,True
AA_052026,163,196,34,177,981.6798339262515,31.84898071483746,0.5167900841310578,0.7669250477189381,0.012,0.031000000000000003,0.037605964604413525,0.68180878364716,12.578786905112473,0.2143002690716676,0.648465232556289,True
AA_052026,163,197,35,177,970.0032051082196,31.914061331379745,0.5219585324481825,0.7953082302046444,0.012,0.031000000000000003,0.03815602791959533,0.8340812199645353,12.80069894617525,0.2771895522673926,0.6676691308833509,True
AA_052026,163,198,36,177,957.7657043262835,31.905682290629237,0.5289131386754712,0.7921932107778322,0.012,0.031000000000000003,0.03619254505093715,0.885088846706528,13.090320360525553,0.2736334243318933,0.663066030497862,True
AA_052026,163,199,37,177,945.0310935819838,32.27373556205999,0.5991225778405541,0.7508948410950483,0.012,0.030000000000000002,0.034428507555645846,0.9817415806894765,13.217739093609262,0.27212012235537597,0.6727147471896965,True
AA_052026,163,200,38,177,932.0247877704652,32.3025623941179,0.6070619427714095,0.7225547508288134,0.012,0.030000000000000002,0.03361165665237078,0.949158010907612,13.243665178268406,0.27287680782484514,0.6726915017567514,True
AA_052026,163,201,39,177,918.8500601499512,32.31645975875304,0.6155661992820811,0.7327513695619574,0.012,0.030000000000000002,0.034781597254424895,1.002769054676065,13.440267548339262,0.26445281675354815,0.6463350230671795,True
AA_052026,163,202,40,177,905.5309708135916,32.33664235015309,0.6246610788694726,0.7216692088831129,0.012,0.030000000000000002,0.034863944939072467,1.064485219120197,13.795219436667493,0.26241735112682024,0.6595650822410402,True
AA_052026,163,203,41,177,892.2266474563752,32.313519350026176,0.6346642993907868,0.6974549556264666,0.012,0.030000000000000002,0.03561378989944986,1.0932820537004515,13.834818949869904,0.2744291221034697,0.6730750929056386,True
AA_052026,163,204,42,177,879.0553312572043,32.374558404533566,0.6426190556765955,0.7395406822843095,0.012,0.030000000000000002,0.036025730305440706,1.0554657133273888,13.862660876208073,0.27247573223049737,0.6733850668462821,True
AA_052026,163,205,43,177,865.8916144699953,32.431051044147296,0.6514408060484136,0.7349113848593845,0.012,0.030000000000000002,0.037248314198887515,0.9987042123464327,13.905766579593381,0.2776614073000637,0.6745955042104071,True
AA_052026,163,206,44,177,852.8102563202884,32.477065628356726,0.6606930212379402,0.6938528671963752,0.012,0.030000000000000002,0.03810906231926034,1.0034710757312237,13.97190024858035,0.3039611366916456,0.6753380853999845,True
AA_052026,163,207,45,177,839.9438078064811,32.45657282817495,0.6712334756940812,0.6946060453250746,0.012,0.030000000000000002,0.03784267101737151,1.0444774182710759,14.1520756850737,0.3018474319966837,0.6802904723299514,True
AA_052026,163,208,46,177,827.2628021558963,32.46476637889659,0.6810511105708322,0.6932354663422222,0.012,0.030000000000000002,0.03780185873350097,1.0371261340137763,14.18037958074777,0.30030235462055405,0.6859156111855208,True
AA_052026,163,209,47,177,814.8203615081977,32.45159593020241,0.6915787208460081,0.7227155074649536,0.012,0.030000000000000002,0.04000260422818751,0.9330205717676241,14.293855165889683,0.3030940458265732,0.6740819421216587,True
AA_052026,163,210,48,177,802.6579726258511,32.45238027547364,0.7016435012332968,0.7418435902069614,0.012,0.030000000000000002,0.041858025725580915,0.9540359015685458,14.41278744081152,0.3175540065228919,0.6823833796946315,True
AA_052026,163,211,49,177,790.8023756228944,32.514606673707384,0.7108226954416483,0.7182247183523305,0.012,0.030000000000000002,0.041884811030548134,0.9548572805178078,14.446532248710529,0.32329386151700285,0.6884614863571414,True
AA_052026,163,212,50,177,779.1772119666527,32.490055961637076,0.7218493102341014,0.7107753731934724,0.012,0.030000000000000002,0.041640757776559977,0.9298895351538103,14.470071431360546,0.3266139915402871,0.6883680986500034,True
AA_052026,163,213,51,177,767.9214609041607,32.522188451987695,0.7316477979152214,0.7117265671596569,0.012,0.030000000000000002,0.042292285466243036,0.9780710569442935,14.639192075649342,0.32016454038518877,0.6777761256669043,True
AA_052026,163,214,52,177,756.8389844896644,32.47142526917304,0.7433314204761106,0.6978759299102192,0.012,0.030000000000000002,0.04178859112656005,0.9715798796986422,14.69622514294468,0.3258379893412071,0.6851187266497938,True
AA_052026,163,215,53,177,746.0432728168505,32.48159818991847,0.7538643292218973,0.7058846234098765,0.012,0.030000000000000002,0.04277315913932431,0.9198512231867775,14.71796106205588,0.32882003357883355,0.6873199224668421,True
AA_052026,164,177,14,177,813.7958212406139,32.731147205031185,0.682799259704055,0.566428964469246,0.012,0.030000000000000002,0.030525460977352797,0.6242232186714638,9.970326363996433,-0.010698981700277275,-0.08246018666130271,True
AA_052026,164,178,15,177,855.6648408446144,32.684363456691116,0.6504031686143844,0.5756659691320074,0.012,0.030000000000000002,0.02929724577752017,0.6747937658841893,10.15009207252292,-0.05611964762571795,0.006440723237027213,True
AA_052026,164,179,16,177,893.481573478865,32.60653015788237,0.62456021555605,0.5790536185588925,0.012,0.030000000000000002,0.02703511524102981,0.7027720279304466,10.282940067949932,-0.11691513534939262,0.24426110453112412,True
AA_052026,164,180,17,177,926.8373223702669,32.53856769854713,0.6032231460995339,0.621364529072114,0.012,0.030000000000000002,0.027445023104212592,0.7599983535964971,10.352237860113087,-0.09868719524567884,0.1843577305056328,True
AA_052026,164,181,18,177,956.1226952820383,32.24018254259877,0.5230917287890611,0.6530416593200138,0.012,0.031000000000000003,0.028507943797451293,0.7619597862578406,10.355444033996609,-0.09793066012502544,0.2087772509326676,True
AA_052026,164,182,19,177,981.0288831577659,32.52248369890015,0.5702988034274346,0.6618183743829571,0.012,0.030000000000000002,0.03022387023981386,0.6199620516233989,10.343638119106826,-0.09875078904673434,0.20922098364437347,True
AA_052026,164,183,20,177,1001.673997672995,32.61623136232037,0.5571109687515502,0.668119085853619,0.012,0.030000000000000002,0.030383043114485,0.573712922637183,10.72853765087927,-0.12019456664894002,0.28341515160758646,True
AA_052026,164,184,21,177,1018.3810802490178,32.452248464329024,0.5510172268578454,0.6858022639513709,0.012,0.030000000000000002,0.034805860150683404,0.5372968396843482,10.81639449824778,-0.11776560474710891,0.4621377829689667,True
AA_052026,164,185,22,177,1031.4359650957865,32.43378158812515,0.5446444792507866,0.6428708447307594,0.012,0.030000000000000002,0.033006785949638975,0.5064319461306119,11.165828904159364,-0.09191690731566947,0.5157465411857592,True
AA_052026,164,186,23,177,1040.6984729587857,32.33205904594676,0.5420052089539795,0.6673088561812066,0.012,0.030000000000000002,0.03425886463123766,0.44831834607925686,11.320629911739722,-0.03698685665325363,0.6302637507695245,True
AA_052026,164,187,24,177,1046.92951478828,32.28439397897062,0.5397305176506195,0.6276113164396111,0.012,0.030000000000000002,0.03504026263360427,0.4678087324277976,11.400307181073753,-0.03561323412564106,0.6620592112753902,True
AA_052026,164,188,25,177,1049.964946209886,32.4143498497366,0.5362219467080618,0.5793484019658973,0.012,0.030000000000000002,0.03520820308504021,0.4538594456909786,11.47046728054973,-0.03129323570987428,0.6753179258547601,True
AA_052026,164,189,26,177,1050.3293508379206,32.378076066029244,0.5369489663385753,0.5868717571112141,0.012,0.030000000000000002,0.03333604467548308,0.4415484232502185,11.63587470140287,0.00372704200828153,0.6532395353962156,True
AA_052026,164,190,27,177,1048.1499107252453,32.285762404502464,0.5397101767300511,0.5896897334240939,0.012,0.030000000000000002,0.03425372606802377,0.5113185279349524,11.7817300430634,0.09477091695583632,0.6561046271442796,True
AA_052026,164,191,28,177,1044.023501259782,31.891142654374995,0.4853267328399955,0.6852232000814856,0.012,0.031000000000000003,0.03514221191864886,0.5414963269967518,12.070560007383348,0.13636127987716803,0.6213773674793012,True
AA_052026,164,192,29,177,1037.8956208510365,31.864888879846205,0.4887193887649117,0.691201507205188,0.012,0.031000000000000003,0.03417711363799621,0.577314308272422,12.139382903448016,0.17973886570310327,0.6331580092723661,True
AA_052026,164,193,30,177,1030.1229315292494,31.91168297418063,0.4915520727018413,0.6977948831313348,0.012,0.031000000000000003,0.034553124705080505,0.5871043315732981,12.23148835090078,0.16661585516949254,0.6336782288393571,True
AA_052026,164,194,31,177,1020.7764948486658,31.91747414901425,0.49617775880038867,0.6657806697735738,0.012,0.031000000000000003,0.03317425843250054,0.698166203658446,12.322012902712117,0.22386878743995475,0.6659925352936277,True
AA_052026,164,195,32,177,1010.2387515725277,31.917108558574846,0.5011413541831532,0.731004514114589,0.012,0.031000000000000003,0.036007286726734075,0.6942483031645131,12.35954197383385,0.22933699744983696,0.6754163343280295,True
AA_052026,164,196,33,177,998.8259148308315,31.867589418477326,0.507597841724171,0.7366496296189918,0.012,0.031000000000000003,0.03793026910574648,0.8149275740701998,12.488132351598804,0.23270834265187804,0.6700766665518134,True
AA_052026,164,197,34,177,986.5233733146549,31.932589728641474,0.512896700848752,0.7624588408164853,0.012,0.031000000000000003,0.03847212511644769,0.8408916694647,12.736552018734159,0.2921882344387899,0.6768297856624031,True
AA_052026,164,198,35,177,973.6769856183837,31.92411513559032,0.5199458089087046,0.7583159590179704,0.012,0.031000000000000003,0.0364989793032984,0.9582259242152515,13.042176361589183,0.2812690375655334,0.6658224918522018,True
AA_052026,164,199,36,177,960.3496567361271,32.32308981845858,0.5887395109138651,0.6967778604409037,0.012,0.030000000000000002,0.03469679623440073,0.9866128402085261,13.172752464920693,0.2791034226196474,0.6748919572687969,True
AA_052026,164,200,37,177,946.7699803845145,32.3518002762521,0.5967735727972981,0.673290616233871,0.012,0.030000000000000002,0.03388447700205234,0.9777880926366108,13.199661923904209,0.27961737000385967,0.6749702041285635,True
AA_052026,164,201,38,177,933.0416671934627,32.36554023048534,0.6053619328496718,0.6848810127012802,0.012,0.030000000000000002,0.03504631549208803,1.0076396156024532,13.39907529407148,0.2717372235832952,0.6476615950663116,True
AA_052026,164,202,39,177,919.1885501473889,32.385304900680914,0.6145385794453403,0.673502587477403,0.012,0.030000000000000002,0.035119785453077076,1.0910130386438093,13.760794951940264,0.2675677637013316,0.6581073258592206,True
AA_052026,164,203,40,177,905.3706857546281,32.361867027476755,0.6246041515149119,0.6496018499571159,0.012,0.030000000000000002,0.03586981562639712,1.0834990345510997,13.803349820530277,0.2799422190671942,0.6724553273265447,True
AA_052026,164,204,41,177,891.7076578171327,32.42262219545958,0.6326523367996977,0.6918831282957355,0.012,0.030000000000000002,0.036277947203893435,0.976043845408643,13.832320557830403,0.27805788833161077,0.6728493474675536,True
AA_052026,164,205,42,177,878.0707034080473,32.47920192345929,0.64154635631162,0.6923510241927828,0.012,0.030000000000000002,0.03750305213307784,0.9813309320524156,13.877852345042232,0.282728022982868,0.6740884909818956,True
AA_052026,164,206,43,177,864.5342528200571,32.524998259579576,0.6508703535266972,0.6530463779927238,0.012,0.030000000000000002,0.03835889233627416,1.0128129085215618,13.946191858839601,0.3088121371364158,0.6748492092799188,True
AA_052026,164,207,44,177,851.2325099033935,32.50418821229483,0.6614619813312596,0.6508608393013564,0.012,0.030000000000000002,0.038082499606170654,1.0269140834341484,14.126873494859883,0.3063485004164851,0.6794196449302056,True
AA_052026,164,208,45,177,838.1342773150743,32.51213167820085,0.6713409992572084,0.6483527510432051,0.012,0.030000000000000002,0.03803793648572049,0.9198338246452623,14.156332522058676,0.3047467182580406,0.6850569850469512,True
AA_052026,164,209,46,177,825.2927223487526,32.498890699720356,0.6819144495312939,0.6785875613739842,0.012,0.030000000000000002,0.04024125451145022,0.9177837697560847,14.273439750837131,0.30566117901156664,0.672941640182197,True
AA_052026,164,210,47,177,812.749419104869,32.49955489759342,0.692031766054517,0.6989552716570135,0.012,0.030000000000000002,0.04209149938831164,0.9616054203892679,14.392011291173462,0.3206425850942044,0.6818214057586407,True
AA_052026,164,211,48,177,800.5301895544782,32.56165677054936,0.7012807652411005,0.6742803211684831,0.012,0.030000000000000002,0.04211303131162546,0.9429730498933085,14.425784037894475,0.32653379339979094,0.6877154589918665,True
AA_052026,164,212,49,177,788.5566672494492,32.53691144808443,0.7123486013549214,0.6697132540919477,0.012,0.030000000000000002,0.04186959570307014,0.947426912929503,14.450024701729625,0.329804664767313,0.6875519926129643,True
AA_052026,164,213,50,177,776.9696342136095,32.56917632623881,0.7221995544072579,0.6725063650584596,0.012,0.030000000000000002,0.04252322873333784,0.9665818213526762,14.622948427193824,0.321726212928106,0.6771964219354732,True
AA_052026,164,214,51,177,765.5685624379531,32.518276072083324,0.7339145249326938,0.6581017877300424,0.012,0.030000000000000002,0.0420174717246586,0.9183879888308869,14.679826886539349,0.32799118398871974,0.6844766587696496,True
AA_052026,164,215,52,177,754.4684047537841,32.52843613635689,0.744493333461693,0.6687616711438558,0.012,0.030000000000000002,0.04299815680139393,0.9114179340531803,14.702424481808475,0.3309563359982175,0.686818361072515,True
AA_052026,165,177,13,177,836.349137670704,32.82270174326366,0.6624062763300574,0.49898476223353977,0.012,0.030000000000000002,0.025658718036000408,0.6720210194546575,9.862211238858173,-0.005393352617324454,-0.06024057915373516,True
AA_052026,165,178,14,177,878.541891078148,32.766724473439325,0.6317805102068964,0.5167007941926715,0.012,0.030000000000000002,0.024885036563533802,0.6867419384019987,10.088673303129994,-0.0560236943822732,0.013291767036717334,True
AA_052026,165,179,15,177,916.5324595443079,32.681386534073425,0.6073810822828016,0.5383245859444807,0.012,0.030000000000000002,0.02299524336152534,0.7447370040320062,10.231828157368062,-0.11822519996479915,0.2430658465515189,True
AA_052026,165,180,16,177,949.9114718335328,32.60697987026639,0.5872667192421982,0.5822711729313244,0.012,0.030000000000000002,0.023696958625797654,0.7672162747097215,10.291872468080125,-0.10361672782663328,0.17978355123518786,True
AA_052026,165,181,17,177,979.1042909938959,32.46544953249991,0.5722345509722622,0.6219893653529056,0.012,0.030000000000000002,0.025635078500250777,0.6590645056380736,10.302292486540898,-0.10193413110221558,0.20336462669850427,True
AA_052026,165,182,18,177,1003.8138813905983,32.58178157741365,0.5563019972890667,0.6143161285072455,0.012,0.030000000000000002,0.027698049117725897,0.6274670190439172,10.292564504723742,-0.10166756446182604,0.20397760373360718,True
AA_052026,165,183,19,177,1024.1621379221217,32.673584382858444,0.5438942848257771,0.6260820750595181,0.012,0.030000000000000002,0.028026369498382782,0.5756670366298537,10.68146270172704,-0.12147441699306875,0.2824328238477702,True
AA_052026,165,184,20,177,1040.4998559958747,32.50572805250877,0.5383886028417416,0.6439330762863684,0.012,0.030000000000000002,0.03257816861507535,0.5159251157774541,10.77085176103727,-0.11616672268266251,0.46214509975992224,True
AA_052026,165,185,21,177,1053.1201465910633,32.48485908819374,0.5325607821489987,0.5995428959710495,0.012,0.030000000000000002,0.030875231505642985,0.4517365185226377,11.120683954994547,-0.08994805827070078,0.5178427973410923,True
AA_052026,165,186,22,177,1061.8876934649497,32.3804974229869,0.5303665213984655,0.6279654835952405,0.012,0.030000000000000002,0.03221264337667132,0.43130785033644675,11.276341493635757,-0.034403445946383684,0.6332257773942936,True
AA_052026,165,187,23,177,1067.5859282457727,32.330969640099056,0.5285015663601048,0.5891667056904706,0.012,0.030000000000000002,0.03307113735199264,0.41970715669446457,11.357046095627517,-0.030950942819327188,0.6667369541351883,True
AA_052026,165,188,24,177,1070.044857755223,32.46046482200511,0.5253947693502171,0.5403749292063128,0.012,0.030000000000000002,0.033316629962663026,0.42977362800473573,11.425082887270671,-0.024069225300995548,0.6840509648017117,True
AA_052026,165,189,25,177,1069.8115771070336,32.42248562393725,0.5264328148705889,0.5443607757089376,0.012,0.030000000000000002,0.031489483407464366,0.48982244195427027,11.59267612656996,0.0105494005703556,0.6605116395452345,True
AA_052026,165,190,26,177,1067.009726926986,32.3284251725224,0.5294561139237637,0.5450831426295147,0.012,0.030000000000000002,0.03243778217639171,0.4949957315694567,11.743745531148816,0.09908947668176665,0.6591411832521539,True
AA_052026,165,191,27,177,1062.2517504231841,31.926110751700598,0.47643437259534827,0.6517332356309601,0.012,0.031000000000000003,0.03335297665849699,0.5669833332457818,12.03463434070776,0.13476405952388992,0.6205167646512015,True
AA_052026,165,192,28,177,1055.4840478212889,31.898987043749653,0.48002191733084354,0.6621508450905057,0.012,0.031000000000000003,0.03241371431185339,0.5774148721050121,12.104247866581188,0.17627213280723888,0.6312470228653411,True
AA_052026,165,193,29,177,1047.0727656399386,31.945884095269292,0.48303742520322174,0.674714831297291,0.012,0.031000000000000003,0.032839121520947506,0.6701933987150352,12.199147554003844,0.16490016962039156,0.6324201600158177,True
AA_052026,165,194,30,177,1037.085671635471,31.951231690055305,0.4878211048778784,0.6408949032651233,0.012,0.031000000000000003,0.03148326013053856,0.7081932240538131,12.289453106160332,0.21906881552480278,0.6636507321926223,True
AA_052026,165,195,31,177,1025.9145027456082,31.950267095467705,0.49293244519604323,0.70602302511248,0.012,0.031000000000000003,0.03434754195242758,0.8057092993329222,12.325623426081329,0.2226277162153706,0.6717488348062216,True
AA_052026,165,196,32,177,1013.8798412012284,31.90004376598763,0.4995142435671265,0.712735164701543,0.012,0.031000000000000003,0.03629808437673702,0.8166878050911274,12.453465067643048,0.22718450940524695,0.6663773187309191,True
AA_052026,165,197,33,177,1000.966080967956,31.965298641182045,0.5049417319420989,0.7424185818678511,0.012,0.031000000000000003,0.03686690370126112,0.9040659404700645,12.703457832767509,0.2879754181733336,0.6729182686746799,True
AA_052026,165,198,34,177,987.5256611507696,32.32603783657935,0.5724257121655928,0.6695450004704643,0.012,0.030000000000000002,0.0344979197675246,0.9612601758602087,13.000205333043107,0.2806967276343484,0.6628193528010313,True
AA_052026,165,199,35,177,973.6205726903405,32.36136366222026,0.5800251085763394,0.6649986891664968,0.012,0.030000000000000002,0.0331176828532759,1.0333726095001647,13.127680328345571,0.2791963844950873,0.6714871651700816,True
AA_052026,165,200,36,177,959.4827634186811,32.38988774655226,0.5881730206324552,0.6413613498837166,0.012,0.030000000000000002,0.032314427586709056,0.9832400563648442,13.15618072061072,0.27968908476152904,0.6715202425037556,True
AA_052026,165,201,37,177,945.2162824855319,32.40351473427813,0.5968643763213901,0.6509051316901389,0.012,0.030000000000000002,0.0334905895016569,1.0483546330231759,13.3466272935155,0.27258992490616135,0.6443937984452021,True
AA_052026,165,202,38,177,930.8447611453811,32.423329037340146,0.6061363689280249,0.6424250478972628,0.012,0.030000000000000002,0.033575479203129886,1.1043274591913421,13.69722186978429,0.269784003376585,0.6555720386885456,True
AA_052026,165,203,39,177,916.5293311604712,32.399674242904716,0.616288032991502,0.6200892785431541,0.012,0.030000000000000002,0.034333451412648514,1.02568909804943,13.744181762620537,0.2823699599512964,0.6706758389241709,True
AA_052026,165,204,40,177,902.3908659176777,32.46074329800885,0.6244363137282759,0.6641213463221788,0.012,0.030000000000000002,0.03476207763725244,0.9829074585079939,13.775123135774752,0.2798749009401818,0.6710720207944227,True
AA_052026,165,205,41,177,888.2970372996307,32.517380718523896,0.6334270841689723,0.663855927766658,0.012,0.030000000000000002,0.035997871294948545,1.014158413903545,13.823550071017126,0.28477496896893517,0.6720262527348486,True
AA_052026,165,206,42,177,874.321925921589,32.563536739217014,0.6428359756684395,0.6261224541980094,0.012,0.030000000000000002,0.036867240441963094,1.0181741862246334,13.889568753583388,0.31073563566488893,0.6732257443705778,True
AA_052026,165,207,43,177,860.601607067118,32.54259534720514,0.6535027986067534,0.6264667389972169,0.012,0.030000000000000002,0.03659423192181379,0.926203825227421,14.070556516543325,0.307623486114742,0.6778831598710018,True
AA_052026,165,208,44,177,847.1029568661537,32.55070183754681,0.6634601704260862,0.6251980759583607,0.012,0.030000000000000002,0.03655565944906086,0.924485659657935,14.099024334694457,0.30673847791607756,0.6829689199614328,True
AA_052026,165,209,45,177,833.87913275112,32.537218543418696,0.6741119231646615,0.6544871756634609,0.012,0.030000000000000002,0.03876725675937561,0.9434748733498672,14.217518281413318,0.30760522600023327,0.6700862224061975,True
AA_052026,165,210,46,177,820.9720541867368,32.53791071609355,0.6843051661346333,0.6751749050541623,0.012,0.030000000000000002,0.04063001458014572,0.9637464124855247,14.347027862167806,0.3218861882314457,0.6780537555168112,True
AA_052026,165,211,47,177,808.4063717032144,32.60041904904552,0.6936373610338069,0.6533571312784683,0.012,0.030000000000000002,0.040658403820146606,0.9738898459916003,14.381500848421199,0.32793382562065876,0.6843217699673408,True
AA_052026,165,212,48,177,796.10148922319,32.57537507410831,0.7047797503656291,0.6477334605148606,0.012,0.030000000000000002,0.040409470712571616,0.9501833644776813,14.40498507073113,0.3303096656198554,0.684220571565968,True
AA_052026,165,213,49,177,784.2002418018316,32.60779597434596,0.7147096094682177,0.6501169505688457,0.012,0.030000000000000002,0.04107264986088279,0.9238244460995244,14.582708904491575,0.32053021011480515,0.6721204121355251,True
AA_052026,165,214,50,177,772.4977304648376,32.55656632589384,0.7264926018527312,0.6356567768932335,0.012,0.030000000000000002,0.040561196291515576,0.9200480872651093,14.640999401033472,0.32650184217405387,0.6795985303976252,True
AA_052026,165,215,51,177,761.1100957877399,32.566826115495566,0.7371441080980126,0.646928942815471,0.012,0.030000000000000002,0.04155046415391935,0.8676951400393177,14.664211769121492,0.3293641355924979,0.6819131606411393,True
AA_052026,166,177,12,177,853.7736179595327,32.881548326745026,0.6471781877050462,0.48697680103699953,0.012,0.030000000000000002,0.027707035762404644,0.6813271931662989,9.806564661710079,-0.004698049875456337,-0.06163177170933435,True
AA_052026,166,178,13,177,896.5238291435736,32.818721609190845,0.6176726970019493,0.5029675855612042,0.012,0.030000000000000002,0.02673258644352878,0.7180250562809443,10.034381646596286,-0.05392727176081712,0.009618190807647246,True
AA_052026,166,179,14,177,934.8887469746388,32.727218019481874,0.5942303239019604,0.5166140869022657,0.012,0.030000000000000002,0.024672640173456453,0.7417986512181732,10.18434364182663,-0.11895501600710161,0.24553252534746461,True
AA_052026,166,180,15,177,968.4625709273183,32.64714857354496,0.5749583415527686,0.5712565318460631,0.012,0.030000000000000002,0.025253603358539475,0.6747149701802622,10.245657802910022,-0.10513601645858231,0.18018013827185053,True
AA_052026,166,181,16,177,997.7118613972746,32.499822542001255,0.5606606335932719,0.6147900607572003,0.012,0.030000000000000002,0.02661709531411484,0.6717319918935823,10.257297404608762,-0.10221818013573272,0.2082891827893871,True
AA_052026,166,182,17,177,1022.3549956853132,32.61564223755645,0.545375569195743,0.6366252165072578,0.012,0.030000000000000002,0.028622401193161173,0.640121953460337,10.249755588747146,-0.10277610440527785,0.20842782032787055,True
AA_052026,166,183,18,177,1042.5198128486925,32.707257074851064,0.5335243525425729,0.6352110974388329,0.012,0.030000000000000002,0.028904567870856233,0.5668038185173325,10.63857863845933,-0.12275927577380835,0.2808315223677908,True
AA_052026,166,184,19,177,1058.5887340433917,32.20701768705971,0.47259471761863564,0.7036828969437156,0.012,0.031000000000000003,0.033837536214171286,0.5158152191220227,10.72076385000689,-0.12380996188116597,0.44713489041010734,True
AA_052026,166,185,20,177,1070.8642795502342,32.51283315217532,0.5230657019643271,0.5901385237557754,0.012,0.030000000000000002,0.03172991246141313,0.45543110442827317,11.042318047528171,-0.11238422015599096,0.506642286821775,True
AA_052026,166,186,21,177,1079.2171753216594,32.40568601821709,0.5212363311967622,0.6107207496583825,0.012,0.030000000000000002,0.03306690740592088,0.4265351142036449,11.185767928441656,-0.05836803112235678,0.6212765298343985,True
AA_052026,166,187,22,177,1084.4557648177874,32.35489906393838,0.5196996921021447,0.5738806639989703,0.012,0.030000000000000002,0.03391151004009218,0.43676279067667506,11.275655981255774,-0.052392358134094416,0.654255990753332,True
AA_052026,166,188,23,177,1086.404366842827,32.485275763870455,0.5169045201997866,0.5178294263845101,0.012,0.030000000000000002,0.03411845371803851,0.494687264207746,11.357710478207037,-0.041040742698273805,0.673369600715155,True
AA_052026,166,189,24,177,1085.634280565337,32.44566586437359,0.518212310704212,0.5214001778138424,0.012,0.030000000000000002,0.03224031012038254,0.4865660171609077,11.534299243451873,-0.0028320040142865207,0.6521679985073148,True
AA_052026,166,190,25,177,1082.2660082584011,31.998348207535177,0.4663626461477367,0.6018097926881985,0.012,0.031000000000000003,0.03354303392240142,0.5282043848450793,11.665636018829634,0.08014598081429242,0.6578333037249338,True
AA_052026,166,191,26,177,1076.929258004236,31.947374502229508,0.46949054797561895,0.6267697398555093,0.012,0.031000000000000003,0.0341028183774558,0.5803714719185772,11.949923268315516,0.11881755321768626,0.6158764905668529,True
AA_052026,166,192,27,177,1069.5710834341137,31.919251683547085,0.4732641971514427,0.6316889242242288,0.012,0.031000000000000003,0.03313381291295804,0.6850253073088228,12.005149053772895,0.15476009528144508,0.6289600423943288,True
AA_052026,166,193,28,177,1060.5680708131156,31.966590530683355,0.47644757787681447,0.6441887229109339,0.012,0.031000000000000003,0.03355066378146331,0.6901658417871952,12.110548540234046,0.14397715714224202,0.6237868506300568,True
AA_052026,166,194,29,177,1049.9848526090564,31.97164025876925,0.48138889045639366,0.6142813768563702,0.012,0.031000000000000003,0.03216593240958902,0.8327583337680149,12.209327635536875,0.20393370573431888,0.6571070479111855,True
AA_052026,166,195,30,177,1038.222951438853,31.97016860200898,0.48665092404897586,0.6766067586274016,0.012,0.031000000000000003,0.03504896654986053,0.8190696345417349,12.238762480537183,0.2080807881999663,0.6660433271901944,True
AA_052026,166,196,31,177,1025.607672691664,31.91915741410293,0.4933726307352092,0.6813514417236277,0.012,0.031000000000000003,0.03701747076323661,0.8962548903601447,12.354699019301709,0.2169338214560127,0.6692062307814358,True
AA_052026,166,197,32,177,1012.12253171821,31.985025995880733,0.49893408424818725,0.7138812989905868,0.012,0.031000000000000003,0.03758608854580722,0.9293476538256147,12.584175957835557,0.277559813584785,0.6820597971717688,True
AA_052026,166,198,33,177,998.1270271834385,31.975724118096853,0.5062207751829155,0.7022113675039598,0.012,0.031000000000000003,0.035586430688047614,1.040683500769379,12.86179820824749,0.2810941331146116,0.6795211385103,True
AA_052026,166,199,34,177,983.6823326614194,32.38022791167372,0.5735943996040267,0.6210019630008012,0.012,0.030000000000000002,0.03377461372824281,1.0655073821660728,12.993779282017437,0.2808067989633831,0.687540833736026,True
AA_052026,166,200,35,177,969.0238743617964,32.408486156777116,0.5818842717457142,0.5981680573168096,0.012,0.030000000000000002,0.032949171692664626,1.038439744108035,13.023718475366035,0.2805082392542989,0.6870439855351672,True
AA_052026,166,201,36,177,954.2561906019249,32.42229022359729,0.5907032477445121,0.609247024011115,0.012,0.030000000000000002,0.03413401120943951,1.0728954729028501,13.209376214365774,0.2773198958133061,0.6600270314320874,True
AA_052026,166,202,37,177,939.402601847868,32.44217569428403,0.6001048909740627,0.6036762794761653,0.012,0.030000000000000002,0.03421712062759356,1.0504209696816647,13.56113374051798,0.27563467685323556,0.6718539416960952,True
AA_052026,166,203,38,177,924.6254048993072,32.41816741034027,0.6103840192497738,0.5836541439826579,0.012,0.030000000000000002,0.034983665480225364,1.043456815588137,13.60955452373178,0.28767578026927315,0.6860483486129341,True
AA_052026,166,204,39,177,910.0470060459089,32.47975486808755,0.6186573733527332,0.6270735970242982,0.012,0.030000000000000002,0.03541625069925251,1.0201479508822413,13.641709491605987,0.28488927575316897,0.6861649610769659,True
AA_052026,166,205,40,177,895.5312220028122,32.536665947335635,0.6277753940292335,0.6260598249970704,0.012,0.030000000000000002,0.03665571380972327,1.0243169508475085,13.691481340246186,0.2903027586038897,0.6866144534588083,True
AA_052026,166,206,41,177,881.1519570173069,32.583320138304856,0.6373036788946622,0.5938836690571957,0.012,0.030000000000000002,0.03753270512463222,0.9352619872338139,13.753360467477984,0.3166123394914789,0.6895116321578969,True
AA_052026,166,207,42,177,867.0472090917272,32.56211439178831,0.6480911921779696,0.596942040960081,0.012,0.030000000000000002,0.037252342194426386,0.9332468175350349,13.945991957310927,0.3131622325760805,0.6868177538913486,True
AA_052026,166,208,43,177,853.1819247688236,32.57031303507148,0.6581676239620309,0.5980335097010675,0.012,0.030000000000000002,0.037214560469579466,0.9450646145377642,13.974450640641622,0.3125414831263062,0.6922814565840338,True
AA_052026,166,209,44,177,839.609124437496,32.55665237629969,0.6689391158849702,0.6292391095893133,0.012,0.030000000000000002,0.03944881413029131,0.9486308011089631,14.09734610536999,0.31308479320111665,0.6775206981113941,True
AA_052026,166,210,45,177,826.3711122975072,32.55763646031877,0.6792430053718723,0.6541971664632777,0.012,0.030000000000000002,0.04133350508194509,0.995779087525846,14.232639749901702,0.32743566749270614,0.6841161071659587,True
AA_052026,166,211,46,177,813.491386414553,32.62072694387397,0.688692479017381,0.6317969736074813,0.012,0.030000000000000002,0.041359908929472354,0.9805341591642536,14.261433020962427,0.33253394911366596,0.6900063079186725,True
AA_052026,166,212,47,177,800.8873274779917,32.5951669233952,0.6999595577830594,0.6263931547569728,0.012,0.030000000000000002,0.04110375507459011,0.9110539970504132,14.284522708080424,0.3346441126032307,0.690036157770568,True
AA_052026,166,213,48,177,788.7036142733218,32.62795273546756,0.7100041494664276,0.6286250611002417,0.012,0.030000000000000002,0.041771948461355526,0.9288753542459192,14.47949803972868,0.32173717086070575,0.6723874412079616,True
AA_052026,166,214,49,177,776.7309040915022,32.57625302055158,0.7219066352407018,0.6176188838731563,0.012,0.030000000000000002,0.04125595672982986,0.8748567466571222,14.543220471064217,0.3263983225624579,0.6799229966020844,True
AA_052026,166,215,50,177,765.0866152621079,32.58672069105001,0.7326725961621522,0.6320075443001828,0.012,0.030000000000000002,0.04225853330645693,0.869928673632303,14.568375647181423,0.3301983216757883,0.6824689898055109,True
AA_052026,167,177,11,177,865.2856037070833,32.853943497019195,0.6381882158128738,0.49870820735776145,0.012,0.030000000000000002,0.02638357029019451,0.737767619827654,9.725252528486525,-0.030943130676747213,-0.03239603944346217,True
AA_052026,167,178,12,177,908.893301670369,32.79154424884302,0.6090096434884664,0.531819597303522,0.012,0.030000000000000002,0.02553048304640988,0.7110795431638008,9.933650056728023,-0.07547810422113752,0.03373795309750223,True
AA_052026,167,179,13,177,947.8879803058502,32.69945165750892,0.5859281681230025,0.5599805228786505,0.012,0.030000000000000002,0.023503746426003832,0.5689849321233548,10.025328110916744,-0.11867379055395358,0.24351524776278857,True
AA_052026,167,180,14,177,981.8728563251366,32.620454482066265,0.5669914246668744,0.624191494970218,0.012,0.030000000000000002,0.024196630535274342,0.6214162160408209,10.116070822958127,-0.10810066589984987,0.1826567263405784,True
AA_052026,167,181,15,177,1011.3647716971666,32.471191225181265,0.5530716440835718,0.6773214917898202,0.012,0.030000000000000002,0.022288742173668316,0.6580511820262267,10.131385178292112,-0.10561676167156281,0.21919573282352517,True
AA_052026,167,182,16,177,1036.1025707278118,32.592204702291376,0.5380793859110793,0.6954120782212081,0.012,0.030000000000000002,0.024629897232545946,0.5919851449071283,10.127199054848148,-0.11168933273338955,0.21733286488880502,True
AA_052026,167,183,17,177,1056.2244589395566,32.6878821823292,0.5265140892967795,0.6988563405413162,0.012,0.030000000000000002,0.025164336888181572,0.5332596808386009,10.51208894859871,-0.12387755163946562,0.2766071868956822,True
AA_052026,167,184,18,177,1072.1485376504793,32.25287377270206,0.46593047449970393,0.7260295632926184,0.012,0.031000000000000003,0.03023189121791317,0.4923274288081377,10.547395008465386,-0.13466781406006892,0.39489555871450327,True
AA_052026,167,185,19,177,1084.1899948195808,32.491121558782,0.5166334832783026,0.63935626473888,0.012,0.030000000000000002,0.02835594929406738,0.4002160648400086,10.915314017978174,-0.1212877871904593,0.4683905725821821,True
AA_052026,167,186,20,177,1092.2262660371928,32.38293266686355,0.515065836555351,0.6524601413324084,0.012,0.030000000000000002,0.029829656092205642,0.40705228302781005,11.00051527583534,-0.07719583995264259,0.5805715778002561,True
AA_052026,167,187,21,177,1097.094217224928,32.33194580522153,0.513775089743791,0.6125531743719979,0.012,0.030000000000000002,0.03079632900624173,0.49975875215528753,11.07244775696488,-0.07085216856481855,0.6215270325154109,True
AA_052026,167,188,22,177,1098.6124301068799,32.46561886355133,0.5111888846560174,0.5547044154736732,0.012,0.030000000000000002,0.031109867842643253,0.5006584586595205,11.140647060529991,-0.053249379698211606,0.6439464480298973,True
AA_052026,167,189,23,177,1097.379407161463,32.42561352522569,0.5127156109587545,0.5559013476779042,0.012,0.030000000000000002,0.029284894687386393,0.5308800518773013,11.346857417179985,-0.005622913240818865,0.620234750139011,True
AA_052026,167,190,24,177,1093.5128708775676,32.3286920742816,0.5161889806268056,0.5513213787480801,0.012,0.030000000000000002,0.030306005189865756,0.550620561421673,11.46519655552107,0.0830577489716387,0.6366120925273376,True
AA_052026,167,191,25,177,1087.661008328804,31.979846180227224,0.4643869301249024,0.6288751204550602,0.012,0.031000000000000003,0.031216804052533662,0.696829219722215,11.773467032165726,0.11913670159099551,0.6003207456573014,True
AA_052026,167,192,26,177,1079.7720324683958,31.950900554527177,0.4683327061844893,0.6415276193738967,0.012,0.031000000000000003,0.030281597008460615,0.7216811298734529,11.830470869042028,0.15802770792082532,0.6159374178709476,True
AA_052026,167,193,27,177,1070.2334825691594,31.998501558314448,0.47167739272420894,0.6484480801433359,0.012,0.031000000000000003,0.03075438016847461,0.8495756058179683,11.914828327593927,0.14900094995403657,0.6162417252382011,True
AA_052026,167,194,28,177,1059.1074345151478,32.002977622882725,0.4767831430362775,0.6154827055647467,0.012,0.031000000000000003,0.029389385955849365,0.8848077516236846,12.013508045889624,0.21551683858367723,0.6504397117903978,True
AA_052026,167,195,29,177,1046.8059817757812,32.00156560092722,0.48219202124277744,0.679840034928294,0.012,0.031000000000000003,0.03234950032611545,0.9357807455570264,12.047089240212092,0.22193377782307677,0.6595053397346764,True
AA_052026,167,196,30,177,1033.6595998396292,31.949411168748565,0.4890725614129421,0.6743840794394654,0.012,0.031000000000000003,0.034366045292470386,0.9419248083526263,12.196829542025533,0.23384706716390952,0.6503353669587415,True
AA_052026,167,197,31,177,1019.6507268770549,32.01599302259361,0.4947797807265606,0.7108098430643347,0.012,0.031000000000000003,0.034976242538623296,1.0066846553503757,12.44577527422754,0.2974287169748069,0.6606283332761771,True
AA_052026,167,198,32,177,1005.1465189618916,32.32631636786494,0.5620025744154806,0.654608004604745,0.012,0.030000000000000002,0.032647790946210606,1.0791496182558244,12.751828525344628,0.29307377933085227,0.6542237784441933,True
AA_052026,167,199,33,177,990.2074845145562,32.362438877013865,0.5699110590023262,0.641701174139123,0.012,0.030000000000000002,0.031246505346575026,1.1141694073613129,12.907013839613255,0.2885405450910935,0.6628279315020553,True
AA_052026,167,200,34,177,975.0727147788928,32.39137047608366,0.5783657983467234,0.6193544365716159,0.012,0.030000000000000002,0.03042552515496085,1.0654043855552018,12.937226962613392,0.2886036250222564,0.6624734214043156,True
AA_052026,167,201,35,177,959.8474450397418,32.405556161006906,0.587352372782788,0.62774268079706,0.012,0.030000000000000002,0.031651190266329385,1.0144141780070768,13.133486103667405,0.2848950524978763,0.6390433509009176,True
AA_052026,167,202,36,177,944.5546264559807,32.42585690455645,0.5969266211116557,0.6209552351415567,0.012,0.030000000000000002,0.031747830917360643,1.063327264436833,13.496724310181948,0.2811190955024684,0.6564240319052919,True
AA_052026,167,203,37,177,929.3577159692643,32.4015227594511,0.6073867527131404,0.5994506730517971,0.012,0.030000000000000002,0.0325284467208657,1.0765423962039065,13.541036903648232,0.29299471894202705,0.6692542187020527,True
AA_052026,167,204,38,177,914.3810292943607,32.46417271463015,0.6158157124451059,0.6447572587753279,0.012,0.030000000000000002,0.032983424562370633,1.03320004329792,13.574551047731104,0.28993370590238104,0.6694574354409748,True
AA_052026,167,205,39,177,899.4842179889027,32.521993336831954,0.6250964050306939,0.6445942549456636,0.012,0.030000000000000002,0.034252991248830425,0.9267574089690847,13.62476872665038,0.29532157966702594,0.6701378567284455,True
AA_052026,167,206,40,177,884.7411300547312,32.569352025101274,0.634791438914376,0.6109672763405102,0.012,0.030000000000000002,0.03515237523338342,0.9385499051859694,13.692202517365072,0.3230040329682066,0.6730091165274033,True
AA_052026,167,207,41,177,870.2916186890166,32.547898142499015,0.6457572409711474,0.6112349051441613,0.012,0.030000000000000002,0.03487172606142453,0.9575072572440502,13.86906663020828,0.32339072596353,0.6745638090845709,True
AA_052026,167,208,42,177,856.0988547302414,32.55621458423529,0.656005313393913,0.6127524588164256,0.012,0.030000000000000002,0.03483974817296845,0.9477904487407056,13.898350515607758,0.32251455826055986,0.6803133445152892,True
AA_052026,167,209,43,177,842.215725351549,32.54230134018853,0.6669559139227305,0.641821178381119,0.012,0.030000000000000002,0.03710779472382745,0.9726207300005075,14.0246056167953,0.3223158259895787,0.6640811907080262,True
AA_052026,167,210,44,177,828.6848286477087,32.54317720661026,0.6774336149972189,0.6640212114331855,0.012,0.030000000000000002,0.03902806676700658,0.996705819618839,14.159789909399494,0.3362023520981712,0.6718228891778683,True
AA_052026,167,211,45,177,815.5287219514668,32.60732357187486,0.6870413101217067,0.6430803130439688,0.012,0.030000000000000002,0.039062894828393924,0.937170561371301,14.18834173336045,0.34140674016937433,0.6774900545663849,True
AA_052026,167,212,46,177,802.6625956610304,32.581474743707744,0.6984885730810386,0.641039488904796,0.012,0.030000000000000002,0.03880692413494997,0.9110456983472152,14.21387463340248,0.34499473286961413,0.6775310625606535,True
AA_052026,167,213,47,177,790.2328943161808,32.61478834562881,0.7086981878894333,0.6422604799540289,0.012,0.030000000000000002,0.039491838295643004,0.8796810180985764,14.411972291938717,0.3328814126077092,0.6633877293997056,True
AA_052026,167,214,48,177,778.025831321797,32.56234825325322,0.7207908309161617,0.6308491350047832,0.012,0.030000000000000002,0.03896848447462693,0.8738437188611917,14.476256831284495,0.33777076515695503,0.6715923366729775,True
AA_052026,167,215,49,177,766.1601738515412,32.57283607234171,0.7317345604325044,0.6443074669943167,0.012,0.030000000000000002,0.03998914605726487,0.8233415280853282,14.500937684481814,0.34130403700501794,0.6740914283663352,True
AA_052026,168,177,10,177,869.6616213464941,32.74105703105455,0.6370301664760378,0.46230017834035925,0.012,0.030000000000000002,0.022519481378060018,0.6722176366469397,9.543005342572089,-0.012168002366726431,-0.01653785211112824,True
AA_052026,168,178,11,177,914.5349082137278,32.687353308818274,0.607094218737914,0.48973852730109363,0.012,0.030000000000000002,0.021997685503526574,0.49063047950378824,9.757815210674387,-0.06304551699445203,0.07148852254876914,True
AA_052026,168,179,12,177,954.5036330310161,32.6005258887513,0.5835752250636771,0.5006081728220391,0.012,0.030000000000000002,0.02021819955681279,0.5324412192662031,9.93387440289754,-0.12668535831950517,0.3246441940951401,True
AA_052026,168,180,13,177,989.1903774984686,32.52633836393216,0.5643721886568458,0.5522028950127532,0.012,0.030000000000000002,0.021199347013951236,0.6516904778027746,10.040505484912588,-0.1299916809326256,0.20510147757973732,True
AA_052026,168,181,14,177,1019.1757217236441,32.3786144108676,0.5503656514713243,0.6080914676152426,0.012,0.030000000000000002,0.01636801136053981,0.6415791341547226,10.057438794908917,-0.1259272237498886,0.2500450192660257,True
AA_052026,168,182,15,177,1044.2256420386561,32.51032550855487,0.5352174338679044,0.6212252283227668,0.012,0.030000000000000002,0.019209349339432424,0.6115679357385955,10.05485746769656,-0.13140492647956575,0.24753211623486102,True
AA_052026,168,183,16,177,1064.493597121352,32.61393026483912,0.523599043262755,0.6149814659189019,0.012,0.030000000000000002,0.02010430721317557,0.5279152239832058,10.459070445904851,-0.11983221582698704,0.30851392690335333,True
AA_052026,168,184,17,177,1080.43947458797,32.24555790693268,0.46266035159404634,0.6216991505704135,0.012,0.031000000000000003,0.025434780477900272,0.45853588669534356,10.512945296922945,-0.13008096166710778,0.42361984514354967,True
AA_052026,168,185,18,177,1092.3954192997412,32.41887237110788,0.5138874908786374,0.5593986742855156,0.012,0.030000000000000002,0.02383418849002197,0.398017534267049,10.886332042527334,-0.11767754804945624,0.47855936068408533,True
AA_052026,168,186,19,177,1100.247417501706,32.310487082714936,0.5124569367967773,0.5657028964631934,0.012,0.030000000000000002,0.025515226889958494,0.5086516736941465,10.972069314496053,-0.08362948037537817,0.5660574443797745,True
AA_052026,168,187,20,177,1104.8647768709827,32.26118424220499,0.5112851214424778,0.5344407621428541,0.012,0.030000000000000002,0.026664396820881935,0.5180134068162839,11.046789324477912,-0.07649543658480178,0.609452828770199,True
AA_052026,168,188,21,177,1106.0610570901863,32.40102209668252,0.5087683417773055,0.48632965077431295,0.012,0.030000000000000002,0.027147009720831262,0.5482749819042801,11.11440341310631,-0.06232469773031609,0.6282345089893219,True
AA_052026,168,189,22,177,1104.4647091644204,32.36192211895221,0.5104415823805414,0.4856567731293464,0.012,0.030000000000000002,0.025383580568849345,0.5445901655682284,11.319220524661665,-0.01637686456765563,0.6026126601794449,True
AA_052026,168,190,23,177,1100.1912751724838,32.02254337704808,0.45857940021057875,0.5148299139448537,0.012,0.031000000000000003,0.0267116403420553,0.6559461763737202,11.429450457754314,0.06463805632202958,0.6164560869002506,True
AA_052026,168,191,24,177,1093.9101281982148,31.9690004888474,0.46205049451774505,0.5437055113019553,0.012,0.031000000000000003,0.027443265155344176,0.7155978315148969,11.751558758874433,0.11571902814678937,0.5931628524232343,True
AA_052026,168,192,25,177,1085.5702607288692,31.939722947436618,0.4661528961503651,0.5599737584229805,0.012,0.031000000000000003,0.018766285904752766,0.8660214096166416,11.809194800028878,0.1538356103712507,0.6088259641869279,True
AA_052026,168,193,26,177,1075.571330904442,31.98871753545359,0.4696327003107763,0.571197329536822,0.012,0.031000000000000003,0.018490186747045684,0.8753099087236299,11.894996291386741,0.1447936530801679,0.6087533351368303,True
AA_052026,168,194,27,177,1063.973516697198,31.9935976033768,0.47489589874998417,0.5448192620654988,0.012,0.031000000000000003,0.017781265840533852,0.9871989354538063,11.991423436766295,0.2082901281112867,0.639661761824546,True
AA_052026,168,195,28,177,1051.199836590144,31.992324531574443,0.48046189150938984,0.6045797176116428,0.012,0.031000000000000003,0.0288469334100004,0.9716309294069324,12.022207264294364,0.21214115604469252,0.6449488121620885,True
AA_052026,168,196,29,177,1037.5870856502684,31.939258985149216,0.4875214347059214,0.5997887405901468,0.012,0.031000000000000003,0.030937408859886214,0.9968972124508165,12.152473830810054,0.22354595904809887,0.6373091990727151,True
AA_052026,168,197,30,177,1023.116825558838,32.007333900628474,0.49338130945208,0.6406401645517765,0.012,0.031000000000000003,0.03160876968294162,1.0402376335692838,12.389410262290388,0.2922134743946037,0.6511129006787462,True
AA_052026,168,198,31,177,1008.1643080859399,31.997294397649036,0.5009997342833981,0.636367798288093,0.012,0.031000000000000003,0.029596407904924644,1.110568785437235,12.691255421536042,0.29545543264580976,0.6517528941716288,True
AA_052026,168,199,32,177,992.7893518426231,32.30672945023799,0.5694139501844488,0.5992643418838776,0.012,0.030000000000000002,0.02795128151227933,1.139595058126213,12.844645357522285,0.29367622946686694,0.6630735652046686,True
AA_052026,168,200,33,177,977.2351670097707,32.33665311606049,0.5780680244131409,0.5746617605710979,0.012,0.030000000000000002,0.027138462853426897,0.990791744167594,12.877678796178756,0.2928019443280985,0.6615622153607588,True
AA_052026,168,201,34,177,961.6078335535748,32.35141422176343,0.587263388367925,0.5833999521579813,0.012,0.030000000000000002,0.02841107494327455,1.0290353045315965,13.07980326391394,0.28854350575917503,0.6322786203439905,True
AA_052026,168,202,35,177,945.9299855426453,32.37244514161717,0.5970555757465785,0.577903358771255,0.012,0.030000000000000002,0.028527259608474964,1.0963033168420107,13.448488356002253,0.2854172816839358,0.6502475147636704,True
AA_052026,168,203,36,177,930.3665221403113,32.34778805911388,0.6077538880748983,0.5565743817836675,0.012,0.030000000000000002,0.029335406067921094,1.0896387542282415,13.492712624310045,0.2977701336913686,0.6630475692411497,True
AA_052026,168,204,37,177,915.0435548329789,32.41180998513391,0.6163751255540512,0.598993400416993,0.012,0.030000000000000002,0.029825516878085684,0.9246758077794558,13.528003305097629,0.29395551056406205,0.6627703409257645,True
AA_052026,168,205,38,177,899.8165618419231,32.471055355364996,0.6258596806003582,0.5982810070646702,0.012,0.030000000000000002,0.031142209346550088,0.9357845594930241,13.57593614112581,0.29988651541534045,0.663754823959275,True
AA_052026,168,206,39,177,884.7594359183223,32.51959330239521,0.6357666780376056,0.5639051347042683,0.012,0.030000000000000002,0.032074540415196855,0.977480061966892,13.640854744844036,0.32739536111607503,0.6662818346395457,True
AA_052026,168,207,40,177,870.0141134480533,32.4977591034038,0.6469757968834877,0.5679208593881807,0.012,0.030000000000000002,0.031789274604317165,0.9675369231985737,13.817244698451402,0.33031132471045055,0.6680775055802397,True
AA_052026,168,208,41,177,855.5418460331676,32.506390171331326,0.6574486672655985,0.5709276367856806,0.012,0.030000000000000002,0.031768886456942806,0.9751726310439677,13.849347193578131,0.32927017031852895,0.6752343615448381,True
AA_052026,168,209,42,177,841.3953780153106,32.49228720513723,0.6686396753648085,0.602312832229829,0.012,0.030000000000000002,0.03408185109129565,0.9807888121364295,13.96462418123082,0.33153175722043166,0.6628321320115645,True
AA_052026,168,210,43,177,827.6177152185141,32.493126939241,0.679348748167844,0.6245929387220641,0.012,0.030000000000000002,0.0360437682194533,0.9533932864754889,14.100017340581417,0.3447897602452866,0.6687896725152402,True
AA_052026,168,211,44,177,814.2305287284594,32.55865741744678,0.6891625957019023,0.6041180572738637,0.012,0.030000000000000002,0.036097261335971687,0.943276450290596,14.128607916594095,0.3500374228103054,0.6741781945150899,True
AA_052026,168,212,45,177,801.1466660570732,32.532210552397785,0.7008641601879997,0.6004253048132165,0.012,0.030000000000000002,0.03583673782054376,0.8641912041157047,14.15494727452421,0.35386120347837297,0.6741913687150769,True
AA_052026,168,213,46,177,788.51461919042,32.56620085178106,0.7112944410324303,0.6028073200776053,0.012,0.030000000000000002,0.036541845396924004,0.8836161621880999,14.357548510870583,0.3421854985949599,0.6596002023491315,True
AA_052026,168,214,47,177,776.1159716289591,32.23499512390879,0.6456827296713472,0.5982882536736216,0.012,0.031000000000000003,0.03631526479182233,0.8375743739322311,14.426326589857727,0.34697733670148284,0.6683111105982165,True
AA_052026,168,215,48,177,764.0709037852781,32.52352136136158,0.7348345385429612,0.6086652765062593,0.012,0.030000000000000002,0.03705342975671774,0.8275730210776338,14.451245415749929,0.3505510913214459,0.6708889230454498,True
AA_052026,169,177,9,177,865.0328167467919,32.645441319965286,0.6415680294592849,0.4868372734390686,0.012,0.030000000000000002,0.023831202165772017,0.5037203350179675,9.494304366902554,-0.017622065110221158,-0.04806526770015884,True
AA_052026,169,178,10,177,911.7564390920983,32.59983294177728,0.6099792248184168,0.5312448290507422,0.012,0.030000000000000002,0.0231393769787516,0.4973555982116845,9.709583537323322,-0.06815686221014092,0.03515639697065554,True
AA_052026,169,179,11,177,953.1837551771815,32.51586759173493,0.585408032221405,0.5325712040188902,0.012,0.030000000000000002,0.021136664875499336,0.6289316385516488,9.859313242861424,-0.1183898447878279,0.26673409631150913,True
AA_052026,169,180,12,177,988.9779661456857,32.44726484941717,0.5654217511292465,0.5765702388517022,0.012,0.030000000000000002,0.022134839898607067,0.6737543762930955,9.940058069311103,-0.10616832088994822,0.1830843237290229,True
AA_052026,169,181,13,177,1019.802557260961,32.2989898730969,0.5509930422828733,0.6351090176345715,0.012,0.030000000000000002,0.015403758594819529,0.6487092946955366,9.96727482417908,-0.1039983561431323,0.22278176538280556,True
AA_052026,169,182,14,177,1045.4622208469602,32.44292587327649,0.535351913691988,0.6397792003167817,0.012,0.030000000000000002,0.018465573035715183,0.6188183001087132,9.966078185487374,-0.10591501957689234,0.22232576493188402,True
AA_052026,169,183,15,177,1066.1331408677745,32.55506106715688,0.5234348558279186,0.6311582422557129,0.012,0.030000000000000002,0.019441494557532295,0.47515583811168294,10.409678663708927,-0.12074391033560762,0.2857350756840824,True
AA_052026,169,184,16,177,1082.3265891800868,32.207579330770876,0.4621317872824664,0.6240367494748827,0.012,0.031000000000000003,0.024970733396464884,0.4456352049361876,10.458716968881735,-0.13718058496173555,0.3876015820497455,True
AA_052026,169,185,17,177,1094.3965833842014,32.22405872750402,0.45718461895646856,0.5454068593196797,0.012,0.031000000000000003,0.02345670129549172,0.49245319962392675,10.80895367765041,-0.13320173424445597,0.41981304586697726,True
AA_052026,169,186,18,177,1102.2417361300065,32.24827926447897,0.5122719017090697,0.551270157766001,0.012,0.030000000000000002,0.021477386599776303,0.5358660565223637,10.874304862791613,-0.10966313691231147,0.4850518992663904,True
AA_052026,169,187,19,177,1106.7681854894204,32.02222395449434,0.45537353127369623,0.5241388456769103,0.012,0.031000000000000003,0.026460126442317572,0.605125695189049,10.932645406341381,-0.10823911090958924,0.5172442350352462,True
AA_052026,169,188,20,177,1107.7871200156449,32.346301385479485,0.5086195640714725,0.4816581181110445,0.012,0.030000000000000002,0.026817427445074128,0.5972000202278976,11.008516818747802,-0.09413277088724366,0.5355223854649618,True
AA_052026,169,189,21,177,1105.9595717758918,32.3074794486513,0.5104049130955876,0.47530038778601225,0.012,0.030000000000000002,0.025002573364837577,0.6893575899317022,11.217384369462069,-0.048150426998255044,0.514590543005212,True
AA_052026,169,190,22,177,1101.40056920248,31.985568853053238,0.4584109810848057,0.5009581645910655,0.012,0.031000000000000003,0.026367017820171104,0.7120525937497587,11.335678473752536,0.035120177705916536,0.5320059505860736,True
AA_052026,169,191,23,177,1094.8026154397987,31.931063862771346,0.46203213538015137,0.5239382621205362,0.012,0.031000000000000003,0.02010613131455141,0.8961937828301529,11.672421668354374,0.09756303400176933,0.5252096655558344,True
AA_052026,169,192,24,177,1086.116875747509,31.901778134173455,0.46628729953996495,0.5481517186813437,0.012,0.031000000000000003,0.018960572087791776,0.9012140702740516,11.751642344516167,0.14560599803287994,0.5557912819309954,True
AA_052026,169,193,25,177,1075.7562483309794,31.95270690519367,0.4698940848327491,0.557923855660833,0.012,0.031000000000000003,0.01866313188768789,0.99961619532314,11.837465056027192,0.13484378598104335,0.5584841234333732,True
AA_052026,169,194,26,177,1063.7793401774811,31.958192431630952,0.4753275855343289,0.5271139967155054,0.012,0.031000000000000003,0.017923717765570103,1.0287404195129013,11.934702862409706,0.19923461899109626,0.5930933815007585,True
AA_052026,169,195,27,177,1050.6218728931722,31.95762533412503,0.4810595542421563,0.5877598546568875,0.012,0.031000000000000003,0.019830266956501738,1.0142483244991884,11.970161105550837,0.2036684417553909,0.5998174336901776,True
AA_052026,169,196,28,177,1036.627174293517,31.903305376595828,0.4883327996441065,0.5787746998642741,0.012,0.031000000000000003,0.02123308586288536,1.0251366329059786,12.11367986442347,0.21760950436803764,0.5958255595991726,True
AA_052026,169,197,29,177,1021.7760684363027,31.97343501609038,0.4943625640710878,0.6203452723673293,0.012,0.031000000000000003,0.021724606974680222,1.063991576320969,12.355988080550356,0.285131496720995,0.6140801002239221,True
AA_052026,169,198,30,177,1006.4530806242592,31.963361774390048,0.5021957298499912,0.616108099139426,0.012,0.031000000000000003,0.029338752826233088,1.130277909119379,12.680155710546085,0.2895102904321519,0.6354504850219331,True
AA_052026,169,199,31,177,990.7173103067141,32.0173507222954,0.5093524818516801,0.5992782345163197,0.012,0.031000000000000003,0.019738766529832336,1.0538928782212085,12.836171943761967,0.28902525125184986,0.6503904088338609,True
AA_052026,169,200,32,177,974.816581738687,32.03121686063546,0.5174613860979361,0.5813542198199322,0.012,0.031000000000000003,0.01843151327428098,1.0013019777201329,12.87013174453255,0.2882550100277966,0.6487574225445254,True
AA_052026,169,201,33,177,958.8580096130123,32.3049968813796,0.5895759573270088,0.5667680230332661,0.012,0.030000000000000002,0.028165702302262258,1.0576874166895736,13.07143870394299,0.2842119614272511,0.618082734349426,True
AA_052026,169,202,34,177,942.8638566282145,32.32661182097977,0.5996362957865765,0.5579159837013643,0.012,0.030000000000000002,0.028280420629957427,1.10202608208903,13.436366175800321,0.2793438047516997,0.6334173700040117,True
AA_052026,169,203,35,177,927.0010107642912,32.30144160966863,0.6106272802950296,0.5361929233957692,0.012,0.030000000000000002,0.029111391212053896,0.9600401250887063,13.48148928075591,0.29194130682578323,0.6461537332934321,True
AA_052026,169,204,36,177,911.3973968403412,32.36721177398316,0.6194734680529769,0.5774015821976713,0.012,0.030000000000000002,0.02365119435790585,0.924292236338373,13.51755911498325,0.2881303855196569,0.6457782129205577,True
AA_052026,169,205,37,177,895.9041498931342,32.428141293880884,0.6292043736619916,0.5732951103868072,0.012,0.030000000000000002,0.03097624550717871,0.9718582863359918,13.564468489664971,0.2931576614275973,0.6453506158584851,True
AA_052026,169,206,38,177,880.5953923064362,32.477916498400525,0.6393731692157832,0.5359784838522015,0.012,0.030000000000000002,0.03193149565890313,0.9783039677200954,13.627602709418975,0.31898589162478047,0.6466525165970067,True
AA_052026,169,207,39,177,865.6153194172815,32.45549465746469,0.6508854303770722,0.5393412232119273,0.012,0.030000000000000002,0.03163371756979447,0.9953660783206377,13.795464862015322,0.32150219137847597,0.6462577461315945,True
AA_052026,169,208,40,177,850.9232795281735,32.46447101981001,0.6616338272656127,0.5443608083825588,0.012,0.030000000000000002,0.03161075427635959,0.9769654990862511,13.828429982384034,0.32036083672979193,0.6537099294266775,True
AA_052026,169,209,41,177,836.572036184935,32.450141412284076,0.6731216553856137,0.5776341728944457,0.012,0.030000000000000002,0.03398696917654864,0.9287932073055952,13.943411062144488,0.32240256224086056,0.642035857863124,True
AA_052026,169,210,42,177,822.6048919939327,32.45093333165409,0.6841152049483885,0.5987958152040886,0.012,0.030000000000000002,0.03600330793368025,0.9539907412759805,14.081835137757375,0.3368031584331453,0.6488545887108045,True
AA_052026,169,211,43,177,809.0425755573183,32.51810442330596,0.69418120996223,0.5782176340082086,0.012,0.030000000000000002,0.03605444733958488,0.8998843511665074,14.108907484172592,0.34068719773245243,0.6527005485350426,True
AA_052026,169,212,44,177,795.7958263326251,32.4910319913474,0.7061962079936918,0.5751616176303901,0.012,0.030000000000000002,0.035791065604899024,0.865822230304024,14.136695987326185,0.34495504716778685,0.652868425440616,True
AA_052026,169,213,45,177,783.0152116471178,32.216640807715606,0.6400927670675479,0.5940181670113854,0.012,0.031000000000000003,0.036869020060149894,0.8468070450609835,14.33641087485725,0.33552515464880167,0.6393703297822666,True
AA_052026,169,214,46,177,770.4775176761989,32.20879616979799,0.6506922443889479,0.5732126608606283,0.012,0.031000000000000003,0.03625955662556394,0.8384412740860195,14.410109295170875,0.34118715422911644,0.6494289510735349,True
AA_052026,169,215,47,177,758.304488731227,32.21433776801454,0.6610408037762258,0.5873702400344291,0.012,0.031000000000000003,0.03735372097834079,0.8324262499488888,14.436388437566334,0.3454027800435317,0.6527515258870191,True
AA_052026,170,177,8,177,851.5780200999812,32.811856250347496,0.6481362951263172,0.5166847075963948,0.012,0.030000000000000002,0.022895084376507956,0.553392811606415,9.261849577774951,0.04854064964288197,-0.020914965182447984,True
AA_052026,170,178,9,177,900.8326284197146,32.74422840079893,0.6144757565026018,0.5739017015405544,0.012,0.030000000000000002,0.022314871989453863,0.6152080927669134,9.478636781763129,-0.017453435169486154,0.0478890157945469,True
AA_052026,170,179,10,177,944.2695302143325,32.64119545483226,0.588539218493589,0.6073103859164702,0.012,0.030000000000000002,0.020311211716230362,0.6380335561808369,9.693650574080449,-0.11748611240039553,0.2608449172214671,True
AA_052026,170,180,11,177,981.6233527929992,32.55836912867936,0.5675963330766104,0.6534179694538836,0.012,0.030000000000000002,0.02143138123900393,0.6490302134946507,9.867032027672566,-0.11648892662216813,0.10415771213461428,True
AA_052026,170,181,12,177,1013.6652228752484,32.39339339045968,0.5526191127246785,0.6890579348232535,0.012,0.030000000000000002,0.015556799151381067,0.6540514688237702,9.874474067536015,-0.11766170405269234,0.1271136142547482,True
AA_052026,170,182,13,177,1040.2544386012178,32.53780751557656,0.5363916171892952,0.7232860109248664,0.012,0.030000000000000002,0.018786458004629053,0.581200592036397,9.876127241270222,-0.12545989218393855,0.12570492424299182,True
AA_052026,170,183,14,177,1061.6019558429998,32.649204590633246,0.5241007425578477,0.7084861733856848,0.012,0.030000000000000002,0.019783458982698968,0.5079123196573531,10.253235203323772,-0.10146185771146503,0.20732555791288143,True
AA_052026,170,184,15,177,1078.279813933589,32.45557705999042,0.5193987862102369,0.6728946913710941,0.012,0.030000000000000002,0.025379451423449904,0.6095889562651212,10.259282297278876,-0.10461876373450484,0.21941891618488588,True
AA_052026,170,185,16,177,1090.6724591819025,32.434153320485315,0.5141490152536616,0.5709718513969664,0.012,0.030000000000000002,0.023819100378916918,0.56724646705524,10.440835907883427,-0.13843558323901967,0.30140730092508883,True
AA_052026,170,186,17,177,1098.6938285067301,32.31664901300328,0.512811802067299,0.5541123984863696,0.012,0.030000000000000002,0.025631715890562314,0.6645928264521547,10.458029042798215,-0.137301764240688,0.3164684189531678,True
AA_052026,170,187,18,177,1103.2938152559957,32.263507065119256,0.5117258856427497,0.5226308505722069,0.012,0.030000000000000002,0.02685581453017181,0.7000007768626212,10.495119170587124,-0.15025082476657814,0.36544710805837916,True
AA_052026,170,188,19,177,1104.2824727304887,32.4141344706204,0.5091533806105745,0.4885070229587182,0.012,0.030000000000000002,0.027361985054486275,0.7846921490337332,10.51714105693142,-0.15324966587762845,0.4061265714868824,True
AA_052026,170,189,20,177,1102.357094188252,32.371004654938076,0.511062158540664,0.4670779529132894,0.012,0.030000000000000002,0.025468448749803974,0.8058637370975402,10.615795007103083,-0.13854640226949133,0.5144792022772681,True
AA_052026,170,190,21,177,1097.6339357582958,32.022531088748394,0.45932743329385556,0.49712376676599973,0.012,0.031000000000000003,0.026877562540244107,0.982144203494494,10.645501918284381,-0.11098597216305064,0.6069733861832225,True
AA_052026,170,191,22,177,1090.8319523432187,31.965370865503775,0.46309322350824583,0.5132009649506664,0.012,0.031000000000000003,0.027647936443102338,1.0429064263093608,10.90756614023051,0.0137886637025745,0.6173248073681403,True
AA_052026,170,192,23,177,1081.9048509037616,31.934235096763835,0.46750826636138937,0.5458040069029235,0.012,0.031000000000000003,0.018842379511386616,1.1108900211745936,11.019799721010493,0.12123511701121206,0.6716934156635448,True
AA_052026,170,193,24,177,1071.2801747795004,31.986612320298953,0.4712343426016814,0.5520631047285347,0.012,0.031000000000000003,0.018544842140263335,1.119309306629873,11.110431763318124,0.11144271975452164,0.6861518407330365,True
AA_052026,170,194,25,177,1059.0157797144343,31.991751622292988,0.4768486100088209,0.5143333776151819,0.012,0.031000000000000003,0.017786458115225362,1.1379697194526748,11.274742856337998,0.22951092986582813,0.7143649210626224,True
AA_052026,170,195,26,177,1045.560984640939,31.9904238049113,0.48276753017511276,0.5670307458724033,0.012,0.031000000000000003,0.019739159642299234,1.1208963335845152,11.302498588371922,0.2307777203985349,0.7154493242689737,True
AA_052026,170,196,27,177,1031.2668369776986,31.93365448708176,0.4902776444371113,0.5490528642095002,0.012,0.031000000000000003,0.02118932461829161,1.0969797850105552,11.418831302795642,0.2502403936312879,0.7446630802121554,True
AA_052026,170,197,28,177,1016.1137559269389,32.005781642424935,0.49648766404138056,0.5882854965759972,0.012,0.031000000000000003,0.03200120189632657,1.1532050239703195,11.733472622521143,0.3108486536243884,0.7063485152781676,True
AA_052026,170,198,29,177,1000.4957750879735,31.995180091599096,0.5045585548776368,0.5757903364462676,0.012,0.031000000000000003,0.029864755863149364,1.0852486995676796,12.192338303096413,0.26955258979219626,0.687347139787988,True
AA_052026,170,199,30,177,984.4719973319443,32.311726684417934,0.573902483544709,0.533207633838259,0.012,0.030000000000000002,0.028144853831794894,1.1222010627448349,12.352111247448901,0.2788448996208512,0.7065591448470899,True
AA_052026,170,200,31,177,968.2953586246218,32.343874872295295,0.5830398300460653,0.5203161145348499,0.012,0.030000000000000002,0.022375063333401408,1.0739205200933823,12.386271202743865,0.2755385938791231,0.6999588595181132,True
AA_052026,170,201,32,177,952.0737680058654,32.35908496655474,0.5927653034096808,0.5114207245186165,0.012,0.030000000000000002,0.028648361444365195,1.1089006134585528,12.534055109499683,0.2815305262432014,0.7103121254563459,True
AA_052026,170,202,33,177,935.8296713762036,32.380797241668205,0.6031260220757159,0.501032916713652,0.012,0.030000000000000002,0.028761004704663196,1.012892909888202,12.939909767511944,0.2803081584025533,0.7025646640225867,True
AA_052026,170,203,34,177,919.7320140864739,32.35475341405789,0.6144387720096887,0.48297710831944846,0.012,0.030000000000000002,0.02961656123047193,1.0014670522132185,12.984755065483386,0.295271432728303,0.7174310626180712,True
AA_052026,170,204,35,177,903.9107607095945,32.422294955535655,0.6235303758721837,0.5256799305730971,0.012,0.030000000000000002,0.03012844327867539,0.9910438570509187,13.014963618522359,0.29434813871089893,0.718046786582498,True
AA_052026,170,205,36,177,888.2125602350825,32.48440807143938,0.633545667420556,0.5177518830150538,0.012,0.030000000000000002,0.031520818355021275,1.0076645247474838,13.059455074186273,0.2980184571756004,0.7178561525832687,True
AA_052026,170,206,37,177,872.7119754162636,32.53538228413438,0.6440055971098185,0.48346983853262165,0.012,0.030000000000000002,0.03250425716370166,1.0343428041779839,13.141927429340916,0.3299623544629363,0.714819750208235,True
AA_052026,170,207,38,177,857.5554955281987,32.51197220479972,0.6558561371372169,0.48220096617733477,0.012,0.030000000000000002,0.03219291507477688,1.0223957614882688,13.361234610229696,0.32663521042946303,0.7020228438492124,True
AA_052026,170,208,39,177,842.7005705201681,32.521487992369856,0.6669016572037314,0.4935524421580657,0.012,0.030000000000000002,0.03216997752628725,0.9438288153230696,13.408580871436362,0.3220807483342497,0.7109865295612883,True
AA_052026,170,209,40,177,828.200112284563,32.50655761645346,0.6787221111767469,0.5246454093941221,0.012,0.030000000000000002,0.034611914741740836,0.9465556538909717,13.546903109702559,0.32382953940261794,0.6938100001399871,True
AA_052026,170,210,41,177,814.0976113884959,32.507261375473895,0.6900276900697822,0.5426416208089789,0.012,0.030000000000000002,0.03668686174437691,0.9169472701296565,13.657255812782005,0.3402571303033341,0.7154056197699139,True
AA_052026,170,211,42,177,800.4134612844202,32.576225471751435,0.7003741531411215,0.52368321720671,0.012,0.030000000000000002,0.03673027222690461,0.912241145062237,13.69747310877479,0.34948501748981686,0.7181526412725219,True
AA_052026,170,212,43,177,787.0556738673773,32.54810735063355,0.7127409695369726,0.5226636849891917,0.012,0.030000000000000002,0.0364512529531267,0.8332031092434936,13.72424519056169,0.35308685725614075,0.7197555405315387,True
AA_052026,170,213,44,177,774.177146438991,32.253819707034495,0.6464832112729979,0.5501988200389761,0.012,0.031000000000000003,0.037586406962214484,0.8546604294984904,13.934630209747025,0.3445485016769,0.7080534088507054,True
AA_052026,170,214,45,177,761.5497012250561,32.24593895286324,0.6573892164673578,0.5286805420713672,0.012,0.031000000000000003,0.036960165679096824,0.8509229316032114,13.991317653510961,0.3513696519846409,0.7227534890272744,True
AA_052026,170,215,46,177,749.2970394092292,32.25181667879627,0.668034019530138,0.5463843263273855,0.012,0.031000000000000003,0.038094200673981386,0.839517964982057,14.01630413344388,0.35513922433650713,0.7266271547346858,True
AA_052026,171,177,7,177,827.7831656784081,32.427383050558355,0.6742714171245385,0.46431479125720065,0.012,0.030000000000000002,0.02518302966479921,0.5765805399050751,9.150407987835043,0.057841138611598335,-0.08245511475134444,True
AA_052026,171,178,8,177,880.4962547456317,32.404761507854154,0.6349880176259669,0.5123641866387505,0.012,0.030000000000000002,0.024246218142473026,0.5944841169951708,9.447474980937535,-0.016380491735256117,0.037890723738564336,True
AA_052026,171,179,9,177,926.6742078490227,32.33144558476092,0.6052818036940509,0.5600919149599088,0.012,0.030000000000000002,0.021780427379523373,0.5479630549375932,9.615206524978401,-0.10050133596407337,0.25542568424602885,True
AA_052026,171,180,10,177,966.1747569767816,32.257086569427905,0.5163482454983576,0.583306865671827,0.012,0.031000000000000003,0.020088525599627875,0.6003998142475154,9.797525040071616,-0.08766647110026551,0.14431395401707475,True
AA_052026,171,181,11,177,999.9186599119507,32.13036213328348,0.5010262487732504,0.6322364024174499,0.012,0.031000000000000003,0.016709458366280638,0.5321243068338927,9.808271081616809,-0.08769684391040065,0.16729165453736092,True
AA_052026,171,182,12,177,1027.8407812402133,32.22013294317246,0.4860432045986105,0.6550473073074159,0.012,0.031000000000000003,0.020565308192576147,0.5337248542365177,9.812445358233493,-0.09771021848930948,0.1670477460196143,True
AA_052026,171,183,13,177,1050.2058284307448,32.435205551499685,0.533214425823687,0.6822758469172189,0.012,0.030000000000000002,0.021487853636385033,0.5854469355344292,10.158789545630958,-0.10978518953288433,0.2241741263178016,True
AA_052026,171,184,14,177,1067.661914360818,32.0221430686427,0.47083537212198806,0.6681517551008498,0.012,0.031000000000000003,0.020498772063261134,0.5612268671811779,10.17200673502962,-0.12253643865273606,0.2694761346543695,True
AA_052026,171,185,15,177,1080.6315325532062,32.0503274161764,0.46520757954573017,0.5633710127298082,0.012,0.031000000000000003,0.01992830519271262,0.5570857410628282,10.367087177402972,-0.16391958261730777,0.36093279553712315,True
AA_052026,171,186,16,177,1089.0505502886015,31.908836764886193,0.4640119731543376,0.5701570470766004,0.012,0.031000000000000003,0.02085513094870421,0.6375257769519569,10.388955266833415,-0.16169521796551542,0.39653464254926746,True
AA_052026,171,187,17,177,1093.921467398496,31.844289851298424,0.46304424855333143,0.5507209092899633,0.012,0.031000000000000003,0.021532064924282144,0.7849671528359718,10.440412378667022,-0.17462337503291722,0.44932288593151853,True
AA_052026,171,188,18,177,1095.0548575296884,31.949352597448023,0.4610610265382634,0.5481491745227082,0.012,0.031000000000000003,0.02029795007004725,0.7883984057381017,10.467884721991568,-0.17747766465257708,0.5028957302418889,True
AA_052026,171,189,19,177,1093.1901721363724,31.931855022222475,0.4622847447210596,0.5141077923195634,0.012,0.031000000000000003,0.018823056003984172,0.9624080613346,10.588902258308739,-0.14954622242192783,0.5711407107034444,True
AA_052026,171,190,20,177,1088.4468534141051,31.82097303078054,0.4660372562989032,0.5183851289103528,0.012,0.031000000000000003,0.019693565228436592,0.9758007937246357,10.632455466176758,-0.10124869511522515,0.6531784129847112,True
AA_052026,171,191,21,177,1081.573613987442,31.76602688133554,0.4698903289542016,0.535562980606413,0.012,0.031000000000000003,0.020980499381201716,1.0873566589991062,10.90185815507771,0.01674298494393839,0.6206876050419007,True
AA_052026,171,192,22,177,1072.527368744479,31.738119734740586,0.4744165817643097,0.5768830164598917,0.012,0.031000000000000003,0.01969904525408787,1.0988069784546854,11.011491183699691,0.1120492390537588,0.6718744958737665,True
AA_052026,171,193,23,177,1061.75228599121,31.79652104629964,0.4782055450007296,0.5857858830504291,0.012,0.031000000000000003,0.01936753164740075,1.0844517738543102,11.097570421443717,0.09919185341384491,0.6879922140406947,True
AA_052026,171,194,24,177,1049.3062617508608,31.804750160230025,0.4839983407449866,0.5402774969366453,0.012,0.031000000000000003,0.018552085234753195,1.1196380513680926,11.269348434261765,0.22548319239402143,0.7166931104792565,True
AA_052026,171,195,25,177,1035.65393400915,31.806393098716395,0.4901010534863167,0.6083820819728707,0.012,0.031000000000000003,0.02060311642695661,1.0606695880770936,11.29828219867761,0.22559908322694244,0.7147152909530352,True
AA_052026,171,196,26,177,1021.155402806106,31.74920636332989,0.497901300747974,0.5937732219808345,0.012,0.031000000000000003,0.022120225893419,1.0706874198405465,11.411534515278639,0.24604523606469464,0.7512505784981843,True
AA_052026,171,197,27,177,1005.7906175749406,31.82651147021353,0.5042998430486682,0.6342013182639734,0.012,0.031000000000000003,0.022634086751445397,1.0060584651441564,11.729722229607535,0.31105853778106773,0.7132417830897744,True
AA_052026,171,198,28,177,989.9643332096691,31.816972066422437,0.5126762987463966,0.6230544248862139,0.012,0.031000000000000003,0.021524052924560257,1.0736801065867823,12.188898715853082,0.27037586126058816,0.6954760270384129,True
AA_052026,171,199,29,177,973.7357050478461,31.8761473222055,0.5202961662147706,0.6056332521222688,0.012,0.031000000000000003,0.02989428883740946,1.1124685343444753,12.349602723989356,0.2801220373107302,0.7144575682486124,True
AA_052026,171,200,30,177,957.3633841966564,31.892242809977446,0.5289526195734278,0.5941643777772811,0.012,0.031000000000000003,0.019056141303904987,1.0591208927174895,12.383165798104029,0.2781249682392656,0.7113251430735541,True
AA_052026,171,201,31,177,940.9567769288138,31.895052963459005,0.53812503119147,0.5975157836429997,0.012,0.031000000000000003,0.030434791527099554,0.9555068948405849,12.528940277511376,0.2847397360589246,0.7198001289184077,True
AA_052026,171,202,32,177,924.5379660040949,31.905173518700934,0.5478258768794995,0.5892225120008081,0.012,0.031000000000000003,0.030560580566031635,1.0003311575521197,12.939458126018788,0.2836589751194836,0.7073918095806714,True
AA_052026,171,203,33,177,908.278619405582,31.885033272358797,0.5582313197568051,0.5662187212250596,0.012,0.031000000000000003,0.03145039658638786,1.0204692561371438,12.984511876252112,0.2985261160343872,0.7222496519671171,True
AA_052026,171,204,34,177,892.3108913258025,32.27866468452409,0.6344641218767466,0.5746043370681909,0.012,0.030000000000000002,0.025931682021497295,0.9814829998667773,13.015247038458556,0.2976957371693107,0.7228095356414839,True
AA_052026,171,205,35,177,876.4768777355438,32.343922142982805,0.6448408910433184,0.5624536377793936,0.012,0.030000000000000002,0.033115902413266306,1.0190409468714372,13.058379238309845,0.30169200370632165,0.7238283866120033,True
AA_052026,171,206,36,177,860.851691597389,32.39748075075981,0.6556879915766844,0.5248331931232649,0.012,0.030000000000000002,0.034136711896199906,1.0233145881160854,13.138722556653068,0.33336059912489563,0.7211358350111403,True
AA_052026,171,207,37,177,845.5843236364108,32.37342762508829,0.6680168620892607,0.5252686619888118,0.012,0.030000000000000002,0.033815900466550475,0.9457050896967096,13.353009469504874,0.3308490571243631,0.7094457426027885,True
AA_052026,171,208,38,177,830.6301222875115,32.383603113355065,0.6794902838492972,0.5322869048513406,0.012,0.030000000000000002,0.026933318580437064,0.9350272467988352,13.403012427834462,0.3257665772880928,0.7176264912865884,True
AA_052026,171,209,39,177,816.0427153867439,32.36816238165751,0.6917883481390141,0.5621819798163258,0.012,0.030000000000000002,0.02892091884994385,0.8884262600878522,13.539686792211745,0.3279061517127232,0.7016538650687983,True
AA_052026,171,210,40,177,801.8656316985612,32.36910588173193,0.7035356648566349,0.5816691381695984,0.012,0.030000000000000002,0.03098862679159936,0.90893627620671,13.646179164151244,0.3442046026775324,0.7239257329361286,True
AA_052026,171,211,41,177,788.1189420099428,32.441232996039886,0.714251307704014,0.5637465710075087,0.012,0.030000000000000002,0.038545549016608886,0.8696665454989516,13.682958196754251,0.35345235826910304,0.7270829411730174,True
AA_052026,171,212,42,177,774.7079087695273,32.41255577859606,0.727114573939273,0.5616281732738034,0.012,0.030000000000000002,0.03825536722723631,0.8240641612283819,13.708942433236782,0.3564707015782749,0.7285671043445257,True
AA_052026,171,213,43,177,761.787961848038,32.0954928941023,0.6600748927033778,0.5939873695854867,0.012,0.031000000000000003,0.039469743351725484,0.8522355464711565,13.916414956665971,0.34809755162735245,0.715101484515132,True
AA_052026,171,214,44,177,749.1258148262644,32.08742584527316,0.6714277432740579,0.5708094904087844,0.012,0.031000000000000003,0.038811847744043976,0.8437670700857401,13.97343830283251,0.3541619696185809,0.7290964902143346,True
AA_052026,171,215,45,177,736.8470915977981,32.09358281767454,0.6825026781381917,0.584518683906195,0.012,0.031000000000000003,0.039990782699174075,0.8149535831192452,13.998690299498799,0.3579416448284155,0.7334742536592975,True
AA_052026,172,178,7,177,850.9051761876126,32.57584340551371,0.6521383786847366,0.6761197951473243,0.012,0.030000000000000002,0.030203215858005443,0.5863315255711217,9.355443767059619,-0.007473604733565151,-0.09327165992418945,True
AA_052026,172,179,8,177,900.7009676685352,32.46987639104278,0.618927828912343,0.6440916592408757,0.012,0.030000000000000002,0.024839557164363694,0.6186425627060466,9.454505990222833,-0.06719020258921368,0.05781841322032041,True
AA_052026,172,180,9,177,943.0285548980523,32.39330429617756,0.5926891049147214,0.7036956123839581,0.012,0.030000000000000002,0.02302258660773801,0.6355659628525112,9.544681969596473,-0.03037115619955546,-0.015199800591045677,True
AA_052026,172,181,10,177,979.0203708095294,32.222724178917076,0.5095503561169614,0.7216530164617624,0.012,0.031000000000000003,0.019566958786416965,0.6225980690845433,9.55231772901836,-0.02902942614496531,-0.005364508895827087,True
AA_052026,172,182,11,177,1008.7200198728848,32.398394799445754,0.5547415910767425,0.7681304043214161,0.012,0.030000000000000002,0.02292154326700545,0.7457616468588533,9.568682334804873,0.004029429633684124,0.0004213891705164797,True
AA_052026,172,183,12,177,1032.47015792948,32.53553579008901,0.5400921067525274,0.7387922555570795,0.012,0.030000000000000002,0.023724616639832687,0.6630431735695226,10.036427899763641,-0.09577475282907494,0.1801703415234332,True
AA_052026,172,184,13,177,1051.014319310312,32.0884099196413,0.47679281725065614,0.7267708771478057,0.012,0.031000000000000003,0.022502914352424856,0.6046386220440262,10.054426658856014,-0.112666153659102,0.2527753204147749,True
AA_052026,172,185,14,177,1064.826606321619,32.11430955426421,0.4707188097691145,0.6171467284758687,0.012,0.031000000000000003,0.021783405848993985,0.5937934920555328,10.227808110523902,-0.151208431154849,0.3532991368208228,True
AA_052026,172,186,15,177,1073.871140180839,31.96145510521742,0.46938571871994306,0.6086635998395198,0.012,0.031000000000000003,0.022695660341066976,0.7752265046862258,10.278847373923586,-0.13990053074750722,0.4392850455080405,True
AA_052026,172,187,16,177,1079.2132529780358,31.89097457624567,0.4682902651029599,0.5867358991293525,0.012,0.031000000000000003,0.02332938193661312,0.7972995469171118,10.33649478318928,-0.14312914082913925,0.49396057527612525,True
AA_052026,172,188,17,177,1080.6676545412342,31.99934373621369,0.46611132669091704,0.5843751373710475,0.012,0.031000000000000003,0.021933026180225353,0.9493802392085522,10.38019668493074,-0.1438455103714988,0.5762404628433249,True
AA_052026,172,189,18,177,1079.0210022029573,31.97894155897399,0.4673245539310055,0.5456390849849941,0.012,0.031000000000000003,0.020334538120550513,0.9845295612863358,10.531093874074228,-0.11473091540130602,0.6003670485152958,True
AA_052026,172,190,19,177,1074.3989462233162,31.86142112651928,0.47120484149527536,0.5460623838737129,0.012,0.031000000000000003,0.02121561572592558,1.0464403036110352,10.606905516703327,-0.05399032815047434,0.6713597501913713,True
AA_052026,172,191,20,177,1067.5837296643663,31.802664344958245,0.47518451311117693,0.554163476550463,0.012,0.031000000000000003,0.022533990927357004,1.1054502662283299,10.886269353076901,0.04075859569981795,0.6181937106523462,True
AA_052026,172,192,21,177,1058.5364004578155,31.772486422416,0.47986489467152726,0.5912867068745453,0.012,0.031000000000000003,0.02116068447948902,1.090621153037254,11.0106314576952,0.11584933897256891,0.6702622608986333,True
AA_052026,172,193,22,177,1047.7203782701977,31.832384900641475,0.48376119429409475,0.6011287020178171,0.012,0.031000000000000003,0.020757174042073646,1.1006534107461174,11.097845284592202,0.10368124749864158,0.6862879745953196,True
AA_052026,172,194,23,177,1035.1942568546785,31.840283170552635,0.48975972159766207,0.5573403786944753,0.012,0.031000000000000003,0.019878140260184196,1.0848033848152125,11.270402113655983,0.21846070986759572,0.7206991194630614,True
AA_052026,172,195,24,177,1021.4397733847378,31.841834650846337,0.4960683948382994,0.6342899634747038,0.012,0.031000000000000003,0.022010046679326847,1.0789329529959124,11.300355766696406,0.21811703103461008,0.7180037489344129,True
AA_052026,172,196,25,177,1006.8272434240964,31.781913526489905,0.5041661379062147,0.6202402042599332,0.012,0.031000000000000003,0.023589899309166617,0.9566717603017557,11.415817220774924,0.24398565323047833,0.7530291243788989,True
AA_052026,172,197,26,177,991.3362900375552,31.861952845074203,0.510784950557801,0.6609394390073194,0.012,0.031000000000000003,0.024100252653531502,1.0180280612815755,11.729672710043717,0.31120134806230915,0.7246150365570959,True
AA_052026,172,198,27,177,975.3831330104623,31.851545388469685,0.51948235236387,0.645138535440805,0.012,0.031000000000000003,0.022933311707532968,1.105997760415012,12.16835520971984,0.28347485326706173,0.71198364013785,True
AA_052026,172,199,28,177,959.0279299817139,31.912713202812668,0.5273779365608345,0.6274886033538788,0.012,0.031000000000000003,0.021819849009849738,1.1301030674896584,12.332756329646632,0.2916314617839106,0.7258813146977039,True
AA_052026,172,200,29,177,942.5351013016113,31.929013666950237,0.5363628017414623,0.6089727095042412,0.012,0.031000000000000003,0.02032618968320776,0.9390355860100621,12.365583755650423,0.2910654800044417,0.7256291436800568,True
AA_052026,172,201,30,177,926.016334112039,31.931561559081995,0.5458868413775788,0.6162071244054691,0.012,0.031000000000000003,0.02129410178245627,0.9698914548593527,12.518941175052868,0.2934467556814281,0.7263722812020832,True
AA_052026,172,202,31,177,909.4931546966397,31.941716349821355,0.555966768325171,0.6037505866730586,0.012,0.031000000000000003,0.020909768566353144,1.061652815335952,12.929459449150238,0.29209896793228446,0.7134712948078724,True
AA_052026,172,203,32,177,893.140473952062,31.920613068018447,0.5667837044070588,0.581143063844112,0.012,0.031000000000000003,0.021969833919235817,1.0339681517414918,12.976335280083351,0.30696299721222825,0.728651083330436,True
AA_052026,172,204,33,177,877.092691938622,32.33111098820935,0.6441268498745033,0.5851196934901379,0.012,0.030000000000000002,0.02727719634230383,1.0239110959434414,13.007745129898359,0.30606150365611484,0.7293226588836572,True
AA_052026,172,205,34,177,861.187121917187,32.3991998077209,0.6548755449701295,0.5744743025841255,0.012,0.030000000000000002,0.02883175217724281,1.0305927993078907,13.049916734005894,0.3104898874376393,0.7310370170521847,True
AA_052026,172,206,35,177,845.4997939646919,32.4544423895733,0.6661331807751717,0.5330215807177866,0.012,0.030000000000000002,0.029497898951403513,0.9592753543436447,13.130722663832458,0.3433356007351959,0.7266643089635962,True
AA_052026,172,207,36,177,830.1823622745428,32.4292894097725,0.6789440837775678,0.5337283349842807,0.012,0.030000000000000002,0.028770343486326122,0.9536536403864435,13.350934449955936,0.3372678373056452,0.7128390381025184,True
AA_052026,172,208,37,177,815.188285186089,32.43943555177232,0.6908576479602966,0.5395330727751423,0.012,0.030000000000000002,0.03562052668278632,0.8781900415024793,13.40118437943544,0.33222249714710456,0.7209810061120588,True
AA_052026,172,209,38,177,800.5715975837134,32.423346488985835,0.7036315255440165,0.5713482662003294,0.012,0.030000000000000002,0.03828374135906941,0.8944944020786217,13.536719487553032,0.33492705037819825,0.7043821375948334,True
AA_052026,172,210,39,177,786.3761390692739,32.42413605916237,0.7158257209977348,0.5914796374296829,0.012,0.030000000000000002,0.040534158902684116,0.8754372489705321,13.64443979964922,0.35138289258143024,0.7263005223811675,True
AA_052026,172,211,40,177,772.6216929293407,32.12485363112894,0.6500656907346009,0.6081008762320982,0.012,0.031000000000000003,0.0410350756156296,0.8739884526677859,13.682436679617146,0.36059563631273883,0.729104035780057,True
AA_052026,172,212,41,177,759.2107800494905,32.10584834922796,0.6618516644807564,0.6000081902634676,0.012,0.031000000000000003,0.04071429329724491,0.8279426297889768,13.708380681381131,0.3638471609459557,0.7305753878909131,True
AA_052026,172,213,42,177,746.3016287371643,32.1382168660453,0.672519291932004,0.6053235875356391,0.012,0.031000000000000003,0.041529545119698114,0.853658952026296,13.925552319642016,0.35043280999103293,0.7143340585793109,True
AA_052026,172,214,43,177,733.655618046975,32.1297159763196,0.6843227024591627,0.5834471613675682,0.012,0.031000000000000003,0.0408486738967038,0.8255741697192864,13.98534209687965,0.3558375528139082,0.7287553440123932,True
AA_052026,172,215,44,177,721.4003345203803,32.13591176409633,0.6958337743187155,0.5947890657543117,0.012,0.031000000000000003,0.042063584903301005,0.8154909941791052,14.010113703133548,0.35957087203970045,0.7330496362736189,True
AA_052026,173,179,7,177,865.6344992175354,32.45312332287941,0.6423218694424893,0.5014547391262415,0.012,0.030000000000000002,0.026728701809149862,0.7226756045778427,9.162112490295495,-0.06542151252623352,0.23679960235065714,True
AA_052026,173,180,8,177,911.6619592317448,32.370936746057744,0.611852787666373,0.5992597299672322,0.012,0.030000000000000002,0.024503337518784193,0.6853800302603437,9.176905992583029,-0.060598662887949226,0.19153669987388083,True
AA_052026,173,181,9,177,950.5828933738504,32.209392227313884,0.5241141151432807,0.6742563253323961,0.012,0.031000000000000003,0.0204996316460653,0.7238729396978125,9.20588011187716,-0.05983813977091389,0.09062792921640052,True
AA_052026,173,182,10,177,982.6009884389432,32.38384396398911,0.5685989507265654,0.7121381209197712,0.012,0.030000000000000002,0.024083867378537252,0.7425653988712939,9.276927952747444,0.023044254739769454,-0.0006085297062460235,True
AA_052026,173,183,11,177,1008.1743255707195,32.53241327328489,0.5521818786003924,0.6692888380758769,0.012,0.030000000000000002,0.024851378868677092,0.6160624197163481,9.926788564365268,-0.09937534487320485,0.25115502936978507,True
AA_052026,173,184,12,177,1028.1684886652313,32.06806133897827,0.48707933640721746,0.6499465303200356,0.012,0.031000000000000003,0.024101671616083623,0.5894036538650714,9.977707795952144,-0.11940532812569057,0.3761927539113413,True
AA_052026,173,185,13,177,1043.1299171635874,32.09676378673923,0.4802346581705118,0.5677634837969431,0.012,0.031000000000000003,0.023227033975430692,0.6693482915424115,10.16710882806312,-0.11658237320044894,0.4671409634561916,True
AA_052026,173,186,14,177,1053.0596575964032,31.935022194926095,0.4785786530313592,0.5673064879045078,0.012,0.031000000000000003,0.024150789837409672,0.7591047712462747,10.226940458920584,-0.09949174617930678,0.5355376551955541,True
AA_052026,173,187,15,177,1059.0988230812068,31.861174176511625,0.47719363936442377,0.5522896140110619,0.012,0.031000000000000003,0.024774597419394844,0.9082925231000105,10.284920436052412,-0.10190577837163467,0.5780677699562228,True
AA_052026,173,188,16,177,1061.0701665463403,31.976957528316298,0.4746424568852991,0.5487420181737613,0.012,0.031000000000000003,0.023227199268775287,0.948712212635408,10.348564766363726,-0.10099133935939744,0.648726071758651,True
AA_052026,173,189,17,177,1059.8157001227019,31.95591353194135,0.47575041498712095,0.5118430636338849,0.012,0.031000000000000003,0.021467455247358734,1.02270003712844,10.49338951318736,-0.0672586728135293,0.6673065223842565,True
AA_052026,173,190,18,177,1055.4700290741755,31.831852612437373,0.4797350422197146,0.5146060933493696,0.012,0.031000000000000003,0.02236551157990275,1.069046202976616,10.596454632410717,-0.017117288543198578,0.6929753830802992,True
AA_052026,173,191,19,177,1048.854096520044,31.770703091115585,0.4838054970624554,0.537060687028712,0.012,0.031000000000000003,0.023737012548346544,1.0662894971920591,10.833791034021015,0.08765204882667574,0.6703454491407327,True
AA_052026,173,192,20,177,1039.9336593467601,31.739054613648893,0.48862938562214847,0.5546704151892358,0.012,0.031000000000000003,0.02226602034911462,1.1045690571712872,10.997417003275672,0.14378564252020182,0.6810675939950692,True
AA_052026,173,193,21,177,1029.1948209973127,31.80271454515316,0.4925936184295967,0.5696799886227111,0.012,0.031000000000000003,0.02181484472243518,1.0424191909950027,11.079538426181093,0.13665940591049563,0.7000875576092968,True
AA_052026,173,194,22,177,1016.6973456035136,31.81140634277806,0.4988059713152612,0.5307499124176045,0.012,0.031000000000000003,0.020870784964811477,1.0958774327470746,11.26688540661689,0.24303588717075,0.7231152012160106,True
AA_052026,173,195,23,177,1002.9422798523602,31.81312085389269,0.5053466589598682,0.6121182121286634,0.012,0.031000000000000003,0.023092688487250365,0.9633786157468222,11.298705573971302,0.2437910435250292,0.7279230607511543,True
AA_052026,173,196,24,177,988.311418116402,31.75070414711317,0.5137892534569246,0.6058062336741488,0.012,0.031000000000000003,0.02473705911204713,0.9668827236560522,11.42616523961325,0.24366985064021057,0.7529681782269654,True
AA_052026,173,197,25,177,972.7847247459081,31.834800568681363,0.5206457153280225,0.6430323026944424,0.012,0.031000000000000003,0.025257267677559012,1.059067781683918,11.719159609255222,0.2855768831090986,0.7605467465627054,True
AA_052026,173,198,26,177,956.7911118931311,31.823841419068145,0.5297213424313497,0.6394876731969944,0.012,0.031000000000000003,0.02401320184518048,1.1267883774852812,12.127507276724295,0.2579689967370069,0.7677793974801976,True
AA_052026,173,199,27,177,940.3916451620855,31.888362766270948,0.5379255039510402,0.6330536081688692,0.012,0.031000000000000003,0.022832022004789666,1.0044308825978232,12.278832060102303,0.26285158554071536,0.7924864649171108,True
AA_052026,173,200,28,177,923.8574554613758,31.90587363694568,0.5472892440550797,0.6089938345016402,0.012,0.031000000000000003,0.021250707408386266,0.9627325122532713,12.314667442901158,0.2607755709005481,0.7889199141766453,True
AA_052026,173,201,29,177,907.3030157063884,31.909041988215172,0.5572223321785461,0.6370932585422753,0.012,0.031000000000000003,0.022246304760129502,1.0435607655781558,12.486244031558572,0.2684540343018886,0.7670942953955412,True
AA_052026,173,202,30,177,890.7490098453412,31.919795288696207,0.5677534293779446,0.6219867612888756,0.012,0.031000000000000003,0.021836148323033152,1.084214642355694,12.902204665684872,0.2684419620211223,0.7503229350061957,True
AA_052026,173,203,31,177,874.374338624806,31.89786995514394,0.5790688102135794,0.6004851443474478,0.012,0.031000000000000003,0.022954300473259064,1.0809776003848994,12.95114096409087,0.28425188958723807,0.7659596521326468,True
AA_052026,173,204,32,177,858.3159078801225,31.96858068884841,0.5882051887302862,0.6482481669861223,0.012,0.031000000000000003,0.023406714641244518,1.039245023998818,12.983779211520304,0.2830628402008278,0.766539975699287,True
AA_052026,173,205,33,177,842.4059618506791,31.986897458226352,0.5990251497655474,0.6622492995927639,0.012,0.031000000000000003,0.023442181901800068,0.9714033534539641,13.029277651031643,0.28895583985957196,0.7673861477261323,True
AA_052026,173,206,34,177,826.7213390843817,32.44530903657436,0.6810680052064887,0.5641021726492746,0.012,0.030000000000000002,0.030720787953803133,0.9717402912937491,13.102554762334663,0.31845484120629275,0.7684934108581417,True
AA_052026,173,207,35,177,811.4170393439773,32.41863774900648,0.6944820129254687,0.5627999969626942,0.012,0.030000000000000002,0.02995013706453192,0.8924194286928693,13.3326769934295,0.3157779274129115,0.7468625935156192,True
AA_052026,173,208,36,177,796.4444867485087,32.044353093984284,0.6323761675283015,0.6063425670513481,0.012,0.031000000000000003,0.024431000784014847,0.8858471746757071,13.38292634171505,0.3112487607068253,0.7556902754875336,True
AA_052026,173,209,37,177,781.858269010998,32.41210417351721,0.720295801464842,0.5938629803379352,0.012,0.030000000000000002,0.03162353553970758,0.8684105335605612,13.509854603016459,0.31275801207870974,0.7453801982382966,True
AA_052026,173,210,38,177,767.7026523065737,32.039452346133466,0.6556466022379738,0.6545970281266423,0.012,0.031000000000000003,0.042422448319431365,0.8837966556557858,13.626069178125386,0.3320454997571726,0.7597000889784065,True
AA_052026,173,211,39,177,753.9969002822146,32.11219515159305,0.6660231949234273,0.634112557844353,0.012,0.031000000000000003,0.04245243226893859,0.8855507787193374,13.660264847050925,0.3389046362956735,0.7651514776220962,True
AA_052026,173,212,40,177,740.6411859241941,32.09235208831569,0.6783593137121917,0.6235876375713342,0.012,0.031000000000000003,0.0421044916460316,0.8345576892580255,13.685865666489455,0.3424137599743033,0.7665358403772853,True
AA_052026,173,213,41,177,727.7965284792949,32.126209154131715,0.6894952988810765,0.6353917523768828,0.012,0.031000000000000003,0.04295165601621721,0.8427499581868018,13.91705779378819,0.33015867102942803,0.7380740653288645,True
AA_052026,173,214,42,177,715.2187495806214,32.11718505164104,0.70185149207779,0.6124441042361686,0.012,0.031000000000000003,0.04225391419813156,0.830787757532013,13.979736518477385,0.33668930648059275,0.7507034115490951,True
AA_052026,173,215,43,177,703.0379069810463,32.12433241932596,0.7138748762937839,0.6282825207521122,0.012,0.031000000000000003,0.04352234369518664,0.81255928373489,14.00758586198212,0.3437281378915808,0.7542721099290887,True
AA_052026,174,180,7,177,871.322146548685,32.3095817207734,0.6420367827489849,0.7306038401192945,0.012,0.030000000000000002,0.023649856926006112,0.7134042669329232,9.114157725373179,-0.11933326045750967,-0.06010788376012008,True
AA_052026,174,181,8,177,914.0555145018587,32.11049419114657,0.5472619551556501,0.7933536206511651,0.012,0.031000000000000003,0.01882575362784084,0.6302281185681031,9.146576166826442,-0.10618044870094809,-0.15655668427754577,True
AA_052026,174,182,9,177,949.0754290671897,32.23294006054771,0.5251812360902934,0.7806363437247763,0.012,0.031000000000000003,0.02353178925307791,0.5532801932874765,9.199273069665052,0.023566450814715874,-0.24315693356339346,True
AA_052026,174,183,10,177,977.0111604303428,32.50581974338922,0.570833830009871,0.7571198495154052,0.012,0.030000000000000002,0.02437400889382518,0.5729887807582311,9.777762482805677,-0.07094090249926459,0.08421152000077864,True
AA_052026,174,184,11,177,998.8967830892739,31.980883524690505,0.5031030283121253,0.7154600471262209,0.012,0.031000000000000003,0.023052601833783225,0.6465106045686796,9.83602602088604,-0.09047700289656874,0.2403950770826621,True
AA_052026,174,185,12,177,1015.3713823154278,32.018222133155454,0.49496318505093523,0.6105497516990082,0.012,0.031000000000000003,0.022175168174987145,0.655502962706577,10.047454512309974,-0.08715524111447193,0.4213398986171616,True
AA_052026,174,186,13,177,1026.4912713065705,31.848129391929813,0.4926975638037422,0.6082028388440227,0.012,0.031000000000000003,0.023234689443113656,0.8846901793401208,10.178420040572416,-0.071710667122542,0.5283598531313758,True
AA_052026,174,187,14,177,1033.4894670091335,31.77318624855303,0.4907593749334435,0.5769048110422093,0.012,0.031000000000000003,0.023949778672969716,0.8951936936599374,10.263329028067723,-0.07838791630569462,0.5794092631523492,True
AA_052026,174,188,15,177,1036.2027551066162,31.901652640924205,0.48754655458981694,0.5712938705067567,0.012,0.031000000000000003,0.02232900271587869,1.000929766885179,10.33370426129238,-0.07600221052917826,0.662935558065792,True
AA_052026,174,189,16,177,1035.537148486376,31.88217045717962,0.4883895679540175,0.5258434017444229,0.012,0.031000000000000003,0.02048724007031969,1.0187345688127092,10.485758952396909,-0.044630473672808924,0.6733172547441875,True
AA_052026,174,190,17,177,1031.641960636209,31.75261218848833,0.49239586371119676,0.5266790531882592,0.012,0.031000000000000003,0.021479801539609773,0.995013304608478,10.601062397160245,-0.003715163132374003,0.691727433853863,True
AA_052026,174,191,18,177,1025.382107610284,31.68979241040953,0.496494710860371,0.5432939130306274,0.012,0.031000000000000003,0.02296579250652685,1.0520509210100952,10.837530237323394,0.06637889558938781,0.67842219060466,True
AA_052026,174,192,19,177,1016.7306013786229,31.65883656648512,0.5013996955438209,0.5731304378246834,0.012,0.031000000000000003,0.02141374682062508,1.0057288511233442,11.001558023477735,0.12035435576236153,0.6874009810671513,True
AA_052026,174,193,20,177,1006.1980131050982,31.728328621797733,0.5053679479519093,0.5833016697165928,0.012,0.031000000000000003,0.020958638346552993,1.0113672953927462,11.083528029028518,0.11034992769245024,0.7074759202447224,True
AA_052026,174,194,21,177,993.8479345577429,31.73903481455657,0.5117839155775336,0.5351359835825185,0.012,0.031000000000000003,0.019972142504328928,0.9579276352021154,11.26325686476765,0.2052054760754862,0.7324664638495468,True
AA_052026,174,195,22,177,980.2024296067643,31.74220908574387,0.5185503902368012,0.6258592580059963,0.012,0.031000000000000003,0.022346690550481906,0.9315064179454448,11.295615689122597,0.2052973378765328,0.7336676391182213,True
AA_052026,174,196,23,177,965.6567443662818,31.676872722383916,0.5273890413138305,0.6110895703002492,0.012,0.031000000000000003,0.02410480013993524,0.9872787886749913,11.428878904663923,0.21450002785701078,0.7541765301834686,True
AA_052026,174,197,24,177,950.1918105137294,31.76682263407509,0.5344860070826905,0.6494864748964839,0.012,0.031000000000000003,0.02466457527219507,1.0308517248388975,11.703761549161698,0.24436674376423562,0.7628269650048934,True
AA_052026,174,198,25,177,934.2502406260538,31.756112838601524,0.5439891483819485,0.645934346226547,0.012,0.031000000000000003,0.023358494783958576,0.9607536362896002,12.101327582924108,0.2190952167605764,0.7693784077605226,True
AA_052026,174,199,26,177,917.8945052743817,31.825244358971986,0.5525350034913923,0.6387900531476978,0.012,0.031000000000000003,0.022129874996993176,0.9774641093326889,12.233343053314714,0.21998863832166282,0.7954607867350858,True
AA_052026,174,200,27,177,901.4034332981363,31.844707920569828,0.5623340933183445,0.6201607587543173,0.012,0.031000000000000003,0.02047045283065911,1.0032377497721254,12.27780332715595,0.21826792180541182,0.7848964511689597,True
AA_052026,174,201,28,177,884.8940461159218,31.848394030059612,0.5727572068391588,0.6445428986053943,0.012,0.031000000000000003,0.02153893912385383,1.020736105178112,12.440857465952806,0.2287509020259599,0.7610398000333326,True
AA_052026,174,202,29,177,868.3872583882373,31.860133720116345,0.5838228727510566,0.6299085488638202,0.012,0.031000000000000003,0.021114747716993797,1.0875477316567101,12.816084393587184,0.22623631285420281,0.758642790025506,True
AA_052026,174,203,30,177,852.0656941808217,31.83735256888838,0.5957374414634099,0.6081114580744237,0.012,0.031000000000000003,0.022302209467702137,1.0546332445970061,12.85547662831196,0.23640119404109478,0.7707120704257227,True
AA_052026,174,204,31,177,836.0689626499676,31.912323181663766,0.6052798076147876,0.6552565567943687,0.012,0.031000000000000003,0.022788116116878476,0.9512397342234513,12.889538163056816,0.2351394942699035,0.7709892541210693,True
AA_052026,174,205,32,177,820.2245237610468,31.931824915178275,0.6166503730369429,0.6720312794657736,0.012,0.031000000000000003,0.0228350658520677,0.9493256233231856,12.933054381041154,0.24098133253768364,0.7721563204155247,True
AA_052026,174,206,33,177,804.6105250855425,32.42929982540155,0.7007395726482155,0.5602296223842324,0.012,0.030000000000000002,0.03123437800608474,0.8751083926916239,13.007416623134167,0.27118775850631655,0.7714113149422416,True
AA_052026,174,207,34,177,789.3854146608866,32.40118184648372,0.714868183037526,0.5575969218714257,0.012,0.030000000000000002,0.030425104397044378,0.8711083367227384,13.183560613598221,0.27418555048007553,0.7705315918496144,True
AA_052026,174,208,35,177,774.4982999505154,32.4125130667902,0.7279374730924639,0.5571976693260426,0.012,0.030000000000000002,0.029901041583738637,0.8243827259533926,13.22184465415085,0.27027025548511796,0.7795694028625649,True
AA_052026,174,209,36,177,760.0047729204886,32.39460488446134,0.7420103388136052,0.587620036563563,0.012,0.030000000000000002,0.03218002903048101,0.8495781227651702,13.32586366533886,0.27549380733454315,0.772405975470728,True
AA_052026,174,210,37,177,745.9489895004813,32.39533074497295,0.7554044667574032,0.613370805003752,0.012,0.030000000000000002,0.034543351849208474,0.8740894321461233,13.461431916776808,0.30145023411459243,0.7799401823745838,True
AA_052026,174,211,38,177,732.3505808930989,32.064836745254894,0.6870775167686379,0.6326786779167392,0.012,0.031000000000000003,0.043275153363860334,0.8705997558783999,13.489321669103035,0.3059563410602072,0.785926910183832,True
AA_052026,174,212,39,177,719.106685729197,32.044170030895,0.7000793951368821,0.6214853636068294,0.012,0.031000000000000003,0.042908790791507556,0.8028282144964831,13.519365841491844,0.31226124248117526,0.7857453282243283,True
AA_052026,174,213,40,177,706.3817580451166,32.080036324948296,0.7117735360931987,0.6337268087182446,0.012,0.031000000000000003,0.043805309258843086,0.8311031066631389,13.73776561637407,0.30648780703478484,0.7641902538398447,True
AA_052026,174,214,41,177,693.9256694263378,32.07073765045685,0.7247945288569241,0.6092516804451134,0.012,0.031000000000000003,0.04306941793321118,0.8225318301416905,13.812576328874066,0.31336719932995644,0.7756799472434948,True
AA_052026,174,215,42,177,681.8711969077756,32.07838800762486,0.7374537594570603,0.6255412005751672,0.012,0.031000000000000003,0.04440775836723112,0.8037907860259155,13.840619166186585,0.3222386797830389,0.7795506055119793,True
AA_052026,175,181,7,177,869.3168836682972,32.060406277765615,0.5769219625842458,0.8683858616099864,0.012,0.031000000000000003,0.02037206845739164,0.5225915196501005,9.059890055721658,-0.20535645239519576,-0.15533610643502285,True
AA_052026,175,182,8,177,908.197453607621,32.20359828222862,0.5498315233627804,0.8555488575527994,0.012,0.031000000000000003,0.027506828518553086,0.6100731619059736,9.09479933639739,-0.2111538832773422,-0.12243336917598538,True
AA_052026,175,183,9,177,939.1554331475802,32.57247574655221,0.5934012291161338,0.7896069194908554,0.012,0.030000000000000002,0.027982365061860477,0.7140307981702393,9.381663114482336,-0.15084665921625054,0.1028439550785917,True
AA_052026,175,184,10,177,963.452892036129,31.929736192617046,0.5228495855880674,0.7766362829899948,0.012,0.031000000000000003,0.02472999153207967,0.7169645118616191,9.485089378723185,-0.12801210243765748,0.4345042777749537,True
AA_052026,175,185,11,177,981.863178972859,31.974344652586083,0.5129684925622867,0.6476775054844242,0.012,0.031000000000000003,0.023620407512483572,0.8458346161779899,9.85301277741665,-0.06373195765488712,0.5303315658295453,True
AA_052026,175,186,12,177,994.5205000656208,31.79132648055998,0.5098609966012563,0.6335084522117538,0.012,0.031000000000000003,0.024670587357253023,0.945694125039661,9.998847031816773,-0.0368789041825438,0.6929534500462553,True
AA_052026,175,187,13,177,1002.769994272952,31.71231621829853,0.5071735731954536,0.5874519659800991,0.012,0.031000000000000003,0.025370067656784713,1.035007450806941,10.096839176982925,-0.04756528110319812,0.7553526421853539,True
AA_052026,175,188,14,177,1006.4739369158542,31.854341282046896,0.5030749072005554,0.5873572308069082,0.012,0.031000000000000003,0.023561266869593665,1.0475513693847367,10.256090512872845,-0.048688095022893195,0.745851313561289,True
AA_052026,175,189,15,177,1006.6124037508326,31.834880650753323,0.5035435614598824,0.5378533190045265,0.012,0.031000000000000003,0.02151234907199874,0.9468125888464924,10.418666320769665,-0.015393147934249299,0.7518015483306446,True
AA_052026,175,190,16,177,1003.3556702113797,31.69706122088932,0.5075349990569942,0.5379640557987959,0.012,0.031000000000000003,0.0225505945387325,1.0161773859293715,10.555611669821316,0.034569689237786125,0.757771886351023,True
AA_052026,175,191,17,177,997.6196901106129,31.6320674986115,0.5116069527942274,0.5715767254284054,0.012,0.031000000000000003,0.024122632547791772,0.9707494154226664,10.806138514555986,0.10385879596100422,0.7417102832343396,True
AA_052026,175,192,18,177,989.3871290427377,31.600910499160797,0.5165666722191151,0.6162694130055556,0.012,0.031000000000000003,0.0224200314638035,1.004612398588621,10.985351342464659,0.15502430391742028,0.7372880868377983,True
AA_052026,175,193,19,177,979.1962299632183,31.676051946846663,0.520504537567018,0.604932857682322,0.012,0.031000000000000003,0.021899068557888215,0.8851308947334826,11.064585186421551,0.1461174396718298,0.7585292669837342,True
AA_052026,175,194,20,177,967.1170205790602,31.688856991136163,0.527119795591761,0.553388136823846,0.012,0.031000000000000003,0.020830878872957443,0.9485079497724083,11.273380184829318,0.22280122373582792,0.7477166860587322,True
AA_052026,175,195,21,177,953.6949076332123,31.693389490728343,0.5341146673818876,0.6569168069983604,0.012,0.031000000000000003,0.023352755420214647,0.9729617562427764,11.307222000377383,0.22180059540945354,0.7516230201485158,True
AA_052026,175,196,22,177,939.3407031917706,31.62428918823933,0.5433894578797516,0.6350992331453628,0.012,0.031000000000000003,0.025212894713134003,0.9691203311052601,11.448071748867878,0.21487679748593433,0.7538626136320793,True
AA_052026,175,197,23,177,924.0361445983503,31.721137611528555,0.550728648615087,0.6773533393745556,0.012,0.031000000000000003,0.02579883796083054,0.8620546483851004,11.719361017849177,0.23534952425500108,0.7600846775983982,True
AA_052026,175,198,24,177,908.2394093149608,31.71052026761701,0.5607056004141445,0.6762276025533016,0.012,0.031000000000000003,0.024388413741575292,0.9438386081645918,12.121790790007228,0.21396778876227307,0.7671487201013827,True
AA_052026,175,199,25,177,892.0153535674177,31.784171533912744,0.5696349601450241,0.6538115134715099,0.012,0.031000000000000003,0.023049176808681997,1.034829558078853,12.252349436108442,0.21267774286190566,0.7943162852658558,True
AA_052026,175,200,26,177,875.6509848539633,31.805066312990753,0.5799307715683213,0.6367875659362618,0.012,0.031000000000000003,0.021269070346803767,0.9914864159018211,12.296983123102358,0.21053062313883378,0.7843525555140206,True
AA_052026,175,201,27,177,859.2667863770436,31.808993533377258,0.5909085906768781,0.6568844070464295,0.012,0.031000000000000003,0.022401200168951068,1.0425935594026483,12.460811538655431,0.22057795633172259,0.7598640201757034,True
AA_052026,175,202,28,177,842.8836326647421,31.821616133773944,0.6025806021268721,0.6455955664135195,0.012,0.031000000000000003,0.021941890570837525,1.084314171188707,12.840467830111907,0.22420511795582196,0.7576269148118029,True
AA_052026,175,203,29,177,826.688818536617,31.797495640244676,0.615180955825588,0.6200512537349896,0.012,0.031000000000000003,0.023189566154976134,0.9854439080462318,12.88020657393405,0.23411460654174868,0.769572613463815,True
AA_052026,175,204,30,177,810.8249525221162,31.877075050449598,0.6251764339310995,0.6665562851907397,0.012,0.031000000000000003,0.03801703197793493,0.9493463552216841,12.914702622229571,0.233304832316729,0.7700324973900199,True
AA_052026,175,205,31,177,795.1144489805073,31.897704797462342,0.6371727630060305,0.6910206295253423,0.012,0.031000000000000003,0.03985454691032401,0.8720900287793623,12.958126162672382,0.23721844724895697,0.7705567746276671,True
AA_052026,175,206,32,177,779.6369740022304,31.93726066948331,0.649141520578241,0.6572060330960526,0.012,0.031000000000000003,0.04110991137911642,0.8702669932289883,13.03153747373272,0.264757007459933,0.7690338603381975,True
AA_052026,175,207,33,177,764.5542701995271,31.91375552354839,0.6624085498253206,0.6440962657695646,0.012,0.031000000000000003,0.04070833430430224,0.8296127509086522,13.207868439612863,0.26819944512400584,0.7678459386186178,True
AA_052026,175,208,34,177,749.813704594795,32.4433600456408,0.7518991237708164,0.5461475767013253,0.012,0.030000000000000002,0.039992032951125106,0.8229383803740684,13.24712994337671,0.26578626074199085,0.7776325390610412,True
AA_052026,175,209,35,177,735.4720405743128,32.4247803357173,0.7667553868184186,0.5778793145357267,0.012,0.030000000000000002,0.04310113124581984,0.8486761857316311,13.350449574098402,0.2701742328567057,0.7706463207662927,True
AA_052026,175,210,36,177,721.5735104666984,32.42541439895342,0.7808801894724354,0.6049474996008624,0.012,0.030000000000000002,0.03754543833140697,0.8736456157855542,13.485885497662519,0.2957102607516211,0.7779102653848089,True
AA_052026,175,211,37,177,708.1379325175793,32.51270904102339,0.7936015440681577,0.5866135565378785,0.012,0.030000000000000002,0.045729555991287765,0.8494156857291172,13.514113597135097,0.3007563931064641,0.7841064114351135,True
AA_052026,175,212,38,177,695.0598510429141,32.47842039559557,0.8091869336232959,0.5848106177447865,0.012,0.030000000000000002,0.04537263409620795,0.8013084686463835,13.543788957323333,0.3065064259543015,0.7838176988652988,True
AA_052026,175,213,39,177,682.5067628275384,32.05548559567483,0.7375786484647979,0.6447393790286434,0.012,0.031000000000000003,0.04696034888902159,0.831976825523059,13.761164674272969,0.30021484145525507,0.763008617915423,True
AA_052026,175,214,40,177,670.2228217779985,32.04588975072493,0.7513574593990516,0.6136467752838588,0.012,0.031000000000000003,0.046172675509409664,0.8234186324173906,13.836554911335746,0.30802204106275405,0.7748384415059066,True
AA_052026,175,215,41,177,658.343619611535,32.05365421344862,0.7647520246323136,0.6273760487778972,0.012,0.031000000000000003,0.047576799246362225,0.7702689555625896,13.864535875494761,0.3166994798180909,0.7786758193479236,True
AA_052026,176,182,7,177,860.2359720273705,32.150051668559925,0.5814157898893154,0.9448757989227364,0.012,0.031000000000000003,0.018137557375894984,0.6105662171917998,9.083755727317026,-0.20484352458258592,-0.16900484314990208,True
AA_052026,176,183,8,177,895.0021775165815,32.59127462843827,0.6224968125054006,0.8632995380796131,0.012,0.030000000000000002,0.02685479726796527,0.6886686542015266,9.38160594654164,-0.15196520428523597,0.1040867375271631,True
AA_052026,176,184,9,177,922.3141129552927,31.856436583951037,0.5473882500775277,0.8484975695004242,0.012,0.031000000000000003,0.02246525992295995,0.7826783269712403,9.477822602743558,-0.1309800566527171,0.4210250847074418,True
AA_052026,176,185,10,177,943.1340195723351,31.91114408799645,0.5351135494150795,0.6890137331296093,0.012,0.031000000000000003,0.021423178181502415,0.866672163804099,9.81703076529011,-0.07269113955414476,0.5888821202062303,True
AA_052026,176,186,11,177,957.7059871968946,31.714162486297273,0.5308109467610405,0.673887063967551,0.012,0.031000000000000003,0.022712737540470367,1.0260125808207508,10.002438949801034,-0.03817436311269413,0.7026295352280549,True
AA_052026,176,187,12,177,967.5187490952127,31.632220679813855,0.5270630458551449,0.6186186615051521,0.012,0.031000000000000003,0.023580101868549655,1.0339272693983912,10.10338492488183,-0.04732546302278859,0.7509371639559214,True
AA_052026,176,188,13,177,972.4720098285462,31.790965099699722,0.5217718406129637,0.6138111146423841,0.012,0.031000000000000003,0.02173673983579738,0.9599862662477866,10.265285157727742,-0.04891393913970173,0.7469838498672241,True
AA_052026,176,189,14,177,973.6344745273781,31.77256999730332,0.5216956017141281,0.586385406099612,0.012,0.031000000000000003,0.019601647307617622,0.9756217977589343,10.426752351122097,-0.01612390875505196,0.7437486408490963,True
AA_052026,176,190,15,177,971.2042209459255,31.626448587840315,0.5255895299447607,0.5856296923806364,0.012,0.031000000000000003,0.02078507694685778,0.9352066361269216,10.554172361617546,0.030496916686109318,0.7509282091620506,True
AA_052026,176,191,16,177,966.158002395618,31.559725164873907,0.5295602825232529,0.6242443511528156,0.012,0.031000000000000003,0.022544856683280115,0.9802633047791851,10.77452747652465,0.08190368623385275,0.7508731053669656,True
AA_052026,176,192,17,177,958.4905160978885,31.52891371164075,0.5345256471273192,0.6686889945741948,0.012,0.031000000000000003,0.020786626589271974,0.8835336079870983,10.92825912692557,0.12858383537476234,0.7499493226422111,True
AA_052026,176,193,18,177,948.7716190564631,31.61174386175726,0.5383575682584271,0.6489470968079695,0.012,0.031000000000000003,0.020291040244263564,0.8926099407099871,11.01062511540201,0.11801834344368864,0.7687628602365945,True
AA_052026,176,194,19,177,937.0803639531908,31.626843119514657,0.545170734693962,0.5941751292287097,0.012,0.031000000000000003,0.019182307692700677,1.0073762387672205,11.206138380765411,0.1905898277553896,0.7647800505212732,True
AA_052026,176,195,20,177,923.9882388711851,31.63284051029294,0.5524002064195308,0.698892281814865,0.012,0.031000000000000003,0.021933840411498286,0.9616671365155206,11.247146992301175,0.18956850910117937,0.7723570758275619,True
AA_052026,176,196,21,177,909.9240104870826,31.559475547437927,0.5621588560909465,0.6656253878411079,0.012,0.031000000000000003,0.023932357005252036,0.8175070335990776,11.437347396477346,0.19304901427132456,0.7489653959246012,True
AA_052026,176,197,22,177,894.8714123911883,31.664852150636232,0.5697355226478331,0.7144483824609051,0.012,0.031000000000000003,0.024603437407528544,0.8693968556586982,11.721053414615083,0.22214694193219994,0.7544809760678933,True
AA_052026,176,198,23,177,879.3058971647627,31.654806919742185,0.5802332527158353,0.7133719222199058,0.012,0.031000000000000003,0.02310825089612434,1.0224408357950963,12.127710501355763,0.20550917830436088,0.7557255317023066,True
AA_052026,176,199,24,177,863.294509936122,31.73370671515691,0.5895817678089441,0.6893660548446038,0.012,0.031000000000000003,0.021685157399654462,1.042605164694206,12.265364220519734,0.20474911455685887,0.7826817723990197,True
AA_052026,176,200,25,177,847.1341932598509,31.75651012950805,0.6004287147713198,0.6769140665017465,0.012,0.031000000000000003,0.01980010384455421,1.0173119800009418,12.314213217798851,0.20352795902813434,0.7722888068314433,True
AA_052026,176,201,26,177,830.9486818468179,31.761734170885703,0.6120112227793548,0.7090310355119812,0.012,0.031000000000000003,0.02103339200732531,1.0376806556724194,12.47660115793668,0.21307282232905067,0.7459076583158806,True
AA_052026,176,202,27,177,814.7592244625766,31.775896656100358,0.6243589179163201,0.7054926690754793,0.012,0.031000000000000003,0.020569440346971442,1.014780574055507,12.841511379348717,0.2178302819598165,0.7413100892856453,True
AA_052026,176,203,28,177,798.7583741425492,31.750037024594246,0.6377458879238167,0.6690941592477319,0.012,0.031000000000000003,0.021900804498827694,0.9802964664059731,12.880900020537885,0.22688419676608101,0.7528605208622875,True
AA_052026,176,204,29,177,783.0921659500052,31.83546940631696,0.6482308136456664,0.7193999696999622,0.012,0.031000000000000003,0.03796161562520567,0.8603614789925801,12.914342922457482,0.22607497448305094,0.7529868993853024,True
AA_052026,176,205,30,177,767.5773803929796,31.857416632904602,0.6609363908376513,0.7434972845806006,0.012,0.031000000000000003,0.03992301509834797,0.865849897064643,12.957805827683082,0.22986709065084507,0.7528108758925399,True
AA_052026,176,206,31,177,752.2957495792491,31.899892395778792,0.6735972484600251,0.7160881154004921,0.012,0.031000000000000003,0.04127611206374819,0.8316573063208633,13.032604939611753,0.2583488246647412,0.751868442255128,True
AA_052026,176,207,32,177,737.4128955016694,31.875457001774485,0.6876867867878144,0.7057673312744832,0.012,0.031000000000000003,0.04085740363709234,0.8250600018242895,13.197158632139269,0.26302348279737897,0.7547720036675517,True
AA_052026,176,208,33,177,722.8742289627168,32.45017392508054,0.7800742793838557,0.5935017483730939,0.012,0.030000000000000002,0.03290819539318589,0.8253288947720434,13.236125488907915,0.26061911641631647,0.7644248791299303,True
AA_052026,176,209,34,177,708.7378511536432,32.430384367604944,0.7958446849454325,0.6203840715358948,0.012,0.030000000000000002,0.04337199465939055,0.846330179229689,13.33917814761077,0.2643743048323013,0.7581563189055882,True
AA_052026,176,210,35,177,695.0482740701929,32.43152398862552,0.8107921684373949,0.650834857246696,0.012,0.030000000000000002,0.03812275274904456,0.8494347800147296,13.468301863917928,0.2882437783581224,0.7649619557651168,True
AA_052026,176,211,36,177,681.8254757667074,32.524449241930355,0.8241947505705702,0.6296209084862472,0.012,0.030000000000000002,0.046174154114355326,0.8463711943489881,13.496923135231674,0.29394611941516324,0.7715554328267753,True
AA_052026,176,212,37,177,668.9614575055024,31.987627810530572,0.7542443631524212,0.6844885797610671,0.012,0.031000000000000003,0.030030237346181408,0.7900467116919409,13.524415979946605,0.2986322116555351,0.7713464918608989,True
AA_052026,176,213,38,177,656.6269264370334,32.0281691978481,0.7672889889429204,0.6969761198206261,0.012,0.031000000000000003,0.04751241101278892,0.8300918309856059,13.756312230066861,0.29180677792458654,0.7485488395325688,True
AA_052026,176,214,39,177,644.5600749534727,32.01821359670103,0.7819334052743641,0.6614897022378374,0.012,0.031000000000000003,0.04667244458552474,0.7863362077107261,13.836956445139299,0.300393916926295,0.7621594908673777,True
AA_052026,176,215,40,177,632.8998272643842,32.02683444951782,0.7961471778799272,0.6743319204223029,0.012,0.031000000000000003,0.04814712166534961,0.7677932269846048,13.862427632084287,0.30679387712214984,0.7653915057050158,True
AA_052026,177,183,7,177,843.9907514084288,32.672235117462506,0.6600263161770903,0.8236949225682157,0.012,0.030000000000000002,0.022990938066592578,0.7582383519163585,9.36463345316082,-0.1198063641869401,0.12964369603951462,True
AA_052026,177,184,8,177,875.0871064823926,31.904535798216983,0.5771454137183605,0.776086230530522,0.012,0.031000000000000003,0.018795630304117475,0.813885534743277,9.476968835977893,-0.11095015853113177,0.46095704863313464,True
AA_052026,177,185,9,177,898.9037230434319,31.96168316435101,0.5615888851242122,0.6082086431022102,0.012,0.031000000000000003,0.017968549123800845,0.9645180653024419,9.827619695233157,-0.07509003390525187,0.5895690459875988,True
AA_052026,177,186,10,177,915.84605585538,31.739399166177215,0.5556215418948833,0.6197592449999936,0.012,0.031000000000000003,0.019646431847967508,1.0151501849041673,9.997763098243187,-0.05757149336142378,0.710228339947466,True
AA_052026,177,187,11,177,927.5908800314916,31.647588748821125,0.5504193302939753,0.5725921370965454,0.012,0.031000000000000003,0.02079683518152454,0.9498828550029628,10.097903421514905,-0.06769043708610098,0.7575376144016547,True
AA_052026,177,188,12,177,934.0930963735863,31.820809845404337,0.543560220435599,0.5658773234292639,0.012,0.031000000000000003,0.01894875439425362,0.9569856811539564,10.22532097245065,-0.07575144061696651,0.7940589790533297,True
AA_052026,177,189,13,177,936.5300739569274,31.79998333590869,0.5427197122944578,0.5532294626751987,0.012,0.031000000000000003,0.016793998565564464,0.8541447005711047,10.369526633009476,-0.04482946807306283,0.7947609794155198,True
AA_052026,177,190,14,177,935.1379919397249,31.640759858800703,0.5464106539817397,0.5714696641343471,0.012,0.031000000000000003,0.01820374179004754,0.9033936395813824,10.453157732120937,-0.01268393284299401,0.8151367499219222,True
AA_052026,177,191,15,177,930.9648357627399,31.56810374551635,0.5502061737839319,0.6171140616349977,0.012,0.031000000000000003,0.020206185340665584,0.8223561214502101,10.670558968525317,0.04578822401973954,0.7700037687710344,True
AA_052026,177,192,16,177,924.0222449255093,31.53513115029747,0.555117728307661,0.6728180133653926,0.012,0.031000000000000003,0.018410991680081357,0.8291316008712151,10.790657598417292,0.09355706285719337,0.7747257962183752,True
AA_052026,177,193,17,177,914.9171526548006,31.625069584759288,0.55876122862341,0.6565710255524444,0.012,0.031000000000000003,0.017961635285236578,0.8941575494080333,10.863710934282075,0.0854995254837987,0.7921824535720225,True
AA_052026,177,194,18,177,903.7397986045218,31.64115691280521,0.5657585142283262,0.5943587134249081,0.012,0.031000000000000003,0.016819747943746508,0.9614172325149482,11.07714211606558,0.16497553431801618,0.7607536045572669,True
AA_052026,177,195,19,177,891.0922690985129,31.64768131584688,0.5732103767840575,0.6949400527158702,0.012,0.031000000000000003,0.019841828446570783,0.7739272816357604,11.109799054034653,0.16524140968590162,0.7611222483945703,True
AA_052026,177,196,20,177,877.4236727175321,31.568296060198417,0.5834913072228172,0.6644212143441361,0.012,0.031000000000000003,0.022016893316627584,0.7673695966793701,11.262801829442619,0.1727150937811208,0.7546013501892894,True
AA_052026,177,197,21,177,862.7198997348063,31.68203579865975,0.5913139447694463,0.7120911442741025,0.012,0.031000000000000003,0.022791173888400098,0.8775403212423708,11.538775146735025,0.20766946378555462,0.7705746974419968,True
AA_052026,177,198,22,177,847.4762756207377,31.67160231053496,0.6023878790925997,0.7183637847982097,0.012,0.031000000000000003,0.02121869864778954,0.9663995787499626,11.86920305739254,0.19583850708341946,0.7931021374968336,True
AA_052026,177,199,23,177,831.7624210545694,31.756116884565806,0.612184797718711,0.7000474869327139,0.012,0.031000000000000003,0.019723743761307005,1.0280840155914794,11.997218468320657,0.19495202496760292,0.8199461875310741,True
AA_052026,177,200,24,177,815.886249988147,31.780607259993204,0.6236385382385855,0.6868344305103323,0.012,0.031000000000000003,0.017734273543932363,0.9739938221002777,12.069627476742653,0.19100898656366205,0.7926605804842153,True
AA_052026,177,201,25,177,799.9757563889826,31.78686311315279,0.6358913730088465,0.7281074073932826,0.012,0.031000000000000003,0.01909794552737926,0.9414083643485012,12.230637709953315,0.1965627498414791,0.7592781171314991,True
AA_052026,177,202,26,177,784.0527873860168,31.802596476011434,0.648991445576767,0.7303028489333512,0.012,0.031000000000000003,0.018645685273137116,0.9731186447314254,12.555588918301154,0.20501827300323577,0.7624745496601385,True
AA_052026,177,203,27,177,768.3151007462468,31.774663353396424,0.6632595522230104,0.6857466720083962,0.012,0.031000000000000003,0.020080291253386996,0.8569232505942359,12.600026260218536,0.2171886900325069,0.77499866473962,True
AA_052026,177,204,28,177,752.9131325937502,31.86648711966522,0.6742792639279155,0.7382500096913477,0.012,0.031000000000000003,0.03607246094889946,0.8340715958779635,12.633007617420446,0.21657441251204632,0.7754019330964681,True
AA_052026,177,205,29,177,737.657946249116,31.890244083452377,0.6877679314531,0.7603677506096267,0.012,0.031000000000000003,0.03818633621473461,0.8080269045400599,12.668342153185087,0.21971356625217597,0.7770335708453407,True
AA_052026,177,206,30,177,722.6335479578721,31.935957800454652,0.7012026831127035,0.7347481830428442,0.012,0.031000000000000003,0.03965794451711683,0.8099163700409305,12.738867666768922,0.2552957242867595,0.7726004550453054,True
AA_052026,177,207,31,177,708.0093640642996,31.91045533807841,0.7162147597438355,0.7307511909839426,0.012,0.031000000000000003,0.0392344809241781,0.8173329598844661,12.948750375812821,0.25365676871821385,0.7581268603792854,True
AA_052026,177,208,32,177,693.7294179377379,32.486680093962235,0.812834940484719,0.6267173378935389,0.012,0.030000000000000002,0.038479582484655675,0.8119553516478386,12.992004925353754,0.25135394101535324,0.7702406841867967,True
AA_052026,177,209,33,177,679.8530473102949,32.46517439975448,0.8296592711585612,0.6479120655193262,0.012,0.030000000000000002,0.04200099278557392,0.8151462641792152,13.116702398031968,0.25635112033759744,0.7600001541051372,True
AA_052026,177,210,34,177,666.4253405726905,32.46672667546296,0.8455458676712547,0.6788703370868817,0.012,0.030000000000000002,0.044965168871130314,0.8381984701804727,13.22808961718001,0.28288038548534666,0.7695698852823017,True
AA_052026,177,211,35,177,653.4663725383909,32.56633221534293,0.8597090034115561,0.6553433937005599,0.012,0.030000000000000002,0.04501573721669546,0.8432467168785267,13.25977769810264,0.29084168486988926,0.777848185804199,True
AA_052026,177,212,36,177,640.8658446543857,32.528751381303266,0.8773625755364957,0.6572995428862266,0.012,0.030000000000000002,0.04461996496138581,0.780522187576102,13.282887104898982,0.28962865122933695,0.777530544327629,True
AA_052026,177,213,37,177,628.7976142930462,32.58024550059617,0.8926550352987979,0.6696511457920833,0.012,0.030000000000000002,0.04565560733239782,0.7866326408199266,13.56357506104073,0.27128941937045176,0.7311198313405207,True
AA_052026,177,214,38,177,616.9939362441511,32.064017706921156,0.8164257797536342,0.6740065295829759,0.012,0.031000000000000003,0.045483868677648726,0.7799112605188611,13.647924137449454,0.2796297082986961,0.74571145222999,True
AA_052026,177,215,39,177,605.5971696669128,32.07360765354146,0.8315615395872937,0.6849605037738522,0.012,0.031000000000000003,0.047062906436895584,0.7707577762057066,13.66908704201833,0.27808012186590514,0.7448935740590525,True
