0.000000,1.000000,1.000000,1.000000,1.000000,0.899000,0.743500,0.566000,0.502000,0.431000,0.379000,0.309000,0.220500,0.160500,0.130500,0.132000,0.091000,0.101000,0.095000,0.083000,0.063500,0.051000,0.051000,0.049000,0.044500,0.047000,0.039000,0.036500,0.039500,0.049000,0.036500,0.028000,0.036000,0.026000,0.029000,0.030000,0.021500,0.024500,0.019000,0.020000,0.019000,0.022000,0.014000,0.012000,0.013000,0.013500,0.014500,0.012000,0.011500,0.011000,0.010500,0.009000,0.009500,0.008500,0.009500,0.008500,0.010500,0.005500,0.011000,0.009000,0.010000,0.012000,0.008500,0.010500,0.009500,0.010000,0.007000,0.006500,0.005500,0.008500,0.006500,0.007000,0.006000,0.006500,0.004000,0.006000,0.004500,0.006000,0.008500,0.006500,0.007500,0.006500,0.007500,0.007000,0.008000,0.009000,0.006500,0.006500,0.005500,0.007000,0.005500,0.004500,0.006000,0.005000,0.005000,0.005500,0.004500,0.006000,0.004500,0.003500,0.004000,0.004500,0.005000,0.006000,0.004500,0.004000,0.005500,0.006500,0.005000,0.006000,0.004000,0.003000,0.003500,0.004000,0.003000,0.002000,0.004000,0.003000,0.002500,0.002500
1.000000,0.000000,1.000000,1.000000,1.000000,1.000000,0.927500,0.727000,0.632000,0.530500,0.440000,0.356500,0.264000,0.191500,0.151000,0.143500,0.103000,0.112000,0.106000,0.099500,0.071500,0.054000,0.058000,0.060500,0.054000,0.046500,0.040500,0.042000,0.039500,0.049000,0.041000,0.033500,0.038000,0.029000,0.031500,0.027500,0.026000,0.028000,0.021500,0.023000,0.019000,0.021000,0.016000,0.011500,0.013000,0.016500,0.014000,0.013000,0.011000,0.014500,0.011500,0.009000,0.011500,0.008500,0.010000,0.006500,0.010500,0.007500,0.012000,0.009500,0.011500,0.009500,0.007500,0.010500,0.009000,0.010500,0.007500,0.008000,0.008000,0.008000,0.008500,0.007500,0.007500,0.007000,0.006500,0.007000,0.006500,0.008000,0.009500,0.005500,0.006500,0.006000,0.006500,0.007000,0.008000,0.009000,0.005000,0.006000,0.005000,0.007000,0.005500,0.006000,0.006000,0.005500,0.005000,0.005500,0.006000,0.006000,0.004000,0.004000,0.004000,0.003500,0.005000,0.006000,0.004500,0.004500,0.006500,0.006500,0.006000,0.005500,0.003500,0.003500,0.003500,0.003500,0.002500,0.001000,0.002500,0.003500,0.002000,0.002000
1.000000,1.000000,0.000000,1.000000,1.000000,1.000000,1.000000,0.948000,0.839000,0.669500,0.528000,0.413000,0.272500,0.194500,0.146500,0.145000,0.100500,0.106000,0.104000,0.094000,0.063000,0.052500,0.047500,0.055500,0.054500,0.049000,0.033500,0.038000,0.037500,0.046500,0.040000,0.030000,0.036500,0.023000,0.029500,0.030500,0.026000,0.024500,0.020500,0.023000,0.016000,0.018000,0.013500,0.011500,0.012500,0.011000,0.013000,0.012500,0.013500,0.012000,0.008500,0.006500,0.008500,0.006500,0.010000,0.009000,0.012000,0.009000,0.010500,0.009500,0.010000,0.008500,0.007000,0.008000,0.007500,0.008500,0.006000,0.006000,0.007500,0.007000,0.006000,0.006500,0.006500,0.005500,0.006500,0.006500,0.007000,0.008000,0.009000,0.005500,0.008500,0.006000,0.006000,0.006500,0.008000,0.007500,0.004500,0.006000,0.005000,0.005000,0.003500,0.004000,0.005500,0.004500,0.004000,0.003000,0.004500,0.005500,0.003000,0.004000,0.004000,0.004500,0.006000,0.006000,0.005500,0.004500,0.007500,0.005500,0.006000,0.005500,0.004000,0.003500,0.003000,0.003500,0.001500,0.002000,0.002500,0.003500,0.002500,0.003000
1.000000,1.000000,1.000000,0.000000,1.000000,1.000000,1.000000,1.000000,0.880000,0.706000,0.550500,0.444500,0.302000,0.195500,0.156000,0.144000,0.107000,0.108500,0.102500,0.096500,0.061000,0.052000,0.051500,0.055500,0.050500,0.048500,0.032000,0.037500,0.033000,0.041500,0.036500,0.027000,0.038500,0.025500,0.034000,0.032500,0.025000,0.025000,0.017000,0.024500,0.016500,0.018000,0.014500,0.009500,0.013000,0.013500,0.012500,0.012000,0.012000,0.013000,0.011500,0.009000,0.011000,0.007000,0.008000,0.008500,0.013000,0.009000,0.011500,0.010500,0.011000,0.009000,0.007500,0.008500,0.008500,0.009500,0.006500,0.006500,0.007000,0.008500,0.007500,0.007000,0.006500,0.009500,0.008000,0.008500,0.006500,0.008500,0.009000,0.006500,0.008500,0.006000,0.006500,0.006500,0.008000,0.007000,0.006000,0.005500,0.004000,0.007500,0.005500,0.004000,0.005500,0.005000,0.003500,0.002500,0.003500,0.003500,0.004000,0.004000,0.005000,0.004500,0.007500,0.006000,0.004500,0.004000,0.005500,0.004000,0.004000,0.004000,0.004000,0.002500,0.002500,0.005000,0.001000,0.001500,0.003000,0.004000,0.002500,0.002500
1.000000,1.000000,1.000000,1.000000,0.000000,1.000000,1.000000,1.000000,1.000000,0.893500,0.688000,0.533000,0.295000,0.187000,0.154500,0.146500,0.100500,0.095500,0.097500,0.094500,0.055000,0.044500,0.044000,0.053000,0.046000,0.044000,0.031500,0.033500,0.026500,0.041500,0.034500,0.026000,0.034000,0.023500,0.026500,0.032500,0.024000,0.025500,0.018500,0.022000,0.018000,0.017500,0.015500,0.011000,0.014000,0.011500,0.012000,0.011500,0.009500,0.012000,0.010500,0.009000,0.012000,0.006500,0.010500,0.010000,0.011000,0.010000,0.011500,0.010000,0.011500,0.009000,0.006500,0.008500,0.008000,0.009500,0.005500,0.006000,0.006000,0.007000,0.007000,0.006000,0.006500,0.008000,0.007500,0.007000,0.007500,0.007000,0.007500,0.006000,0.007000,0.007000,0.005500,0.006000,0.007500,0.007000,0.004000,0.004500,0.004000,0.003500,0.003000,0.004500,0.006000,0.004000,0.003000,0.003500,0.003500,0.002500,0.003500,0.003500,0.003000,0.005000,0.004500,0.005500,0.003500,0.005000,0.004000,0.003500,0.003000,0.004500,0.004000,0.002000,0.002500,0.005000,0.000500,0.001500,0.002000,0.003000,0.002500,0.003000
0.899000,1.000000,1.000000,1.000000,1.000000,0.000000,1.000000,1.000000,1.000000,1.000000,0.871500,0.600500,0.341500,0.218000,0.166500,0.157000,0.107000,0.112500,0.104000,0.103000,0.057000,0.046500,0.050000,0.056000,0.051500,0.050500,0.039000,0.038000,0.034000,0.044500,0.036500,0.030000,0.038000,0.026000,0.030000,0.029000,0.025500,0.026500,0.021000,0.023500,0.018000,0.020500,0.018000,0.017000,0.017000,0.014500,0.012000,0.012500,0.014000,0.013500,0.012500,0.011000,0.015000,0.010500,0.011000,0.011000,0.014000,0.012500,0.014500,0.010500,0.014000,0.009000,0.009000,0.007000,0.008000,0.010000,0.006000,0.006000,0.006000,0.007000,0.006000,0.007000,0.007000,0.006500,0.008000,0.009500,0.008000,0.006500,0.007500,0.004500,0.005000,0.007500,0.006000,0.004000,0.005500,0.008000,0.004000,0.004000,0.004500,0.004500,0.004500,0.005000,0.009000,0.005000,0.005000,0.003500,0.003500,0.005000,0.003500,0.003000,0.004500,0.004500,0.004500,0.003500,0.004000,0.003500,0.006000,0.004000,0.003000,0.003000,0.002000,0.002000,0.004000,0.004500,0.001000,0.002000,0.002500,0.003500,0.002500,0.003500
0.743500,0.927500,1.000000,1.000000,1.000000,1.000000,0.000000,1.000000,1.000000,1.000000,1.000000,0.796500,0.437000,0.253500,0.175500,0.161500,0.113000,0.125500,0.109500,0.101000,0.064000,0.055500,0.056500,0.062000,0.054000,0.054000,0.043000,0.037500,0.034000,0.047500,0.038500,0.028000,0.036500,0.026500,0.032500,0.032500,0.025000,0.025000,0.021500,0.024000,0.019500,0.023000,0.018000,0.018500,0.019000,0.016000,0.014000,0.012000,0.014000,0.014000,0.014000,0.013000,0.011500,0.009500,0.011500,0.011000,0.013000,0.012500,0.013000,0.010500,0.012500,0.008000,0.007000,0.008000,0.009000,0.009500,0.005000,0.005500,0.005500,0.006500,0.006500,0.005000,0.006500,0.006500,0.006000,0.008500,0.007500,0.008500,0.008000,0.005000,0.006500,0.006000,0.005500,0.004500,0.005500,0.007000,0.004500,0.004000,0.005000,0.005000,0.006000,0.007000,0.007000,0.004000,0.002500,0.003500,0.004000,0.005000,0.004500,0.004000,0.003500,0.003500,0.004500,0.004000,0.004000,0.002500,0.003000,0.002500,0.002500,0.001500,0.002500,0.001500,0.003500,0.003000,0.000500,0.002000,0.001500,0.004000,0.002500,0.004000
0.566000,0.727000,0.948000,1.000000,1.000000,1.000000,1.000000,0.000000,1.000000,1.000000,1.000000,1.000000,0.540500,0.294000,0.198000,0.173500,0.109000,0.120500,0.104500,0.101500,0.061000,0.049500,0.053000,0.059500,0.053500,0.052000,0.039500,0.038000,0.034500,0.042500,0.034500,0.032000,0.034500,0.027500,0.029000,0.028500,0.025000,0.027500,0.023500,0.020500,0.021500,0.021500,0.019000,0.017000,0.017500,0.016000,0.012000,0.009000,0.011000,0.014000,0.010500,0.010500,0.011000,0.008500,0.009500,0.010000,0.013500,0.011000,0.010000,0.007500,0.009000,0.008500,0.006000,0.008000,0.008000,0.009500,0.005000,0.003500,0.005000,0.004500,0.003000,0.004500,0.005000,0.006500,0.005500,0.006000,0.007500,0.006500,0.008000,0.005500,0.006000,0.005500,0.005500,0.004000,0.005000,0.007000,0.004500,0.004000,0.004500,0.005000,0.004500,0.006000,0.004500,0.004000,0.003500,0.004000,0.004500,0.005000,0.004500,0.003500,0.003000,0.003000,0.003500,0.003000,0.003000,0.001500,0.002500,0.001500,0.003000,0.002500,0.002500,0.002500,0.003500,0.003000,0.002000,0.001500,0.003500,0.003500,0.002000,0.003000
0.502000,0.632000,0.839000,0.880000,1.000000,1.000000,1.000000,1.000000,0.000000,1.000000,1.000000,1.000000,1.000000,0.590000,0.327000,0.302000,0.185000,0.181500,0.152500,0.143500,0.086500,0.066000,0.065500,0.075000,0.064500,0.064500,0.052500,0.041500,0.038000,0.047500,0.043000,0.036000,0.046000,0.032500,0.035500,0.033000,0.028500,0.030500,0.025000,0.027000,0.023000,0.026000,0.018000,0.018000,0.019000,0.018000,0.014500,0.011500,0.015000,0.015000,0.013000,0.013000,0.011500,0.012500,0.011000,0.010000,0.014500,0.011500,0.011000,0.010000,0.009500,0.008500,0.007000,0.009000,0.006000,0.010000,0.003000,0.003000,0.004500,0.003500,0.003000,0.004000,0.004500,0.005000,0.005000,0.007500,0.008000,0.006500,0.008000,0.006000,0.005500,0.008000,0.008000,0.005500,0.005500,0.006500,0.006000,0.006000,0.005500,0.006000,0.007500,0.005000,0.006000,0.005000,0.004500,0.006000,0.007000,0.004500,0.004500,0.002500,0.002500,0.002500,0.003500,0.003000,0.003500,0.003000,0.001500,0.002500,0.002000,0.003500,0.002000,0.003000,0.005000,0.004000,0.002000,0.001500,0.003500,0.003500,0.002500,0.003000
0.431000,0.530500,0.669500,0.706000,0.893500,1.000000,1.000000,1.000000,1.000000,0.000000,1.000000,1.000000,1.000000,1.000000,0.579500,0.546000,0.309000,0.288500,0.210500,0.195000,0.122000,0.094500,0.093000,0.097500,0.092000,0.088500,0.063000,0.060500,0.056000,0.066500,0.055500,0.042500,0.052000,0.039500,0.044500,0.038500,0.027500,0.035500,0.028500,0.028500,0.023000,0.026500,0.023000,0.021000,0.019500,0.015000,0.013500,0.011500,0.015000,0.014000,0.013500,0.013500,0.014000,0.008500,0.011000,0.011000,0.016000,0.012500,0.011500,0.011000,0.010500,0.009500,0.006500,0.009000,0.005500,0.007500,0.003500,0.004500,0.005000,0.004000,0.004500,0.004500,0.004000,0.006000,0.005500,0.006500,0.008500,0.005500,0.008500,0.004500,0.007000,0.006000,0.009500,0.008000,0.008000,0.008500,0.006500,0.007500,0.006000,0.006500,0.006500,0.005000,0.006500,0.004000,0.004500,0.004500,0.005000,0.007000,0.005000,0.002500,0.002000,0.002500,0.003000,0.003500,0.003000,0.002500,0.002500,0.003000,0.002500,0.004000,0.003000,0.002500,0.004000,0.003500,0.003000,0.003000,0.004000,0.005000,0.003000,0.002500
0.379000,0.440000,0.528000,0.550500,0.688000,0.871500,1.000000,1.000000,1.000000,1.000000,0.000000,1.000000,1.000000,1.000000,1.000000,0.763500,0.518000,0.388500,0.274500,0.253500,0.163000,0.121000,0.111500,0.124000,0.105000,0.108500,0.073500,0.073000,0.066000,0.070500,0.068500,0.050500,0.061000,0.048000,0.048500,0.041000,0.041000,0.036000,0.030500,0.032500,0.025500,0.032500,0.027500,0.022000,0.019500,0.019000,0.018500,0.014500,0.019500,0.019000,0.016000,0.014000,0.013500,0.014000,0.012500,0.010000,0.015500,0.009000,0.009500,0.012000,0.010000,0.009500,0.008500,0.010000,0.008500,0.008000,0.006500,0.005000,0.006000,0.005500,0.004500,0.004500,0.004500,0.004500,0.004500,0.006500,0.005000,0.007500,0.006000,0.005000,0.006500,0.008000,0.007500,0.005500,0.008500,0.008500,0.007000,0.008000,0.007500,0.005500,0.007000,0.006500,0.008000,0.007000,0.006000,0.005500,0.004000,0.005000,0.004500,0.004500,0.003000,0.003000,0.004500,0.003000,0.003500,0.002500,0.003000,0.003000,0.003500,0.003500,0.003500,0.004000,0.004500,0.002000,0.002000,0.003000,0.003000,0.004500,0.002500,0.004000
0.309000,0.356500,0.413000,0.444500,0.533000,0.600500,0.796500,1.000000,1.000000,1.000000,1.000000,0.000000,1.000000,1.000000,1.000000,1.000000,0.839000,0.588500,0.463000,0.387500,0.234000,0.154500,0.139500,0.145500,0.131500,0.114500,0.084500,0.085000,0.079500,0.081500,0.073000,0.058500,0.073500,0.051500,0.054000,0.046500,0.041500,0.040500,0.034500,0.028000,0.024500,0.025500,0.025000,0.018500,0.018000,0.017000,0.015000,0.015000,0.018500,0.019000,0.016000,0.016500,0.012500,0.010000,0.013000,0.011500,0.015500,0.011000,0.009500,0.011000,0.010000,0.009500,0.007000,0.011000,0.006500,0.009000,0.005500,0.006500,0.006000,0.005500,0.005000,0.005000,0.005500,0.004500,0.005000,0.006000,0.006500,0.004500,0.006000,0.004000,0.007500,0.008000,0.006000,0.006000,0.005000,0.007000,0.005000,0.005000,0.004500,0.005000,0.005000,0.004500,0.005500,0.005000,0.006000,0.005500,0.004500,0.004500,0.002500,0.002000,0.002500,0.003000,0.002000,0.004000,0.004000,0.004000,0.004000,0.003500,0.003500,0.004000,0.004000,0.002500,0.003500,0.003500,0.002500,0.001500,0.002500,0.002500,0.001000,0.002500
0.220500,0.264000,0.272500,0.302000,0.295000,0.341500,0.437000,0.540500,1.000000,1.000000,1.000000,1.000000,0.000000,1.000000,1.000000,1.000000,1.000000,0.741000,0.583000,0.432500,0.264000,0.161500,0.152500,0.166000,0.134000,0.122500,0.093000,0.089000,0.080000,0.083500,0.073000,0.057500,0.070500,0.050500,0.052500,0.050500,0.039500,0.037500,0.032500,0.031500,0.022000,0.025500,0.018000,0.017000,0.019500,0.018000,0.016000,0.016500,0.018000,0.019500,0.014500,0.014000,0.013500,0.009500,0.009500,0.012500,0.015000,0.007500,0.010000,0.009500,0.009000,0.008500,0.007000,0.008000,0.005000,0.009500,0.006000,0.007000,0.006000,0.006000,0.005000,0.005500,0.005500,0.003000,0.005500,0.008500,0.005500,0.005500,0.005500,0.004000,0.006000,0.006000,0.005500,0.004500,0.004500,0.007000,0.005000,0.005000,0.004500,0.006000,0.006000,0.004500,0.006500,0.006500,0.006500,0.006500,0.003000,0.003000,0.003000,0.003000,0.003000,0.002500,0.003500,0.005000,0.002500,0.004000,0.004000,0.003500,0.003500,0.005000,0.002500,0.003000,0.003500,0.004000,0.002500,0.001000,0.002500,0.003000,0.001500,0.003500
0.160500,0.191500,0.194500,0.195500,0.187000,0.218000,0.253500,0.294000,0.590000,1.000000,1.000000,1.000000,1.000000,0.000000,1.000000,1.000000,1.000000,1.000000,0.791000,0.526000,0.336000,0.202000,0.174500,0.188000,0.145500,0.129500,0.111500,0.092500,0.086000,0.095500,0.081000,0.061500,0.075500,0.052000,0.055500,0.051500,0.038500,0.037500,0.029000,0.028000,0.022500,0.029000,0.020500,0.018500,0.018000,0.024000,0.019500,0.021000,0.021000,0.021000,0.016500,0.016000,0.018500,0.012500,0.012000,0.009000,0.012500,0.009500,0.012000,0.009500,0.009000,0.009500,0.006500,0.009000,0.005500,0.009000,0.006000,0.006500,0.005500,0.005500,0.004000,0.006500,0.005500,0.005000,0.004000,0.008000,0.005500,0.005000,0.005000,0.003500,0.005000,0.003000,0.004500,0.004000,0.004000,0.005500,0.005000,0.005500,0.005500,0.004500,0.004000,0.003500,0.003500,0.005500,0.006000,0.005500,0.002500,0.003500,0.002000,0.003000,0.003000,0.002500,0.003500,0.004500,0.003000,0.004000,0.004000,0.003000,0.003000,0.004500,0.004000,0.003500,0.005000,0.004500,0.004000,0.003500,0.004000,0.004000,0.003000,0.004500
0.130500,0.151000,0.146500,0.156000,0.154500,0.166500,0.175500,0.198000,0.327000,0.579500,1.000000,1.000000,1.000000,1.000000,0.000000,1.000000,1.000000,1.000000,1.000000,0.808500,0.525000,0.301000,0.251000,0.251000,0.200000,0.177500,0.133500,0.115500,0.099000,0.113500,0.101000,0.074000,0.081500,0.054000,0.066000,0.058000,0.046000,0.045000,0.033000,0.033500,0.024000,0.026000,0.023500,0.020500,0.024000,0.026500,0.023000,0.023000,0.026000,0.023500,0.018500,0.015000,0.017500,0.010500,0.012000,0.009000,0.010000,0.009000,0.009000,0.007000,0.009500,0.009000,0.007000,0.009500,0.004500,0.008000,0.004000,0.007000,0.007000,0.005500,0.004500,0.004500,0.007500,0.006000,0.005000,0.007000,0.006500,0.005500,0.006000,0.002500,0.006000,0.004000,0.002500,0.004500,0.004500,0.005000,0.006500,0.006500,0.006000,0.004500,0.002500,0.004000,0.005500,0.004500,0.005000,0.004500,0.003500,0.003000,0.003000,0.002000,0.002000,0.002500,0.003500,0.005000,0.004000,0.004000,0.005000,0.003500,0.002500,0.004000,0.004000,0.005500,0.004500,0.004500,0.003500,0.002500,0.004000,0.003000,0.001500,0.003500
0.132000,0.143500,0.145000,0.144000,0.146500,0.157000,0.161500,0.173500,0.302000,0.546000,0.763500,1.000000,1.000000,1.000000,1.000000,0.000000,1.000000,1.000000,1.000000,1.000000,0.755500,0.453000,0.385500,0.373000,0.269500,0.243500,0.179500,0.166000,0.137000,0.141500,0.129000,0.085500,0.102500,0.072500,0.075000,0.068500,0.052000,0.048500,0.042000,0.031000,0.027000,0.027500,0.022500,0.023000,0.030500,0.029000,0.024000,0.025500,0.026000,0.024000,0.021500,0.019500,0.018000,0.017000,0.013000,0.011000,0.014000,0.011000,0.010000,0.008500,0.010000,0.009000,0.006500,0.009000,0.006500,0.009000,0.005500,0.007000,0.006500,0.005000,0.006000,0.004500,0.005000,0.005000,0.005500,0.009500,0.005500,0.007500,0.006000,0.002000,0.004000,0.004000,0.003000,0.005500,0.008500,0.007500,0.006000,0.005500,0.005500,0.004000,0.003000,0.004000,0.006000,0.003500,0.003500,0.003000,0.003500,0.003000,0.002000,0.002500,0.002500,0.002000,0.003500,0.004000,0.004000,0.003500,0.004000,0.003000,0.002500,0.004500,0.004500,0.004500,0.006000,0.006500,0.004500,0.005000,0.005000,0.005000,0.003500,0.004500
0.091000,0.103000,0.100500,0.107000,0.100500,0.107000,0.113000,0.109000,0.185000,0.309000,0.518000,0.839000,1.000000,1.000000,1.000000,1.000000,0.000000,1.000000,1.000000,1.000000,1.000000,0.848500,0.681500,0.544500,0.390000,0.309500,0.226000,0.185000,0.150500,0.156000,0.135000,0.083000,0.106500,0.064500,0.076000,0.077500,0.050500,0.048500,0.031500,0.034500,0.022000,0.029500,0.023000,0.018500,0.021500,0.024000,0.022000,0.020000,0.022000,0.020000,0.016500,0.016000,0.016000,0.010500,0.013000,0.010500,0.012500,0.008500,0.009000,0.006000,0.007500,0.007000,0.005000,0.008000,0.003000,0.007500,0.003500,0.007000,0.006000,0.005500,0.004500,0.005000,0.004500,0.004500,0.003000,0.006500,0.005000,0.004500,0.005000,0.002000,0.004000,0.006000,0.004500,0.005000,0.007500,0.007500,0.004500,0.004500,0.005000,0.005500,0.005000,0.004500,0.003500,0.003500,0.004000,0.003500,0.003500,0.003500,0.003500,0.002000,0.002000,0.002500,0.003500,0.003000,0.002500,0.001500,0.002000,0.001500,0.002000,0.002000,0.001500,0.002000,0.004000,0.005000,0.003500,0.004000,0.005000,0.004500,0.003500,0.003500
0.101000,0.112000,0.106000,0.108500,0.095500,0.112500,0.125500,0.120500,0.181500,0.288500,0.388500,0.588500,0.741000,1.000000,1.000000,1.000000,1.000000,0.000000,1.000000,1.000000,1.000000,1.000000,0.794500,0.645500,0.474500,0.384500,0.285000,0.216500,0.183000,0.196000,0.160000,0.108000,0.130500,0.088000,0.093500,0.087000,0.069500,0.063000,0.041500,0.045500,0.031500,0.036000,0.030000,0.025000,0.025000,0.030500,0.029500,0.028000,0.026500,0.022000,0.021000,0.022000,0.019000,0.014500,0.014500,0.010000,0.014500,0.009000,0.009500,0.006000,0.008500,0.008000,0.005000,0.007500,0.006500,0.008500,0.005000,0.005500,0.006000,0.005000,0.004500,0.003500,0.004000,0.003500,0.003500,0.007000,0.005000,0.003500,0.007000,0.003500,0.005000,0.007500,0.006500,0.006000,0.008500,0.007500,0.006500,0.005500,0.004500,0.005000,0.005000,0.005000,0.004500,0.005000,0.006500,0.004000,0.003000,0.003000,0.001000,0.002000,0.002000,0.001500,0.002500,0.004500,0.003500,0.004000,0.003000,0.003500,0.003000,0.003000,0.002000,0.002500,0.003500,0.005500,0.004000,0.003500,0.004000,0.004500,0.004000,0.005000
0.095000,0.106000,0.104000,0.102500,0.097500,0.104000,0.109500,0.104500,0.152500,0.210500,0.274500,0.463000,0.583000,0.791000,1.000000,1.000000,1.000000,1.000000,0.000000,1.000000,1.000000,1.000000,1.000000,0.930000,0.756000,0.587500,0.437500,0.379000,0.280500,0.277000,0.234500,0.156000,0.172000,0.113500,0.121500,0.112500,0.087000,0.087000,0.062500,0.056000,0.046500,0.051500,0.038500,0.036500,0.039000,0.038500,0.030000,0.034000,0.031000,0.024500,0.021500,0.021000,0.021500,0.012500,0.014000,0.013500,0.013500,0.009000,0.008000,0.008000,0.011000,0.008500,0.007500,0.007500,0.010000,0.010500,0.007000,0.007000,0.007000,0.006000,0.006500,0.005500,0.004500,0.006000,0.006500,0.008500,0.007500,0.008000,0.008000,0.004500,0.007500,0.009500,0.007500,0.007500,0.010000,0.009000,0.005500,0.006000,0.006000,0.005500,0.005500,0.006000,0.005500,0.003500,0.005500,0.001500,0.002000,0.002000,0.002000,0.002500,0.003500,0.003500,0.006000,0.005000,0.006000,0.005000,0.004000,0.003500,0.003500,0.005000,0.004000,0.003000,0.006500,0.006500,0.004000,0.005500,0.005000,0.005500,0.004500,0.006000
0.083000,0.099500,0.094000,0.096500,0.094500,0.103000,0.101000,0.101500,0.143500,0.195000,0.253500,0.387500,0.432500,0.526000,0.808500,1.000000,1.000000,1.000000,1.000000,0.000000,1.000000,1.000000,1.000000,1.000000,0.889500,0.666000,0.449500,0.362500,0.280500,0.261500,0.229500,0.155500,0.158000,0.104000,0.119500,0.108000,0.080000,0.082000,0.059500,0.057500,0.048000,0.050500,0.043500,0.037500,0.040000,0.043500,0.035000,0.032500,0.030500,0.022500,0.019000,0.018000,0.018500,0.013500,0.015000,0.011500,0.011500,0.009500,0.011500,0.011000,0.011500,0.010000,0.008500,0.010000,0.010500,0.010500,0.008000,0.009000,0.009000,0.008500,0.009000,0.009000,0.009000,0.004500,0.005000,0.007500,0.006000,0.007500,0.008000,0.005000,0.006500,0.007000,0.006000,0.007000,0.009000,0.007500,0.005500,0.005500,0.005000,0.005500,0.006000,0.005500,0.006500,0.006000,0.006000,0.006000,0.004000,0.004500,0.003000,0.003500,0.003000,0.002500,0.002500,0.002500,0.003500,0.002000,0.004000,0.003000,0.002500,0.003500,0.002500,0.003500,0.006000,0.003500,0.005000,0.007000,0.006000,0.004000,0.003500,0.004500
0.063500,0.071500,0.063000,0.061000,0.055000,0.057000,0.064000,0.061000,0.086500,0.122000,0.163000,0.234000,0.264000,0.336000,0.525000,0.755500,1.000000,1.000000,1.000000,1.000000,0.000000,1.000000,1.000000,1.000000,1.000000,0.825500,0.525500,0.441000,0.310000,0.274500,0.243000,0.148500,0.158000,0.103500,0.116000,0.095500,0.068000,0.071500,0.053500,0.056000,0.042000,0.050000,0.036000,0.034500,0.041000,0.035000,0.033500,0.028000,0.025000,0.020000,0.015000,0.013500,0.012000,0.009500,0.012000,0.008500,0.012500,0.008500,0.010000,0.009000,0.011000,0.009000,0.006000,0.008000,0.008000,0.009000,0.007000,0.007000,0.005500,0.006000,0.005500,0.005000,0.005500,0.004000,0.004500,0.005000,0.006000,0.007000,0.007500,0.004000,0.004000,0.005000,0.005500,0.006000,0.007500,0.006000,0.005500,0.006000,0.005500,0.006000,0.006000,0.004000,0.007000,0.003500,0.003500,0.001000,0.002500,0.002500,0.002000,0.001500,0.001500,0.002000,0.001500,0.003500,0.001500,0.003000,0.003000,0.002000,0.002500,0.004000,0.002000,0.003000,0.004000,0.004500,0.004000,0.007000,0.005500,0.004500,0.003500,0.004500
0.051000,0.054000,0.052500,0.052000,0.044500,0.046500,0.055500,0.049500,0.066000,0.094500,0.121000,0.154500,0.161500,0.202000,0.301000,0.453000,0.848500,1.000000,1.000000,1.000000,1.000000,0.000000,1.000000,1.000000,1.000000,1.000000,0.821500,0.636000,0.444500,0.335000,0.290000,0.177000,0.180500,0.111000,0.118500,0.103000,0.074500,0.070000,0.052500,0.059000,0.045000,0.054000,0.043000,0.034500,0.040000,0.031000,0.026000,0.020500,0.020500,0.015000,0.009500,0.009000,0.009500,0.007500,0.011500,0.007500,0.011500,0.008500,0.007000,0.007500,0.010500,0.006500,0.004500,0.006500,0.007000,0.008500,0.005000,0.005500,0.006000,0.004500,0.004000,0.004500,0.005500,0.003500,0.005000,0.004000,0.005000,0.007500,0.006500,0.003500,0.002000,0.003500,0.004500,0.004500,0.005500,0.005000,0.005500,0.005500,0.005500,0.006500,0.007000,0.005500,0.005500,0.002500,0.003500,0.002000,0.002500,0.003000,0.002000,0.001000,0.002000,0.001500,0.002000,0.002500,0.002500,0.003500,0.002500,0.002000,0.002500,0.004000,0.001000,0.002500,0.005000,0.004000,0.003500,0.004500,0.005500,0.004500,0.003000,0.006000
0.051000,0.058000,0.047500,0.051500,0.044000,0.050000,0.056500,0.053000,0.065500,0.093000,0.111500,0.139500,0.152500,0.174500,0.251000,0.385500,0.681500,0.794500,1.000000,1.000000,1.000000,1.000000,0.000000,1.000000,1.000000,1.000000,1.000000,0.868500,0.676500,0.511500,0.401500,0.258000,0.233000,0.148000,0.150000,0.128000,0.084500,0.081500,0.071000,0.065000,0.056500,0.056000,0.047000,0.041000,0.041000,0.041500,0.028500,0.026500,0.024500,0.017500,0.011500,0.011000,0.012500,0.010500,0.012500,0.008000,0.014500,0.007500,0.009000,0.007500,0.008500,0.007000,0.008000,0.007000,0.008000,0.008000,0.006000,0.006500,0.007000,0.004500,0.002500,0.004500,0.004500,0.003500,0.005000,0.007500,0.004000,0.006000,0.006500,0.003000,0.003500,0.005000,0.005000,0.003000,0.006500,0.003500,0.004500,0.004500,0.006500,0.006500,0.005500,0.005500,0.005500,0.003000,0.003000,0.002000,0.003000,0.002000,0.003000,0.002000,0.002000,0.001500,0.001500,0.003000,0.002000,0.002500,0.003000,0.002500,0.002500,0.002500,0.003000,0.004000,0.004000,0.004500,0.004000,0.005000,0.005500,0.004000,0.003000,0.005000
0.049000,0.060500,0.055500,0.055500,0.053000,0.056000,0.062000,0.059500,0.075000,0.097500,0.124000,0.145500,0.166000,0.188000,0.251000,0.373000,0.544500,0.645500,0.930000,1.000000,1.000000,1.000000,1.000000,0.000000,1.000000,1.000000,1.000000,1.000000,0.880500,0.740500,0.603000,0.412000,0.347000,0.208000,0.215000,0.178500,0.131500,0.114500,0.090000,0.088500,0.069500,0.070000,0.055000,0.047500,0.051000,0.049000,0.040000,0.033500,0.031000,0.020500,0.020500,0.017000,0.016500,0.010000,0.012500,0.009000,0.012000,0.010500,0.009500,0.012000,0.011000,0.006500,0.007000,0.008000,0.008000,0.011000,0.008000,0.008000,0.008500,0.007500,0.007500,0.007000,0.005000,0.004500,0.006500,0.007500,0.006500,0.009000,0.007000,0.004000,0.004000,0.005500,0.005500,0.005000,0.006000,0.006000,0.004500,0.005500,0.005500,0.006500,0.005000,0.006000,0.006000,0.005500,0.004500,0.003000,0.003000,0.004000,0.002000,0.002500,0.002000,0.002000,0.003500,0.002500,0.002000,0.002500,0.004000,0.002500,0.005000,0.002500,0.003500,0.002500,0.003000,0.005000,0.004000,0.004500,0.004500,0.006000,0.004500,0.006500
0.044500,0.054000,0.054500,0.050500,0.046000,0.051500,0.054000,0.053500,0.064500,0.092000,0.105000,0.131500,0.134000,0.145500,0.200000,0.269500,0.390000,0.474500,0.756000,0.889500,1.000000,1.000000,1.000000,1.000000,0.000000,1.000000,1.000000,1.000000,1.000000,0.887500,0.728000,0.541500,0.449000,0.276000,0.257000,0.228500,0.172000,0.145500,0.104000,0.097500,0.072500,0.083000,0.068500,0.056000,0.059500,0.052500,0.042000,0.037500,0.034500,0.027000,0.019500,0.013000,0.016000,0.011500,0.013000,0.009500,0.013500,0.011000,0.010500,0.010000,0.009500,0.008000,0.007500,0.006500,0.008500,0.011000,0.005500,0.008000,0.005500,0.005500,0.005000,0.007000,0.004500,0.005000,0.007000,0.008000,0.006500,0.010500,0.009500,0.005000,0.005500,0.005500,0.005000,0.005000,0.006000,0.005500,0.003000,0.003500,0.003500,0.005500,0.005000,0.005000,0.009000,0.007500,0.006000,0.004500,0.003000,0.002500,0.002000,0.001500,0.002000,0.002500,0.002000,0.003000,0.003000,0.003500,0.003500,0.004000,0.003000,0.002000,0.003500,0.003000,0.005000,0.004500,0.003500,0.005000,0.006500,0.004500,0.005000,0.006000
0.047000,0.046500,0.049000,0.048500,0.044000,0.050500,0.054000,0.052000,0.064500,0.088500,0.108500,0.114500,0.122500,0.129500,0.177500,0.243500,0.309500,0.384500,0.587500,0.666000,0.825500,1.000000,1.000000,1.000000,1.000000,0.000000,1.000000,1.000000,1.000000,1.000000,0.860000,0.670000,0.567000,0.392500,0.359500,0.285000,0.217500,0.185500,0.142000,0.119500,0.093000,0.102000,0.076500,0.069000,0.069500,0.059500,0.051000,0.042500,0.037000,0.029000,0.021500,0.016500,0.018000,0.011500,0.014000,0.011000,0.014500,0.013000,0.012500,0.010500,0.011000,0.009500,0.008000,0.007000,0.010000,0.010000,0.007000,0.008000,0.006000,0.005500,0.004000,0.005500,0.006000,0.005500,0.007000,0.009000,0.007000,0.008500,0.009000,0.004000,0.007000,0.006500,0.006000,0.006000,0.006000,0.005500,0.005000,0.004000,0.003500,0.004000,0.005000,0.005500,0.008000,0.005500,0.006000,0.003000,0.004500,0.002500,0.002000,0.002000,0.001500,0.003000,0.003500,0.002500,0.003500,0.003500,0.003000,0.003000,0.004000,0.003500,0.004000,0.004000,0.006500,0.006500,0.005500,0.005000,0.004500,0.005000,0.004500,0.006500
0.039000,0.040500,0.033500,0.032000,0.031500,0.039000,0.043000,0.039500,0.052500,0.063000,0.073500,0.084500,0.093000,0.111500,0.133500,0.179500,0.226000,0.285000,0.437500,0.449500,0.525500,0.821500,1.000000,1.000000,1.000000,1.000000,0.000000,1.000000,1.000000,1.000000,1.000000,0.784500,0.630500,0.494500,0.438000,0.344500,0.242000,0.212000,0.141000,0.122500,0.087000,0.097000,0.073500,0.063500,0.057500,0.054000,0.045000,0.031500,0.027000,0.020000,0.013500,0.012500,0.013000,0.012500,0.010000,0.008000,0.009500,0.009000,0.009000,0.009500,0.008500,0.006000,0.005000,0.006500,0.006000,0.008500,0.004000,0.006000,0.003500,0.001500,0.002000,0.003500,0.004500,0.003000,0.004500,0.005000,0.003500,0.007000,0.007500,0.004500,0.004500,0.005000,0.003000,0.004500,0.004500,0.004000,0.003000,0.002500,0.002000,0.003000,0.004000,0.004500,0.006000,0.003500,0.004000,0.002000,0.001500,0.003000,0.002000,0.002500,0.001000,0.001500,0.001500,0.001500,0.003500,0.002500,0.005000,0.003500,0.004500,0.003000,0.002500,0.004000,0.005000,0.006000,0.005000,0.006000,0.005500,0.003500,0.003000,0.004000
0.036500,0.042000,0.038000,0.037500,0.033500,0.038000,0.037500,0.038000,0.041500,0.060500,0.073000,0.085000,0.089000,0.092500,0.115500,0.166000,0.185000,0.216500,0.379000,0.362500,0.441000,0.636000,0.868500,1.000000,1.000000,1.000000,1.000000,0.000000,1.000000,1.000000,1.000000,1.000000,0.785500,0.621000,0.556000,0.427500,0.289000,0.244000,0.158000,0.138500,0.097500,0.105000,0.080000,0.066500,0.059500,0.050000,0.044000,0.032000,0.028000,0.022000,0.015500,0.015000,0.015500,0.010500,0.012000,0.009500,0.012000,0.009500,0.011500,0.011500,0.009500,0.006500,0.005500,0.006500,0.005500,0.007500,0.004500,0.005000,0.004500,0.005000,0.003000,0.003000,0.005000,0.003500,0.004000,0.005500,0.003500,0.008500,0.007500,0.005000,0.005500,0.006500,0.004000,0.002500,0.005000,0.002500,0.002500,0.003500,0.003500,0.003500,0.004500,0.004500,0.007000,0.004500,0.004500,0.004000,0.002500,0.004000,0.005000,0.001500,0.000500,0.001500,0.001500,0.002500,0.004000,0.003500,0.005000,0.005000,0.004500,0.002500,0.004000,0.004500,0.007000,0.006500,0.005500,0.007500,0.006000,0.005500,0.003500,0.004500
0.039500,0.039500,0.037500,0.033000,0.026500,0.034000,0.034000,0.034500,0.038000,0.056000,0.066000,0.079500,0.080000,0.086000,0.099000,0.137000,0.150500,0.183000,0.280500,0.280500,0.310000,0.444500,0.676500,0.880500,1.000000,1.000000,1.000000,1.000000,0.000000,1.000000,1.000000,1.000000,1.000000,0.715500,0.630500,0.538000,0.369000,0.299000,0.183500,0.160500,0.114500,0.114500,0.089000,0.067500,0.063500,0.063000,0.049500,0.030500,0.029000,0.027000,0.016000,0.014000,0.016500,0.013500,0.010500,0.008000,0.011500,0.011000,0.011000,0.010500,0.008500,0.007500,0.009000,0.008000,0.005500,0.008000,0.004500,0.006500,0.004000,0.004500,0.004500,0.004000,0.004000,0.005000,0.006000,0.007000,0.005000,0.009000,0.009000,0.006000,0.005000,0.007500,0.005500,0.004500,0.004500,0.004000,0.000500,0.001500,0.002500,0.003000,0.004000,0.003000,0.006000,0.004500,0.005000,0.004500,0.004500,0.004500,0.003000,0.002500,0.001500,0.001000,0.002000,0.002500,0.003000,0.003500,0.004500,0.004000,0.005500,0.003500,0.005000,0.005000,0.005500,0.006000,0.007500,0.009000,0.005500,0.005500,0.003000,0.004500
0.049000,0.049000,0.046500,0.041500,0.041500,0.044500,0.047500,0.042500,0.047500,0.066500,0.070500,0.081500,0.083500,0.095500,0.113500,0.141500,0.156000,0.196000,0.277000,0.261500,0.274500,0.335000,0.511500,0.740500,0.887500,1.000000,1.000000,1.000000,1.000000,0.000000,1.000000,1.000000,1.000000,1.000000,0.960500,0.794500,0.565000,0.448500,0.300000,0.257500,0.183500,0.183000,0.135000,0.111500,0.102000,0.091000,0.067500,0.047500,0.046000,0.034000,0.025500,0.023000,0.019500,0.015000,0.012000,0.010000,0.012500,0.010500,0.013000,0.012000,0.011000,0.009500,0.010000,0.010000,0.009000,0.012000,0.008500,0.008500,0.006500,0.004500,0.006000,0.006000,0.007000,0.007500,0.011000,0.008000,0.010500,0.011500,0.011500,0.007500,0.008500,0.010000,0.007500,0.005500,0.008000,0.008000,0.007000,0.006500,0.006500,0.005000,0.007000,0.005000,0.006500,0.004500,0.006500,0.005000,0.006000,0.005500,0.006000,0.005000,0.005000,0.003500,0.005000,0.005000,0.003500,0.005500,0.007500,0.005500,0.007000,0.005000,0.006000,0.006000,0.008000,0.008500,0.007000,0.010000,0.008000,0.005000,0.003500,0.006000
0.036500,0.041000,0.040000,0.036500,0.034500,0.036500,0.038500,0.034500,0.043000,0.055500,0.068500,0.073000,0.073000,0.081000,0.101000,0.129000,0.135000,0.160000,0.234500,0.229500,0.243000,0.290000,0.401500,0.603000,0.728000,0.860000,1.000000,1.000000,1.000000,1.000000,0.000000,1.000000,1.000000,1.000000,1.000000,0.892500,0.678000,0.593000,0.385000,0.315500,0.216500,0.211500,0.139000,0.108000,0.098000,0.087500,0.072500,0.048500,0.042000,0.030500,0.022500,0.019500,0.018000,0.013000,0.013500,0.011000,0.010000,0.010000,0.012000,0.015500,0.012000,0.010000,0.008500,0.010500,0.009500,0.012500,0.008500,0.009500,0.008000,0.006000,0.005500,0.005500,0.006500,0.007500,0.008000,0.011000,0.007000,0.013000,0.012500,0.010000,0.010000,0.008000,0.006500,0.007500,0.008500,0.008000,0.005000,0.007000,0.004500,0.003500,0.005500,0.004500,0.006000,0.004500,0.004500,0.004000,0.005000,0.005000,0.004000,0.004000,0.005000,0.003000,0.003500,0.004000,0.005000,0.005500,0.006000,0.005000,0.006000,0.005500,0.005000,0.004000,0.007000,0.006000,0.007000,0.007000,0.007000,0.008000,0.006000,0.008500
0.028000,0.033500,0.030000,0.027000,0.026000,0.030000,0.028000,0.032000,0.036000,0.042500,0.050500,0.058500,0.057500,0.061500,0.074000,0.085500,0.083000,0.108000,0.156000,0.155500,0.148500,0.177000,0.258000,0.412000,0.541500,0.670000,0.784500,1.000000,1.000000,1.000000,1.000000,0.000000,1.000000,1.000000,1.000000,1.000000,0.939500,0.774500,0.509500,0.355000,0.229000,0.233000,0.150500,0.112500,0.093500,0.090500,0.069000,0.043500,0.030000,0.024000,0.016500,0.014500,0.015500,0.011000,0.011000,0.007500,0.010500,0.008000,0.011000,0.012000,0.012000,0.008000,0.008500,0.008500,0.009000,0.012500,0.007500,0.008500,0.006500,0.007000,0.006000,0.005000,0.005000,0.005000,0.007500,0.006000,0.009000,0.012500,0.010500,0.006500,0.007500,0.008500,0.006500,0.007500,0.005500,0.008500,0.006500,0.007000,0.005000,0.006500,0.005500,0.004000,0.004500,0.003500,0.003500,0.003500,0.003500,0.005000,0.005000,0.004000,0.003500,0.001500,0.003500,0.004000,0.003000,0.004500,0.006500,0.006000,0.004500,0.003500,0.003000,0.003500,0.005000,0.005000,0.005000,0.006000,0.006000,0.006000,0.005000,0.006000
0.036000,0.038000,0.036500,0.038500,0.034000,0.038000,0.036500,0.034500,0.046000,0.052000,0.061000,0.073500,0.070500,0.075500,0.081500,0.102500,0.106500,0.130500,0.172000,0.158000,0.158000,0.180500,0.233000,0.347000,0.449000,0.567000,0.630500,0.785500,1.000000,1.000000,1.000000,1.000000,0.000000,1.000000,1.000000,1.000000,1.000000,0.949500,0.753000,0.578500,0.392500,0.349500,0.223500,0.189000,0.154000,0.138000,0.105000,0.068500,0.051500,0.043500,0.026500,0.018500,0.018000,0.014000,0.015500,0.010000,0.014000,0.009000,0.015500,0.012500,0.014500,0.009500,0.012000,0.013000,0.011500,0.014500,0.009000,0.010000,0.009000,0.009500,0.009500,0.009000,0.006500,0.008000,0.008000,0.010000,0.010500,0.018000,0.017500,0.010000,0.010500,0.014000,0.010500,0.012000,0.010500,0.010000,0.008000,0.010000,0.007500,0.008500,0.005500,0.005000,0.005500,0.004500,0.006000,0.005000,0.005500,0.006500,0.006500,0.005500,0.004000,0.003500,0.004500,0.006500,0.006500,0.003500,0.006500,0.006000,0.005500,0.006500,0.005500,0.005000,0.006000,0.007000,0.005500,0.008500,0.008500,0.008000,0.007500,0.009500
0.026000,0.029000,0.023000,0.025500,0.023500,0.026000,0.026500,0.027500,0.032500,0.039500,0.048000,0.051500,0.050500,0.052000,0.054000,0.072500,0.064500,0.088000,0.113500,0.104000,0.103500,0.111000,0.148000,0.208000,0.276000,0.392500,0.494500,0.621000,0.715500,1.000000,1.000000,1.000000,1.000000,0.000000,1.000000,1.000000,1.000000,1.000000,0.814000,0.658500,0.460000,0.376500,0.231500,0.173000,0.131500,0.124500,0.102500,0.062500,0.042500,0.032500,0.029500,0.021500,0.017500,0.016000,0.015000,0.008000,0.007000,0.007500,0.012500,0.009000,0.011000,0.008500,0.009500,0.009500,0.008500,0.013000,0.005500,0.007500,0.009000,0.008500,0.010000,0.008500,0.008000,0.008500,0.007500,0.010500,0.009500,0.013500,0.011500,0.006500,0.010500,0.010500,0.008500,0.008500,0.009500,0.006500,0.006500,0.009000,0.007000,0.008500,0.007000,0.004000,0.007000,0.004500,0.006500,0.005500,0.006000,0.007000,0.005000,0.004500,0.003500,0.004500,0.004000,0.006500,0.006000,0.005000,0.006000,0.005000,0.004500,0.004500,0.004500,0.004500,0.006500,0.006000,0.006500,0.008000,0.008500,0.007000,0.005500,0.007000
0.029000,0.031500,0.029500,0.034000,0.026500,0.030000,0.032500,0.029000,0.035500,0.044500,0.048500,0.054000,0.052500,0.055500,0.066000,0.075000,0.076000,0.093500,0.121500,0.119500,0.116000,0.118500,0.150000,0.215000,0.257000,0.359500,0.438000,0.556000,0.630500,0.960500,1.000000,1.000000,1.000000,1.000000,0.000000,1.000000,1.000000,1.000000,1.000000,0.879500,0.577000,0.502500,0.318000,0.242500,0.187500,0.166500,0.131000,0.083000,0.058000,0.045500,0.029500,0.024500,0.019500,0.017000,0.019000,0.011500,0.013500,0.012000,0.012000,0.015500,0.013000,0.013000,0.011000,0.013000,0.011000,0.018000,0.008500,0.009000,0.010000,0.010000,0.011500,0.012000,0.010000,0.012500,0.012500,0.013500,0.012500,0.016500,0.015000,0.008000,0.011000,0.012500,0.012000,0.009500,0.008500,0.010000,0.009500,0.010500,0.009000,0.008000,0.007500,0.006500,0.009500,0.006500,0.009000,0.008000,0.008500,0.011000,0.010500,0.010000,0.007500,0.004500,0.005500,0.004500,0.005000,0.004500,0.006000,0.004500,0.004500,0.005000,0.005000,0.004500,0.007500,0.008000,0.006500,0.008500,0.011000,0.008500,0.008000,0.011000
0.030000,0.027500,0.030500,0.032500,0.032500,0.029000,0.032500,0.028500,0.033000,0.038500,0.041000,0.046500,0.050500,0.051500,0.058000,0.068500,0.077500,0.087000,0.112500,0.108000,0.095500,0.103000,0.128000,0.178500,0.228500,0.285000,0.344500,0.427500,0.538000,0.794500,0.892500,1.000000,1.000000,1.000000,1.000000,0.000000,1.000000,1.000000,1.000000,1.000000,0.839000,0.613500,0.379000,0.262000,0.189500,0.179000,0.137000,0.084000,0.061500,0.048000,0.029000,0.023500,0.023000,0.014000,0.018500,0.013500,0.018500,0.010000,0.012500,0.013000,0.014000,0.012500,0.008500,0.008500,0.008000,0.015500,0.007500,0.008500,0.008000,0.007500,0.007500,0.006500,0.008500,0.011000,0.011500,0.013000,0.011500,0.017500,0.014500,0.009000,0.012000,0.012000,0.009500,0.009000,0.009000,0.010000,0.009000,0.012500,0.011000,0.009000,0.007000,0.009000,0.011000,0.010000,0.011500,0.009000,0.010500,0.010500,0.005500,0.007000,0.005500,0.005000,0.005500,0.004500,0.007000,0.006500,0.006000,0.005000,0.008000,0.008000,0.005000,0.007000,0.007500,0.006500,0.004500,0.006000,0.006000,0.008000,0.008500,0.009500
0.021500,0.026000,0.026000,0.025000,0.024000,0.025500,0.025000,0.025000,0.028500,0.027500,0.041000,0.041500,0.039500,0.038500,0.046000,0.052000,0.050500,0.069500,0.087000,0.080000,0.068000,0.074500,0.084500,0.131500,0.172000,0.217500,0.242000,0.289000,0.369000,0.565000,0.678000,0.939500,1.000000,1.000000,1.000000,1.000000,0.000000,1.000000,1.000000,1.000000,1.000000,0.757500,0.534500,0.373000,0.223000,0.185000,0.131500,0.069500,0.053000,0.032000,0.021500,0.015500,0.013500,0.012000,0.011000,0.009000,0.012500,0.009000,0.013500,0.012500,0.012500,0.010000,0.009500,0.007500,0.006500,0.011000,0.005500,0.007500,0.007500,0.007000,0.009000,0.008500,0.008500,0.012000,0.010500,0.011000,0.011000,0.014000,0.014500,0.009500,0.009500,0.010000,0.008500,0.010000,0.009500,0.011500,0.006500,0.007000,0.007000,0.008500,0.008500,0.008500,0.010000,0.006000,0.010000,0.006000,0.006500,0.008500,0.007500,0.007500,0.005500,0.004000,0.003500,0.005000,0.005000,0.004500,0.005000,0.004000,0.007000,0.003500,0.005500,0.006500,0.004000,0.005500,0.004500,0.008000,0.005500,0.008000,0.007500,0.009000
0.024500,0.028000,0.024500,0.025000,0.025500,0.026500,0.025000,0.027500,0.030500,0.035500,0.036000,0.040500,0.037500,0.037500,0.045000,0.048500,0.048500,0.063000,0.087000,0.082000,0.071500,0.070000,0.081500,0.114500,0.145500,0.185500,0.212000,0.244000,0.299000,0.448500,0.593000,0.774500,0.949500,1.000000,1.000000,1.000000,1.000000,0.000000,1.000000,1.000000,1.000000,1.000000,0.858500,0.635000,0.456000,0.344000,0.240000,0.116000,0.076000,0.059500,0.033500,0.022000,0.017000,0.010000,0.010500,0.008500,0.013500,0.012000,0.013500,0.013500,0.012500,0.009000,0.009500,0.013000,0.009000,0.012000,0.006500,0.011000,0.007500,0.009000,0.013500,0.012000,0.011000,0.011000,0.009500,0.012000,0.011000,0.015500,0.015000,0.010000,0.011500,0.011000,0.011500,0.011000,0.011500,0.012500,0.009000,0.009500,0.008500,0.008000,0.008500,0.009000,0.011500,0.007000,0.008000,0.009000,0.007500,0.010000,0.006500,0.005000,0.005500,0.004500,0.004500,0.004000,0.005000,0.006500,0.007500,0.005500,0.006000,0.006000,0.007500,0.005000,0.006500,0.009000,0.006000,0.007000,0.006000,0.007500,0.006000,0.008500
0.019000,0.021500,0.020500,0.017000,0.018500,0.021000,0.021500,0.023500,0.025000,0.028500,0.030500,0.034500,0.032500,0.029000,0.033000,0.042000,0.031500,0.041500,0.062500,0.059500,0.053500,0.052500,0.071000,0.090000,0.104000,0.142000,0.141000,0.158000,0.183500,0.300000,0.385000,0.509500,0.753000,0.814000,1.000000,1.000000,1.000000,1.000000,0.000000,1.000000,1.000000,1.000000,1.000000,0.750000,0.472000,0.378000,0.223000,0.100000,0.060000,0.038500,0.022000,0.014000,0.012000,0.007000,0.011000,0.005500,0.010500,0.008500,0.011000,0.011000,0.010000,0.008000,0.007000,0.010000,0.008500,0.012000,0.006000,0.008500,0.008000,0.009500,0.010500,0.008500,0.009500,0.011000,0.009000,0.013000,0.011500,0.015000,0.014500,0.010500,0.009500,0.009000,0.009500,0.011000,0.010000,0.011000,0.008000,0.007500,0.008000,0.008500,0.007500,0.007000,0.008500,0.005000,0.007000,0.007000,0.005000,0.004000,0.005000,0.003500,0.003500,0.003000,0.004000,0.004000,0.004000,0.005500,0.005500,0.004500,0.007500,0.003000,0.004000,0.003500,0.007000,0.006500,0.003000,0.006500,0.004500,0.007500,0.006500,0.008000
0.020000,0.023000,0.023000,0.024500,0.022000,0.023500,0.024000,0.020500,0.027000,0.028500,0.032500,0.028000,0.031500,0.028000,0.033500,0.031000,0.034500,0.045500,0.056000,0.057500,0.056000,0.059000,0.065000,0.088500,0.097500,0.119500,0.122500,0.138500,0.160500,0.257500,0.315500,0.355000,0.578500,0.658500,0.879500,1.000000,1.000000,1.000000,1.000000,0.000000,1.000000,1.000000,1.000000,1.000000,0.771500,0.607500,0.373000,0.166000,0.101000,0.073500,0.033000,0.022500,0.018500,0.009500,0.011500,0.008000,0.015000,0.012000,0.015000,0.017500,0.014500,0.013000,0.013000,0.016000,0.015000,0.018500,0.010000,0.009500,0.011000,0.011500,0.012000,0.009000,0.011000,0.011500,0.009000,0.011000,0.012000,0.018000,0.016000,0.009500,0.011000,0.009500,0.010500,0.010500,0.013000,0.013000,0.012500,0.012000,0.011000,0.010000,0.010000,0.009000,0.009500,0.008000,0.006000,0.006000,0.004500,0.005000,0.006500,0.003000,0.004000,0.004000,0.003000,0.004500,0.004000,0.005000,0.006500,0.007000,0.008500,0.007000,0.007000,0.004000,0.007000,0.008500,0.004000,0.006500,0.008000,0.008000,0.004000,0.007500
0.019000,0.019000,0.016000,0.016500,0.018000,0.018000,0.019500,0.021500,0.023000,0.023000,0.025500,0.024500,0.022000,0.022500,0.024000,0.027000,0.022000,0.031500,0.046500,0.048000,0.042000,0.045000,0.056500,0.069500,0.072500,0.093000,0.087000,0.097500,0.114500,0.183500,0.216500,0.229000,0.392500,0.460000,0.577000,0.839000,1.000000,1.000000,1.000000,1.000000,0.000000,1.000000,1.000000,1.000000,1.000000,0.804000,0.506000,0.235000,0.114500,0.057500,0.028000,0.018000,0.013000,0.008000,0.012000,0.007000,0.013500,0.009500,0.012000,0.012000,0.014500,0.011000,0.011000,0.014000,0.012000,0.015000,0.007500,0.009000,0.012000,0.009000,0.010500,0.011000,0.010000,0.009000,0.011000,0.011500,0.011000,0.014500,0.015500,0.008000,0.010000,0.010000,0.009000,0.008500,0.012500,0.010500,0.008500,0.011000,0.010000,0.008500,0.007000,0.004000,0.007500,0.005500,0.007500,0.006500,0.006000,0.007000,0.006500,0.005500,0.006000,0.004500,0.003500,0.004500,0.003000,0.004500,0.004000,0.003000,0.007000,0.005500,0.004500,0.003000,0.006000,0.009000,0.005000,0.006000,0.004000,0.005500,0.002500,0.006000
0.022000,0.021000,0.018000,0.018000,0.017500,0.020500,0.023000,0.021500,0.026000,0.026500,0.032500,0.025500,0.025500,0.029000,0.026000,0.027500,0.029500,0.036000,0.051500,0.050500,0.050000,0.054000,0.056000,0.070000,0.083000,0.102000,0.097000,0.105000,0.114500,0.183000,0.211500,0.233000,0.349500,0.376500,0.502500,0.613500,0.757500,1.000000,1.000000,1.000000,1.000000,0.000000,1.000000,1.000000,1.000000,1.000000,0.893500,0.384000,0.259500,0.148500,0.038500,0.028000,0.016500,0.008500,0.015000,0.009500,0.017500,0.012000,0.013500,0.012000,0.013500,0.013500,0.014000,0.020000,0.018000,0.019000,0.016500,0.016500,0.017000,0.014500,0.014500,0.014500,0.015500,0.010500,0.008000,0.014000,0.012000,0.017000,0.015500,0.008000,0.009000,0.009000,0.008500,0.009000,0.012500,0.013000,0.011000,0.011500,0.010000,0.010500,0.008500,0.007500,0.010500,0.007500,0.008000,0.006000,0.007500,0.007500,0.007000,0.005000,0.003500,0.004000,0.005500,0.004500,0.003500,0.005500,0.004000,0.007000,0.007000,0.009000,0.007000,0.007500,0.010000,0.010000,0.009000,0.009000,0.007000,0.007500,0.005000,0.007500
0.014000,0.016000,0.013500,0.014500,0.015500,0.018000,0.018000,0.019000,0.018000,0.023000,0.027500,0.025000,0.018000,0.020500,0.023500,0.022500,0.023000,0.030000,0.038500,0.043500,0.036000,0.043000,0.047000,0.055000,0.068500,0.076500,0.073500,0.080000,0.089000,0.135000,0.139000,0.150500,0.223500,0.231500,0.318000,0.379000,0.534500,0.858500,1.000000,1.000000,1.000000,1.000000,0.000000,1.000000,1.000000,1.000000,1.000000,0.614500,0.163500,0.120000,0.052500,0.030000,0.021500,0.016000,0.012500,0.013000,0.017500,0.016000,0.013500,0.016500,0.016000,0.017500,0.019000,0.024000,0.020500,0.026000,0.015500,0.015500,0.016000,0.013500,0.010500,0.013500,0.012500,0.008500,0.009000,0.012500,0.010500,0.013500,0.013000,0.009500,0.009000,0.010000,0.009000,0.009500,0.010500,0.014500,0.011000,0.010000,0.010000,0.007000,0.008500,0.007000,0.008500,0.006500,0.008000,0.006500,0.007500,0.007000,0.005000,0.003500,0.003000,0.003500,0.003000,0.004000,0.004500,0.003000,0.004000,0.005000,0.006500,0.006500,0.007000,0.005500,0.010500,0.010000,0.008500,0.007500,0.007000,0.008000,0.005500,0.007500
0.012000,0.011500,0.011500,0.009500,0.011000,0.017000,0.018500,0.017000,0.018000,0.021000,0.022000,0.018500,0.017000,0.018500,0.020500,0.023000,0.018500,0.025000,0.036500,0.037500,0.034500,0.034500,0.041000,0.047500,0.056000,0.069000,0.063500,0.066500,0.067500,0.111500,0.108000,0.112500,0.189000,0.173000,0.242500,0.262000,0.373000,0.635000,0.750000,1.000000,1.000000,1.000000,1.000000,0.000000,1.000000,1.000000,1.000000,1.000000,0.375000,0.152000,0.065500,0.036500,0.021500,0.012000,0.016500,0.015500,0.020000,0.014500,0.016500,0.017500,0.015500,0.017500,0.019000,0.025000,0.021000,0.027500,0.018500,0.015500,0.016000,0.011500,0.011500,0.013000,0.013500,0.011500,0.009000,0.011500,0.012000,0.014000,0.012500,0.008000,0.010000,0.010000,0.006500,0.010500,0.012500,0.014000,0.009500,0.009000,0.006500,0.006500,0.008500,0.005500,0.009000,0.006500,0.007500,0.005000,0.007000,0.005000,0.005000,0.004000,0.003000,0.003500,0.004000,0.006000,0.004000,0.005000,0.005500,0.005000,0.005500,0.006500,0.007500,0.008000,0.010000,0.009000,0.009000,0.010000,0.007000,0.008000,0.005500,0.007000
0.013000,0.013000,0.012500,0.013000,0.014000,0.017000,0.019000,0.017500,0.019000,0.019500,0.019500,0.018000,0.019500,0.018000,0.024000,0.030500,0.021500,0.025000,0.039000,0.040000,0.041000,0.040000,0.041000,0.051000,0.059500,0.069500,0.057500,0.059500,0.063500,0.102000,0.098000,0.093500,0.154000,0.131500,0.187500,0.189500,0.223000,0.456000,0.472000,0.771500,1.000000,1.000000,1.000000,1.000000,0.000000,1.000000,1.000000,1.000000,1.000000,0.465000,0.140000,0.068500,0.061000,0.030000,0.032000,0.023500,0.034500,0.022000,0.027000,0.025000,0.025000,0.031000,0.031500,0.034000,0.029500,0.036000,0.023500,0.023500,0.019500,0.016000,0.014000,0.017000,0.017500,0.014000,0.015000,0.018000,0.014500,0.020500,0.020500,0.011500,0.017000,0.012500,0.011500,0.011000,0.014000,0.014500,0.011000,0.011000,0.008500,0.010500,0.010500,0.008000,0.008500,0.007500,0.008000,0.006500,0.005500,0.005500,0.005500,0.004500,0.004000,0.004500,0.004500,0.006000,0.006000,0.006000,0.007000,0.005500,0.008000,0.010000,0.009000,0.010500,0.011000,0.012500,0.009000,0.011000,0.007500,0.009500,0.006500,0.008500
0.013500,0.016500,0.011000,0.013500,0.011500,0.014500,0.016000,0.016000,0.018000,0.015000,0.019000,0.017000,0.018000,0.024000,0.026500,0.029000,0.024000,0.030500,0.038500,0.043500,0.035000,0.031000,0.041500,0.049000,0.052500,0.059500,0.054000,0.050000,0.063000,0.091000,0.087500,0.090500,0.138000,0.124500,0.166500,0.179000,0.185000,0.344000,0.378000,0.607500,0.804000,1.000000,1.000000,1.000000,1.000000,0.000000,1.000000,1.000000,1.000000,1.000000,0.346500,0.094000,0.093000,0.049500,0.045000,0.027500,0.046500,0.030000,0.036500,0.038000,0.039500,0.040000,0.042500,0.042000,0.036500,0.044000,0.027000,0.029500,0.026000,0.018000,0.014500,0.019500,0.016000,0.012000,0.014000,0.020500,0.017500,0.020000,0.018500,0.013000,0.012000,0.012500,0.009000,0.009000,0.014500,0.014500,0.010500,0.008000,0.009500,0.008500,0.009500,0.007500,0.013500,0.010000,0.009500,0.006500,0.007000,0.006500,0.006500,0.006500,0.005000,0.006500,0.008500,0.008000,0.006500,0.008000,0.009500,0.008500,0.009500,0.010500,0.009500,0.009500,0.010500,0.011500,0.009500,0.010500,0.008500,0.011500,0.007000,0.010000
0.014500,0.014000,0.013000,0.012500,0.012000,0.012000,0.014000,0.012000,0.014500,0.013500,0.018500,0.015000,0.016000,0.019500,0.023000,0.024000,0.022000,0.029500,0.030000,0.035000,0.033500,0.026000,0.028500,0.040000,0.042000,0.051000,0.045000,0.044000,0.049500,0.067500,0.072500,0.069000,0.105000,0.102500,0.131000,0.137000,0.131500,0.240000,0.223000,0.373000,0.506000,0.893500,1.000000,1.000000,1.000000,1.000000,0.000000,1.000000,1.000000,1.000000,1.000000,0.451500,0.172500,0.082000,0.063500,0.045000,0.082500,0.054500,0.066500,0.066000,0.061500,0.058500,0.058000,0.054500,0.046000,0.050500,0.030000,0.030500,0.028000,0.024500,0.017000,0.018500,0.019500,0.015000,0.016500,0.022000,0.021000,0.021500,0.021000,0.014500,0.016000,0.015000,0.012000,0.011500,0.016500,0.015500,0.010500,0.010500,0.009000,0.007500,0.009000,0.007500,0.010500,0.007500,0.011500,0.006500,0.006500,0.006500,0.007500,0.007000,0.007000,0.009500,0.009000,0.009000,0.010500,0.010000,0.010500,0.010500,0.012000,0.010500,0.010500,0.010000,0.010500,0.011000,0.009000,0.010500,0.011000,0.012500,0.006500,0.007500
0.012000,0.013000,0.012500,0.012000,0.011500,0.012500,0.012000,0.009000,0.011500,0.011500,0.014500,0.015000,0.016500,0.021000,0.023000,0.025500,0.020000,0.028000,0.034000,0.032500,0.028000,0.020500,0.026500,0.033500,0.037500,0.042500,0.031500,0.032000,0.030500,0.047500,0.048500,0.043500,0.068500,0.062500,0.083000,0.084000,0.069500,0.116000,0.100000,0.166000,0.235000,0.384000,0.614500,1.000000,1.000000,1.000000,1.000000,0.000000,1.000000,1.000000,1.000000,1.000000,0.744500,0.157500,0.144500,0.097000,0.127000,0.098500,0.097500,0.090500,0.081000,0.070000,0.061000,0.060000,0.052500,0.060000,0.034500,0.033000,0.027500,0.023500,0.018500,0.025000,0.023000,0.018500,0.018000,0.025000,0.022500,0.025000,0.022000,0.017500,0.015500,0.019000,0.012500,0.013500,0.015500,0.015000,0.011500,0.010500,0.010000,0.010000,0.009000,0.008500,0.015500,0.010000,0.014000,0.007000,0.007000,0.007000,0.006500,0.006500,0.007500,0.009500,0.009000,0.009000,0.009500,0.008000,0.011500,0.011000,0.011000,0.011000,0.010000,0.009500,0.012500,0.010000,0.009000,0.011000,0.010000,0.012000,0.007000,0.008500
0.011500,0.011000,0.013500,0.012000,0.009500,0.014000,0.014000,0.011000,0.015000,0.015000,0.019500,0.018500,0.018000,0.021000,0.026000,0.026000,0.022000,0.026500,0.031000,0.030500,0.025000,0.020500,0.024500,0.031000,0.034500,0.037000,0.027000,0.028000,0.029000,0.046000,0.042000,0.030000,0.051500,0.042500,0.058000,0.061500,0.053000,0.076000,0.060000,0.101000,0.114500,0.259500,0.163500,0.375000,1.000000,1.000000,1.000000,1.000000,0.000000,1.000000,1.000000,1.000000,1.000000,0.443500,0.280500,0.224000,0.199500,0.161500,0.138000,0.133500,0.099500,0.090500,0.081000,0.074500,0.069000,0.078000,0.045500,0.040500,0.032000,0.029500,0.028000,0.026000,0.025000,0.024500,0.023000,0.030000,0.024000,0.028000,0.027000,0.018000,0.016000,0.016500,0.013000,0.013000,0.016500,0.018500,0.008500,0.012500,0.010500,0.015000,0.012000,0.014000,0.016500,0.013000,0.014500,0.013000,0.008000,0.007500,0.008000,0.007500,0.009500,0.010000,0.008000,0.010000,0.008500,0.008000,0.010000,0.009000,0.012500,0.008500,0.009000,0.007500,0.012500,0.011500,0.011000,0.009500,0.011500,0.012000,0.009000,0.007000
0.011000,0.014500,0.012000,0.013000,0.012000,0.013500,0.014000,0.014000,0.015000,0.014000,0.019000,0.019000,0.019500,0.021000,0.023500,0.024000,0.020000,0.022000,0.024500,0.022500,0.020000,0.015000,0.017500,0.020500,0.027000,0.029000,0.020000,0.022000,0.027000,0.034000,0.030500,0.024000,0.043500,0.032500,0.045500,0.048000,0.032000,0.059500,0.038500,0.073500,0.057500,0.148500,0.120000,0.152000,0.465000,1.000000,1.000000,1.000000,1.000000,0.000000,1.000000,1.000000,1.000000,1.000000,0.856000,0.545500,0.374500,0.263000,0.221000,0.172500,0.128500,0.115000,0.096000,0.083000,0.077000,0.084000,0.051000,0.044500,0.039000,0.035000,0.032000,0.028500,0.028500,0.026500,0.028500,0.036000,0.024500,0.032000,0.023500,0.019000,0.020000,0.020000,0.015000,0.015500,0.018500,0.019500,0.013000,0.013500,0.014000,0.015500,0.014000,0.013500,0.017000,0.012500,0.013500,0.009500,0.008500,0.009000,0.008000,0.007500,0.008000,0.008500,0.012000,0.012000,0.008500,0.008500,0.010000,0.007500,0.010500,0.008000,0.008000,0.007500,0.009000,0.011500,0.007000,0.009500,0.011500,0.013500,0.008500,0.008000
0.010500,0.011500,0.008500,0.011500,0.010500,0.012500,0.014000,0.010500,0.013000,0.013500,0.016000,0.016000,0.014500,0.016500,0.018500,0.021500,0.016500,0.021000,0.021500,0.019000,0.015000,0.009500,0.011500,0.020500,0.019500,0.021500,0.013500,0.015500,0.016000,0.025500,0.022500,0.016500,0.026500,0.029500,0.029500,0.029000,0.021500,0.033500,0.022000,0.033000,0.028000,0.038500,0.052500,0.065500,0.140000,0.346500,1.000000,1.000000,1.000000,1.000000,0.000000,1.000000,1.000000,1.000000,1.000000,0.796500,0.633000,0.392500,0.297000,0.195000,0.151500,0.115000,0.088500,0.080500,0.076000,0.088500,0.051000,0.044000,0.044500,0.041500,0.035500,0.035000,0.033500,0.029500,0.029500,0.032000,0.029000,0.037000,0.029000,0.021000,0.025000,0.026000,0.017000,0.018000,0.019500,0.021000,0.014000,0.017000,0.015000,0.015500,0.014000,0.012000,0.015000,0.014500,0.015000,0.012500,0.011500,0.010000,0.008000,0.008500,0.010500,0.009500,0.010500,0.009000,0.007500,0.006000,0.009000,0.007500,0.010500,0.010000,0.007500,0.007500,0.011000,0.010000,0.007500,0.010500,0.010000,0.012500,0.009500,0.009000
0.009000,0.009000,0.006500,0.009000,0.009000,0.011000,0.013000,0.010500,0.013000,0.013500,0.014000,0.016500,0.014000,0.016000,0.015000,0.019500,0.016000,0.022000,0.021000,0.018000,0.013500,0.009000,0.011000,0.017000,0.013000,0.016500,0.012500,0.015000,0.014000,0.023000,0.019500,0.014500,0.018500,0.021500,0.024500,0.023500,0.015500,0.022000,0.014000,0.022500,0.018000,0.028000,0.030000,0.036500,0.068500,0.094000,0.451500,1.000000,1.000000,1.000000,1.000000,0.000000,1.000000,1.000000,1.000000,1.000000,0.778500,0.580000,0.389500,0.234500,0.178000,0.135500,0.105000,0.095000,0.103500,0.095500,0.061500,0.061500,0.050000,0.048500,0.049500,0.041500,0.037500,0.038500,0.039500,0.042000,0.035500,0.046000,0.036500,0.023500,0.027000,0.026500,0.022500,0.018000,0.020000,0.025000,0.018000,0.017500,0.015000,0.017000,0.016500,0.015000,0.014500,0.015000,0.019000,0.014000,0.014500,0.011000,0.009000,0.007500,0.011000,0.008500,0.011000,0.008500,0.006000,0.003500,0.007500,0.008000,0.010500,0.011000,0.008000,0.006000,0.013500,0.009000,0.006500,0.008000,0.009500,0.011500,0.009500,0.008500
0.009500,0.011500,0.008500,0.011000,0.012000,0.015000,0.011500,0.011000,0.011500,0.014000,0.013500,0.012500,0.013500,0.018500,0.017500,0.018000,0.016000,0.019000,0.021500,0.018500,0.012000,0.009500,0.012500,0.016500,0.016000,0.018000,0.013000,0.015500,0.016500,0.019500,0.018000,0.015500,0.018000,0.017500,0.019500,0.023000,0.013500,0.017000,0.012000,0.018500,0.013000,0.016500,0.021500,0.021500,0.061000,0.093000,0.172500,0.744500,1.000000,1.000000,1.000000,1.000000,0.000000,1.000000,1.000000,1.000000,1.000000,0.882000,0.703000,0.452000,0.298500,0.200000,0.158500,0.131500,0.137000,0.129500,0.083500,0.080000,0.071500,0.063500,0.060500,0.063000,0.054500,0.051000,0.047000,0.055500,0.044500,0.053000,0.044500,0.030500,0.033000,0.032000,0.027500,0.024000,0.026000,0.029500,0.018000,0.019000,0.016500,0.020500,0.017500,0.016500,0.018500,0.015500,0.018000,0.013500,0.012000,0.011000,0.010500,0.013000,0.015000,0.016000,0.013500,0.010000,0.007500,0.007000,0.011500,0.009000,0.014500,0.014500,0.008500,0.007500,0.015000,0.009500,0.010500,0.011000,0.010000,0.013000,0.005000,0.006000
0.008500,0.008500,0.006500,0.007000,0.006500,0.010500,0.009500,0.008500,0.012500,0.008500,0.014000,0.010000,0.009500,0.012500,0.010500,0.017000,0.010500,0.014500,0.012500,0.013500,0.009500,0.007500,0.010500,0.010000,0.011500,0.011500,0.012500,0.010500,0.013500,0.015000,0.013000,0.011000,0.014000,0.016000,0.017000,0.014000,0.012000,0.010000,0.007000,0.009500,0.008000,0.008500,0.016000,0.012000,0.030000,0.049500,0.082000,0.157500,0.443500,1.000000,1.000000,1.000000,1.000000,0.000000,1.000000,1.000000,1.000000,1.000000,0.739000,0.518500,0.303500,0.181500,0.136000,0.119500,0.130500,0.122500,0.075500,0.082500,0.071000,0.066000,0.066000,0.058500,0.059000,0.050000,0.050000,0.056500,0.039500,0.056000,0.045500,0.025500,0.033500,0.034000,0.027000,0.024500,0.024000,0.024500,0.018500,0.017500,0.013500,0.016500,0.015000,0.014500,0.017000,0.017000,0.019000,0.016500,0.017500,0.015000,0.013000,0.013000,0.015000,0.012500,0.011000,0.007000,0.009500,0.007000,0.010500,0.008000,0.010000,0.013000,0.010500,0.008500,0.012500,0.010500,0.008500,0.012000,0.007500,0.008500,0.005000,0.006000
0.009500,0.010000,0.010000,0.008000,0.010500,0.011000,0.011500,0.009500,0.011000,0.011000,0.012500,0.013000,0.009500,0.012000,0.012000,0.013000,0.013000,0.014500,0.014000,0.015000,0.012000,0.011500,0.012500,0.012500,0.013000,0.014000,0.010000,0.012000,0.010500,0.012000,0.013500,0.011000,0.015500,0.015000,0.019000,0.018500,0.011000,0.010500,0.011000,0.011500,0.012000,0.015000,0.012500,0.016500,0.032000,0.045000,0.063500,0.144500,0.280500,0.856000,1.000000,1.000000,1.000000,1.000000,0.000000,1.000000,1.000000,1.000000,1.000000,0.738500,0.531500,0.300000,0.197500,0.176000,0.186500,0.165500,0.103500,0.110000,0.093000,0.084500,0.086500,0.076500,0.065000,0.064500,0.058500,0.065000,0.050000,0.066000,0.055000,0.035500,0.039500,0.037000,0.030000,0.029500,0.035000,0.031000,0.022000,0.020000,0.021000,0.019500,0.021000,0.018000,0.021000,0.018500,0.021000,0.020500,0.019000,0.016000,0.016500,0.017000,0.016500,0.017000,0.017500,0.015000,0.015500,0.011500,0.013000,0.013000,0.015000,0.016000,0.013500,0.012000,0.020000,0.016500,0.012500,0.015000,0.011500,0.013000,0.007000,0.008500
0.008500,0.006500,0.009000,0.008500,0.010000,0.011000,0.011000,0.010000,0.010000,0.011000,0.010000,0.011500,0.012500,0.009000,0.009000,0.011000,0.010500,0.010000,0.013500,0.011500,0.008500,0.007500,0.008000,0.009000,0.009500,0.011000,0.008000,0.009500,0.008000,0.010000,0.011000,0.007500,0.010000,0.008000,0.011500,0.013500,0.009000,0.008500,0.005500,0.008000,0.007000,0.009500,0.013000,0.015500,0.023500,0.027500,0.045000,0.097000,0.224000,0.545500,0.796500,1.000000,1.000000,1.000000,1.000000,0.000000,1.000000,1.000000,1.000000,1.000000,0.725500,0.362000,0.224000,0.176000,0.204000,0.173000,0.093500,0.107000,0.096000,0.088000,0.074000,0.072000,0.063000,0.054000,0.051500,0.057000,0.044000,0.061500,0.050500,0.024000,0.027500,0.027500,0.025000,0.023000,0.025000,0.028500,0.019000,0.018000,0.020500,0.018000,0.017500,0.014500,0.019000,0.017000,0.018500,0.014500,0.015000,0.013000,0.013000,0.011500,0.011500,0.010000,0.012000,0.010500,0.010500,0.007000,0.010500,0.009500,0.012500,0.012500,0.011000,0.009000,0.012000,0.014000,0.009000,0.010000,0.009000,0.012500,0.004500,0.005500
0.010500,0.010500,0.012000,0.013000,0.011000,0.014000,0.013000,0.013500,0.014500,0.016000,0.015500,0.015500,0.015000,0.012500,0.010000,0.014000,0.012500,0.014500,0.013500,0.011500,0.012500,0.011500,0.014500,0.012000,0.013500,0.014500,0.009500,0.012000,0.011500,0.012500,0.010000,0.010500,0.014000,0.007000,0.013500,0.018500,0.012500,0.013500,0.010500,0.015000,0.013500,0.017500,0.017500,0.020000,0.034500,0.046500,0.082500,0.127000,0.199500,0.374500,0.633000,0.778500,1.000000,1.000000,1.000000,1.000000,0.000000,1.000000,1.000000,1.000000,1.000000,0.614000,0.407500,0.280000,0.311000,0.277000,0.167000,0.170000,0.146000,0.136500,0.126500,0.113000,0.092000,0.084000,0.084500,0.095500,0.073500,0.089500,0.075000,0.048000,0.048000,0.045000,0.041000,0.038000,0.039000,0.038000,0.027000,0.025000,0.023000,0.024500,0.025500,0.024000,0.029500,0.026500,0.027000,0.022500,0.020500,0.019500,0.020000,0.021000,0.021000,0.018000,0.020000,0.019000,0.016500,0.013000,0.016000,0.015000,0.018500,0.015000,0.016000,0.013000,0.016000,0.015500,0.013000,0.014000,0.014500,0.015500,0.009000,0.010500
0.005500,0.007500,0.009000,0.009000,0.010000,0.012500,0.012500,0.011000,0.011500,0.012500,0.009000,0.011000,0.007500,0.009500,0.009000,0.011000,0.008500,0.009000,0.009000,0.009500,0.008500,0.008500,0.007500,0.010500,0.011000,0.013000,0.009000,0.009500,0.011000,0.010500,0.010000,0.008000,0.009000,0.007500,0.012000,0.010000,0.009000,0.012000,0.008500,0.012000,0.009500,0.012000,0.016000,0.014500,0.022000,0.030000,0.054500,0.098500,0.161500,0.263000,0.392500,0.580000,0.882000,1.000000,1.000000,1.000000,1.000000,0.000000,1.000000,1.000000,1.000000,1.000000,0.798500,0.503000,0.452500,0.376000,0.223000,0.212500,0.176500,0.154500,0.135500,0.123500,0.099500,0.097000,0.087500,0.098500,0.073500,0.097500,0.068000,0.039000,0.046500,0.042000,0.034500,0.031000,0.033500,0.033000,0.023500,0.022500,0.026000,0.026500,0.021000,0.023000,0.025000,0.023500,0.021000,0.018500,0.016000,0.017000,0.015500,0.011000,0.012000,0.013500,0.015000,0.012500,0.012500,0.010500,0.012000,0.014000,0.013500,0.012000,0.010500,0.010000,0.013500,0.012000,0.010000,0.011500,0.013000,0.016000,0.008000,0.009500
0.011000,0.012000,0.010500,0.011500,0.011500,0.014500,0.013000,0.010000,0.011000,0.011500,0.009500,0.009500,0.010000,0.012000,0.009000,0.010000,0.009000,0.009500,0.008000,0.011500,0.010000,0.007000,0.009000,0.009500,0.010500,0.012500,0.009000,0.011500,0.011000,0.013000,0.012000,0.011000,0.015500,0.012500,0.012000,0.012500,0.013500,0.013500,0.011000,0.015000,0.012000,0.013500,0.013500,0.016500,0.027000,0.036500,0.066500,0.097500,0.138000,0.221000,0.297000,0.389500,0.703000,0.739000,1.000000,1.000000,1.000000,1.000000,0.000000,1.000000,1.000000,1.000000,1.000000,0.782500,0.614500,0.512000,0.310500,0.271500,0.202500,0.183500,0.168500,0.149500,0.139000,0.124000,0.106500,0.116500,0.093500,0.113000,0.086500,0.055500,0.063500,0.055500,0.041500,0.041500,0.041500,0.039500,0.030500,0.030000,0.029500,0.031500,0.032500,0.028500,0.029000,0.024500,0.028000,0.023500,0.019000,0.023000,0.020000,0.018000,0.020000,0.016500,0.017500,0.016000,0.014000,0.011000,0.013000,0.010500,0.016000,0.014000,0.014000,0.011500,0.012500,0.013500,0.010500,0.012000,0.014500,0.017000,0.009000,0.012000
0.009000,0.009500,0.009500,0.010500,0.010000,0.010500,0.010500,0.007500,0.010000,0.011000,0.012000,0.011000,0.009500,0.009500,0.007000,0.008500,0.006000,0.006000,0.008000,0.011000,0.009000,0.007500,0.007500,0.012000,0.010000,0.010500,0.009500,0.011500,0.010500,0.012000,0.015500,0.012000,0.012500,0.009000,0.015500,0.013000,0.012500,0.013500,0.011000,0.017500,0.012000,0.012000,0.016500,0.017500,0.025000,0.038000,0.066000,0.090500,0.133500,0.172500,0.195000,0.234500,0.452000,0.518500,0.738500,1.000000,1.000000,1.000000,1.000000,0.000000,1.000000,1.000000,1.000000,1.000000,0.870000,0.738500,0.471000,0.390500,0.286000,0.253500,0.221000,0.187000,0.156000,0.147000,0.131500,0.133500,0.099500,0.131500,0.087500,0.059500,0.068000,0.062000,0.041500,0.040500,0.044500,0.047500,0.030000,0.032000,0.034000,0.033500,0.029500,0.028000,0.028000,0.025500,0.025000,0.021500,0.022000,0.018000,0.018500,0.013500,0.016500,0.016000,0.016000,0.015500,0.016000,0.013000,0.015000,0.013500,0.013500,0.013500,0.010500,0.008500,0.011500,0.011000,0.007500,0.011000,0.010500,0.016000,0.007500,0.010500
0.010000,0.011500,0.010000,0.011000,0.011500,0.014000,0.012500,0.009000,0.009500,0.010500,0.010000,0.010000,0.009000,0.009000,0.009500,0.010000,0.007500,0.008500,0.011000,0.011500,0.011000,0.010500,0.008500,0.011000,0.009500,0.011000,0.008500,0.009500,0.008500,0.011000,0.012000,0.012000,0.014500,0.011000,0.013000,0.014000,0.012500,0.012500,0.010000,0.014500,0.014500,0.013500,0.016000,0.015500,0.025000,0.039500,0.061500,0.081000,0.099500,0.128500,0.151500,0.178000,0.298500,0.303500,0.531500,0.725500,1.000000,1.000000,1.000000,1.000000,0.000000,1.000000,1.000000,1.000000,1.000000,0.856000,0.570000,0.465000,0.341500,0.293500,0.277000,0.224500,0.187000,0.172500,0.152000,0.149500,0.116000,0.147000,0.105000,0.062500,0.077000,0.068000,0.063500,0.057500,0.051500,0.053500,0.040000,0.043500,0.037500,0.038000,0.037500,0.031000,0.033000,0.028500,0.029500,0.026500,0.025000,0.026500,0.020500,0.020000,0.019500,0.016000,0.021000,0.017500,0.015000,0.013000,0.016000,0.015500,0.019000,0.016000,0.015000,0.012000,0.011500,0.013500,0.011000,0.013500,0.013500,0.015000,0.012500,0.014000
0.012000,0.009500,0.008500,0.009000,0.009000,0.009000,0.008000,0.008500,0.008500,0.009500,0.009500,0.009500,0.008500,0.009500,0.009000,0.009000,0.007000,0.008000,0.008500,0.010000,0.009000,0.006500,0.007000,0.006500,0.008000,0.009500,0.006000,0.006500,0.007500,0.009500,0.010000,0.008000,0.009500,0.008500,0.013000,0.012500,0.010000,0.009000,0.008000,0.013000,0.011000,0.013500,0.017500,0.017500,0.031000,0.040000,0.058500,0.070000,0.090500,0.115000,0.115000,0.135500,0.200000,0.181500,0.300000,0.362000,0.614000,1.000000,1.000000,1.000000,1.000000,0.000000,1.000000,1.000000,1.000000,1.000000,0.903500,0.766500,0.572000,0.479000,0.407000,0.313500,0.256000,0.213500,0.175500,0.177500,0.124000,0.155000,0.109500,0.067500,0.077500,0.069000,0.058000,0.057500,0.050500,0.052000,0.039500,0.042500,0.037000,0.032500,0.035500,0.034000,0.034000,0.026500,0.029000,0.024000,0.021000,0.019000,0.022500,0.017500,0.019500,0.020500,0.018000,0.017000,0.017500,0.012500,0.015000,0.011500,0.014000,0.012500,0.011000,0.009000,0.011000,0.014500,0.008500,0.012000,0.013000,0.016000,0.009000,0.013000
0.008500,0.007500,0.007000,0.007500,0.006500,0.009000,0.007000,0.006000,0.007000,0.006500,0.008500,0.007000,0.007000,0.006500,0.007000,0.006500,0.005000,0.005000,0.007500,0.008500,0.006000,0.004500,0.008000,0.007000,0.007500,0.008000,0.005000,0.005500,0.009000,0.010000,0.008500,0.008500,0.012000,0.009500,0.011000,0.008500,0.009500,0.009500,0.007000,0.013000,0.011000,0.014000,0.019000,0.019000,0.031500,0.042500,0.058000,0.061000,0.081000,0.096000,0.088500,0.105000,0.158500,0.136000,0.197500,0.224000,0.407500,0.798500,1.000000,1.000000,1.000000,1.000000,0.000000,1.000000,1.000000,1.000000,1.000000,0.859500,0.628000,0.523000,0.430500,0.347000,0.256500,0.209500,0.183000,0.180000,0.132500,0.162000,0.113500,0.069000,0.082500,0.073500,0.060000,0.058500,0.053500,0.051000,0.036500,0.040500,0.034500,0.034500,0.033000,0.032500,0.032500,0.027500,0.029000,0.020500,0.020500,0.020500,0.018000,0.015500,0.019000,0.019500,0.015500,0.014000,0.011000,0.012000,0.011500,0.009500,0.010500,0.010000,0.008500,0.007000,0.010000,0.011000,0.008000,0.012500,0.009500,0.015500,0.011000,0.014500
0.010500,0.010500,0.008000,0.008500,0.008500,0.007000,0.008000,0.008000,0.009000,0.009000,0.010000,0.011000,0.008000,0.009000,0.009500,0.009000,0.008000,0.007500,0.007500,0.010000,0.008000,0.006500,0.007000,0.008000,0.006500,0.007000,0.006500,0.006500,0.008000,0.010000,0.010500,0.008500,0.013000,0.009500,0.013000,0.008500,0.007500,0.013000,0.010000,0.016000,0.014000,0.020000,0.024000,0.025000,0.034000,0.042000,0.054500,0.060000,0.074500,0.083000,0.080500,0.095000,0.131500,0.119500,0.176000,0.176000,0.280000,0.503000,0.782500,1.000000,1.000000,1.000000,1.000000,0.000000,1.000000,1.000000,1.000000,1.000000,0.887000,0.744500,0.610500,0.483500,0.384000,0.306500,0.235000,0.230000,0.170000,0.213500,0.147500,0.090000,0.107500,0.095500,0.068500,0.069500,0.072500,0.060000,0.048000,0.049000,0.041500,0.042000,0.035000,0.028500,0.033000,0.033000,0.034500,0.031500,0.028500,0.024500,0.025000,0.022000,0.020500,0.022000,0.019500,0.018000,0.015500,0.017000,0.018500,0.013500,0.012500,0.012500,0.012500,0.013500,0.012500,0.015000,0.011000,0.014500,0.014500,0.019500,0.011500,0.014000
0.009500,0.009000,0.007500,0.008500,0.008000,0.008000,0.009000,0.008000,0.006000,0.005500,0.008500,0.006500,0.005000,0.005500,0.004500,0.006500,0.003000,0.006500,0.010000,0.010500,0.008000,0.007000,0.008000,0.008000,0.008500,0.010000,0.006000,0.005500,0.005500,0.009000,0.009500,0.009000,0.011500,0.008500,0.011000,0.008000,0.006500,0.009000,0.008500,0.015000,0.012000,0.018000,0.020500,0.021000,0.029500,0.036500,0.046000,0.052500,0.069000,0.077000,0.076000,0.103500,0.137000,0.130500,0.186500,0.204000,0.311000,0.452500,0.614500,0.870000,1.000000,1.000000,1.000000,1.000000,0.000000,1.000000,1.000000,1.000000,1.000000,0.917000,0.799500,0.690000,0.575000,0.435500,0.314000,0.291500,0.201500,0.250000,0.160000,0.096000,0.115000,0.101000,0.075000,0.078000,0.071000,0.066500,0.048500,0.047000,0.041500,0.041000,0.043500,0.036000,0.028500,0.026000,0.029500,0.023000,0.023500,0.024000,0.022500,0.018500,0.022500,0.023500,0.023500,0.021500,0.019500,0.017000,0.016500,0.013000,0.011000,0.011000,0.010500,0.010000,0.015500,0.015000,0.013000,0.010500,0.014000,0.018500,0.012500,0.014000
0.010000,0.010500,0.008500,0.009500,0.009500,0.010000,0.009500,0.009500,0.010000,0.007500,0.008000,0.009000,0.009500,0.009000,0.008000,0.009000,0.007500,0.008500,0.010500,0.010500,0.009000,0.008500,0.008000,0.011000,0.011000,0.010000,0.008500,0.007500,0.008000,0.012000,0.012500,0.012500,0.014500,0.013000,0.018000,0.015500,0.011000,0.012000,0.012000,0.018500,0.015000,0.019000,0.026000,0.027500,0.036000,0.044000,0.050500,0.060000,0.078000,0.084000,0.088500,0.095500,0.129500,0.122500,0.165500,0.173000,0.277000,0.376000,0.512000,0.738500,0.856000,1.000000,1.000000,1.000000,1.000000,0.000000,1.000000,1.000000,1.000000,1.000000,0.894000,0.789500,0.692500,0.549500,0.424500,0.352500,0.233500,0.302500,0.186500,0.130500,0.137500,0.128500,0.086500,0.086500,0.089000,0.075500,0.058500,0.057500,0.050000,0.053000,0.046000,0.042500,0.043500,0.033500,0.037500,0.029000,0.030000,0.030500,0.030000,0.029500,0.031500,0.029000,0.026000,0.025500,0.023000,0.024500,0.022000,0.018500,0.018500,0.020000,0.014000,0.013500,0.021000,0.018000,0.013500,0.016000,0.012000,0.018000,0.012000,0.015000
0.007000,0.007500,0.006000,0.006500,0.005500,0.006000,0.005000,0.005000,0.003000,0.003500,0.006500,0.005500,0.006000,0.006000,0.004000,0.005500,0.003500,0.005000,0.007000,0.008000,0.007000,0.005000,0.006000,0.008000,0.005500,0.007000,0.004000,0.004500,0.004500,0.008500,0.008500,0.007500,0.009000,0.005500,0.008500,0.007500,0.005500,0.006500,0.006000,0.010000,0.007500,0.016500,0.015500,0.018500,0.023500,0.027000,0.030000,0.034500,0.045500,0.051000,0.051000,0.061500,0.083500,0.075500,0.103500,0.093500,0.167000,0.223000,0.310500,0.471000,0.570000,0.903500,1.000000,1.000000,1.000000,1.000000,0.000000,1.000000,1.000000,1.000000,1.000000,0.909000,0.819500,0.696500,0.545500,0.456000,0.238000,0.316500,0.165000,0.098000,0.122000,0.105500,0.068500,0.070500,0.067500,0.065000,0.045500,0.051500,0.041500,0.040000,0.034000,0.030500,0.035000,0.025500,0.027000,0.021500,0.022500,0.022000,0.024000,0.022500,0.022000,0.021000,0.020500,0.019000,0.018000,0.015000,0.013500,0.013500,0.015000,0.012500,0.010000,0.009000,0.014500,0.013500,0.009500,0.012500,0.009000,0.012000,0.009000,0.014500
0.006500,0.008000,0.006000,0.006500,0.006000,0.006000,0.005500,0.003500,0.003000,0.004500,0.005000,0.006500,0.007000,0.006500,0.007000,0.007000,0.007000,0.005500,0.007000,0.009000,0.007000,0.005500,0.006500,0.008000,0.008000,0.008000,0.006000,0.005000,0.006500,0.008500,0.009500,0.008500,0.010000,0.007500,0.009000,0.008500,0.007500,0.011000,0.008500,0.009500,0.009000,0.016500,0.015500,0.015500,0.023500,0.029500,0.030500,0.033000,0.040500,0.044500,0.044000,0.061500,0.080000,0.082500,0.110000,0.107000,0.170000,0.212500,0.271500,0.390500,0.465000,0.766500,0.859500,1.000000,1.000000,1.000000,1.000000,0.000000,1.000000,1.000000,1.000000,1.000000,0.920000,0.856500,0.777500,0.658500,0.454000,0.433000,0.214000,0.117500,0.160000,0.127000,0.086000,0.081000,0.075500,0.083000,0.063000,0.061500,0.050000,0.047000,0.042500,0.035000,0.040000,0.032500,0.037000,0.031000,0.032000,0.029000,0.029000,0.023500,0.021500,0.023500,0.023000,0.024000,0.018000,0.017000,0.019000,0.016000,0.014500,0.014500,0.011000,0.010500,0.014000,0.020000,0.011500,0.012500,0.012000,0.013500,0.014000,0.015500
0.005500,0.008000,0.007500,0.007000,0.006000,0.006000,0.005500,0.005000,0.004500,0.005000,0.006000,0.006000,0.006000,0.005500,0.007000,0.006500,0.006000,0.006000,0.007000,0.009000,0.005500,0.006000,0.007000,0.008500,0.005500,0.006000,0.003500,0.004500,0.004000,0.006500,0.008000,0.006500,0.009000,0.009000,0.010000,0.008000,0.007500,0.007500,0.008000,0.011000,0.012000,0.017000,0.016000,0.016000,0.019500,0.026000,0.028000,0.027500,0.032000,0.039000,0.044500,0.050000,0.071500,0.071000,0.093000,0.096000,0.146000,0.176500,0.202500,0.286000,0.341500,0.572000,0.628000,0.887000,1.000000,1.000000,1.000000,1.000000,0.000000,1.000000,1.000000,1.000000,1.000000,0.905000,0.833000,0.804500,0.630000,0.562000,0.262500,0.144500,0.176000,0.155000,0.101000,0.097000,0.106000,0.091000,0.065000,0.062000,0.057500,0.049500,0.049500,0.042500,0.046500,0.038000,0.035500,0.033500,0.036000,0.031000,0.033000,0.025500,0.029000,0.026000,0.023500,0.024000,0.020500,0.017000,0.019500,0.018500,0.016500,0.017000,0.014000,0.013000,0.014500,0.018000,0.012500,0.012500,0.011000,0.015000,0.013500,0.019000
0.008500,0.008000,0.007000,0.008500,0.007000,0.007000,0.006500,0.004500,0.003500,0.004000,0.005500,0.005500,0.006000,0.005500,0.005500,0.005000,0.005500,0.005000,0.006000,0.008500,0.006000,0.004500,0.004500,0.007500,0.005500,0.005500,0.001500,0.005000,0.004500,0.004500,0.006000,0.007000,0.009500,0.008500,0.010000,0.007500,0.007000,0.009000,0.009500,0.011500,0.009000,0.014500,0.013500,0.011500,0.016000,0.018000,0.024500,0.023500,0.029500,0.035000,0.041500,0.048500,0.063500,0.066000,0.084500,0.088000,0.136500,0.154500,0.183500,0.253500,0.293500,0.479000,0.523000,0.744500,0.917000,1.000000,1.000000,1.000000,1.000000,0.000000,1.000000,1.000000,1.000000,1.000000,0.905500,0.872500,0.791000,0.705500,0.411000,0.204500,0.242000,0.180500,0.121000,0.120000,0.115500,0.103000,0.074500,0.073000,0.058000,0.054500,0.049500,0.045000,0.046500,0.038500,0.037500,0.031500,0.032000,0.033000,0.033000,0.028000,0.025500,0.027000,0.023500,0.021500,0.020000,0.015000,0.019500,0.017500,0.019000,0.018000,0.013000,0.014500,0.016000,0.017500,0.010500,0.012000,0.009000,0.015500,0.011500,0.017000
0.006500,0.008500,0.006000,0.007500,0.007000,0.006000,0.006500,0.003000,0.003000,0.004500,0.004500,0.005000,0.005000,0.004000,0.004500,0.006000,0.004500,0.004500,0.006500,0.009000,0.005500,0.004000,0.002500,0.007500,0.005000,0.004000,0.002000,0.003000,0.004500,0.006000,0.005500,0.006000,0.009500,0.010000,0.011500,0.007500,0.009000,0.013500,0.010500,0.012000,0.010500,0.014500,0.010500,0.011500,0.014000,0.014500,0.017000,0.018500,0.028000,0.032000,0.035500,0.049500,0.060500,0.066000,0.086500,0.074000,0.126500,0.135500,0.168500,0.221000,0.277000,0.407000,0.430500,0.610500,0.799500,0.894000,1.000000,1.000000,1.000000,1.000000,0.000000,1.000000,1.000000,1.000000,1.000000,0.935000,0.873000,0.841500,0.524500,0.298000,0.293500,0.219000,0.130000,0.121500,0.121500,0.107000,0.081000,0.079500,0.064500,0.056500,0.053500,0.047000,0.047000,0.040000,0.038000,0.030000,0.028500,0.034500,0.029000,0.029500,0.027500,0.023000,0.022500,0.022000,0.018500,0.015500,0.018000,0.015500,0.017000,0.018000,0.014500,0.014500,0.015000,0.017500,0.011500,0.014500,0.012000,0.018000,0.011500,0.014000
0.007000,0.007500,0.006500,0.007000,0.006000,0.007000,0.005000,0.004500,0.004000,0.004500,0.004500,0.005000,0.005500,0.006500,0.004500,0.004500,0.005000,0.003500,0.005500,0.009000,0.005000,0.004500,0.004500,0.007000,0.007000,0.005500,0.003500,0.003000,0.004000,0.006000,0.005500,0.005000,0.009000,0.008500,0.012000,0.006500,0.008500,0.012000,0.008500,0.009000,0.011000,0.014500,0.013500,0.013000,0.017000,0.019500,0.018500,0.025000,0.026000,0.028500,0.035000,0.041500,0.063000,0.058500,0.076500,0.072000,0.113000,0.123500,0.149500,0.187000,0.224500,0.313500,0.347000,0.483500,0.690000,0.789500,0.909000,1.000000,1.000000,1.000000,1.000000,0.000000,1.000000,1.000000,1.000000,1.000000,0.939000,0.900500,0.767000,0.456000,0.418500,0.291500,0.166000,0.156500,0.149500,0.129500,0.093000,0.088000,0.068500,0.062500,0.058500,0.049500,0.055000,0.042000,0.037500,0.034000,0.037000,0.035500,0.036000,0.034500,0.033500,0.025500,0.024500,0.025000,0.018000,0.017000,0.023500,0.017000,0.019000,0.020500,0.014500,0.014000,0.018500,0.020500,0.013500,0.015000,0.015000,0.021500,0.012000,0.015500
0.006000,0.007500,0.006500,0.006500,0.006500,0.007000,0.006500,0.005000,0.004500,0.004000,0.004500,0.005500,0.005500,0.005500,0.007500,0.005000,0.004500,0.004000,0.004500,0.009000,0.005500,0.005500,0.004500,0.005000,0.004500,0.006000,0.004500,0.005000,0.004000,0.007000,0.006500,0.005000,0.006500,0.008000,0.010000,0.008500,0.008500,0.011000,0.009500,0.011000,0.010000,0.015500,0.012500,0.013500,0.017500,0.016000,0.019500,0.023000,0.025000,0.028500,0.033500,0.037500,0.054500,0.059000,0.065000,0.063000,0.092000,0.099500,0.139000,0.156000,0.187000,0.256000,0.256500,0.384000,0.575000,0.692500,0.819500,0.920000,1.000000,1.000000,1.000000,1.000000,0.000000,1.000000,1.000000,1.000000,1.000000,0.961500,0.820500,0.675500,0.548500,0.389500,0.227000,0.215500,0.198000,0.163500,0.110500,0.107500,0.084000,0.078000,0.066500,0.058000,0.057500,0.040500,0.038500,0.036000,0.040000,0.038000,0.043500,0.035500,0.031500,0.026500,0.029000,0.027500,0.022500,0.021000,0.027000,0.022000,0.023500,0.022000,0.017500,0.016500,0.020500,0.020000,0.016500,0.019000,0.018500,0.023000,0.014000,0.016500
0.006500,0.007000,0.005500,0.009500,0.008000,0.006500,0.006500,0.006500,0.005000,0.006000,0.004500,0.004500,0.003000,0.005000,0.006000,0.005000,0.004500,0.003500,0.006000,0.004500,0.004000,0.003500,0.003500,0.004500,0.005000,0.005500,0.003000,0.003500,0.005000,0.007500,0.007500,0.005000,0.008000,0.008500,0.012500,0.011000,0.012000,0.011000,0.011000,0.011500,0.009000,0.010500,0.008500,0.011500,0.014000,0.012000,0.015000,0.018500,0.024500,0.026500,0.029500,0.038500,0.051000,0.050000,0.064500,0.054000,0.084000,0.097000,0.124000,0.147000,0.172500,0.213500,0.209500,0.306500,0.435500,0.549500,0.696500,0.856500,0.905000,1.000000,1.000000,1.000000,1.000000,0.000000,1.000000,1.000000,1.000000,1.000000,0.943500,0.759500,0.673500,0.481500,0.288000,0.237500,0.224500,0.173500,0.116000,0.125000,0.092500,0.081000,0.071500,0.052500,0.053000,0.043500,0.042500,0.035000,0.041500,0.034000,0.037500,0.031000,0.032500,0.027500,0.027500,0.029000,0.026000,0.020500,0.024000,0.021500,0.024000,0.022000,0.022500,0.021500,0.021000,0.021500,0.014000,0.019000,0.021000,0.022500,0.015500,0.021500
0.004000,0.006500,0.006500,0.008000,0.007500,0.008000,0.006000,0.005500,0.005000,0.005500,0.004500,0.005000,0.005500,0.004000,0.005000,0.005500,0.003000,0.003500,0.006500,0.005000,0.004500,0.005000,0.005000,0.006500,0.007000,0.007000,0.004500,0.004000,0.006000,0.011000,0.008000,0.007500,0.008000,0.007500,0.012500,0.011500,0.010500,0.009500,0.009000,0.009000,0.011000,0.008000,0.009000,0.009000,0.015000,0.014000,0.016500,0.018000,0.023000,0.028500,0.029500,0.039500,0.047000,0.050000,0.058500,0.051500,0.084500,0.087500,0.106500,0.131500,0.152000,0.175500,0.183000,0.235000,0.314000,0.424500,0.545500,0.777500,0.833000,0.905500,1.000000,1.000000,1.000000,1.000000,0.000000,1.000000,1.000000,1.000000,1.000000,0.749500,0.740000,0.609000,0.353500,0.292000,0.246000,0.194500,0.140000,0.131000,0.102500,0.094000,0.077000,0.059000,0.060500,0.043500,0.047000,0.040500,0.041500,0.041500,0.038000,0.037500,0.033500,0.028000,0.027500,0.026500,0.024500,0.025000,0.030500,0.026000,0.023000,0.025500,0.019000,0.019000,0.021500,0.023000,0.017500,0.019500,0.016000,0.023500,0.015500,0.019000
0.006000,0.007000,0.006500,0.008500,0.007000,0.009500,0.008500,0.006000,0.007500,0.006500,0.006500,0.006000,0.008500,0.008000,0.007000,0.009500,0.006500,0.007000,0.008500,0.007500,0.005000,0.004000,0.007500,0.007500,0.008000,0.009000,0.005000,0.005500,0.007000,0.008000,0.011000,0.006000,0.010000,0.010500,0.013500,0.013000,0.011000,0.012000,0.013000,0.011000,0.011500,0.014000,0.012500,0.011500,0.018000,0.020500,0.022000,0.025000,0.030000,0.036000,0.032000,0.042000,0.055500,0.056500,0.065000,0.057000,0.095500,0.098500,0.116500,0.133500,0.149500,0.177500,0.180000,0.230000,0.291500,0.352500,0.456000,0.658500,0.804500,0.872500,0.935000,1.000000,1.000000,1.000000,1.000000,0.000000,1.000000,1.000000,1.000000,1.000000,0.902000,0.772500,0.502000,0.425000,0.373000,0.280500,0.203500,0.190500,0.149500,0.130500,0.110000,0.087500,0.087500,0.061000,0.068000,0.062500,0.062000,0.059000,0.059500,0.053000,0.047500,0.045000,0.042000,0.037000,0.032500,0.034000,0.040500,0.038000,0.033000,0.035000,0.023500,0.020500,0.029500,0.026000,0.020500,0.025000,0.019000,0.024500,0.022500,0.027500
0.004500,0.006500,0.007000,0.006500,0.007500,0.008000,0.007500,0.007500,0.008000,0.008500,0.005000,0.006500,0.005500,0.005500,0.006500,0.005500,0.005000,0.005000,0.007500,0.006000,0.006000,0.005000,0.004000,0.006500,0.006500,0.007000,0.003500,0.003500,0.005000,0.010500,0.007000,0.009000,0.010500,0.009500,0.012500,0.011500,0.011000,0.011000,0.011500,0.012000,0.011000,0.012000,0.010500,0.012000,0.014500,0.017500,0.021000,0.022500,0.024000,0.024500,0.029000,0.035500,0.044500,0.039500,0.050000,0.044000,0.073500,0.073500,0.093500,0.099500,0.116000,0.124000,0.132500,0.170000,0.201500,0.233500,0.238000,0.454000,0.630000,0.791000,0.873000,0.939000,1.000000,1.000000,1.000000,1.000000,0.000000,1.000000,1.000000,1.000000,1.000000,0.938000,0.681500,0.514000,0.410000,0.315000,0.214000,0.188500,0.149000,0.125500,0.100000,0.086500,0.079000,0.059500,0.064500,0.051000,0.056500,0.053500,0.049500,0.046500,0.040500,0.038500,0.038500,0.040500,0.032500,0.028500,0.037000,0.032500,0.032000,0.031000,0.027000,0.024000,0.025500,0.027000,0.017000,0.025500,0.024000,0.026000,0.020500,0.026000
0.006000,0.008000,0.008000,0.008500,0.007000,0.006500,0.008500,0.006500,0.006500,0.005500,0.007500,0.004500,0.005500,0.005000,0.005500,0.007500,0.004500,0.003500,0.008000,0.007500,0.007000,0.007500,0.006000,0.009000,0.010500,0.008500,0.007000,0.008500,0.009000,0.011500,0.013000,0.012500,0.018000,0.013500,0.016500,0.017500,0.014000,0.015500,0.015000,0.018000,0.014500,0.017000,0.013500,0.014000,0.020500,0.020000,0.021500,0.025000,0.028000,0.032000,0.037000,0.046000,0.053000,0.056000,0.066000,0.061500,0.089500,0.097500,0.113000,0.131500,0.147000,0.155000,0.162000,0.213500,0.250000,0.302500,0.316500,0.433000,0.562000,0.705500,0.841500,0.900500,0.961500,1.000000,1.000000,1.000000,1.000000,0.000000,1.000000,1.000000,1.000000,1.000000,0.817000,0.688500,0.505000,0.400000,0.288500,0.260500,0.209500,0.178000,0.134000,0.116000,0.113500,0.085000,0.096000,0.082500,0.078000,0.076000,0.066500,0.053000,0.056500,0.049500,0.051000,0.049500,0.042500,0.039500,0.047000,0.038000,0.039000,0.041500,0.036500,0.031500,0.038500,0.035500,0.025500,0.031000,0.027500,0.034000,0.026500,0.030000
0.008500,0.009500,0.009000,0.009000,0.007500,0.007500,0.008000,0.008000,0.008000,0.008500,0.006000,0.006000,0.005500,0.005000,0.006000,0.006000,0.005000,0.007000,0.008000,0.008000,0.007500,0.006500,0.006500,0.007000,0.009500,0.009000,0.007500,0.007500,0.009000,0.011500,0.012500,0.010500,0.017500,0.011500,0.015000,0.014500,0.014500,0.015000,0.014500,0.016000,0.015500,0.015500,0.013000,0.012500,0.020500,0.018500,0.021000,0.022000,0.027000,0.023500,0.029000,0.036500,0.044500,0.045500,0.055000,0.050500,0.075000,0.068000,0.086500,0.087500,0.105000,0.109500,0.113500,0.147500,0.160000,0.186500,0.165000,0.214000,0.262500,0.411000,0.524500,0.767000,0.820500,0.943500,1.000000,1.000000,1.000000,1.000000,0.000000,1.000000,1.000000,1.000000,1.000000,0.821500,0.626500,0.493500,0.324500,0.280500,0.224000,0.196500,0.159000,0.132500,0.127000,0.108500,0.111000,0.092500,0.094500,0.089000,0.080000,0.066500,0.063000,0.058500,0.052500,0.055500,0.048000,0.051500,0.049500,0.046000,0.048500,0.045500,0.038500,0.031000,0.039500,0.037500,0.031500,0.038500,0.032500,0.033000,0.025000,0.032500
0.006500,0.005500,0.005500,0.006500,0.006000,0.004500,0.005000,0.005500,0.006000,0.004500,0.005000,0.004000,0.004000,0.003500,0.002500,0.002000,0.002000,0.003500,0.004500,0.005000,0.004000,0.003500,0.003000,0.004000,0.005000,0.004000,0.004500,0.005000,0.006000,0.007500,0.010000,0.006500,0.010000,0.006500,0.008000,0.009000,0.009500,0.010000,0.010500,0.009500,0.008000,0.008000,0.009500,0.008000,0.011500,0.013000,0.014500,0.017500,0.018000,0.019000,0.021000,0.023500,0.030500,0.025500,0.035500,0.024000,0.048000,0.039000,0.055500,0.059500,0.062500,0.067500,0.069000,0.090000,0.096000,0.130500,0.098000,0.117500,0.144500,0.204500,0.298000,0.456000,0.675500,0.759500,0.749500,1.000000,1.000000,1.000000,1.000000,0.000000,1.000000,1.000000,1.000000,1.000000,0.849500,0.624000,0.401500,0.334000,0.229000,0.185500,0.141500,0.115500,0.118000,0.084500,0.093500,0.071500,0.081000,0.068500,0.066500,0.052000,0.048500,0.043000,0.042000,0.043500,0.038500,0.033500,0.038500,0.030500,0.038000,0.031500,0.029500,0.024500,0.030000,0.032000,0.024000,0.023500,0.022500,0.023000,0.019500,0.025000
0.007500,0.006500,0.008500,0.008500,0.007000,0.005000,0.006500,0.006000,0.005500,0.007000,0.006500,0.007500,0.006000,0.005000,0.006000,0.004000,0.004000,0.005000,0.007500,0.006500,0.004000,0.002000,0.003500,0.004000,0.005500,0.007000,0.004500,0.005500,0.005000,0.008500,0.010000,0.007500,0.010500,0.010500,0.011000,0.012000,0.009500,0.011500,0.009500,0.011000,0.010000,0.009000,0.009000,0.010000,0.017000,0.012000,0.016000,0.015500,0.016000,0.020000,0.025000,0.027000,0.033000,0.033500,0.039500,0.027500,0.048000,0.046500,0.063500,0.068000,0.077000,0.077500,0.082500,0.107500,0.115000,0.137500,0.122000,0.160000,0.176000,0.242000,0.293500,0.418500,0.548500,0.673500,0.740000,0.902000,1.000000,1.000000,1.000000,1.000000,0.000000,1.000000,1.000000,1.000000,1.000000,0.864000,0.627500,0.552500,0.381000,0.285500,0.214500,0.169500,0.156000,0.116000,0.126500,0.101500,0.102000,0.090500,0.081500,0.071000,0.059500,0.058500,0.053500,0.053000,0.053500,0.044500,0.045000,0.045000,0.042000,0.042500,0.039500,0.034000,0.039500,0.040000,0.029500,0.027000,0.025500,0.031000,0.023500,0.032000
0.006500,0.006000,0.006000,0.006000,0.007000,0.007500,0.006000,0.005500,0.008000,0.006000,0.008000,0.008000,0.006000,0.003000,0.004000,0.004000,0.006000,0.007500,0.009500,0.007000,0.005000,0.003500,0.005000,0.005500,0.005500,0.006500,0.005000,0.006500,0.007500,0.010000,0.008000,0.008500,0.014000,0.010500,0.012500,0.012000,0.010000,0.011000,0.009000,0.009500,0.010000,0.009000,0.010000,0.010000,0.012500,0.012500,0.015000,0.019000,0.016500,0.020000,0.026000,0.026500,0.032000,0.034000,0.037000,0.027500,0.045000,0.042000,0.055500,0.062000,0.068000,0.069000,0.073500,0.095500,0.101000,0.128500,0.105500,0.127000,0.155000,0.180500,0.219000,0.291500,0.389500,0.481500,0.609000,0.772500,0.938000,1.000000,1.000000,1.000000,1.000000,0.000000,1.000000,1.000000,1.000000,1.000000,0.868500,0.722000,0.532000,0.439500,0.320500,0.233500,0.191000,0.152000,0.159000,0.125500,0.133000,0.108500,0.094500,0.081500,0.070000,0.065500,0.061500,0.064500,0.059500,0.054000,0.056000,0.044500,0.046500,0.045000,0.040500,0.033500,0.038000,0.041000,0.028500,0.029500,0.028500,0.033000,0.021000,0.028500
0.007500,0.006500,0.006000,0.006500,0.005500,0.006000,0.005500,0.005500,0.008000,0.009500,0.007500,0.006000,0.005500,0.004500,0.002500,0.003000,0.004500,0.006500,0.007500,0.006000,0.005500,0.004500,0.005000,0.005500,0.005000,0.006000,0.003000,0.004000,0.005500,0.007500,0.006500,0.006500,0.010500,0.008500,0.012000,0.009500,0.008500,0.011500,0.009500,0.010500,0.009000,0.008500,0.009000,0.006500,0.011500,0.009000,0.012000,0.012500,0.013000,0.015000,0.017000,0.022500,0.027500,0.027000,0.030000,0.025000,0.041000,0.034500,0.041500,0.041500,0.063500,0.058000,0.060000,0.068500,0.075000,0.086500,0.068500,0.086000,0.101000,0.121000,0.130000,0.166000,0.227000,0.288000,0.353500,0.502000,0.681500,0.817000,1.000000,1.000000,1.000000,1.000000,0.000000,1.000000,1.000000,1.000000,1.000000,0.852000,0.649500,0.469000,0.351000,0.262500,0.212000,0.156500,0.175000,0.134000,0.117500,0.107500,0.089500,0.079000,0.068000,0.061500,0.059500,0.058500,0.054000,0.046500,0.051000,0.042000,0.041500,0.038500,0.034000,0.035000,0.033500,0.029500,0.023000,0.021000,0.022500,0.028000,0.019500,0.024000
0.007000,0.007000,0.006500,0.006500,0.006000,0.004000,0.004500,0.004000,0.005500,0.008000,0.005500,0.006000,0.004500,0.004000,0.004500,0.005500,0.005000,0.006000,0.007500,0.007000,0.006000,0.004500,0.003000,0.005000,0.005000,0.006000,0.004500,0.002500,0.004500,0.005500,0.007500,0.007500,0.012000,0.008500,0.009500,0.009000,0.010000,0.011000,0.011000,0.010500,0.008500,0.009000,0.009500,0.010500,0.011000,0.009000,0.011500,0.013500,0.013000,0.015500,0.018000,0.018000,0.024000,0.024500,0.029500,0.023000,0.038000,0.031000,0.041500,0.040500,0.057500,0.057500,0.058500,0.069500,0.078000,0.086500,0.070500,0.081000,0.097000,0.120000,0.121500,0.156500,0.215500,0.237500,0.292000,0.425000,0.514000,0.688500,0.821500,1.000000,1.000000,1.000000,1.000000,0.000000,1.000000,1.000000,1.000000,1.000000,0.887000,0.714000,0.565500,0.388500,0.290000,0.233500,0.259000,0.176000,0.164000,0.123000,0.105000,0.099500,0.090000,0.079000,0.074000,0.071500,0.067000,0.052500,0.063500,0.054000,0.050000,0.046500,0.036500,0.031000,0.038500,0.036500,0.025500,0.029000,0.026000,0.031500,0.021500,0.022000
0.008000,0.008000,0.008000,0.008000,0.007500,0.005500,0.005500,0.005000,0.005500,0.008000,0.008500,0.005000,0.004500,0.004000,0.004500,0.008500,0.007500,0.008500,0.010000,0.009000,0.007500,0.005500,0.006500,0.006000,0.006000,0.006000,0.004500,0.005000,0.004500,0.008000,0.008500,0.005500,0.010500,0.009500,0.008500,0.009000,0.009500,0.011500,0.010000,0.013000,0.012500,0.012500,0.010500,0.012500,0.014000,0.014500,0.016500,0.015500,0.016500,0.018500,0.019500,0.020000,0.026000,0.024000,0.035000,0.025000,0.039000,0.033500,0.041500,0.044500,0.051500,0.050500,0.053500,0.072500,0.071000,0.089000,0.067500,0.075500,0.106000,0.115500,0.121500,0.149500,0.198000,0.224500,0.246000,0.373000,0.410000,0.505000,0.626500,0.849500,1.000000,1.000000,1.000000,1.000000,0.000000,1.000000,1.000000,1.000000,0.999500,0.904000,0.730000,0.588000,0.378000,0.305000,0.335500,0.241500,0.219000,0.166000,0.142500,0.140000,0.120000,0.102000,0.104500,0.091500,0.081000,0.068000,0.076000,0.066500,0.062500,0.058500,0.050500,0.039000,0.046000,0.041500,0.025500,0.033000,0.030500,0.036000,0.022000,0.030500
0.009000,0.009000,0.007500,0.007000,0.007000,0.008000,0.007000,0.007000,0.006500,0.008500,0.008500,0.007000,0.007000,0.005500,0.005000,0.007500,0.007500,0.007500,0.009000,0.007500,0.006000,0.005000,0.003500,0.006000,0.005500,0.005500,0.004000,0.002500,0.004000,0.008000,0.008000,0.008500,0.010000,0.006500,0.010000,0.010000,0.011500,0.012500,0.011000,0.013000,0.010500,0.013000,0.014500,0.014000,0.014500,0.014500,0.015500,0.015000,0.018500,0.019500,0.021000,0.025000,0.029500,0.024500,0.031000,0.028500,0.038000,0.033000,0.039500,0.047500,0.053500,0.052000,0.051000,0.060000,0.066500,0.075500,0.065000,0.083000,0.091000,0.103000,0.107000,0.129500,0.163500,0.173500,0.194500,0.280500,0.315000,0.400000,0.493500,0.624000,0.864000,1.000000,1.000000,1.000000,1.000000,0.000000,1.000000,1.000000,1.000000,1.000000,0.879500,0.698500,0.464500,0.380000,0.413500,0.307500,0.279000,0.210500,0.185500,0.161500,0.146500,0.125500,0.115500,0.109500,0.093500,0.086500,0.088500,0.077500,0.077500,0.075000,0.057000,0.046500,0.054000,0.049500,0.034500,0.043500,0.040000,0.042500,0.029000,0.036000
0.006500,0.005000,0.004500,0.006000,0.004000,0.004000,0.004500,0.004500,0.006000,0.006500,0.007000,0.005000,0.005000,0.005000,0.006500,0.006000,0.004500,0.006500,0.005500,0.005500,0.005500,0.005500,0.004500,0.004500,0.003000,0.005000,0.003000,0.002500,0.000500,0.007000,0.005000,0.006500,0.008000,0.006500,0.009500,0.009000,0.006500,0.009000,0.008000,0.012500,0.008500,0.011000,0.011000,0.009500,0.011000,0.010500,0.010500,0.011500,0.008500,0.013000,0.014000,0.018000,0.018000,0.018500,0.022000,0.019000,0.027000,0.023500,0.030500,0.030000,0.040000,0.039500,0.036500,0.048000,0.048500,0.058500,0.045500,0.063000,0.065000,0.074500,0.081000,0.093000,0.110500,0.116000,0.140000,0.203500,0.214000,0.288500,0.324500,0.401500,0.627500,0.868500,1.000000,1.000000,1.000000,1.000000,0.000000,1.000000,1.000000,1.000000,1.000000,0.834000,0.525000,0.384000,0.461000,0.321000,0.283000,0.208500,0.180500,0.144000,0.133500,0.108500,0.100000,0.095500,0.079500,0.073000,0.076500,0.066500,0.065000,0.062500,0.051000,0.042500,0.042000,0.040000,0.032000,0.036500,0.032000,0.037500,0.026000,0.026500
0.006500,0.006000,0.006000,0.005500,0.004500,0.004000,0.004000,0.004000,0.006000,0.007500,0.008000,0.005000,0.005000,0.005500,0.006500,0.005500,0.004500,0.005500,0.006000,0.005500,0.006000,0.005500,0.004500,0.005500,0.003500,0.004000,0.002500,0.003500,0.001500,0.006500,0.007000,0.007000,0.010000,0.009000,0.010500,0.012500,0.007000,0.009500,0.007500,0.012000,0.011000,0.011500,0.010000,0.009000,0.011000,0.008000,0.010500,0.010500,0.012500,0.013500,0.017000,0.017500,0.019000,0.017500,0.020000,0.018000,0.025000,0.022500,0.030000,0.032000,0.043500,0.042500,0.040500,0.049000,0.047000,0.057500,0.051500,0.061500,0.062000,0.073000,0.079500,0.088000,0.107500,0.125000,0.131000,0.190500,0.188500,0.260500,0.280500,0.334000,0.552500,0.722000,0.852000,1.000000,1.000000,1.000000,1.000000,0.000000,1.000000,1.000000,1.000000,1.000000,0.537500,0.431000,0.536000,0.385000,0.340500,0.231500,0.217000,0.183500,0.142500,0.129000,0.121000,0.112000,0.090500,0.081000,0.085000,0.076500,0.071500,0.064500,0.060500,0.042500,0.053000,0.049000,0.036500,0.041000,0.033000,0.038500,0.025000,0.030000
0.005500,0.005000,0.005000,0.004000,0.004000,0.004500,0.005000,0.004500,0.005500,0.006000,0.007500,0.004500,0.004500,0.005500,0.006000,0.005500,0.005000,0.004500,0.006000,0.005000,0.005500,0.005500,0.006500,0.005500,0.003500,0.003500,0.002000,0.003500,0.002500,0.006500,0.004500,0.005000,0.007500,0.007000,0.009000,0.011000,0.007000,0.008500,0.008000,0.011000,0.010000,0.010000,0.010000,0.006500,0.008500,0.009500,0.009000,0.010000,0.010500,0.014000,0.015000,0.015000,0.016500,0.013500,0.021000,0.020500,0.023000,0.026000,0.029500,0.034000,0.037500,0.037000,0.034500,0.041500,0.041500,0.050000,0.041500,0.050000,0.057500,0.058000,0.064500,0.068500,0.084000,0.092500,0.102500,0.149500,0.149000,0.209500,0.224000,0.229000,0.381000,0.532000,0.649500,0.887000,0.999500,1.000000,1.000000,1.000000,0.000000,1.000000,1.000000,1.000000,1.000000,0.827500,0.679500,0.568000,0.449500,0.304000,0.271500,0.234000,0.181500,0.158500,0.140000,0.127000,0.098000,0.090500,0.091500,0.078000,0.073500,0.077000,0.058500,0.040000,0.053500,0.045000,0.035000,0.044500,0.040500,0.043500,0.029000,0.033000
0.007000,0.007000,0.005000,0.007500,0.003500,0.004500,0.005000,0.005000,0.006000,0.006500,0.005500,0.005000,0.006000,0.004500,0.004500,0.004000,0.005500,0.005000,0.005500,0.005500,0.006000,0.006500,0.006500,0.006500,0.005500,0.004000,0.003000,0.003500,0.003000,0.005000,0.003500,0.006500,0.008500,0.008500,0.008000,0.009000,0.008500,0.008000,0.008500,0.010000,0.008500,0.010500,0.007000,0.006500,0.010500,0.008500,0.007500,0.010000,0.015000,0.015500,0.015500,0.017000,0.020500,0.016500,0.019500,0.018000,0.024500,0.026500,0.031500,0.033500,0.038000,0.032500,0.034500,0.042000,0.041000,0.053000,0.040000,0.047000,0.049500,0.054500,0.056500,0.062500,0.078000,0.081000,0.094000,0.130500,0.125500,0.178000,0.196500,0.185500,0.285500,0.439500,0.469000,0.714000,0.904000,1.000000,1.000000,1.000000,1.000000,0.000000,1.000000,1.000000,1.000000,1.000000,0.878500,0.708500,0.650500,0.393500,0.363500,0.333500,0.247500,0.213500,0.172000,0.153500,0.128000,0.115000,0.124500,0.099000,0.089500,0.089000,0.069500,0.053500,0.064500,0.060000,0.042500,0.050500,0.049000,0.053000,0.038000,0.040000
0.005500,0.005500,0.003500,0.005500,0.003000,0.004500,0.006000,0.004500,0.007500,0.006500,0.007000,0.005000,0.006000,0.004000,0.002500,0.003000,0.005000,0.005000,0.005500,0.006000,0.006000,0.007000,0.005500,0.005000,0.005000,0.005000,0.004000,0.004500,0.004000,0.007000,0.005500,0.005500,0.005500,0.007000,0.007500,0.007000,0.008500,0.008500,0.007500,0.010000,0.007000,0.008500,0.008500,0.008500,0.010500,0.009500,0.009000,0.009000,0.012000,0.014000,0.014000,0.016500,0.017500,0.015000,0.021000,0.017500,0.025500,0.021000,0.032500,0.029500,0.037500,0.035500,0.033000,0.035000,0.043500,0.046000,0.034000,0.042500,0.049500,0.049500,0.053500,0.058500,0.066500,0.071500,0.077000,0.110000,0.100000,0.134000,0.159000,0.141500,0.214500,0.320500,0.351000,0.565500,0.730000,0.879500,1.000000,1.000000,1.000000,1.000000,0.000000,1.000000,1.000000,1.000000,1.000000,0.879000,0.817500,0.560500,0.455000,0.438000,0.336500,0.277500,0.238000,0.190500,0.156500,0.127500,0.141000,0.123000,0.110000,0.102500,0.074000,0.059000,0.073000,0.066000,0.047000,0.058000,0.053000,0.056500,0.037000,0.043000
0.004500,0.006000,0.004000,0.004000,0.004500,0.005000,0.007000,0.006000,0.005000,0.005000,0.006500,0.004500,0.004500,0.003500,0.004000,0.004000,0.004500,0.005000,0.006000,0.005500,0.004000,0.005500,0.005500,0.006000,0.005000,0.005500,0.004500,0.004500,0.003000,0.005000,0.004500,0.004000,0.005000,0.004000,0.006500,0.009000,0.008500,0.009000,0.007000,0.009000,0.004000,0.007500,0.007000,0.005500,0.008000,0.007500,0.007500,0.008500,0.014000,0.013500,0.012000,0.015000,0.016500,0.014500,0.018000,0.014500,0.024000,0.023000,0.028500,0.028000,0.031000,0.034000,0.032500,0.028500,0.036000,0.042500,0.030500,0.035000,0.042500,0.045000,0.047000,0.049500,0.058000,0.052500,0.059000,0.087500,0.086500,0.116000,0.132500,0.115500,0.169500,0.233500,0.262500,0.388500,0.588000,0.698500,0.834000,1.000000,1.000000,1.000000,1.000000,0.000000,1.000000,1.000000,1.000000,1.000000,0.947000,0.740500,0.623500,0.519000,0.417500,0.336500,0.283000,0.220500,0.174000,0.146500,0.152500,0.129000,0.115500,0.115000,0.079500,0.060000,0.074500,0.074000,0.050500,0.059500,0.052000,0.058500,0.039500,0.043500
0.006000,0.006000,0.005500,0.005500,0.006000,0.009000,0.007000,0.004500,0.006000,0.006500,0.008000,0.005500,0.006500,0.003500,0.005500,0.006000,0.003500,0.004500,0.005500,0.006500,0.007000,0.005500,0.005500,0.006000,0.009000,0.008000,0.006000,0.007000,0.006000,0.006500,0.006000,0.004500,0.005500,0.007000,0.009500,0.011000,0.010000,0.011500,0.008500,0.009500,0.007500,0.010500,0.008500,0.009000,0.008500,0.013500,0.010500,0.015500,0.016500,0.017000,0.015000,0.014500,0.018500,0.017000,0.021000,0.019000,0.029500,0.025000,0.029000,0.028000,0.033000,0.034000,0.032500,0.033000,0.028500,0.043500,0.035000,0.040000,0.046500,0.046500,0.047000,0.055000,0.057500,0.053000,0.060500,0.087500,0.079000,0.113500,0.127000,0.118000,0.156000,0.191000,0.212000,0.290000,0.378000,0.464500,0.525000,0.537500,1.000000,1.000000,1.000000,1.000000,0.000000,1.000000,1.000000,1.000000,1.000000,0.878500,0.738500,0.629000,0.521500,0.444000,0.371500,0.292500,0.236500,0.191000,0.195500,0.158500,0.150000,0.144000,0.107000,0.082500,0.093500,0.093500,0.065000,0.075500,0.066000,0.072500,0.049500,0.057500
0.005000,0.005500,0.004500,0.005000,0.004000,0.005000,0.004000,0.004000,0.005000,0.004000,0.007000,0.005000,0.006500,0.005500,0.004500,0.003500,0.003500,0.005000,0.003500,0.006000,0.003500,0.002500,0.003000,0.005500,0.007500,0.005500,0.003500,0.004500,0.004500,0.004500,0.004500,0.003500,0.004500,0.004500,0.006500,0.010000,0.006000,0.007000,0.005000,0.008000,0.005500,0.007500,0.006500,0.006500,0.007500,0.010000,0.007500,0.010000,0.013000,0.012500,0.014500,0.015000,0.015500,0.017000,0.018500,0.017000,0.026500,0.023500,0.024500,0.025500,0.028500,0.026500,0.027500,0.033000,0.026000,0.033500,0.025500,0.032500,0.038000,0.038500,0.040000,0.042000,0.040500,0.043500,0.043500,0.061000,0.059500,0.085000,0.108500,0.084500,0.116000,0.152000,0.156500,0.233500,0.305000,0.380000,0.384000,0.431000,0.827500,1.000000,1.000000,1.000000,1.000000,0.000000,1.000000,1.000000,1.000000,1.000000,0.903000,0.736500,0.560000,0.480500,0.404000,0.300500,0.255500,0.206500,0.187000,0.163500,0.140000,0.145500,0.100000,0.079500,0.086500,0.089500,0.058500,0.071000,0.065000,0.073500,0.049000,0.056500
0.005000,0.005000,0.004000,0.003500,0.003000,0.005000,0.002500,0.003500,0.004500,0.004500,0.006000,0.006000,0.006500,0.006000,0.005000,0.003500,0.004000,0.006500,0.005500,0.006000,0.003500,0.003500,0.003000,0.004500,0.006000,0.006000,0.004000,0.004500,0.005000,0.006500,0.004500,0.003500,0.006000,0.006500,0.009000,0.011500,0.010000,0.008000,0.007000,0.006000,0.007500,0.008000,0.008000,0.007500,0.008000,0.009500,0.011500,0.014000,0.014500,0.013500,0.015000,0.019000,0.018000,0.019000,0.021000,0.018500,0.027000,0.021000,0.028000,0.025000,0.029500,0.029000,0.029000,0.034500,0.029500,0.037500,0.027000,0.037000,0.035500,0.037500,0.038000,0.037500,0.038500,0.042500,0.047000,0.068000,0.064500,0.096000,0.111000,0.093500,0.126500,0.159000,0.175000,0.259000,0.335500,0.413500,0.461000,0.536000,0.679500,0.878500,1.000000,1.000000,1.000000,1.000000,0.000000,1.000000,1.000000,1.000000,1.000000,0.879500,0.706000,0.544500,0.448500,0.336000,0.261000,0.222000,0.224500,0.181500,0.166000,0.159500,0.115000,0.088000,0.103000,0.101500,0.070000,0.090500,0.075500,0.088000,0.059500,0.060000
0.005500,0.005500,0.003000,0.002500,0.003500,0.003500,0.003500,0.004000,0.006000,0.004500,0.005500,0.005500,0.006500,0.005500,0.004500,0.003000,0.003500,0.004000,0.001500,0.006000,0.001000,0.002000,0.002000,0.003000,0.004500,0.003000,0.002000,0.004000,0.004500,0.005000,0.004000,0.003500,0.005000,0.005500,0.008000,0.009000,0.006000,0.009000,0.007000,0.006000,0.006500,0.006000,0.006500,0.005000,0.006500,0.006500,0.006500,0.007000,0.013000,0.009500,0.012500,0.014000,0.013500,0.016500,0.020500,0.014500,0.022500,0.018500,0.023500,0.021500,0.026500,0.024000,0.020500,0.031500,0.023000,0.029000,0.021500,0.031000,0.033500,0.031500,0.030000,0.034000,0.036000,0.035000,0.040500,0.062500,0.051000,0.082500,0.092500,0.071500,0.101500,0.125500,0.134000,0.176000,0.241500,0.307500,0.321000,0.385000,0.568000,0.708500,0.879000,1.000000,1.000000,1.000000,1.000000,0.000000,1.000000,1.000000,1.000000,1.000000,0.821000,0.665000,0.484000,0.370000,0.273500,0.218500,0.224000,0.179500,0.156500,0.165000,0.112000,0.082500,0.106000,0.095500,0.064000,0.088000,0.074000,0.085000,0.058500,0.061500
0.004500,0.006000,0.004500,0.003500,0.003500,0.003500,0.004000,0.004500,0.007000,0.005000,0.004000,0.004500,0.003000,0.002500,0.003500,0.003500,0.003500,0.003000,0.002000,0.004000,0.002500,0.002500,0.003000,0.003000,0.003000,0.004500,0.001500,0.002500,0.004500,0.006000,0.005000,0.003500,0.005500,0.006000,0.008500,0.010500,0.006500,0.007500,0.005000,0.004500,0.006000,0.007500,0.007500,0.007000,0.005500,0.007000,0.006500,0.007000,0.008000,0.008500,0.011500,0.014500,0.012000,0.017500,0.019000,0.015000,0.020500,0.016000,0.019000,0.022000,0.025000,0.021000,0.020500,0.028500,0.023500,0.030000,0.022500,0.032000,0.036000,0.032000,0.028500,0.037000,0.040000,0.041500,0.041500,0.062000,0.056500,0.078000,0.094500,0.081000,0.102000,0.133000,0.117500,0.164000,0.219000,0.279000,0.283000,0.340500,0.449500,0.650500,0.817500,0.947000,1.000000,1.000000,1.000000,1.000000,0.000000,1.000000,1.000000,1.000000,1.000000,0.914000,0.741500,0.565000,0.399500,0.317500,0.298500,0.241500,0.200000,0.209500,0.146500,0.111500,0.122000,0.120000,0.081000,0.098500,0.088500,0.099000,0.070500,0.074000
0.006000,0.006000,0.005500,0.003500,0.002500,0.005000,0.005000,0.005000,0.004500,0.007000,0.005000,0.004500,0.003000,0.003500,0.003000,0.003000,0.003500,0.003000,0.002000,0.004500,0.002500,0.003000,0.002000,0.004000,0.002500,0.002500,0.003000,0.004000,0.004500,0.005500,0.005000,0.005000,0.006500,0.007000,0.011000,0.010500,0.008500,0.010000,0.004000,0.005000,0.007000,0.007500,0.007000,0.005000,0.005500,0.006500,0.006500,0.007000,0.007500,0.009000,0.010000,0.011000,0.011000,0.015000,0.016000,0.013000,0.019500,0.017000,0.023000,0.018000,0.026500,0.019000,0.020500,0.024500,0.024000,0.030500,0.022000,0.029000,0.031000,0.033000,0.034500,0.035500,0.038000,0.034000,0.041500,0.059000,0.053500,0.076000,0.089000,0.068500,0.090500,0.108500,0.107500,0.123000,0.166000,0.210500,0.208500,0.231500,0.304000,0.393500,0.560500,0.740500,0.878500,1.000000,1.000000,1.000000,1.000000,0.000000,1.000000,1.000000,1.000000,1.000000,0.828000,0.641500,0.485500,0.378000,0.329000,0.285000,0.232000,0.237500,0.172000,0.133500,0.146500,0.144000,0.107000,0.119000,0.108500,0.106000,0.073000,0.084500
0.004500,0.004000,0.003000,0.004000,0.003500,0.003500,0.004500,0.004500,0.004500,0.005000,0.004500,0.002500,0.003000,0.002000,0.003000,0.002000,0.003500,0.001000,0.002000,0.003000,0.002000,0.002000,0.003000,0.002000,0.002000,0.002000,0.002000,0.005000,0.003000,0.006000,0.004000,0.005000,0.006500,0.005000,0.010500,0.005500,0.007500,0.006500,0.005000,0.006500,0.006500,0.007000,0.005000,0.005000,0.005500,0.006500,0.007500,0.006500,0.008000,0.008000,0.008000,0.009000,0.010500,0.013000,0.016500,0.013000,0.020000,0.015500,0.020000,0.018500,0.020500,0.022500,0.018000,0.025000,0.022500,0.030000,0.024000,0.029000,0.033000,0.033000,0.029000,0.036000,0.043500,0.037500,0.038000,0.059500,0.049500,0.066500,0.080000,0.066500,0.081500,0.094500,0.089500,0.105000,0.142500,0.185500,0.180500,0.217000,0.271500,0.363500,0.455000,0.623500,0.738500,0.903000,1.000000,1.000000,1.000000,1.000000,0.000000,1.000000,1.000000,1.000000,1.000000,0.827000,0.631000,0.476000,0.406000,0.346500,0.278500,0.272000,0.204000,0.154500,0.150000,0.143000,0.106500,0.119500,0.105500,0.113000,0.076000,0.083500
0.003500,0.004000,0.004000,0.004000,0.003500,0.003000,0.004000,0.003500,0.002500,0.002500,0.004500,0.002000,0.003000,0.003000,0.002000,0.002500,0.002000,0.002000,0.002500,0.003500,0.001500,0.001000,0.002000,0.002500,0.001500,0.002000,0.002500,0.001500,0.002500,0.005000,0.004000,0.004000,0.005500,0.004500,0.010000,0.007000,0.007500,0.005000,0.003500,0.003000,0.005500,0.005000,0.003500,0.004000,0.004500,0.006500,0.007000,0.006500,0.007500,0.007500,0.008500,0.007500,0.013000,0.013000,0.017000,0.011500,0.021000,0.011000,0.018000,0.013500,0.020000,0.017500,0.015500,0.022000,0.018500,0.029500,0.022500,0.023500,0.025500,0.028000,0.029500,0.034500,0.035500,0.031000,0.037500,0.053000,0.046500,0.053000,0.066500,0.052000,0.071000,0.081500,0.079000,0.099500,0.140000,0.161500,0.144000,0.183500,0.234000,0.333500,0.438000,0.519000,0.629000,0.736500,0.879500,1.000000,1.000000,1.000000,1.000000,0.000000,1.000000,1.000000,1.000000,1.000000,0.815500,0.633000,0.545500,0.462500,0.360000,0.344000,0.266500,0.178500,0.177000,0.160500,0.111000,0.138000,0.118500,0.120500,0.083500,0.095500
0.004000,0.004000,0.004000,0.005000,0.003000,0.004500,0.003500,0.003000,0.002500,0.002000,0.003000,0.002500,0.003000,0.003000,0.002000,0.002500,0.002000,0.002000,0.003500,0.003000,0.001500,0.002000,0.002000,0.002000,0.002000,0.001500,0.001000,0.000500,0.001500,0.005000,0.005000,0.003500,0.004000,0.003500,0.007500,0.005500,0.005500,0.005500,0.003500,0.004000,0.006000,0.003500,0.003000,0.003000,0.004000,0.005000,0.007000,0.007500,0.009500,0.008000,0.010500,0.011000,0.015000,0.015000,0.016500,0.011500,0.021000,0.012000,0.020000,0.016500,0.019500,0.019500,0.019000,0.020500,0.022500,0.031500,0.022000,0.021500,0.029000,0.025500,0.027500,0.033500,0.031500,0.032500,0.033500,0.047500,0.040500,0.056500,0.063000,0.048500,0.059500,0.070000,0.068000,0.090000,0.120000,0.146500,0.133500,0.142500,0.181500,0.247500,0.336500,0.417500,0.521500,0.560000,0.706000,0.821000,1.000000,1.000000,1.000000,1.000000,0.000000,1.000000,1.000000,1.000000,1.000000,0.805000,0.688000,0.627500,0.496500,0.407500,0.320500,0.229000,0.206500,0.186000,0.130000,0.151000,0.135000,0.130500,0.093500,0.098000
0.004500,0.003500,0.004500,0.004500,0.005000,0.004500,0.003500,0.003000,0.002500,0.002500,0.003000,0.003000,0.002500,0.002500,0.002500,0.002000,0.002500,0.001500,0.003500,0.002500,0.002000,0.001500,0.001500,0.002000,0.002500,0.003000,0.001500,0.001500,0.001000,0.003500,0.003000,0.001500,0.003500,0.004500,0.004500,0.005000,0.004000,0.004500,0.003000,0.004000,0.004500,0.004000,0.003500,0.003500,0.004500,0.006500,0.009500,0.009500,0.010000,0.008500,0.009500,0.008500,0.016000,0.012500,0.017000,0.010000,0.018000,0.013500,0.016500,0.016000,0.016000,0.020500,0.019500,0.022000,0.023500,0.029000,0.021000,0.023500,0.026000,0.027000,0.023000,0.025500,0.026500,0.027500,0.028000,0.045000,0.038500,0.049500,0.058500,0.043000,0.058500,0.065500,0.061500,0.079000,0.102000,0.125500,0.108500,0.129000,0.158500,0.213500,0.277500,0.336500,0.444000,0.480500,0.544500,0.665000,0.914000,1.000000,1.000000,1.000000,1.000000,0.000000,1.000000,1.000000,1.000000,1.000000,0.881500,0.811000,0.612000,0.487000,0.400500,0.279500,0.237000,0.211500,0.141500,0.169500,0.145500,0.148500,0.100500,0.108000
0.005000,0.005000,0.006000,0.007500,0.004500,0.004500,0.004500,0.003500,0.003500,0.003000,0.004500,0.002000,0.003500,0.003500,0.003500,0.003500,0.003500,0.002500,0.006000,0.002500,0.001500,0.002000,0.001500,0.003500,0.002000,0.003500,0.001500,0.001500,0.002000,0.005000,0.003500,0.003500,0.004500,0.004000,0.005500,0.005500,0.003500,0.004500,0.004000,0.003000,0.003500,0.005500,0.003000,0.004000,0.004500,0.008500,0.009000,0.009000,0.008000,0.012000,0.010500,0.011000,0.013500,0.011000,0.017500,0.012000,0.020000,0.015000,0.017500,0.016000,0.021000,0.018000,0.015500,0.019500,0.023500,0.026000,0.020500,0.023000,0.023500,0.023500,0.022500,0.024500,0.029000,0.027500,0.027500,0.042000,0.038500,0.051000,0.052500,0.042000,0.053500,0.061500,0.059500,0.074000,0.104500,0.115500,0.100000,0.121000,0.140000,0.172000,0.238000,0.283000,0.371500,0.404000,0.448500,0.484000,0.741500,0.828000,1.000000,1.000000,1.000000,1.000000,0.000000,1.000000,1.000000,1.000000,1.000000,0.899000,0.751000,0.621000,0.495500,0.331500,0.297000,0.258500,0.163500,0.197500,0.165000,0.181500,0.117500,0.121000
0.006000,0.006000,0.006000,0.006000,0.005500,0.003500,0.004000,0.003000,0.003000,0.003500,0.003000,0.004000,0.005000,0.004500,0.005000,0.004000,0.003000,0.004500,0.005000,0.002500,0.003500,0.002500,0.003000,0.002500,0.003000,0.002500,0.001500,0.002500,0.002500,0.005000,0.004000,0.004000,0.006500,0.006500,0.004500,0.004500,0.005000,0.004000,0.004000,0.004500,0.004500,0.004500,0.004000,0.006000,0.006000,0.008000,0.009000,0.009000,0.010000,0.012000,0.009000,0.008500,0.010000,0.007000,0.015000,0.010500,0.019000,0.012500,0.016000,0.015500,0.017500,0.017000,0.014000,0.018000,0.021500,0.025500,0.019000,0.024000,0.024000,0.021500,0.022000,0.025000,0.027500,0.029000,0.026500,0.037000,0.040500,0.049500,0.055500,0.043500,0.053000,0.064500,0.058500,0.071500,0.091500,0.109500,0.095500,0.112000,0.127000,0.153500,0.190500,0.220500,0.292500,0.300500,0.336000,0.370000,0.565000,0.641500,0.827000,1.000000,1.000000,1.000000,1.000000,0.000000,1.000000,1.000000,1.000000,1.000000,0.864500,0.688000,0.648500,0.410500,0.308500,0.268500,0.155000,0.210500,0.182500,0.193000,0.121000,0.123500
0.004500,0.004500,0.005500,0.004500,0.003500,0.004000,0.004000,0.003000,0.003500,0.003000,0.003500,0.004000,0.002500,0.003000,0.004000,0.004000,0.002500,0.003500,0.006000,0.003500,0.001500,0.002500,0.002000,0.002000,0.003000,0.003500,0.003500,0.004000,0.003000,0.003500,0.005000,0.003000,0.006500,0.006000,0.005000,0.007000,0.005000,0.005000,0.004000,0.004000,0.003000,0.003500,0.004500,0.004000,0.006000,0.006500,0.010500,0.009500,0.008500,0.008500,0.007500,0.006000,0.007500,0.009500,0.015500,0.010500,0.016500,0.012500,0.014000,0.016000,0.015000,0.017500,0.011000,0.015500,0.019500,0.023000,0.018000,0.018000,0.020500,0.020000,0.018500,0.018000,0.022500,0.026000,0.024500,0.032500,0.032500,0.042500,0.048000,0.038500,0.053500,0.059500,0.054000,0.067000,0.081000,0.093500,0.079500,0.090500,0.098000,0.128000,0.156500,0.174000,0.236500,0.255500,0.261000,0.273500,0.399500,0.485500,0.631000,0.815500,1.000000,1.000000,1.000000,1.000000,0.000000,1.000000,1.000000,1.000000,1.000000,0.902000,0.791000,0.592000,0.474500,0.350000,0.207000,0.254500,0.205000,0.233500,0.155000,0.145500
0.004000,0.004500,0.004500,0.004000,0.005000,0.003500,0.002500,0.001500,0.003000,0.002500,0.002500,0.004000,0.004000,0.004000,0.004000,0.003500,0.001500,0.004000,0.005000,0.002000,0.003000,0.003500,0.002500,0.002500,0.003500,0.003500,0.002500,0.003500,0.003500,0.005500,0.005500,0.004500,0.003500,0.005000,0.004500,0.006500,0.004500,0.006500,0.005500,0.005000,0.004500,0.005500,0.003000,0.005000,0.006000,0.008000,0.010000,0.008000,0.008000,0.008500,0.006000,0.003500,0.007000,0.007000,0.011500,0.007000,0.013000,0.010500,0.011000,0.013000,0.013000,0.012500,0.012000,0.017000,0.017000,0.024500,0.015000,0.017000,0.017000,0.015000,0.015500,0.017000,0.021000,0.020500,0.025000,0.034000,0.028500,0.039500,0.051500,0.033500,0.044500,0.054000,0.046500,0.052500,0.068000,0.086500,0.073000,0.081000,0.090500,0.115000,0.127500,0.146500,0.191000,0.206500,0.222000,0.218500,0.317500,0.378000,0.476000,0.633000,0.805000,1.000000,1.000000,1.000000,1.000000,0.000000,1.000000,1.000000,1.000000,1.000000,0.873500,0.661000,0.560500,0.424500,0.229000,0.283000,0.231000,0.248000,0.158000,0.158000
0.005500,0.006500,0.007500,0.005500,0.004000,0.006000,0.003000,0.002500,0.001500,0.002500,0.003000,0.004000,0.004000,0.004000,0.005000,0.004000,0.002000,0.003000,0.004000,0.004000,0.003000,0.002500,0.003000,0.004000,0.003500,0.003000,0.005000,0.005000,0.004500,0.007500,0.006000,0.006500,0.006500,0.006000,0.006000,0.006000,0.005000,0.007500,0.005500,0.006500,0.004000,0.004000,0.004000,0.005500,0.007000,0.009500,0.010500,0.011500,0.010000,0.010000,0.009000,0.007500,0.011500,0.010500,0.013000,0.010500,0.016000,0.012000,0.013000,0.015000,0.016000,0.015000,0.011500,0.018500,0.016500,0.022000,0.013500,0.019000,0.019500,0.019500,0.018000,0.023500,0.027000,0.024000,0.030500,0.040500,0.037000,0.047000,0.049500,0.038500,0.045000,0.056000,0.051000,0.063500,0.076000,0.088500,0.076500,0.085000,0.091500,0.124500,0.141000,0.152500,0.195500,0.187000,0.224500,0.224000,0.298500,0.329000,0.406000,0.545500,0.688000,0.881500,1.000000,1.000000,1.000000,1.000000,0.000000,1.000000,1.000000,1.000000,1.000000,0.827500,0.700500,0.630000,0.425500,0.454000,0.347000,0.348000,0.234000,0.227500
0.006500,0.006500,0.005500,0.004000,0.003500,0.004000,0.002500,0.001500,0.002500,0.003000,0.003000,0.003500,0.003500,0.003000,0.003500,0.003000,0.001500,0.003500,0.003500,0.003000,0.002000,0.002000,0.002500,0.002500,0.004000,0.003000,0.003500,0.005000,0.004000,0.005500,0.005000,0.006000,0.006000,0.005000,0.004500,0.005000,0.004000,0.005500,0.004500,0.007000,0.003000,0.007000,0.005000,0.005000,0.005500,0.008500,0.010500,0.011000,0.009000,0.007500,0.007500,0.008000,0.009000,0.008000,0.013000,0.009500,0.015000,0.014000,0.010500,0.013500,0.015500,0.011500,0.009500,0.013500,0.013000,0.018500,0.013500,0.016000,0.018500,0.017500,0.015500,0.017000,0.022000,0.021500,0.026000,0.038000,0.032500,0.038000,0.046000,0.030500,0.045000,0.044500,0.042000,0.054000,0.066500,0.077500,0.066500,0.076500,0.078000,0.099000,0.123000,0.129000,0.158500,0.163500,0.181500,0.179500,0.241500,0.285000,0.346500,0.462500,0.627500,0.811000,0.899000,1.000000,1.000000,1.000000,1.000000,0.000000,1.000000,1.000000,1.000000,1.000000,0.870500,0.692000,0.539000,0.514000,0.410500,0.395500,0.257000,0.240500
0.005000,0.006000,0.006000,0.004000,0.003000,0.003000,0.002500,0.003000,0.002000,0.002500,0.003500,0.003500,0.003500,0.003000,0.002500,0.002500,0.002000,0.003000,0.003500,0.002500,0.002500,0.002500,0.002500,0.005000,0.003000,0.004000,0.004500,0.004500,0.005500,0.007000,0.006000,0.004500,0.005500,0.004500,0.004500,0.008000,0.007000,0.006000,0.007500,0.008500,0.007000,0.007000,0.006500,0.005500,0.008000,0.009500,0.012000,0.011000,0.012500,0.010500,0.010500,0.010500,0.014500,0.010000,0.015000,0.012500,0.018500,0.013500,0.016000,0.013500,0.019000,0.014000,0.010500,0.012500,0.011000,0.018500,0.015000,0.014500,0.016500,0.019000,0.017000,0.019000,0.023500,0.024000,0.023000,0.033000,0.032000,0.039000,0.048500,0.038000,0.042000,0.046500,0.041500,0.050000,0.062500,0.077500,0.065000,0.071500,0.073500,0.089500,0.110000,0.115500,0.150000,0.140000,0.166000,0.156500,0.200000,0.232000,0.278500,0.360000,0.496500,0.612000,0.751000,0.864500,1.000000,1.000000,1.000000,1.000000,0.000000,1.000000,1.000000,1.000000,1.000000,0.805500,0.651000,0.713500,0.513500,0.499000,0.319000,0.276000
0.006000,0.005500,0.005500,0.004000,0.004500,0.003000,0.001500,0.002500,0.003500,0.004000,0.003500,0.004000,0.005000,0.004500,0.004000,0.004500,0.002000,0.003000,0.005000,0.003500,0.004000,0.004000,0.002500,0.002500,0.002000,0.003500,0.003000,0.002500,0.003500,0.005000,0.005500,0.003500,0.006500,0.004500,0.005000,0.008000,0.003500,0.006000,0.003000,0.007000,0.005500,0.009000,0.006500,0.006500,0.010000,0.010500,0.010500,0.011000,0.008500,0.008000,0.010000,0.011000,0.014500,0.013000,0.016000,0.012500,0.015000,0.012000,0.014000,0.013500,0.016000,0.012500,0.010000,0.012500,0.011000,0.020000,0.012500,0.014500,0.017000,0.018000,0.018000,0.020500,0.022000,0.022000,0.025500,0.035000,0.031000,0.041500,0.045500,0.031500,0.042500,0.045000,0.038500,0.046500,0.058500,0.075000,0.062500,0.064500,0.077000,0.089000,0.102500,0.115000,0.144000,0.145500,0.159500,0.165000,0.209500,0.237500,0.272000,0.344000,0.407500,0.487000,0.621000,0.688000,0.902000,1.000000,1.000000,1.000000,1.000000,0.000000,1.000000,1.000000,1.000000,1.000000,0.826000,0.820500,0.620500,0.555500,0.392500,0.344000
0.004000,0.003500,0.004000,0.004000,0.004000,0.002000,0.002500,0.002500,0.002000,0.003000,0.003500,0.004000,0.002500,0.004000,0.004000,0.004500,0.001500,0.002000,0.004000,0.002500,0.002000,0.001000,0.003000,0.003500,0.003500,0.004000,0.002500,0.004000,0.005000,0.006000,0.005000,0.003000,0.005500,0.004500,0.005000,0.005000,0.005500,0.007500,0.004000,0.007000,0.004500,0.007000,0.007000,0.007500,0.009000,0.009500,0.010500,0.010000,0.009000,0.008000,0.007500,0.008000,0.008500,0.010500,0.013500,0.011000,0.016000,0.010500,0.014000,0.010500,0.015000,0.011000,0.008500,0.012500,0.010500,0.014000,0.010000,0.011000,0.014000,0.013000,0.014500,0.014500,0.017500,0.022500,0.019000,0.023500,0.027000,0.036500,0.038500,0.029500,0.039500,0.040500,0.034000,0.036500,0.050500,0.057000,0.051000,0.060500,0.058500,0.069500,0.074000,0.079500,0.107000,0.100000,0.115000,0.112000,0.146500,0.172000,0.204000,0.266500,0.320500,0.400500,0.495500,0.648500,0.791000,0.873500,1.000000,1.000000,1.000000,1.000000,0.000000,1.000000,1.000000,1.000000,1.000000,0.909000,0.816000,0.684000,0.470500,0.368000
0.003000,0.003500,0.003500,0.002500,0.002000,0.002000,0.001500,0.002500,0.003000,0.002500,0.004000,0.002500,0.003000,0.003500,0.005500,0.004500,0.002000,0.002500,0.003000,0.003500,0.003000,0.002500,0.004000,0.002500,0.003000,0.004000,0.004000,0.004500,0.005000,0.006000,0.004000,0.003500,0.005000,0.004500,0.004500,0.007000,0.006500,0.005000,0.003500,0.004000,0.003000,0.007500,0.005500,0.008000,0.010500,0.009500,0.010000,0.009500,0.007500,0.007500,0.007500,0.006000,0.007500,0.008500,0.012000,0.009000,0.013000,0.010000,0.011500,0.008500,0.012000,0.009000,0.007000,0.013500,0.010000,0.013500,0.009000,0.010500,0.013000,0.014500,0.014500,0.014000,0.016500,0.021500,0.019000,0.020500,0.024000,0.031500,0.031000,0.024500,0.034000,0.033500,0.035000,0.031000,0.039000,0.046500,0.042500,0.042500,0.040000,0.053500,0.059000,0.060000,0.082500,0.079500,0.088000,0.082500,0.111500,0.133500,0.154500,0.178500,0.229000,0.279500,0.331500,0.410500,0.592000,0.661000,0.827500,1.000000,1.000000,1.000000,1.000000,0.000000,1.000000,1.000000,1.000000,1.000000,0.917500,0.768500,0.588500,0.435500
0.003500,0.003500,0.003000,0.002500,0.002500,0.004000,0.003500,0.003500,0.005000,0.004000,0.004500,0.003500,0.003500,0.005000,0.004500,0.006000,0.004000,0.003500,0.006500,0.006000,0.004000,0.005000,0.004000,0.003000,0.005000,0.006500,0.005000,0.007000,0.005500,0.008000,0.007000,0.005000,0.006000,0.006500,0.007500,0.007500,0.004000,0.006500,0.007000,0.007000,0.006000,0.010000,0.010500,0.010000,0.011000,0.010500,0.010500,0.012500,0.012500,0.009000,0.011000,0.013500,0.015000,0.012500,0.020000,0.012000,0.016000,0.013500,0.012500,0.011500,0.011500,0.011000,0.010000,0.012500,0.015500,0.021000,0.014500,0.014000,0.014500,0.016000,0.015000,0.018500,0.020500,0.021000,0.021500,0.029500,0.025500,0.038500,0.039500,0.030000,0.039500,0.038000,0.033500,0.038500,0.046000,0.054000,0.042000,0.053000,0.053500,0.064500,0.073000,0.074500,0.093500,0.086500,0.103000,0.106000,0.122000,0.146500,0.150000,0.177000,0.206500,0.237000,0.297000,0.308500,0.474500,0.560500,0.700500,0.870500,1.000000,1.000000,1.000000,1.000000,0.000000,1.000000,1.000000,1.000000,1.000000,0.946500,0.733500,0.471000
0.004000,0.003500,0.003500,0.005000,0.005000,0.004500,0.003000,0.003000,0.004000,0.003500,0.002000,0.003500,0.004000,0.004500,0.004500,0.006500,0.005000,0.005500,0.006500,0.003500,0.004500,0.004000,0.004500,0.005000,0.004500,0.006500,0.006000,0.006500,0.006000,0.008500,0.006000,0.005000,0.007000,0.006000,0.008000,0.006500,0.005500,0.009000,0.006500,0.008500,0.009000,0.010000,0.010000,0.009000,0.012500,0.011500,0.011000,0.010000,0.011500,0.011500,0.010000,0.009000,0.009500,0.010500,0.016500,0.014000,0.015500,0.012000,0.013500,0.011000,0.013500,0.014500,0.011000,0.015000,0.015000,0.018000,0.013500,0.020000,0.018000,0.017500,0.017500,0.020500,0.020000,0.021500,0.023000,0.026000,0.027000,0.035500,0.037500,0.032000,0.040000,0.041000,0.029500,0.036500,0.041500,0.049500,0.040000,0.049000,0.045000,0.060000,0.066000,0.074000,0.093500,0.089500,0.101500,0.095500,0.120000,0.144000,0.143000,0.160500,0.186000,0.211500,0.258500,0.268500,0.350000,0.424500,0.630000,0.692000,0.805500,1.000000,1.000000,1.000000,1.000000,0.000000,1.000000,1.000000,1.000000,1.000000,0.778500,0.459500
0.003000,0.002500,0.001500,0.001000,0.000500,0.001000,0.000500,0.002000,0.002000,0.003000,0.002000,0.002500,0.002500,0.004000,0.003500,0.004500,0.003500,0.004000,0.004000,0.005000,0.004000,0.003500,0.004000,0.004000,0.003500,0.005500,0.005000,0.005500,0.007500,0.007000,0.007000,0.005000,0.005500,0.006500,0.006500,0.004500,0.004500,0.006000,0.003000,0.004000,0.005000,0.009000,0.008500,0.009000,0.009000,0.009500,0.009000,0.009000,0.011000,0.007000,0.007500,0.006500,0.010500,0.008500,0.012500,0.009000,0.013000,0.010000,0.010500,0.007500,0.011000,0.008500,0.008000,0.011000,0.013000,0.013500,0.009500,0.011500,0.012500,0.010500,0.011500,0.013500,0.016500,0.014000,0.017500,0.020500,0.017000,0.025500,0.031500,0.024000,0.029500,0.028500,0.023000,0.025500,0.025500,0.034500,0.032000,0.036500,0.035000,0.042500,0.047000,0.050500,0.065000,0.058500,0.070000,0.064000,0.081000,0.107000,0.106500,0.111000,0.130000,0.141500,0.163500,0.155000,0.207000,0.229000,0.425500,0.539000,0.651000,0.826000,1.000000,1.000000,1.000000,1.000000,0.000000,1.000000,1.000000,1.000000,1.000000,0.667500
0.002000,0.001000,0.002000,0.001500,0.001500,0.002000,0.002000,0.001500,0.001500,0.003000,0.003000,0.001500,0.001000,0.003500,0.002500,0.005000,0.004000,0.003500,0.005500,0.007000,0.007000,0.004500,0.005000,0.004500,0.005000,0.005000,0.006000,0.007500,0.009000,0.010000,0.007000,0.006000,0.008500,0.008000,0.008500,0.006000,0.008000,0.007000,0.006500,0.006500,0.006000,0.009000,0.007500,0.010000,0.011000,0.010500,0.010500,0.011000,0.009500,0.009500,0.010500,0.008000,0.011000,0.012000,0.015000,0.010000,0.014000,0.011500,0.012000,0.011000,0.013500,0.012000,0.012500,0.014500,0.010500,0.016000,0.012500,0.012500,0.012500,0.012000,0.014500,0.015000,0.019000,0.019000,0.019500,0.025000,0.025500,0.031000,0.038500,0.023500,0.027000,0.029500,0.021000,0.029000,0.033000,0.043500,0.036500,0.041000,0.044500,0.050500,0.058000,0.059500,0.075500,0.071000,0.090500,0.088000,0.098500,0.119000,0.119500,0.138000,0.151000,0.169500,0.197500,0.210500,0.254500,0.283000,0.454000,0.514000,0.713500,0.820500,0.909000,1.000000,1.000000,1.000000,1.000000,0.000000,1.000000,1.000000,1.000000,1.000000
0.004000,0.002500,0.002500,0.003000,0.002000,0.002500,0.001500,0.003500,0.003500,0.004000,0.003000,0.002500,0.002500,0.004000,0.004000,0.005000,0.005000,0.004000,0.005000,0.006000,0.005500,0.005500,0.005500,0.004500,0.006500,0.004500,0.005500,0.006000,0.005500,0.008000,0.007000,0.006000,0.008500,0.008500,0.011000,0.006000,0.005500,0.006000,0.004500,0.008000,0.004000,0.007000,0.007000,0.007000,0.007500,0.008500,0.011000,0.010000,0.011500,0.011500,0.010000,0.009500,0.010000,0.007500,0.011500,0.009000,0.014500,0.013000,0.014500,0.010500,0.013500,0.013000,0.009500,0.014500,0.014000,0.012000,0.009000,0.012000,0.011000,0.009000,0.012000,0.015000,0.018500,0.021000,0.016000,0.019000,0.024000,0.027500,0.032500,0.022500,0.025500,0.028500,0.022500,0.026000,0.030500,0.040000,0.032000,0.033000,0.040500,0.049000,0.053000,0.052000,0.066000,0.065000,0.075500,0.074000,0.088500,0.108500,0.105500,0.118500,0.135000,0.145500,0.165000,0.182500,0.205000,0.231000,0.347000,0.410500,0.513500,0.620500,0.816000,0.917500,1.000000,1.000000,1.000000,1.000000,0.000000,1.000000,1.000000,1.000000
0.003000,0.003500,0.003500,0.004000,0.003000,0.003500,0.004000,0.003500,0.003500,0.005000,0.004500,0.002500,0.003000,0.004000,0.003000,0.005000,0.004500,0.004500,0.005500,0.004000,0.004500,0.004500,0.004000,0.006000,0.004500,0.005000,0.003500,0.005500,0.005500,0.005000,0.008000,0.006000,0.008000,0.007000,0.008500,0.008000,0.008000,0.007500,0.007500,0.008000,0.005500,0.007500,0.008000,0.008000,0.009500,0.011500,0.012500,0.012000,0.012000,0.013500,0.012500,0.011500,0.013000,0.008500,0.013000,0.012500,0.015500,0.016000,0.017000,0.016000,0.015000,0.016000,0.015500,0.019500,0.018500,0.018000,0.012000,0.013500,0.015000,0.015500,0.018000,0.021500,0.023000,0.022500,0.023500,0.024500,0.026000,0.034000,0.033000,0.023000,0.031000,0.033000,0.028000,0.031500,0.036000,0.042500,0.037500,0.038500,0.043500,0.053000,0.056500,0.058500,0.072500,0.073500,0.088000,0.085000,0.099000,0.106000,0.113000,0.120500,0.130500,0.148500,0.181500,0.193000,0.233500,0.248000,0.348000,0.395500,0.499000,0.555500,0.684000,0.768500,0.946500,1.000000,1.000000,1.000000,1.000000,0.000000,1.000000,1.000000
0.002500,0.002000,0.002500,0.002500,0.002500,0.002500,0.002500,0.002000,0.002500,0.003000,0.002500,0.001000,0.001500,0.003000,0.001500,0.003500,0.003500,0.004000,0.004500,0.003500,0.003500,0.003000,0.003000,0.004500,0.005000,0.004500,0.003000,0.003500,0.003000,0.003500,0.006000,0.005000,0.007500,0.005500,0.008000,0.008500,0.007500,0.006000,0.006500,0.004000,0.002500,0.005000,0.005500,0.005500,0.006500,0.007000,0.006500,0.007000,0.009000,0.008500,0.009500,0.009500,0.005000,0.005000,0.007000,0.004500,0.009000,0.008000,0.009000,0.007500,0.012500,0.009000,0.011000,0.011500,0.012500,0.012000,0.009000,0.014000,0.013500,0.011500,0.011500,0.012000,0.014000,0.015500,0.015500,0.022500,0.020500,0.026500,0.025000,0.019500,0.023500,0.021000,0.019500,0.021500,0.022000,0.029000,0.026000,0.025000,0.029000,0.038000,0.037000,0.039500,0.049500,0.049000,0.059500,0.058500,0.070500,0.073000,0.076000,0.083500,0.093500,0.100500,0.117500,0.121000,0.155000,0.158000,0.234000,0.257000,0.319000,0.392500,0.470500,0.588500,0.733500,0.778500,1.000000,1.000000,1.000000,1.000000,0.000000,1.000000
0.002500,0.002000,0.003000,0.002500,0.003000,0.003500,0.004000,0.003000,0.003000,0.002500,0.004000,0.002500,0.003500,0.004500,0.003500,0.004500,0.003500,0.005000,0.006000,0.004500,0.004500,0.006000,0.005000,0.006500,0.006000,0.006500,0.004000,0.004500,0.004500,0.006000,0.008500,0.006000,0.009500,0.007000,0.011000,0.009500,0.009000,0.008500,0.008000,0.007500,0.006000,0.007500,0.007500,0.007000,0.008500,0.010000,0.007500,0.008500,0.007000,0.008000,0.009000,0.008500,0.006000,0.006000,0.008500,0.005500,0.010500,0.009500,0.012000,0.010500,0.014000,0.013000,0.014500,0.014000,0.014000,0.015000,0.014500,0.015500,0.019000,0.017000,0.014000,0.015500,0.016500,0.021500,0.019000,0.027500,0.026000,0.030000,0.032500,0.025000,0.032000,0.028500,0.024000,0.022000,0.030500,0.036000,0.026500,0.030000,0.033000,0.040000,0.043000,0.043500,0.057500,0.056500,0.060000,0.061500,0.074000,0.084500,0.083500,0.095500,0.098000,0.108000,0.121000,0.123500,0.145500,0.158000,0.227500,0.240500,0.276000,0.344000,0.368000,0.435500,0.471000,0.459500,0.667500,1.000000,1.000000,1.000000,1.000000,0.000000
