0.000000,1.000000,1.000000,1.000000,1.000000,0.872000,0.727000,0.549000,0.506500,0.440500,0.365500,0.309000,0.214000,0.154500,0.125000,0.108500,0.083000,0.087000,0.078500,0.074500,0.056500,0.046000,0.050500,0.052500,0.051000,0.047500,0.039500,0.034000,0.031000,0.035000,0.033000,0.029000,0.032500,0.028500,0.031000,0.031000,0.026500,0.027000,0.019500,0.021500,0.015500,0.020500,0.015500,0.014500,0.015500,0.014500,0.011500,0.011500,0.012000,0.011000,0.010500,0.011000,0.012500,0.009000,0.010000,0.012000,0.014500,0.014500,0.014500,0.012500,0.010500,0.010500,0.008500,0.006000,0.008500,0.008000,0.004000,0.004500,0.004500,0.005500,0.002500,0.002000,0.005000,0.005000,0.006000,0.008500,0.004500,0.005000,0.004500,0.003500,0.004000,0.003500,0.004000,0.003000,0.005500,0.005500,0.002000,0.003000,0.003500,0.002500,0.001500,0.003000,0.005000,0.001500,0.003000,0.003000,0.003500,0.004500,0.005500,0.003500,0.005000,0.006000,0.004500,0.005000,0.004500,0.006500,0.004000,0.003000,0.003000,0.005000,0.004000,0.003500,0.005000,0.003500,0.003000,0.005000,0.003000,0.003000,0.002500,0.003500
1.000000,0.000000,1.000000,1.000000,1.000000,1.000000,0.920500,0.733000,0.627000,0.529000,0.443000,0.365000,0.252500,0.177000,0.135500,0.125500,0.099000,0.096000,0.084000,0.084000,0.062000,0.049000,0.051000,0.058000,0.053000,0.054500,0.042500,0.038000,0.034500,0.039000,0.034000,0.030000,0.036000,0.030500,0.036000,0.031000,0.027000,0.029500,0.026000,0.024000,0.017500,0.023000,0.017000,0.017000,0.017000,0.016000,0.016500,0.015000,0.014000,0.013500,0.013500,0.014000,0.014500,0.009500,0.016000,0.013500,0.015000,0.015500,0.016000,0.013500,0.011000,0.011500,0.008000,0.008000,0.009500,0.010000,0.004500,0.005500,0.005500,0.007000,0.002000,0.003000,0.004000,0.006000,0.005000,0.008000,0.005500,0.006500,0.004500,0.003500,0.004000,0.004500,0.004500,0.004500,0.005000,0.005000,0.002500,0.004000,0.004000,0.002500,0.001500,0.002500,0.003000,0.002000,0.002500,0.004000,0.004000,0.005500,0.004500,0.004500,0.005000,0.004000,0.006500,0.007500,0.005500,0.008000,0.004000,0.003000,0.003500,0.006000,0.004500,0.005500,0.005000,0.004000,0.003500,0.004000,0.003000,0.005000,0.003500,0.004500
1.000000,1.000000,0.000000,1.000000,1.000000,1.000000,1.000000,0.933000,0.831500,0.672000,0.528000,0.403000,0.265000,0.169000,0.126000,0.116000,0.081000,0.088000,0.077000,0.075500,0.047500,0.041000,0.043500,0.051000,0.047000,0.052500,0.036500,0.032500,0.032000,0.036500,0.029000,0.026500,0.034500,0.028000,0.038000,0.033500,0.028000,0.030500,0.024500,0.024500,0.017500,0.021000,0.015500,0.012000,0.016000,0.014000,0.014000,0.015000,0.016000,0.011000,0.011000,0.012000,0.015000,0.009500,0.012500,0.011000,0.015500,0.013500,0.017000,0.013000,0.010000,0.008000,0.009000,0.006000,0.007500,0.009000,0.006000,0.005000,0.005000,0.005500,0.003000,0.004000,0.004500,0.003500,0.004500,0.007000,0.005000,0.005000,0.004500,0.003500,0.003500,0.004500,0.002500,0.003000,0.005000,0.004500,0.002000,0.004000,0.002500,0.001500,0.001000,0.001500,0.003000,0.002000,0.001500,0.002500,0.002000,0.003000,0.004000,0.003500,0.005000,0.002500,0.004000,0.004000,0.003500,0.007000,0.003000,0.002500,0.003500,0.004000,0.003500,0.004000,0.004000,0.004500,0.003000,0.003500,0.003500,0.003500,0.003000,0.003500
1.000000,1.000000,1.000000,0.000000,1.000000,1.000000,1.000000,1.000000,0.884000,0.706000,0.555500,0.450000,0.290500,0.185500,0.133000,0.131000,0.087500,0.089500,0.080500,0.081000,0.056500,0.042000,0.046000,0.051000,0.049000,0.053500,0.039500,0.036000,0.034500,0.039500,0.032500,0.030000,0.040000,0.030500,0.036500,0.036000,0.025500,0.028000,0.021500,0.024500,0.016000,0.017500,0.011500,0.011500,0.016500,0.013500,0.011500,0.012500,0.015000,0.011500,0.010000,0.009500,0.012500,0.011000,0.010000,0.010000,0.015000,0.011000,0.014500,0.008500,0.010000,0.007500,0.007000,0.006500,0.007500,0.009000,0.005500,0.005000,0.004000,0.007000,0.004000,0.004000,0.004500,0.004000,0.004000,0.005500,0.005000,0.005500,0.004000,0.004500,0.004000,0.004500,0.003500,0.003000,0.004500,0.005000,0.003500,0.004000,0.002000,0.002500,0.002000,0.002500,0.003000,0.002500,0.003500,0.003000,0.003000,0.004000,0.004000,0.004000,0.004000,0.003500,0.004500,0.004500,0.003500,0.005500,0.004500,0.003500,0.004500,0.005500,0.004000,0.004000,0.004000,0.004000,0.003500,0.004000,0.003000,0.003500,0.002000,0.004000
1.000000,1.000000,1.000000,1.000000,0.000000,1.000000,1.000000,1.000000,1.000000,0.888000,0.689500,0.528000,0.286500,0.183000,0.127000,0.119000,0.084500,0.087000,0.075000,0.081000,0.048000,0.039000,0.042000,0.049000,0.047500,0.048500,0.037000,0.035000,0.033500,0.043500,0.035000,0.024500,0.036500,0.031000,0.037000,0.032000,0.026000,0.023500,0.021000,0.022500,0.016500,0.015000,0.016500,0.014000,0.017000,0.013000,0.012500,0.012000,0.012500,0.009000,0.008500,0.009500,0.012000,0.009500,0.011000,0.009000,0.014000,0.011000,0.013500,0.008500,0.009000,0.007500,0.006000,0.006500,0.007500,0.007500,0.005500,0.003500,0.003500,0.007000,0.003000,0.004500,0.004000,0.003000,0.004500,0.005500,0.003500,0.004000,0.003500,0.003500,0.004500,0.003500,0.002000,0.003000,0.005000,0.003500,0.003000,0.004500,0.003500,0.001500,0.002500,0.003500,0.004000,0.002500,0.002500,0.001500,0.002500,0.002000,0.003500,0.003500,0.003500,0.003500,0.004500,0.003500,0.002500,0.005500,0.002500,0.002500,0.003000,0.002500,0.002500,0.002500,0.003500,0.003000,0.003000,0.003000,0.002000,0.004000,0.002000,0.003000
0.872000,1.000000,1.000000,1.000000,1.000000,0.000000,1.000000,1.000000,1.000000,1.000000,0.854500,0.590000,0.331500,0.206500,0.139000,0.133500,0.085000,0.080000,0.079000,0.077000,0.055000,0.047500,0.045500,0.053000,0.049500,0.050500,0.039500,0.039000,0.034500,0.042000,0.034500,0.026000,0.037000,0.029000,0.037000,0.033000,0.025500,0.028000,0.023500,0.024500,0.017500,0.019000,0.018000,0.015000,0.016500,0.012000,0.014000,0.015000,0.014500,0.011000,0.012000,0.010000,0.014500,0.010500,0.011000,0.009500,0.012500,0.011500,0.013000,0.011500,0.011000,0.008500,0.007500,0.006500,0.007500,0.010000,0.005500,0.006000,0.005500,0.008500,0.003000,0.004000,0.004500,0.005500,0.004000,0.007000,0.001500,0.005500,0.003500,0.003000,0.004000,0.005500,0.002000,0.003000,0.007000,0.005000,0.003500,0.004000,0.004000,0.002000,0.005000,0.003000,0.004000,0.003000,0.003500,0.003000,0.004000,0.002000,0.002500,0.003000,0.005000,0.005500,0.004500,0.005500,0.004000,0.006000,0.003500,0.003000,0.002500,0.003000,0.002000,0.002000,0.003000,0.004000,0.002500,0.003500,0.003500,0.004500,0.002500,0.003000
0.727000,0.920500,1.000000,1.000000,1.000000,1.000000,0.000000,1.000000,1.000000,1.000000,1.000000,0.757000,0.412500,0.226500,0.153000,0.127500,0.082500,0.082000,0.078500,0.077500,0.052000,0.045500,0.047000,0.047500,0.054500,0.052500,0.043500,0.043500,0.038000,0.046000,0.037500,0.030000,0.038000,0.031000,0.038500,0.033500,0.026500,0.025000,0.020500,0.021500,0.017000,0.016500,0.018000,0.015500,0.017000,0.016000,0.016500,0.016000,0.013500,0.012500,0.010500,0.012000,0.013000,0.012500,0.013500,0.010000,0.012000,0.012000,0.017000,0.011500,0.011500,0.008000,0.008000,0.007500,0.007500,0.010500,0.006500,0.007500,0.006000,0.010000,0.004500,0.004500,0.005000,0.006500,0.005500,0.005500,0.004000,0.005000,0.004500,0.002500,0.003000,0.004000,0.002500,0.003500,0.005000,0.005500,0.003500,0.004000,0.003500,0.002500,0.002000,0.003500,0.003000,0.002500,0.004000,0.003000,0.003000,0.003000,0.003000,0.004000,0.004000,0.003500,0.002500,0.003500,0.003500,0.003500,0.002500,0.003000,0.002500,0.002000,0.003500,0.002000,0.003000,0.003000,0.002000,0.003000,0.004500,0.004000,0.003500,0.004000
0.549000,0.733000,0.933000,1.000000,1.000000,1.000000,1.000000,0.000000,1.000000,1.000000,1.000000,1.000000,0.501500,0.249000,0.173500,0.149000,0.092500,0.086500,0.091500,0.088000,0.055000,0.040500,0.044500,0.053000,0.053500,0.052000,0.042500,0.038500,0.033000,0.045000,0.033000,0.032500,0.035000,0.027500,0.037000,0.034000,0.022000,0.022000,0.018000,0.018500,0.012500,0.016500,0.013500,0.015000,0.017500,0.014000,0.015000,0.017000,0.012000,0.012000,0.009000,0.010000,0.013500,0.010000,0.010000,0.010500,0.011500,0.011500,0.015000,0.012500,0.011500,0.006500,0.005500,0.008000,0.005500,0.008500,0.005000,0.006500,0.005000,0.008500,0.006000,0.005500,0.005000,0.007000,0.005500,0.006000,0.006000,0.004500,0.005000,0.002000,0.003500,0.004000,0.003000,0.002500,0.004500,0.005000,0.002500,0.003000,0.003500,0.004000,0.003000,0.002000,0.003000,0.003000,0.004000,0.002000,0.003000,0.003000,0.003500,0.003500,0.004000,0.003500,0.003500,0.003500,0.004000,0.004500,0.003000,0.003500,0.002500,0.003000,0.003500,0.003500,0.002000,0.001500,0.001500,0.003500,0.003500,0.004000,0.003000,0.004000
0.506500,0.627000,0.831500,0.884000,1.000000,1.000000,1.000000,1.000000,0.000000,1.000000,1.000000,1.000000,1.000000,0.548500,0.293000,0.271500,0.150000,0.151500,0.135500,0.124000,0.086500,0.066500,0.067000,0.066000,0.067500,0.067500,0.058500,0.054000,0.046500,0.061500,0.050500,0.037000,0.043000,0.035000,0.039000,0.040000,0.026500,0.025000,0.015500,0.020000,0.016500,0.022500,0.017500,0.015500,0.018500,0.018500,0.019000,0.016000,0.012000,0.012500,0.011000,0.012500,0.013000,0.011500,0.010000,0.009500,0.012500,0.014500,0.013000,0.013000,0.011000,0.008000,0.007500,0.009000,0.008000,0.010500,0.005000,0.007500,0.006500,0.011000,0.006500,0.006500,0.005000,0.006500,0.005500,0.006500,0.003000,0.004000,0.004500,0.003000,0.004000,0.005500,0.002000,0.003500,0.005500,0.005500,0.003500,0.003500,0.003000,0.004000,0.003500,0.004000,0.006500,0.004000,0.004500,0.002000,0.003000,0.003500,0.004500,0.003500,0.006000,0.004500,0.003000,0.004500,0.004000,0.006000,0.004000,0.003500,0.003000,0.004000,0.004000,0.004000,0.003000,0.003500,0.001000,0.004000,0.004000,0.006000,0.002500,0.002500
0.440500,0.529000,0.672000,0.706000,0.888000,1.000000,1.000000,1.000000,1.000000,0.000000,1.000000,1.000000,1.000000,1.000000,0.547000,0.499500,0.277500,0.256500,0.189000,0.175500,0.121000,0.092000,0.085000,0.090000,0.083000,0.078500,0.068000,0.067000,0.054500,0.067000,0.055500,0.044000,0.048500,0.040500,0.044000,0.041500,0.030000,0.031000,0.021500,0.023500,0.020000,0.023500,0.022000,0.018500,0.020500,0.020500,0.017500,0.016000,0.015500,0.016500,0.010500,0.010000,0.014000,0.010500,0.011000,0.012000,0.012000,0.011500,0.012000,0.010000,0.013500,0.010000,0.010500,0.010000,0.008000,0.013000,0.007000,0.008500,0.008000,0.011000,0.007500,0.009000,0.008500,0.007000,0.008500,0.009000,0.005500,0.007000,0.007500,0.005000,0.006500,0.006500,0.004000,0.004500,0.006000,0.007000,0.004500,0.005500,0.005500,0.006000,0.007000,0.005000,0.005000,0.004000,0.005000,0.004000,0.005500,0.004500,0.005000,0.004500,0.005500,0.005000,0.005500,0.003500,0.004000,0.006500,0.006000,0.004000,0.005000,0.003500,0.003000,0.003500,0.004500,0.005000,0.002500,0.005500,0.005000,0.006000,0.005000,0.005000
0.365500,0.443000,0.528000,0.555500,0.689500,0.854500,1.000000,1.000000,1.000000,1.000000,0.000000,1.000000,1.000000,1.000000,1.000000,0.724500,0.491000,0.366000,0.242000,0.224000,0.157500,0.117500,0.103000,0.107500,0.094000,0.099500,0.080500,0.071500,0.061000,0.071500,0.067500,0.045000,0.053500,0.041500,0.047500,0.042500,0.031500,0.031000,0.021000,0.026000,0.020500,0.027000,0.019000,0.019500,0.021500,0.022500,0.023000,0.019000,0.017500,0.016500,0.013500,0.012500,0.012000,0.012000,0.010000,0.009000,0.012000,0.012000,0.013000,0.010500,0.011000,0.012000,0.009000,0.010500,0.008000,0.012000,0.005500,0.006000,0.008000,0.011500,0.005500,0.008500,0.006000,0.005000,0.007500,0.010500,0.006000,0.006500,0.005000,0.004000,0.006500,0.009000,0.005500,0.007500,0.008000,0.005500,0.005500,0.007000,0.007500,0.008000,0.008000,0.007000,0.008000,0.006000,0.005500,0.005000,0.005000,0.003500,0.004000,0.005500,0.005000,0.005000,0.004500,0.004500,0.003500,0.007500,0.004000,0.003000,0.003500,0.006000,0.004000,0.004500,0.004500,0.005000,0.004000,0.005000,0.005000,0.008000,0.004500,0.005000
0.309000,0.365000,0.403000,0.450000,0.528000,0.590000,0.757000,1.000000,1.000000,1.000000,1.000000,0.000000,1.000000,1.000000,1.000000,1.000000,0.796000,0.550000,0.434500,0.350000,0.225000,0.151000,0.134500,0.143000,0.121500,0.116000,0.086000,0.082500,0.080000,0.088500,0.074500,0.053000,0.061500,0.039000,0.048500,0.047500,0.032000,0.033000,0.025500,0.032500,0.023000,0.026000,0.022000,0.019000,0.016500,0.023000,0.020000,0.018500,0.017500,0.014000,0.012000,0.014500,0.011500,0.010500,0.009000,0.008500,0.010500,0.012000,0.012500,0.014000,0.011500,0.011500,0.009500,0.007500,0.009500,0.012000,0.008000,0.007500,0.009000,0.010000,0.004500,0.008000,0.005000,0.005500,0.005000,0.008000,0.005500,0.007500,0.006500,0.005500,0.005000,0.007500,0.007000,0.007000,0.006000,0.004500,0.006000,0.007000,0.006000,0.006000,0.005500,0.006000,0.007000,0.006500,0.005000,0.004000,0.005500,0.004000,0.003000,0.003500,0.004500,0.004500,0.004000,0.004500,0.006000,0.005000,0.004500,0.003000,0.003000,0.002000,0.002500,0.002500,0.003500,0.003500,0.004000,0.004500,0.005500,0.006500,0.003500,0.003500
0.214000,0.252500,0.265000,0.290500,0.286500,0.331500,0.412500,0.501500,1.000000,1.000000,1.000000,1.000000,0.000000,1.000000,1.000000,1.000000,1.000000,0.712500,0.563500,0.406500,0.253000,0.164000,0.142500,0.149500,0.114500,0.112500,0.085500,0.083000,0.074000,0.082000,0.069500,0.052000,0.059000,0.038500,0.043500,0.038000,0.027500,0.030500,0.021500,0.023000,0.019000,0.025500,0.019000,0.014500,0.014500,0.018000,0.018000,0.014000,0.018000,0.015500,0.012000,0.011500,0.011500,0.009000,0.009500,0.007500,0.011500,0.010000,0.010500,0.011000,0.012000,0.010000,0.008500,0.009000,0.007500,0.012000,0.005500,0.006000,0.006500,0.006500,0.005000,0.005500,0.007000,0.007000,0.006500,0.006500,0.005000,0.007500,0.006500,0.004000,0.005500,0.006000,0.005500,0.008000,0.006500,0.005500,0.005500,0.006500,0.007500,0.006500,0.006000,0.004500,0.004500,0.004000,0.005000,0.003000,0.004000,0.003000,0.002500,0.004000,0.004500,0.003500,0.003500,0.002500,0.004000,0.003500,0.003500,0.003000,0.002500,0.003500,0.003000,0.003000,0.003500,0.004000,0.003000,0.003500,0.005500,0.007000,0.004000,0.005000
0.154500,0.177000,0.169000,0.185500,0.183000,0.206500,0.226500,0.249000,0.548500,1.000000,1.000000,1.000000,1.000000,0.000000,1.000000,1.000000,1.000000,1.000000,0.750500,0.517000,0.304500,0.186500,0.167500,0.179000,0.143500,0.126000,0.100000,0.088500,0.078500,0.093000,0.080000,0.063000,0.065500,0.049000,0.048000,0.046500,0.030000,0.035000,0.022500,0.026000,0.019500,0.025000,0.021500,0.021000,0.021500,0.021500,0.020500,0.018500,0.014500,0.013500,0.012500,0.012500,0.011500,0.008000,0.009000,0.010500,0.013000,0.010000,0.010000,0.011000,0.011000,0.011000,0.009500,0.011000,0.009000,0.011000,0.006000,0.005000,0.005000,0.006000,0.004500,0.006500,0.006000,0.004000,0.005000,0.007500,0.005500,0.007500,0.006500,0.003500,0.004000,0.006000,0.005500,0.006500,0.005000,0.006500,0.005000,0.006000,0.006000,0.006500,0.005500,0.005000,0.005000,0.004500,0.005000,0.004000,0.003500,0.004000,0.003500,0.002000,0.002500,0.002000,0.003000,0.002500,0.003000,0.004000,0.002500,0.003500,0.003000,0.002500,0.003000,0.003000,0.002500,0.003500,0.001000,0.002500,0.003500,0.005500,0.002500,0.004000
0.125000,0.135500,0.126000,0.133000,0.127000,0.139000,0.153000,0.173500,0.293000,0.547000,1.000000,1.000000,1.000000,1.000000,0.000000,1.000000,1.000000,1.000000,1.000000,0.781000,0.514000,0.294000,0.237000,0.250500,0.188000,0.171000,0.128500,0.119000,0.099500,0.105000,0.105000,0.072500,0.082500,0.059500,0.064000,0.048000,0.038500,0.037000,0.025000,0.026500,0.022500,0.027000,0.021500,0.019500,0.021500,0.022000,0.017500,0.017500,0.016500,0.018500,0.014500,0.013500,0.013500,0.011500,0.010000,0.010000,0.012500,0.013000,0.014500,0.011000,0.011500,0.011500,0.010500,0.010500,0.009000,0.012000,0.008000,0.007500,0.005000,0.005500,0.004000,0.006000,0.004000,0.005000,0.005000,0.005500,0.004500,0.008500,0.005500,0.004500,0.005500,0.005500,0.005500,0.004500,0.006000,0.006000,0.005500,0.007500,0.006000,0.006500,0.004500,0.005000,0.005500,0.004500,0.005500,0.005000,0.002500,0.004000,0.002500,0.003000,0.003000,0.003000,0.003500,0.002500,0.001500,0.004000,0.003500,0.003500,0.003000,0.002500,0.003500,0.003000,0.001500,0.003000,0.001000,0.003000,0.004000,0.005000,0.004500,0.005500
0.108500,0.125500,0.116000,0.131000,0.119000,0.133500,0.127500,0.149000,0.271500,0.499500,0.724500,1.000000,1.000000,1.000000,1.000000,0.000000,1.000000,1.000000,1.000000,1.000000,0.733500,0.420000,0.348500,0.358000,0.262000,0.242000,0.175500,0.157500,0.129000,0.132000,0.121500,0.081500,0.097500,0.069500,0.069500,0.061000,0.046000,0.043500,0.031000,0.036500,0.030500,0.032000,0.027500,0.024000,0.027000,0.026500,0.023500,0.018000,0.018000,0.016500,0.016000,0.013000,0.016000,0.012500,0.013000,0.011000,0.014000,0.012500,0.012500,0.011000,0.009000,0.010500,0.010000,0.012500,0.010500,0.010500,0.008500,0.007000,0.006000,0.010000,0.006000,0.004500,0.003000,0.003500,0.004500,0.006000,0.006000,0.007500,0.005500,0.005500,0.005000,0.006000,0.006500,0.005000,0.006500,0.005500,0.006500,0.007500,0.007000,0.006500,0.006500,0.005500,0.006000,0.004500,0.006000,0.005000,0.003000,0.003000,0.002000,0.002000,0.003000,0.003000,0.002500,0.001500,0.002500,0.003000,0.003500,0.002000,0.002000,0.002000,0.003500,0.003500,0.004000,0.003000,0.002000,0.003000,0.003500,0.005500,0.005000,0.006500
0.083000,0.099000,0.081000,0.087500,0.084500,0.085000,0.082500,0.092500,0.150000,0.277500,0.491000,0.796000,1.000000,1.000000,1.000000,1.000000,0.000000,1.000000,1.000000,1.000000,1.000000,0.819000,0.640500,0.528500,0.386000,0.320500,0.226500,0.185500,0.160500,0.158000,0.138500,0.090500,0.102500,0.074000,0.080500,0.063000,0.049500,0.048000,0.031000,0.038000,0.028500,0.035000,0.024500,0.020500,0.022000,0.019500,0.017500,0.016000,0.017500,0.013500,0.012000,0.012500,0.014000,0.011000,0.009500,0.010000,0.014500,0.008500,0.011500,0.009000,0.008500,0.010000,0.007500,0.010000,0.011000,0.011500,0.006000,0.005000,0.004000,0.006000,0.003500,0.002000,0.001500,0.001000,0.003000,0.004000,0.004500,0.007500,0.006000,0.004000,0.005000,0.006000,0.003000,0.003000,0.004500,0.005000,0.005500,0.004000,0.004000,0.004000,0.005000,0.003500,0.005500,0.004500,0.004000,0.003000,0.003500,0.003000,0.002000,0.002000,0.003500,0.002500,0.003000,0.001500,0.001500,0.002000,0.003500,0.003500,0.003000,0.003000,0.004000,0.003500,0.005500,0.002500,0.001500,0.003000,0.002500,0.005000,0.004500,0.007000
0.087000,0.096000,0.088000,0.089500,0.087000,0.080000,0.082000,0.086500,0.151500,0.256500,0.366000,0.550000,0.712500,1.000000,1.000000,1.000000,1.000000,0.000000,1.000000,1.000000,1.000000,1.000000,0.776500,0.621500,0.460000,0.388000,0.284000,0.237500,0.188500,0.194000,0.157500,0.111000,0.133000,0.092500,0.096500,0.076000,0.059000,0.057000,0.042500,0.042500,0.034500,0.041000,0.033000,0.025500,0.025000,0.024000,0.021000,0.022500,0.021500,0.020500,0.016500,0.017500,0.018000,0.014500,0.014000,0.010500,0.012500,0.012000,0.009500,0.008500,0.009000,0.009500,0.007000,0.009500,0.009000,0.010500,0.005500,0.007500,0.005500,0.007000,0.004500,0.005000,0.002000,0.003500,0.005000,0.005500,0.006500,0.011000,0.009000,0.006500,0.006500,0.007000,0.006500,0.006000,0.005500,0.007500,0.005500,0.006000,0.004500,0.005500,0.005500,0.005000,0.006000,0.002000,0.001500,0.002500,0.003000,0.002500,0.002500,0.002500,0.002500,0.002000,0.003500,0.004000,0.003000,0.004500,0.003500,0.004500,0.003500,0.005000,0.004500,0.003500,0.004000,0.004000,0.003500,0.004000,0.002500,0.004000,0.005000,0.005500
0.078500,0.084000,0.077000,0.080500,0.075000,0.079000,0.078500,0.091500,0.135500,0.189000,0.242000,0.434500,0.563500,0.750500,1.000000,1.000000,1.000000,1.000000,0.000000,1.000000,1.000000,1.000000,1.000000,0.919500,0.740000,0.592500,0.433000,0.375000,0.293000,0.280500,0.231500,0.158500,0.178000,0.121500,0.126000,0.095000,0.084500,0.078000,0.059000,0.054500,0.046500,0.054500,0.038000,0.038000,0.036500,0.034500,0.028500,0.026000,0.025000,0.023000,0.020000,0.016000,0.018500,0.015500,0.016000,0.009500,0.016000,0.014000,0.014500,0.010000,0.008500,0.010000,0.011000,0.009500,0.013000,0.013500,0.009000,0.007500,0.006500,0.012500,0.006500,0.008500,0.007000,0.009500,0.008000,0.008500,0.007000,0.010000,0.006500,0.005500,0.005500,0.007000,0.007000,0.005000,0.007000,0.005000,0.005000,0.004500,0.005000,0.005000,0.006000,0.005000,0.005000,0.003000,0.004500,0.003500,0.003500,0.004500,0.004500,0.004000,0.005500,0.003500,0.004000,0.003500,0.003000,0.005000,0.005000,0.004500,0.007000,0.006500,0.006000,0.004000,0.006500,0.005000,0.003500,0.006000,0.005500,0.006000,0.006500,0.008000
0.074500,0.084000,0.075500,0.081000,0.081000,0.077000,0.077500,0.088000,0.124000,0.175500,0.224000,0.350000,0.406500,0.517000,0.781000,1.000000,1.000000,1.000000,1.000000,0.000000,1.000000,1.000000,1.000000,1.000000,0.872000,0.661500,0.445000,0.363000,0.290000,0.263500,0.224500,0.155000,0.173000,0.119000,0.120500,0.102500,0.085000,0.072500,0.065500,0.064500,0.048000,0.058000,0.037500,0.036500,0.036500,0.035000,0.028000,0.026000,0.024500,0.018000,0.018000,0.019000,0.019000,0.013500,0.014500,0.012000,0.016000,0.013500,0.016500,0.010500,0.011000,0.008000,0.011500,0.006500,0.009000,0.008000,0.004000,0.004500,0.005500,0.008000,0.005000,0.008500,0.005500,0.005000,0.004500,0.006500,0.005000,0.009000,0.005500,0.006000,0.007000,0.005500,0.006000,0.006000,0.006000,0.006000,0.005500,0.006000,0.006500,0.005500,0.005000,0.004500,0.006000,0.005500,0.006500,0.005500,0.005000,0.005000,0.005500,0.004500,0.004000,0.004000,0.004500,0.003000,0.005000,0.005500,0.006500,0.006000,0.004500,0.007000,0.006000,0.006500,0.007500,0.007500,0.004500,0.008000,0.007000,0.006000,0.007000,0.007500
0.056500,0.062000,0.047500,0.056500,0.048000,0.055000,0.052000,0.055000,0.086500,0.121000,0.157500,0.225000,0.253000,0.304500,0.514000,0.733500,1.000000,1.000000,1.000000,1.000000,0.000000,1.000000,1.000000,1.000000,1.000000,0.805000,0.525000,0.444000,0.310000,0.263000,0.235500,0.151000,0.164000,0.110000,0.114500,0.103000,0.082500,0.083000,0.059500,0.061000,0.041500,0.051500,0.038000,0.032500,0.037000,0.034500,0.026000,0.025500,0.025000,0.022500,0.018000,0.018500,0.015500,0.014000,0.013000,0.010500,0.011000,0.010000,0.014000,0.010000,0.009000,0.008500,0.009000,0.008000,0.009000,0.009000,0.005500,0.005000,0.005000,0.007000,0.004500,0.006000,0.005500,0.004000,0.005500,0.005000,0.002500,0.007500,0.006000,0.003500,0.006000,0.005000,0.003500,0.005000,0.004500,0.004500,0.004000,0.004500,0.005000,0.004500,0.004000,0.003000,0.004000,0.002500,0.004500,0.003500,0.003500,0.005500,0.003500,0.003000,0.003500,0.003000,0.003500,0.004500,0.004500,0.005500,0.006500,0.005500,0.006500,0.006500,0.003500,0.003500,0.005000,0.007000,0.005000,0.006000,0.005000,0.006500,0.006000,0.007000
0.046000,0.049000,0.041000,0.042000,0.039000,0.047500,0.045500,0.040500,0.066500,0.092000,0.117500,0.151000,0.164000,0.186500,0.294000,0.420000,0.819000,1.000000,1.000000,1.000000,1.000000,0.000000,1.000000,1.000000,1.000000,1.000000,0.819000,0.657500,0.450000,0.338000,0.293500,0.169000,0.193000,0.121000,0.129000,0.111000,0.079000,0.079000,0.058000,0.062000,0.046000,0.050000,0.039500,0.033500,0.035000,0.034000,0.029000,0.025500,0.023000,0.023000,0.018000,0.016000,0.015000,0.012500,0.011500,0.010500,0.012000,0.010000,0.012000,0.011000,0.009500,0.007500,0.008000,0.006000,0.008000,0.009000,0.004500,0.005500,0.004500,0.007500,0.004500,0.005500,0.005000,0.005000,0.004500,0.006500,0.003500,0.005000,0.003500,0.003000,0.003000,0.003000,0.003500,0.004000,0.004000,0.006500,0.003000,0.003500,0.003000,0.004000,0.002500,0.002000,0.001500,0.001000,0.002000,0.003500,0.004000,0.004000,0.004000,0.003000,0.003000,0.004000,0.004000,0.004000,0.004000,0.004000,0.007000,0.006000,0.006000,0.005500,0.005000,0.004500,0.005000,0.004500,0.004500,0.007500,0.005000,0.006500,0.005500,0.006000
0.050500,0.051000,0.043500,0.046000,0.042000,0.045500,0.047000,0.044500,0.067000,0.085000,0.103000,0.134500,0.142500,0.167500,0.237000,0.348500,0.640500,0.776500,1.000000,1.000000,1.000000,1.000000,0.000000,1.000000,1.000000,1.000000,1.000000,0.874000,0.675000,0.498500,0.384000,0.235000,0.250000,0.145500,0.157000,0.126000,0.100500,0.091500,0.069500,0.078500,0.050500,0.062000,0.046000,0.043000,0.041500,0.036000,0.035500,0.028500,0.025000,0.022000,0.020000,0.021500,0.018000,0.011500,0.013000,0.009500,0.011500,0.009000,0.010000,0.010000,0.008000,0.007500,0.008000,0.006500,0.007000,0.007500,0.006500,0.006000,0.006500,0.010500,0.005500,0.005000,0.004500,0.006000,0.004500,0.006500,0.003000,0.007000,0.004500,0.002500,0.003500,0.003000,0.003500,0.004500,0.004000,0.006500,0.004000,0.004500,0.005500,0.005000,0.003000,0.001500,0.002500,0.001500,0.002000,0.002500,0.002500,0.004500,0.002500,0.003500,0.002000,0.004000,0.004000,0.004000,0.005000,0.004000,0.007000,0.005000,0.006000,0.006000,0.004000,0.004000,0.004000,0.005500,0.004500,0.007000,0.005500,0.004500,0.005000,0.006500
0.052500,0.058000,0.051000,0.051000,0.049000,0.053000,0.047500,0.053000,0.066000,0.090000,0.107500,0.143000,0.149500,0.179000,0.250500,0.358000,0.528500,0.621500,0.919500,1.000000,1.000000,1.000000,1.000000,0.000000,1.000000,1.000000,1.000000,1.000000,0.873500,0.736500,0.603500,0.394000,0.345000,0.204000,0.218000,0.180500,0.136500,0.128500,0.099000,0.102500,0.070000,0.077500,0.054500,0.048500,0.049000,0.044000,0.040000,0.034000,0.030500,0.026000,0.019500,0.019000,0.021500,0.016500,0.015500,0.011500,0.011000,0.009000,0.011000,0.010500,0.009500,0.010500,0.008000,0.007500,0.008000,0.008000,0.007500,0.007500,0.008000,0.011000,0.005500,0.007000,0.007000,0.006000,0.005500,0.007000,0.005000,0.007000,0.004500,0.002500,0.005000,0.005500,0.004500,0.007000,0.005500,0.005000,0.004500,0.005000,0.004000,0.005000,0.004500,0.002500,0.004000,0.003000,0.003000,0.002500,0.003500,0.005500,0.004500,0.005000,0.005000,0.006000,0.006000,0.005000,0.005500,0.005000,0.007000,0.004500,0.007500,0.007500,0.007000,0.006000,0.006500,0.005500,0.004000,0.006500,0.006000,0.005500,0.005000,0.007000
0.051000,0.053000,0.047000,0.049000,0.047500,0.049500,0.054500,0.053500,0.067500,0.083000,0.094000,0.121500,0.114500,0.143500,0.188000,0.262000,0.386000,0.460000,0.740000,0.872000,1.000000,1.000000,1.000000,1.000000,0.000000,1.000000,1.000000,1.000000,1.000000,0.868500,0.721500,0.516500,0.429500,0.269500,0.259000,0.208500,0.162000,0.145500,0.111000,0.094000,0.074500,0.078000,0.057000,0.051000,0.056000,0.050000,0.040000,0.035000,0.033500,0.028500,0.024000,0.024000,0.018000,0.012500,0.014000,0.008500,0.013000,0.010500,0.009500,0.008500,0.008500,0.007500,0.007000,0.006000,0.008000,0.008000,0.006500,0.007000,0.007000,0.011500,0.007500,0.007000,0.006500,0.007500,0.007000,0.005000,0.005000,0.007000,0.005500,0.004000,0.006000,0.003500,0.004000,0.005000,0.004000,0.004500,0.005500,0.005500,0.005500,0.006000,0.005500,0.004500,0.003500,0.003000,0.004500,0.003000,0.004000,0.005500,0.004500,0.004000,0.005500,0.007500,0.007000,0.006000,0.005500,0.006500,0.006000,0.004500,0.004500,0.006500,0.005500,0.004000,0.006000,0.005500,0.004500,0.006000,0.004000,0.007000,0.004500,0.006500
0.047500,0.054500,0.052500,0.053500,0.048500,0.050500,0.052500,0.052000,0.067500,0.078500,0.099500,0.116000,0.112500,0.126000,0.171000,0.242000,0.320500,0.388000,0.592500,0.661500,0.805000,1.000000,1.000000,1.000000,1.000000,0.000000,1.000000,1.000000,1.000000,1.000000,0.862500,0.666500,0.557000,0.380500,0.341500,0.262500,0.195500,0.166500,0.124500,0.105000,0.081000,0.093000,0.064500,0.058500,0.054500,0.051500,0.050500,0.040000,0.031000,0.028500,0.021500,0.018500,0.016500,0.014500,0.014000,0.010500,0.015000,0.012500,0.012500,0.010500,0.009500,0.008500,0.007000,0.008500,0.005000,0.007000,0.005000,0.005500,0.007500,0.014500,0.007500,0.007000,0.006500,0.007000,0.006500,0.008000,0.007000,0.008000,0.006500,0.005500,0.008500,0.006000,0.005500,0.005000,0.005000,0.005500,0.004500,0.006000,0.005000,0.005500,0.004000,0.004500,0.005500,0.004000,0.005000,0.004500,0.006500,0.005000,0.005000,0.004500,0.005000,0.005000,0.006500,0.004000,0.004000,0.006000,0.005000,0.004000,0.003500,0.005000,0.005500,0.003500,0.006000,0.005000,0.003000,0.006000,0.005000,0.007000,0.005500,0.007500
0.039500,0.042500,0.036500,0.039500,0.037000,0.039500,0.043500,0.042500,0.058500,0.068000,0.080500,0.086000,0.085500,0.100000,0.128500,0.175500,0.226500,0.284000,0.433000,0.445000,0.525000,0.819000,1.000000,1.000000,1.000000,1.000000,0.000000,1.000000,1.000000,1.000000,1.000000,0.797000,0.633000,0.482500,0.417000,0.327000,0.214000,0.180000,0.118000,0.102000,0.076500,0.089500,0.058000,0.051000,0.048000,0.045500,0.036000,0.032500,0.023000,0.020500,0.018000,0.015500,0.013500,0.011000,0.009500,0.009000,0.012000,0.009500,0.011500,0.007000,0.007000,0.007500,0.006000,0.007500,0.006500,0.008000,0.005000,0.006000,0.006500,0.011500,0.006000,0.005000,0.006000,0.007500,0.006500,0.007000,0.006500,0.007500,0.008000,0.003500,0.005000,0.003500,0.002500,0.003500,0.003500,0.003500,0.003000,0.004000,0.003500,0.004000,0.003000,0.003000,0.003000,0.002000,0.003500,0.004000,0.004000,0.002500,0.005000,0.003500,0.004000,0.005500,0.004500,0.002500,0.003500,0.005500,0.004500,0.002500,0.003500,0.003500,0.004000,0.004000,0.006500,0.005500,0.004500,0.005500,0.005500,0.006000,0.005000,0.006500
0.034000,0.038000,0.032500,0.036000,0.035000,0.039000,0.043500,0.038500,0.054000,0.067000,0.071500,0.082500,0.083000,0.088500,0.119000,0.157500,0.185500,0.237500,0.375000,0.363000,0.444000,0.657500,0.874000,1.000000,1.000000,1.000000,1.000000,0.000000,1.000000,1.000000,1.000000,1.000000,0.789500,0.616000,0.536500,0.397500,0.254000,0.204500,0.147500,0.122000,0.091500,0.104500,0.062000,0.053500,0.054500,0.049000,0.042500,0.028000,0.023500,0.020000,0.017000,0.014500,0.014500,0.010000,0.012000,0.007500,0.011500,0.009000,0.011500,0.010000,0.007500,0.007500,0.006000,0.007000,0.005500,0.008000,0.004500,0.006000,0.006000,0.010000,0.006500,0.007000,0.006500,0.007000,0.007000,0.006500,0.007000,0.008000,0.009000,0.005000,0.006000,0.004000,0.004000,0.004000,0.003500,0.004500,0.004000,0.004000,0.003500,0.003500,0.005500,0.003000,0.002000,0.004500,0.005000,0.004000,0.003500,0.004000,0.004500,0.004500,0.005000,0.005500,0.005000,0.004500,0.005000,0.006000,0.004500,0.002500,0.003000,0.004500,0.004000,0.003000,0.005000,0.004500,0.004000,0.005000,0.005500,0.006500,0.003500,0.005000
0.031000,0.034500,0.032000,0.034500,0.033500,0.034500,0.038000,0.033000,0.046500,0.054500,0.061000,0.080000,0.074000,0.078500,0.099500,0.129000,0.160500,0.188500,0.293000,0.290000,0.310000,0.450000,0.675000,0.873500,1.000000,1.000000,1.000000,1.000000,0.000000,1.000000,1.000000,1.000000,1.000000,0.712000,0.617500,0.494500,0.336500,0.251000,0.175000,0.147000,0.112000,0.115500,0.071500,0.056500,0.059500,0.055500,0.045500,0.036000,0.027000,0.023000,0.016500,0.014000,0.013000,0.011000,0.013000,0.009500,0.015000,0.010000,0.011500,0.010500,0.008500,0.007500,0.004500,0.008000,0.005500,0.006500,0.005000,0.006500,0.007000,0.010000,0.007000,0.006500,0.005500,0.005500,0.006000,0.008500,0.005000,0.010000,0.009500,0.006000,0.005000,0.006000,0.003000,0.003500,0.004000,0.003500,0.003500,0.004500,0.004000,0.004500,0.004500,0.004000,0.005500,0.005000,0.006500,0.004500,0.004500,0.004500,0.004500,0.003500,0.003500,0.003500,0.003500,0.003500,0.005000,0.006500,0.005500,0.004500,0.004000,0.005500,0.003500,0.003000,0.004500,0.003500,0.003500,0.004500,0.005000,0.006000,0.003500,0.004500
0.035000,0.039000,0.036500,0.039500,0.043500,0.042000,0.046000,0.045000,0.061500,0.067000,0.071500,0.088500,0.082000,0.093000,0.105000,0.132000,0.158000,0.194000,0.280500,0.263500,0.263000,0.338000,0.498500,0.736500,0.868500,1.000000,1.000000,1.000000,1.000000,0.000000,1.000000,1.000000,1.000000,1.000000,0.955500,0.765500,0.525000,0.403500,0.272500,0.225000,0.177000,0.178000,0.116000,0.097500,0.090500,0.082500,0.069000,0.056000,0.036500,0.032000,0.024000,0.022000,0.023000,0.019500,0.016000,0.017500,0.019000,0.017000,0.016000,0.012000,0.013500,0.012000,0.008000,0.010000,0.011500,0.010000,0.008000,0.011000,0.009000,0.014000,0.008000,0.008000,0.007000,0.005500,0.008000,0.009500,0.007000,0.009000,0.012500,0.008000,0.010500,0.008500,0.007500,0.007500,0.010000,0.007500,0.005500,0.006500,0.006000,0.005000,0.006500,0.006000,0.006500,0.007000,0.008000,0.005500,0.006500,0.006000,0.005000,0.005500,0.005000,0.004500,0.004500,0.005000,0.008000,0.007500,0.008500,0.006000,0.006500,0.006500,0.005500,0.005000,0.006000,0.005000,0.004500,0.007500,0.007000,0.006500,0.005000,0.007000
0.033000,0.034000,0.029000,0.032500,0.035000,0.034500,0.037500,0.033000,0.050500,0.055500,0.067500,0.074500,0.069500,0.080000,0.105000,0.121500,0.138500,0.157500,0.231500,0.224500,0.235500,0.293500,0.384000,0.603500,0.721500,0.862500,1.000000,1.000000,1.000000,1.000000,0.000000,1.000000,1.000000,1.000000,1.000000,0.878000,0.659000,0.562500,0.367000,0.298000,0.209000,0.225000,0.139000,0.101000,0.098000,0.085000,0.071000,0.049000,0.042500,0.031000,0.022500,0.019000,0.018500,0.014000,0.013500,0.012500,0.016000,0.014500,0.013500,0.010000,0.013500,0.009000,0.008500,0.012000,0.009000,0.010500,0.008000,0.007500,0.008500,0.012500,0.008500,0.008000,0.009500,0.006500,0.006500,0.008500,0.007500,0.007000,0.009500,0.005000,0.007500,0.007000,0.008500,0.007000,0.007000,0.008000,0.006000,0.005500,0.006000,0.004000,0.005000,0.006000,0.007000,0.005500,0.007000,0.005000,0.006000,0.005000,0.006000,0.004500,0.004000,0.006500,0.005500,0.006000,0.007000,0.007000,0.008000,0.005000,0.004000,0.007000,0.005500,0.004500,0.005000,0.006500,0.004000,0.006000,0.004000,0.005500,0.004500,0.006000
0.029000,0.030000,0.026500,0.030000,0.024500,0.026000,0.030000,0.032500,0.037000,0.044000,0.045000,0.053000,0.052000,0.063000,0.072500,0.081500,0.090500,0.111000,0.158500,0.155000,0.151000,0.169000,0.235000,0.394000,0.516500,0.666500,0.797000,1.000000,1.000000,1.000000,1.000000,0.000000,1.000000,1.000000,1.000000,1.000000,0.903500,0.724000,0.479500,0.332000,0.220000,0.246000,0.139000,0.109500,0.098000,0.096500,0.068000,0.048500,0.032500,0.026000,0.019500,0.015000,0.016000,0.012000,0.013000,0.012500,0.017500,0.012000,0.011000,0.010000,0.012000,0.006500,0.006000,0.007500,0.008500,0.009000,0.005500,0.008000,0.006000,0.009500,0.007500,0.007500,0.006000,0.006000,0.006000,0.007000,0.007500,0.007000,0.007500,0.007000,0.006500,0.007500,0.005000,0.005500,0.006000,0.006000,0.004500,0.006000,0.005500,0.004500,0.004000,0.005000,0.006000,0.004500,0.006000,0.005500,0.004500,0.006000,0.004000,0.005500,0.004000,0.005000,0.005000,0.007000,0.006500,0.006000,0.007000,0.005500,0.004500,0.006000,0.003000,0.003500,0.005500,0.004000,0.002500,0.005500,0.003500,0.004000,0.005000,0.004500
0.032500,0.036000,0.034500,0.040000,0.036500,0.037000,0.038000,0.035000,0.043000,0.048500,0.053500,0.061500,0.059000,0.065500,0.082500,0.097500,0.102500,0.133000,0.178000,0.173000,0.164000,0.193000,0.250000,0.345000,0.429500,0.557000,0.633000,0.789500,1.000000,1.000000,1.000000,1.000000,0.000000,1.000000,1.000000,1.000000,1.000000,0.918000,0.695500,0.519000,0.342000,0.326500,0.215500,0.176000,0.141500,0.133500,0.107500,0.074000,0.063500,0.046500,0.028500,0.021500,0.020500,0.017000,0.017000,0.013500,0.020000,0.019000,0.022000,0.015000,0.016500,0.015500,0.012000,0.014500,0.015000,0.013000,0.013500,0.015000,0.014000,0.018500,0.011000,0.009000,0.009500,0.011000,0.012000,0.011000,0.009500,0.012500,0.012500,0.008000,0.009000,0.009000,0.007000,0.008500,0.008500,0.008500,0.006500,0.007500,0.007500,0.008000,0.007500,0.007000,0.007000,0.006500,0.007500,0.006000,0.007500,0.008500,0.007000,0.006000,0.007000,0.006000,0.005500,0.006500,0.007000,0.009000,0.007500,0.004000,0.007000,0.006500,0.006000,0.006000,0.010000,0.007000,0.005500,0.008000,0.006500,0.004500,0.004000,0.006500
0.028500,0.030500,0.028000,0.030500,0.031000,0.029000,0.031000,0.027500,0.035000,0.040500,0.041500,0.039000,0.038500,0.049000,0.059500,0.069500,0.074000,0.092500,0.121500,0.119000,0.110000,0.121000,0.145500,0.204000,0.269500,0.380500,0.482500,0.616000,0.712000,1.000000,1.000000,1.000000,1.000000,0.000000,1.000000,1.000000,1.000000,1.000000,0.767500,0.610000,0.419000,0.356000,0.221500,0.154000,0.128000,0.114000,0.082000,0.056500,0.044000,0.031500,0.020000,0.016000,0.018500,0.011500,0.014000,0.011000,0.015500,0.008500,0.016000,0.010500,0.012000,0.006500,0.006500,0.011000,0.008000,0.010000,0.009000,0.010000,0.011000,0.013000,0.008000,0.008000,0.008000,0.007000,0.011000,0.007500,0.008000,0.009500,0.010000,0.006500,0.006500,0.007000,0.006500,0.008500,0.006500,0.007000,0.007000,0.008000,0.007500,0.007500,0.006500,0.007000,0.009000,0.007500,0.008000,0.008000,0.010000,0.008500,0.006000,0.007000,0.004500,0.004500,0.005500,0.007000,0.004500,0.006000,0.006500,0.007500,0.006500,0.008000,0.005500,0.006000,0.006000,0.004000,0.003500,0.006000,0.005000,0.005500,0.004000,0.005500
0.031000,0.036000,0.038000,0.036500,0.037000,0.037000,0.038500,0.037000,0.039000,0.044000,0.047500,0.048500,0.043500,0.048000,0.064000,0.069500,0.080500,0.096500,0.126000,0.120500,0.114500,0.129000,0.157000,0.218000,0.259000,0.341500,0.417000,0.536500,0.617500,0.955500,1.000000,1.000000,1.000000,1.000000,0.000000,1.000000,1.000000,1.000000,1.000000,0.877000,0.526500,0.473500,0.309000,0.234500,0.179500,0.151000,0.125500,0.083000,0.058000,0.040500,0.028000,0.018500,0.023500,0.014500,0.015500,0.012500,0.020500,0.014500,0.013500,0.015500,0.014000,0.012500,0.010500,0.011500,0.009500,0.012500,0.009000,0.011000,0.011000,0.013000,0.010000,0.010500,0.008500,0.007500,0.009500,0.009500,0.008500,0.012000,0.009000,0.007500,0.009500,0.009000,0.007000,0.006500,0.007000,0.008500,0.007500,0.008500,0.007500,0.009500,0.009500,0.008000,0.010000,0.008000,0.010000,0.009500,0.008500,0.007500,0.010500,0.008500,0.009000,0.007500,0.006000,0.007500,0.007000,0.009500,0.008000,0.007500,0.007000,0.008500,0.005000,0.003500,0.005000,0.005000,0.006000,0.006000,0.004000,0.005500,0.003500,0.004500
0.031000,0.031000,0.033500,0.036000,0.032000,0.033000,0.033500,0.034000,0.040000,0.041500,0.042500,0.047500,0.038000,0.046500,0.048000,0.061000,0.063000,0.076000,0.095000,0.102500,0.103000,0.111000,0.126000,0.180500,0.208500,0.262500,0.327000,0.397500,0.494500,0.765500,0.878000,1.000000,1.000000,1.000000,1.000000,0.000000,1.000000,1.000000,1.000000,1.000000,0.818500,0.595500,0.379500,0.266000,0.200000,0.179500,0.138500,0.097000,0.065000,0.050500,0.026000,0.021500,0.023500,0.016000,0.017000,0.014000,0.017500,0.017500,0.018500,0.015500,0.014500,0.015000,0.010000,0.013500,0.012500,0.014000,0.011500,0.011500,0.009500,0.015000,0.010000,0.008500,0.010000,0.008500,0.009500,0.012000,0.008500,0.009500,0.009500,0.008000,0.011000,0.009500,0.008000,0.010500,0.008500,0.011000,0.008000,0.010000,0.010000,0.009500,0.007000,0.006500,0.009000,0.009000,0.009500,0.007000,0.007500,0.008500,0.007500,0.007500,0.006000,0.005500,0.005500,0.007500,0.006000,0.009000,0.005500,0.007000,0.007500,0.005000,0.006000,0.006500,0.005500,0.006500,0.003000,0.005000,0.006500,0.006500,0.005000,0.007500
0.026500,0.027000,0.028000,0.025500,0.026000,0.025500,0.026500,0.022000,0.026500,0.030000,0.031500,0.032000,0.027500,0.030000,0.038500,0.046000,0.049500,0.059000,0.084500,0.085000,0.082500,0.079000,0.100500,0.136500,0.162000,0.195500,0.214000,0.254000,0.336500,0.525000,0.659000,0.903500,1.000000,1.000000,1.000000,1.000000,0.000000,1.000000,1.000000,1.000000,1.000000,0.769000,0.502000,0.342000,0.213500,0.181500,0.123000,0.071000,0.055000,0.041500,0.024000,0.018000,0.020000,0.015500,0.014000,0.013000,0.018500,0.014500,0.014000,0.012000,0.013500,0.012000,0.010500,0.012500,0.011500,0.011000,0.008000,0.007500,0.006500,0.011000,0.006000,0.007500,0.008000,0.007000,0.007500,0.009000,0.008500,0.008500,0.007000,0.005500,0.006500,0.006000,0.007000,0.006500,0.008000,0.008000,0.006500,0.007000,0.006000,0.007000,0.006000,0.007500,0.006000,0.007500,0.008500,0.006000,0.006000,0.005500,0.006500,0.005000,0.007000,0.005000,0.006000,0.006000,0.004500,0.007000,0.007000,0.005000,0.005000,0.004500,0.004000,0.004500,0.006000,0.004500,0.004000,0.006500,0.005500,0.006000,0.005000,0.005000
0.027000,0.029500,0.030500,0.028000,0.023500,0.028000,0.025000,0.022000,0.025000,0.031000,0.031000,0.033000,0.030500,0.035000,0.037000,0.043500,0.048000,0.057000,0.078000,0.072500,0.083000,0.079000,0.091500,0.128500,0.145500,0.166500,0.180000,0.204500,0.251000,0.403500,0.562500,0.724000,0.918000,1.000000,1.000000,1.000000,1.000000,0.000000,1.000000,1.000000,1.000000,1.000000,0.853500,0.644500,0.458000,0.350500,0.237000,0.103000,0.068500,0.052000,0.029500,0.022000,0.023000,0.016000,0.020500,0.015500,0.021000,0.015500,0.016000,0.015500,0.018500,0.014500,0.010000,0.011000,0.011500,0.013000,0.009500,0.010000,0.008500,0.014500,0.006500,0.007500,0.012500,0.009500,0.010000,0.016500,0.009500,0.012000,0.007500,0.006500,0.008000,0.007000,0.005500,0.004500,0.006500,0.009000,0.007500,0.007000,0.007000,0.008500,0.007500,0.005500,0.005500,0.007500,0.007000,0.005500,0.006500,0.005500,0.006000,0.006500,0.005500,0.005500,0.005500,0.006500,0.004500,0.006000,0.006000,0.006000,0.007000,0.006500,0.006500,0.005000,0.006500,0.006500,0.005000,0.007000,0.007000,0.005500,0.004500,0.010000
0.019500,0.026000,0.024500,0.021500,0.021000,0.023500,0.020500,0.018000,0.015500,0.021500,0.021000,0.025500,0.021500,0.022500,0.025000,0.031000,0.031000,0.042500,0.059000,0.065500,0.059500,0.058000,0.069500,0.099000,0.111000,0.124500,0.118000,0.147500,0.175000,0.272500,0.367000,0.479500,0.695500,0.767500,1.000000,1.000000,1.000000,1.000000,0.000000,1.000000,1.000000,1.000000,1.000000,0.741500,0.481000,0.389500,0.225500,0.103500,0.059500,0.046000,0.025000,0.019500,0.016500,0.010500,0.014000,0.011500,0.016500,0.012500,0.015500,0.016000,0.017000,0.012500,0.013000,0.011500,0.014500,0.011500,0.011000,0.012000,0.009500,0.012000,0.008000,0.007000,0.008500,0.009500,0.008500,0.011000,0.009000,0.010500,0.009500,0.006000,0.006500,0.005000,0.004500,0.005500,0.006000,0.006500,0.007000,0.008000,0.007000,0.006500,0.006000,0.007000,0.006500,0.006000,0.006500,0.006000,0.004500,0.004500,0.005000,0.006000,0.005000,0.004500,0.005500,0.006500,0.004500,0.005000,0.004500,0.005000,0.006000,0.007000,0.005000,0.004500,0.005500,0.003500,0.003500,0.006000,0.004500,0.005000,0.005500,0.007000
0.021500,0.024000,0.024500,0.024500,0.022500,0.024500,0.021500,0.018500,0.020000,0.023500,0.026000,0.032500,0.023000,0.026000,0.026500,0.036500,0.038000,0.042500,0.054500,0.064500,0.061000,0.062000,0.078500,0.102500,0.094000,0.105000,0.102000,0.122000,0.147000,0.225000,0.298000,0.332000,0.519000,0.610000,0.877000,1.000000,1.000000,1.000000,1.000000,0.000000,1.000000,1.000000,1.000000,1.000000,0.775000,0.620500,0.371500,0.158000,0.106000,0.067500,0.034500,0.021000,0.018500,0.014500,0.018000,0.015500,0.019500,0.017500,0.019000,0.019000,0.021000,0.015500,0.014500,0.014000,0.017000,0.017000,0.013500,0.013000,0.013000,0.019000,0.010500,0.008500,0.010500,0.013000,0.012500,0.014500,0.010000,0.012500,0.012500,0.007500,0.010500,0.009500,0.007000,0.006500,0.006000,0.007500,0.008000,0.007000,0.007500,0.008000,0.009000,0.007500,0.008000,0.008000,0.007500,0.008000,0.006500,0.005500,0.005500,0.004500,0.004500,0.006500,0.006000,0.008000,0.007000,0.006500,0.004500,0.007500,0.008000,0.007000,0.005000,0.005000,0.006000,0.007000,0.005500,0.007000,0.008500,0.009500,0.006500,0.008500
0.015500,0.017500,0.017500,0.016000,0.016500,0.017500,0.017000,0.012500,0.016500,0.020000,0.020500,0.023000,0.019000,0.019500,0.022500,0.030500,0.028500,0.034500,0.046500,0.048000,0.041500,0.046000,0.050500,0.070000,0.074500,0.081000,0.076500,0.091500,0.112000,0.177000,0.209000,0.220000,0.342000,0.419000,0.526500,0.818500,1.000000,1.000000,1.000000,1.000000,0.000000,1.000000,1.000000,1.000000,1.000000,0.809000,0.489500,0.238500,0.118500,0.059500,0.029000,0.022500,0.019500,0.014500,0.017000,0.013000,0.019000,0.013000,0.017500,0.015500,0.017500,0.015500,0.014500,0.017000,0.014000,0.018000,0.013000,0.010500,0.011500,0.012000,0.008500,0.007000,0.008500,0.011000,0.008500,0.011500,0.011000,0.012000,0.010000,0.007000,0.010500,0.006500,0.007500,0.007500,0.007000,0.006500,0.007000,0.008000,0.007000,0.006000,0.006000,0.004500,0.005500,0.006500,0.007500,0.003000,0.003500,0.004500,0.006000,0.004000,0.005000,0.004500,0.004500,0.005000,0.006000,0.008000,0.007000,0.008000,0.008500,0.005500,0.006000,0.006500,0.007500,0.007000,0.004000,0.006500,0.007000,0.007000,0.006000,0.008500
0.020500,0.023000,0.021000,0.017500,0.015000,0.019000,0.016500,0.016500,0.022500,0.023500,0.027000,0.026000,0.025500,0.025000,0.027000,0.032000,0.035000,0.041000,0.054500,0.058000,0.051500,0.050000,0.062000,0.077500,0.078000,0.093000,0.089500,0.104500,0.115500,0.178000,0.225000,0.246000,0.326500,0.356000,0.473500,0.595500,0.769000,1.000000,1.000000,1.000000,1.000000,0.000000,1.000000,1.000000,1.000000,1.000000,0.892500,0.359000,0.257000,0.136500,0.040500,0.022000,0.018500,0.017000,0.019500,0.014000,0.019500,0.016000,0.019000,0.017500,0.020000,0.018000,0.016500,0.019000,0.018500,0.022500,0.014000,0.016500,0.014000,0.018000,0.016000,0.011500,0.012500,0.011000,0.010500,0.012500,0.011000,0.014000,0.011000,0.008000,0.008500,0.008000,0.006500,0.008000,0.008500,0.011500,0.007500,0.008500,0.007000,0.008000,0.008000,0.006500,0.006500,0.007500,0.007000,0.007500,0.006000,0.003500,0.004500,0.005000,0.006000,0.006000,0.007500,0.007500,0.008000,0.010500,0.010000,0.010000,0.011000,0.009000,0.007000,0.007000,0.009000,0.007000,0.007000,0.006500,0.009000,0.011000,0.008500,0.011000
0.015500,0.017000,0.015500,0.011500,0.016500,0.018000,0.018000,0.013500,0.017500,0.022000,0.019000,0.022000,0.019000,0.021500,0.021500,0.027500,0.024500,0.033000,0.038000,0.037500,0.038000,0.039500,0.046000,0.054500,0.057000,0.064500,0.058000,0.062000,0.071500,0.116000,0.139000,0.139000,0.215500,0.221500,0.309000,0.379500,0.502000,0.853500,1.000000,1.000000,1.000000,1.000000,0.000000,1.000000,1.000000,1.000000,1.000000,0.594500,0.168500,0.121000,0.060500,0.039500,0.030000,0.025500,0.020500,0.020500,0.027000,0.021500,0.021500,0.019500,0.022500,0.021000,0.017000,0.019500,0.019000,0.019000,0.016000,0.015500,0.015500,0.020500,0.016500,0.014000,0.013000,0.014000,0.012500,0.009500,0.009500,0.016500,0.012500,0.007000,0.011000,0.008000,0.010500,0.007000,0.007000,0.010000,0.009500,0.007500,0.006500,0.007500,0.008000,0.007000,0.007000,0.008000,0.007000,0.007500,0.005500,0.004000,0.004500,0.005500,0.004000,0.006000,0.007000,0.007000,0.008000,0.007500,0.009500,0.010000,0.008500,0.006500,0.006000,0.007000,0.009000,0.007500,0.004000,0.007000,0.007000,0.010500,0.007500,0.011500
0.014500,0.017000,0.012000,0.011500,0.014000,0.015000,0.015500,0.015000,0.015500,0.018500,0.019500,0.019000,0.014500,0.021000,0.019500,0.024000,0.020500,0.025500,0.038000,0.036500,0.032500,0.033500,0.043000,0.048500,0.051000,0.058500,0.051000,0.053500,0.056500,0.097500,0.101000,0.109500,0.176000,0.154000,0.234500,0.266000,0.342000,0.644500,0.741500,1.000000,1.000000,1.000000,1.000000,0.000000,1.000000,1.000000,1.000000,1.000000,0.360500,0.151000,0.074500,0.037500,0.031000,0.025500,0.021000,0.020000,0.029500,0.020000,0.024000,0.027500,0.024000,0.023500,0.022000,0.021500,0.020500,0.022000,0.013500,0.015000,0.017500,0.019500,0.013500,0.014500,0.012500,0.013000,0.011000,0.008500,0.008000,0.011500,0.010000,0.006000,0.010500,0.010500,0.009500,0.009500,0.008000,0.011500,0.007500,0.006500,0.007000,0.008000,0.007000,0.005500,0.005500,0.007000,0.008500,0.007500,0.006500,0.004500,0.004000,0.004500,0.004000,0.007000,0.007000,0.007000,0.010000,0.010000,0.010500,0.009000,0.009000,0.009000,0.010500,0.006000,0.009000,0.009000,0.004500,0.007000,0.008500,0.011500,0.008000,0.010000
0.015500,0.017000,0.016000,0.016500,0.017000,0.016500,0.017000,0.017500,0.018500,0.020500,0.021500,0.016500,0.014500,0.021500,0.021500,0.027000,0.022000,0.025000,0.036500,0.036500,0.037000,0.035000,0.041500,0.049000,0.056000,0.054500,0.048000,0.054500,0.059500,0.090500,0.098000,0.098000,0.141500,0.128000,0.179500,0.200000,0.213500,0.458000,0.481000,0.775000,1.000000,1.000000,1.000000,1.000000,0.000000,1.000000,1.000000,1.000000,1.000000,0.448500,0.136000,0.072000,0.068000,0.040500,0.041500,0.026500,0.042500,0.029000,0.034500,0.033500,0.032000,0.032000,0.030000,0.027500,0.028500,0.029500,0.021000,0.021000,0.020000,0.024500,0.018000,0.017000,0.017500,0.014500,0.014500,0.013500,0.009000,0.014000,0.013500,0.007500,0.013000,0.015000,0.011000,0.011000,0.012500,0.017500,0.011000,0.010000,0.008000,0.006500,0.009000,0.007000,0.006500,0.007000,0.009500,0.008500,0.008500,0.007000,0.007000,0.007500,0.009500,0.008500,0.009000,0.009000,0.010500,0.010500,0.011500,0.012000,0.010000,0.011500,0.010000,0.008000,0.010500,0.010000,0.006000,0.009500,0.008500,0.010500,0.008000,0.009500
0.014500,0.016000,0.014000,0.013500,0.013000,0.012000,0.016000,0.014000,0.018500,0.020500,0.022500,0.023000,0.018000,0.021500,0.022000,0.026500,0.019500,0.024000,0.034500,0.035000,0.034500,0.034000,0.036000,0.044000,0.050000,0.051500,0.045500,0.049000,0.055500,0.082500,0.085000,0.096500,0.133500,0.114000,0.151000,0.179500,0.181500,0.350500,0.389500,0.620500,0.809000,1.000000,1.000000,1.000000,1.000000,0.000000,1.000000,1.000000,1.000000,1.000000,0.354000,0.092500,0.094000,0.052000,0.054500,0.037500,0.056500,0.039500,0.047500,0.041000,0.047500,0.043000,0.034500,0.033500,0.033500,0.034000,0.024000,0.027000,0.020500,0.029000,0.017500,0.017500,0.014500,0.016000,0.011000,0.010500,0.010500,0.014500,0.012500,0.009000,0.010500,0.013500,0.008500,0.011000,0.012000,0.017000,0.011500,0.009500,0.009000,0.009000,0.007500,0.008500,0.008000,0.009500,0.010500,0.008500,0.009500,0.008500,0.008000,0.008500,0.009000,0.008500,0.010500,0.010000,0.009000,0.013000,0.011500,0.012500,0.011500,0.011500,0.010500,0.009500,0.008500,0.008000,0.006000,0.008500,0.007000,0.010500,0.008500,0.009500
0.011500,0.016500,0.014000,0.011500,0.012500,0.014000,0.016500,0.015000,0.019000,0.017500,0.023000,0.020000,0.018000,0.020500,0.017500,0.023500,0.017500,0.021000,0.028500,0.028000,0.026000,0.029000,0.035500,0.040000,0.040000,0.050500,0.036000,0.042500,0.045500,0.069000,0.071000,0.068000,0.107500,0.082000,0.125500,0.138500,0.123000,0.237000,0.225500,0.371500,0.489500,0.892500,1.000000,1.000000,1.000000,1.000000,0.000000,1.000000,1.000000,1.000000,1.000000,0.462000,0.175500,0.076500,0.069500,0.051500,0.097000,0.061000,0.065000,0.068500,0.064500,0.049000,0.048500,0.046500,0.040500,0.041500,0.025500,0.029500,0.027500,0.031500,0.020500,0.019500,0.017500,0.017000,0.014000,0.013000,0.012000,0.016000,0.017500,0.007000,0.011500,0.011000,0.010000,0.010000,0.015000,0.017500,0.011000,0.010000,0.008500,0.007500,0.007500,0.006500,0.008000,0.008000,0.008500,0.008500,0.008500,0.009500,0.008000,0.008000,0.010000,0.011500,0.011500,0.008000,0.009500,0.012000,0.011500,0.011000,0.011500,0.010000,0.009000,0.008000,0.009500,0.008500,0.006000,0.009000,0.008000,0.010500,0.009500,0.011500
0.011500,0.015000,0.015000,0.012500,0.012000,0.015000,0.016000,0.017000,0.016000,0.016000,0.019000,0.018500,0.014000,0.018500,0.017500,0.018000,0.016000,0.022500,0.026000,0.026000,0.025500,0.025500,0.028500,0.034000,0.035000,0.040000,0.032500,0.028000,0.036000,0.056000,0.049000,0.048500,0.074000,0.056500,0.083000,0.097000,0.071000,0.103000,0.103500,0.158000,0.238500,0.359000,0.594500,1.000000,1.000000,1.000000,1.000000,0.000000,1.000000,1.000000,1.000000,1.000000,0.702500,0.160500,0.161000,0.109000,0.145500,0.096500,0.100500,0.097000,0.082000,0.063500,0.056500,0.050500,0.050000,0.043500,0.032500,0.036500,0.032000,0.039500,0.027500,0.023000,0.025500,0.023000,0.018500,0.019000,0.018000,0.022000,0.022000,0.012500,0.014500,0.014500,0.011000,0.011500,0.015000,0.016000,0.009000,0.008500,0.008500,0.008500,0.011500,0.010500,0.010000,0.010000,0.011000,0.010000,0.009000,0.007000,0.009500,0.008000,0.010500,0.011000,0.008500,0.007000,0.009000,0.010500,0.010000,0.009500,0.010500,0.011500,0.009500,0.006500,0.009500,0.008500,0.006000,0.007000,0.008000,0.010000,0.008500,0.008500
0.012000,0.014000,0.016000,0.015000,0.012500,0.014500,0.013500,0.012000,0.012000,0.015500,0.017500,0.017500,0.018000,0.014500,0.016500,0.018000,0.017500,0.021500,0.025000,0.024500,0.025000,0.023000,0.025000,0.030500,0.033500,0.031000,0.023000,0.023500,0.027000,0.036500,0.042500,0.032500,0.063500,0.044000,0.058000,0.065000,0.055000,0.068500,0.059500,0.106000,0.118500,0.257000,0.168500,0.360500,1.000000,1.000000,1.000000,1.000000,0.000000,1.000000,1.000000,1.000000,1.000000,0.473000,0.318000,0.233000,0.228500,0.159500,0.141500,0.130500,0.098000,0.084500,0.072500,0.067000,0.064000,0.056500,0.043000,0.039500,0.038000,0.048500,0.028000,0.028000,0.026000,0.024500,0.024000,0.024500,0.019000,0.022000,0.025000,0.013500,0.016500,0.016500,0.014500,0.014500,0.017500,0.019000,0.011000,0.014000,0.009000,0.009000,0.010500,0.008000,0.012000,0.008500,0.010000,0.009500,0.011000,0.009500,0.010000,0.009000,0.008500,0.009500,0.010000,0.009500,0.008000,0.011500,0.010000,0.008500,0.007500,0.009000,0.008000,0.005500,0.009500,0.007000,0.006500,0.008000,0.012000,0.013000,0.008500,0.007500
0.011000,0.013500,0.011000,0.011500,0.009000,0.011000,0.012500,0.012000,0.012500,0.016500,0.016500,0.014000,0.015500,0.013500,0.018500,0.016500,0.013500,0.020500,0.023000,0.018000,0.022500,0.023000,0.022000,0.026000,0.028500,0.028500,0.020500,0.020000,0.023000,0.032000,0.031000,0.026000,0.046500,0.031500,0.040500,0.050500,0.041500,0.052000,0.046000,0.067500,0.059500,0.136500,0.121000,0.151000,0.448500,1.000000,1.000000,1.000000,1.000000,0.000000,1.000000,1.000000,1.000000,1.000000,0.869500,0.551500,0.386000,0.266500,0.235000,0.166000,0.133500,0.099000,0.076500,0.072000,0.068500,0.066000,0.044500,0.043500,0.039000,0.047500,0.030000,0.030000,0.027000,0.027000,0.025500,0.026000,0.022000,0.027500,0.030000,0.014500,0.019500,0.020000,0.017500,0.017500,0.018000,0.016000,0.012000,0.013000,0.011000,0.013000,0.014000,0.011000,0.010500,0.009500,0.010000,0.010500,0.012000,0.010000,0.011500,0.012000,0.009000,0.008500,0.008500,0.007500,0.007500,0.011000,0.008000,0.007000,0.006500,0.005000,0.005500,0.005000,0.009000,0.007500,0.005000,0.008500,0.008000,0.011000,0.008000,0.010500
0.010500,0.013500,0.011000,0.010000,0.008500,0.012000,0.010500,0.009000,0.011000,0.010500,0.013500,0.012000,0.012000,0.012500,0.014500,0.016000,0.012000,0.016500,0.020000,0.018000,0.018000,0.018000,0.020000,0.019500,0.024000,0.021500,0.018000,0.017000,0.016500,0.024000,0.022500,0.019500,0.028500,0.020000,0.028000,0.026000,0.024000,0.029500,0.025000,0.034500,0.029000,0.040500,0.060500,0.074500,0.136000,0.354000,1.000000,1.000000,1.000000,1.000000,0.000000,1.000000,1.000000,1.000000,1.000000,0.845500,0.615500,0.406500,0.319000,0.211000,0.150000,0.111500,0.083500,0.070000,0.067500,0.069500,0.044000,0.046000,0.050000,0.057500,0.031500,0.035500,0.033000,0.027000,0.027500,0.030500,0.026000,0.033000,0.030000,0.019500,0.026500,0.025000,0.018000,0.021000,0.021500,0.018000,0.014000,0.013000,0.013500,0.016000,0.016000,0.013500,0.015000,0.010500,0.012500,0.012000,0.013000,0.012000,0.012500,0.012500,0.008000,0.008500,0.009000,0.007500,0.007500,0.010500,0.006500,0.006500,0.006000,0.008000,0.006500,0.006500,0.007500,0.009000,0.007000,0.009500,0.008000,0.010500,0.007500,0.010000
0.011000,0.014000,0.012000,0.009500,0.009500,0.010000,0.012000,0.010000,0.012500,0.010000,0.012500,0.014500,0.011500,0.012500,0.013500,0.013000,0.012500,0.017500,0.016000,0.019000,0.018500,0.016000,0.021500,0.019000,0.024000,0.018500,0.015500,0.014500,0.014000,0.022000,0.019000,0.015000,0.021500,0.016000,0.018500,0.021500,0.018000,0.022000,0.019500,0.021000,0.022500,0.022000,0.039500,0.037500,0.072000,0.092500,0.462000,1.000000,1.000000,1.000000,1.000000,0.000000,1.000000,1.000000,1.000000,1.000000,0.789500,0.613500,0.426500,0.231500,0.171000,0.126000,0.104000,0.092000,0.085500,0.089000,0.055000,0.054000,0.055000,0.068500,0.046500,0.043500,0.040500,0.032000,0.030500,0.040500,0.032500,0.036000,0.036000,0.026000,0.026500,0.026500,0.019000,0.020500,0.024500,0.021000,0.015500,0.015500,0.014000,0.018500,0.018000,0.015000,0.014000,0.014000,0.013500,0.010500,0.014000,0.013000,0.012500,0.010500,0.010500,0.010500,0.009000,0.007500,0.006500,0.008500,0.008500,0.006000,0.006000,0.006500,0.006000,0.008500,0.010000,0.008500,0.009000,0.010000,0.011000,0.012500,0.008500,0.008500
0.012500,0.014500,0.015000,0.012500,0.012000,0.014500,0.013000,0.013500,0.013000,0.014000,0.012000,0.011500,0.011500,0.011500,0.013500,0.016000,0.014000,0.018000,0.018500,0.019000,0.015500,0.015000,0.018000,0.021500,0.018000,0.016500,0.013500,0.014500,0.013000,0.023000,0.018500,0.016000,0.020500,0.018500,0.023500,0.023500,0.020000,0.023000,0.016500,0.018500,0.019500,0.018500,0.030000,0.031000,0.068000,0.094000,0.175500,0.702500,1.000000,1.000000,1.000000,1.000000,0.000000,1.000000,1.000000,1.000000,1.000000,0.912000,0.731500,0.466500,0.311500,0.188500,0.147500,0.113500,0.120500,0.117000,0.073500,0.079500,0.072000,0.092500,0.066000,0.056500,0.049000,0.043500,0.037500,0.045000,0.032500,0.040000,0.046000,0.026500,0.031000,0.029500,0.023500,0.026000,0.030000,0.027000,0.019500,0.016500,0.016500,0.016500,0.017500,0.017500,0.017000,0.014000,0.017500,0.010500,0.013500,0.013500,0.016000,0.013500,0.010000,0.008500,0.009500,0.008000,0.007500,0.011500,0.008000,0.009500,0.007500,0.012500,0.007000,0.007500,0.009000,0.012000,0.009500,0.010000,0.010500,0.011500,0.009500,0.012000
0.009000,0.009500,0.009500,0.011000,0.009500,0.010500,0.012500,0.010000,0.011500,0.010500,0.012000,0.010500,0.009000,0.008000,0.011500,0.012500,0.011000,0.014500,0.015500,0.013500,0.014000,0.012500,0.011500,0.016500,0.012500,0.014500,0.011000,0.010000,0.011000,0.019500,0.014000,0.012000,0.017000,0.011500,0.014500,0.016000,0.015500,0.016000,0.010500,0.014500,0.014500,0.017000,0.025500,0.025500,0.040500,0.052000,0.076500,0.160500,0.473000,1.000000,1.000000,1.000000,1.000000,0.000000,1.000000,1.000000,1.000000,1.000000,0.792000,0.531500,0.316500,0.175500,0.124000,0.113500,0.108500,0.117500,0.071500,0.082500,0.080000,0.098500,0.065000,0.052000,0.047500,0.043000,0.040000,0.046000,0.037000,0.039000,0.039500,0.027000,0.030500,0.030500,0.024000,0.026500,0.027500,0.029000,0.017000,0.019500,0.013000,0.016000,0.017000,0.015500,0.016000,0.013500,0.015000,0.011500,0.012000,0.010500,0.010500,0.011000,0.010000,0.010000,0.010000,0.008000,0.005500,0.010500,0.007500,0.008000,0.009500,0.012000,0.008500,0.008500,0.010000,0.010000,0.007500,0.010000,0.010500,0.012500,0.008000,0.010500
0.010000,0.016000,0.012500,0.010000,0.011000,0.011000,0.013500,0.010000,0.010000,0.011000,0.010000,0.009000,0.009500,0.009000,0.010000,0.013000,0.009500,0.014000,0.016000,0.014500,0.013000,0.011500,0.013000,0.015500,0.014000,0.014000,0.009500,0.012000,0.013000,0.016000,0.013500,0.013000,0.017000,0.014000,0.015500,0.017000,0.014000,0.020500,0.014000,0.018000,0.017000,0.019500,0.020500,0.021000,0.041500,0.054500,0.069500,0.161000,0.318000,0.869500,1.000000,1.000000,1.000000,1.000000,0.000000,1.000000,1.000000,1.000000,1.000000,0.742500,0.518500,0.291000,0.196000,0.163500,0.161000,0.167500,0.107500,0.103000,0.100500,0.122500,0.078500,0.066500,0.061000,0.054500,0.050500,0.061500,0.043000,0.052500,0.052500,0.031500,0.041000,0.041500,0.029500,0.028000,0.032000,0.034500,0.023500,0.023000,0.017500,0.018500,0.020000,0.017000,0.018000,0.016000,0.018000,0.013000,0.015500,0.014000,0.015500,0.011500,0.012000,0.010500,0.011000,0.010500,0.009500,0.015000,0.012000,0.011500,0.011500,0.014000,0.009500,0.008500,0.011000,0.012500,0.009500,0.012000,0.013000,0.015000,0.011500,0.013000
0.012000,0.013500,0.011000,0.010000,0.009000,0.009500,0.010000,0.010500,0.009500,0.012000,0.009000,0.008500,0.007500,0.010500,0.010000,0.011000,0.010000,0.010500,0.009500,0.012000,0.010500,0.010500,0.009500,0.011500,0.008500,0.010500,0.009000,0.007500,0.009500,0.017500,0.012500,0.012500,0.013500,0.011000,0.012500,0.014000,0.013000,0.015500,0.011500,0.015500,0.013000,0.014000,0.020500,0.020000,0.026500,0.037500,0.051500,0.109000,0.233000,0.551500,0.845500,1.000000,1.000000,1.000000,1.000000,0.000000,1.000000,1.000000,1.000000,1.000000,0.705000,0.334500,0.223000,0.163500,0.175000,0.173500,0.099000,0.104000,0.094000,0.112500,0.076500,0.064500,0.057000,0.047500,0.044000,0.047500,0.038000,0.043000,0.043000,0.027000,0.029000,0.030000,0.023500,0.021500,0.024000,0.025500,0.015000,0.020500,0.015500,0.014500,0.017500,0.014000,0.019000,0.011500,0.014000,0.011500,0.012500,0.011000,0.009000,0.006500,0.009000,0.007000,0.009000,0.010000,0.007000,0.010000,0.009000,0.009000,0.006500,0.009500,0.007500,0.008000,0.009000,0.008500,0.005500,0.009500,0.009000,0.010000,0.009000,0.012500
0.014500,0.015000,0.015500,0.015000,0.014000,0.012500,0.012000,0.011500,0.012500,0.012000,0.012000,0.010500,0.011500,0.013000,0.012500,0.014000,0.014500,0.012500,0.016000,0.016000,0.011000,0.012000,0.011500,0.011000,0.013000,0.015000,0.012000,0.011500,0.015000,0.019000,0.016000,0.017500,0.020000,0.015500,0.020500,0.017500,0.018500,0.021000,0.016500,0.019500,0.019000,0.019500,0.027000,0.029500,0.042500,0.056500,0.097000,0.145500,0.228500,0.386000,0.615500,0.789500,1.000000,1.000000,1.000000,1.000000,0.000000,1.000000,1.000000,1.000000,1.000000,0.582500,0.392500,0.270500,0.282500,0.262500,0.163500,0.157500,0.136500,0.174000,0.112000,0.104500,0.094500,0.086000,0.069000,0.076000,0.059000,0.071000,0.058000,0.039500,0.049000,0.043500,0.030500,0.036000,0.034500,0.036500,0.028000,0.027000,0.024500,0.023500,0.024500,0.020500,0.023000,0.019500,0.020000,0.019000,0.019000,0.019000,0.015000,0.015500,0.016500,0.014000,0.013500,0.013000,0.011000,0.013500,0.013500,0.011000,0.011000,0.012500,0.012000,0.010500,0.015000,0.014500,0.011000,0.015500,0.014000,0.013500,0.012000,0.015500
0.014500,0.015500,0.013500,0.011000,0.011000,0.011500,0.012000,0.011500,0.014500,0.011500,0.012000,0.012000,0.010000,0.010000,0.013000,0.012500,0.008500,0.012000,0.014000,0.013500,0.010000,0.010000,0.009000,0.009000,0.010500,0.012500,0.009500,0.009000,0.010000,0.017000,0.014500,0.012000,0.019000,0.008500,0.014500,0.017500,0.014500,0.015500,0.012500,0.017500,0.013000,0.016000,0.021500,0.020000,0.029000,0.039500,0.061000,0.096500,0.159500,0.266500,0.406500,0.613500,0.912000,1.000000,1.000000,1.000000,1.000000,0.000000,1.000000,1.000000,1.000000,1.000000,0.758000,0.493000,0.430500,0.379000,0.213000,0.193000,0.163500,0.203000,0.127000,0.114500,0.100500,0.090500,0.068500,0.083000,0.061000,0.073500,0.057500,0.036000,0.044500,0.045000,0.028000,0.032000,0.037500,0.036500,0.023000,0.023500,0.022000,0.022000,0.021500,0.018000,0.020500,0.016000,0.020000,0.019000,0.018500,0.015000,0.010000,0.012000,0.011500,0.011000,0.012000,0.010000,0.007500,0.014500,0.010500,0.009000,0.007500,0.010000,0.010500,0.009000,0.011000,0.013500,0.011000,0.012500,0.011500,0.010500,0.011500,0.014000
0.014500,0.016000,0.017000,0.014500,0.013500,0.013000,0.017000,0.015000,0.013000,0.012000,0.013000,0.012500,0.010500,0.010000,0.014500,0.012500,0.011500,0.009500,0.014500,0.016500,0.014000,0.012000,0.010000,0.011000,0.009500,0.012500,0.011500,0.011500,0.011500,0.016000,0.013500,0.011000,0.022000,0.016000,0.013500,0.018500,0.014000,0.016000,0.015500,0.019000,0.017500,0.019000,0.021500,0.024000,0.034500,0.047500,0.065000,0.100500,0.141500,0.235000,0.319000,0.426500,0.731500,0.792000,1.000000,1.000000,1.000000,1.000000,0.000000,1.000000,1.000000,1.000000,1.000000,0.762000,0.603000,0.491500,0.284500,0.248000,0.204000,0.253500,0.160500,0.147000,0.127000,0.109000,0.100000,0.106500,0.076000,0.094000,0.075000,0.045000,0.056500,0.047500,0.039500,0.047000,0.046000,0.047000,0.028500,0.027500,0.029500,0.030500,0.025500,0.022500,0.024000,0.022500,0.022000,0.022500,0.019500,0.018000,0.017000,0.015500,0.017000,0.015500,0.015000,0.014500,0.014000,0.016500,0.011500,0.010500,0.007500,0.013500,0.008000,0.009500,0.011000,0.014500,0.010000,0.012000,0.012500,0.013000,0.009000,0.013500
0.012500,0.013500,0.013000,0.008500,0.008500,0.011500,0.011500,0.012500,0.013000,0.010000,0.010500,0.014000,0.011000,0.011000,0.011000,0.011000,0.009000,0.008500,0.010000,0.010500,0.010000,0.011000,0.010000,0.010500,0.008500,0.010500,0.007000,0.010000,0.010500,0.012000,0.010000,0.010000,0.015000,0.010500,0.015500,0.015500,0.012000,0.015500,0.016000,0.019000,0.015500,0.017500,0.019500,0.027500,0.033500,0.041000,0.068500,0.097000,0.130500,0.166000,0.211000,0.231500,0.466500,0.531500,0.742500,1.000000,1.000000,1.000000,1.000000,0.000000,1.000000,1.000000,1.000000,1.000000,0.844000,0.731000,0.440000,0.353500,0.265000,0.323000,0.194000,0.161500,0.143500,0.119000,0.099500,0.115500,0.084500,0.094500,0.064500,0.049000,0.058000,0.046500,0.035500,0.041500,0.050000,0.051500,0.033500,0.034500,0.029500,0.030000,0.026500,0.024500,0.026500,0.018500,0.022000,0.020500,0.017000,0.019500,0.012500,0.009500,0.011000,0.010500,0.010000,0.013000,0.011500,0.014500,0.012000,0.009000,0.008000,0.011500,0.008000,0.009000,0.012000,0.013000,0.008500,0.009000,0.010500,0.012500,0.008500,0.012500
0.010500,0.011000,0.010000,0.010000,0.009000,0.011000,0.011500,0.011500,0.011000,0.013500,0.011000,0.011500,0.012000,0.011000,0.011500,0.009000,0.008500,0.009000,0.008500,0.011000,0.009000,0.009500,0.008000,0.009500,0.008500,0.009500,0.007000,0.007500,0.008500,0.013500,0.013500,0.012000,0.016500,0.012000,0.014000,0.014500,0.013500,0.018500,0.017000,0.021000,0.017500,0.020000,0.022500,0.024000,0.032000,0.047500,0.064500,0.082000,0.098000,0.133500,0.150000,0.171000,0.311500,0.316500,0.518500,0.705000,1.000000,1.000000,1.000000,1.000000,0.000000,1.000000,1.000000,1.000000,1.000000,0.853000,0.551000,0.442000,0.319000,0.368500,0.235500,0.195500,0.167000,0.138500,0.116000,0.136000,0.095500,0.100500,0.088000,0.056000,0.065500,0.058500,0.041500,0.050500,0.054500,0.049000,0.036000,0.039000,0.036500,0.031000,0.029000,0.023500,0.024500,0.017500,0.022000,0.019000,0.019000,0.017500,0.014000,0.012000,0.013000,0.013000,0.013500,0.014000,0.014000,0.013500,0.013000,0.011500,0.010500,0.012500,0.010500,0.010000,0.014000,0.015000,0.011000,0.013500,0.012500,0.014000,0.012000,0.013000
0.010500,0.011500,0.008000,0.007500,0.007500,0.008500,0.008000,0.006500,0.008000,0.010000,0.012000,0.011500,0.010000,0.011000,0.011500,0.010500,0.010000,0.009500,0.010000,0.008000,0.008500,0.007500,0.007500,0.010500,0.007500,0.008500,0.007500,0.007500,0.007500,0.012000,0.009000,0.006500,0.015500,0.006500,0.012500,0.015000,0.012000,0.014500,0.012500,0.015500,0.015500,0.018000,0.021000,0.023500,0.032000,0.043000,0.049000,0.063500,0.084500,0.099000,0.111500,0.126000,0.188500,0.175500,0.291000,0.334500,0.582500,1.000000,1.000000,1.000000,1.000000,0.000000,1.000000,1.000000,1.000000,1.000000,0.887500,0.733500,0.517500,0.536500,0.349000,0.275500,0.222500,0.179000,0.136000,0.149000,0.095500,0.116000,0.082500,0.047500,0.061500,0.057000,0.044000,0.046000,0.050000,0.049000,0.036500,0.037000,0.030500,0.029500,0.030500,0.028000,0.025000,0.022000,0.022500,0.022500,0.019000,0.022500,0.018000,0.014500,0.015500,0.014000,0.014000,0.013000,0.011000,0.015000,0.013500,0.010500,0.008000,0.011000,0.011500,0.009000,0.013000,0.011500,0.008500,0.009500,0.011000,0.011500,0.011000,0.010000
0.008500,0.008000,0.009000,0.007000,0.006000,0.007500,0.008000,0.005500,0.007500,0.010500,0.009000,0.009500,0.008500,0.009500,0.010500,0.010000,0.007500,0.007000,0.011000,0.011500,0.009000,0.008000,0.008000,0.008000,0.007000,0.007000,0.006000,0.006000,0.004500,0.008000,0.008500,0.006000,0.012000,0.006500,0.010500,0.010000,0.010500,0.010000,0.013000,0.014500,0.014500,0.016500,0.017000,0.022000,0.030000,0.034500,0.048500,0.056500,0.072500,0.076500,0.083500,0.104000,0.147500,0.124000,0.196000,0.223000,0.392500,0.758000,1.000000,1.000000,1.000000,1.000000,0.000000,1.000000,1.000000,1.000000,1.000000,0.827500,0.567500,0.568000,0.377500,0.303500,0.210500,0.169000,0.129500,0.137000,0.093500,0.124500,0.076000,0.045500,0.054000,0.052000,0.039000,0.041500,0.051000,0.049500,0.031500,0.032000,0.031500,0.032500,0.030500,0.026000,0.029500,0.020500,0.028000,0.024000,0.020500,0.022500,0.021000,0.017500,0.019500,0.013500,0.013000,0.013000,0.010500,0.014500,0.010500,0.007000,0.009500,0.010000,0.007500,0.006000,0.010000,0.011500,0.008500,0.009000,0.009000,0.012000,0.010000,0.014000
0.006000,0.008000,0.006000,0.006500,0.006500,0.006500,0.007500,0.008000,0.009000,0.010000,0.010500,0.007500,0.009000,0.011000,0.010500,0.012500,0.010000,0.009500,0.009500,0.006500,0.008000,0.006000,0.006500,0.007500,0.006000,0.008500,0.007500,0.007000,0.008000,0.010000,0.012000,0.007500,0.014500,0.011000,0.011500,0.013500,0.012500,0.011000,0.011500,0.014000,0.017000,0.019000,0.019500,0.021500,0.027500,0.033500,0.046500,0.050500,0.067000,0.072000,0.070000,0.092000,0.113500,0.113500,0.163500,0.163500,0.270500,0.493000,0.762000,1.000000,1.000000,1.000000,1.000000,0.000000,1.000000,1.000000,1.000000,1.000000,0.844500,0.765500,0.571500,0.474000,0.358000,0.264000,0.186500,0.189000,0.123500,0.157500,0.094500,0.058500,0.075000,0.061500,0.053000,0.059000,0.061000,0.055000,0.037500,0.040000,0.036500,0.034500,0.035500,0.031000,0.030500,0.027000,0.029500,0.030000,0.026000,0.026500,0.025000,0.020000,0.018000,0.013000,0.014000,0.012000,0.010500,0.016000,0.011500,0.012000,0.011000,0.012500,0.011500,0.010500,0.011000,0.015500,0.009500,0.012500,0.012000,0.013500,0.011000,0.017000
0.008500,0.009500,0.007500,0.007500,0.007500,0.007500,0.007500,0.005500,0.008000,0.008000,0.008000,0.009500,0.007500,0.009000,0.009000,0.010500,0.011000,0.009000,0.013000,0.009000,0.009000,0.008000,0.007000,0.008000,0.008000,0.005000,0.006500,0.005500,0.005500,0.011500,0.009000,0.008500,0.015000,0.008000,0.009500,0.012500,0.011500,0.011500,0.014500,0.017000,0.014000,0.018500,0.019000,0.020500,0.028500,0.033500,0.040500,0.050000,0.064000,0.068500,0.067500,0.085500,0.120500,0.108500,0.161000,0.175000,0.282500,0.430500,0.603000,0.844000,1.000000,1.000000,1.000000,1.000000,0.000000,1.000000,1.000000,1.000000,1.000000,0.935500,0.770500,0.643500,0.526500,0.385000,0.251000,0.252000,0.137000,0.183500,0.115000,0.061500,0.074000,0.069000,0.053500,0.056000,0.064500,0.058500,0.040000,0.034500,0.035500,0.036000,0.037500,0.031500,0.032500,0.029000,0.030000,0.026000,0.024500,0.024500,0.021000,0.022000,0.021000,0.017500,0.014500,0.015500,0.013000,0.017000,0.015000,0.009500,0.010500,0.011000,0.010000,0.007500,0.010000,0.012500,0.009500,0.010500,0.011000,0.015500,0.011000,0.015000
0.008000,0.010000,0.009000,0.009000,0.007500,0.010000,0.010500,0.008500,0.010500,0.013000,0.012000,0.012000,0.012000,0.011000,0.012000,0.010500,0.011500,0.010500,0.013500,0.008000,0.009000,0.009000,0.007500,0.008000,0.008000,0.007000,0.008000,0.008000,0.006500,0.010000,0.010500,0.009000,0.013000,0.010000,0.012500,0.014000,0.011000,0.013000,0.011500,0.017000,0.018000,0.022500,0.019000,0.022000,0.029500,0.034000,0.041500,0.043500,0.056500,0.066000,0.069500,0.089000,0.117000,0.117500,0.167500,0.173500,0.262500,0.379000,0.491500,0.731000,0.853000,1.000000,1.000000,1.000000,1.000000,0.000000,1.000000,1.000000,1.000000,1.000000,0.880500,0.734000,0.635000,0.494000,0.353000,0.284000,0.178000,0.226500,0.129000,0.083500,0.098000,0.094500,0.073000,0.078000,0.076500,0.071500,0.048500,0.043000,0.038500,0.040500,0.040500,0.038000,0.043000,0.035500,0.040000,0.031500,0.031500,0.028000,0.030500,0.027500,0.025500,0.020500,0.019500,0.017500,0.015000,0.017500,0.016500,0.012000,0.009000,0.014500,0.013500,0.013500,0.014500,0.017500,0.013000,0.014500,0.012000,0.016000,0.011000,0.016000
0.004000,0.004500,0.006000,0.005500,0.005500,0.005500,0.006500,0.005000,0.005000,0.007000,0.005500,0.008000,0.005500,0.006000,0.008000,0.008500,0.006000,0.005500,0.009000,0.004000,0.005500,0.004500,0.006500,0.007500,0.006500,0.005000,0.005000,0.004500,0.005000,0.008000,0.008000,0.005500,0.013500,0.009000,0.009000,0.011500,0.008000,0.009500,0.011000,0.013500,0.013000,0.014000,0.016000,0.013500,0.021000,0.024000,0.025500,0.032500,0.043000,0.044500,0.044000,0.055000,0.073500,0.071500,0.107500,0.099000,0.163500,0.213000,0.284500,0.440000,0.551000,0.887500,1.000000,1.000000,1.000000,1.000000,0.000000,1.000000,1.000000,1.000000,1.000000,0.887500,0.779000,0.626000,0.439000,0.322500,0.154000,0.235500,0.113000,0.054500,0.079000,0.076500,0.055000,0.052500,0.055000,0.062500,0.040500,0.037000,0.027000,0.031500,0.033500,0.030500,0.033500,0.029500,0.029500,0.027000,0.024000,0.022000,0.020500,0.022000,0.018000,0.018500,0.014000,0.011000,0.010000,0.015000,0.013500,0.008500,0.006500,0.008500,0.008500,0.009500,0.011000,0.013000,0.009000,0.009500,0.010000,0.009500,0.010000,0.012500
0.004500,0.005500,0.005000,0.005000,0.003500,0.006000,0.007500,0.006500,0.007500,0.008500,0.006000,0.007500,0.006000,0.005000,0.007500,0.007000,0.005000,0.007500,0.007500,0.004500,0.005000,0.005500,0.006000,0.007500,0.007000,0.005500,0.006000,0.006000,0.006500,0.011000,0.007500,0.008000,0.015000,0.010000,0.011000,0.011500,0.007500,0.010000,0.012000,0.013000,0.010500,0.016500,0.015500,0.015000,0.021000,0.027000,0.029500,0.036500,0.039500,0.043500,0.046000,0.054000,0.079500,0.082500,0.103000,0.104000,0.157500,0.193000,0.248000,0.353500,0.442000,0.733500,0.827500,1.000000,1.000000,1.000000,1.000000,0.000000,1.000000,1.000000,1.000000,1.000000,0.936500,0.840500,0.738000,0.591000,0.355500,0.384500,0.169500,0.093000,0.111500,0.107000,0.070000,0.067500,0.073000,0.077000,0.045500,0.042500,0.034000,0.040500,0.033000,0.032000,0.034000,0.030500,0.036500,0.032000,0.029500,0.025500,0.026500,0.023000,0.021500,0.018000,0.017500,0.016000,0.014500,0.020000,0.015500,0.009000,0.014500,0.012500,0.011000,0.010500,0.014000,0.018500,0.011000,0.014500,0.015000,0.013500,0.012500,0.014500
0.004500,0.005500,0.005000,0.004000,0.003500,0.005500,0.006000,0.005000,0.006500,0.008000,0.008000,0.009000,0.006500,0.005000,0.005000,0.006000,0.004000,0.005500,0.006500,0.005500,0.005000,0.004500,0.006500,0.008000,0.007000,0.007500,0.006500,0.006000,0.007000,0.009000,0.008500,0.006000,0.014000,0.011000,0.011000,0.009500,0.006500,0.008500,0.009500,0.013000,0.011500,0.014000,0.015500,0.017500,0.020000,0.020500,0.027500,0.032000,0.038000,0.039000,0.050000,0.055000,0.072000,0.080000,0.100500,0.094000,0.136500,0.163500,0.204000,0.265000,0.319000,0.517500,0.567500,0.844500,1.000000,1.000000,1.000000,1.000000,0.000000,1.000000,1.000000,1.000000,1.000000,0.902000,0.796500,0.734000,0.512000,0.485000,0.207000,0.106000,0.144000,0.127000,0.081500,0.079000,0.083000,0.080000,0.053000,0.047000,0.041000,0.036000,0.035000,0.029500,0.034000,0.034000,0.035000,0.029000,0.028500,0.025500,0.025500,0.023500,0.022000,0.020500,0.023000,0.019000,0.016500,0.017500,0.013000,0.011000,0.014500,0.017000,0.013000,0.013000,0.015500,0.017500,0.011000,0.014000,0.013500,0.014000,0.011000,0.013000
0.005500,0.007000,0.005500,0.007000,0.007000,0.008500,0.010000,0.008500,0.011000,0.011000,0.011500,0.010000,0.006500,0.006000,0.005500,0.010000,0.006000,0.007000,0.012500,0.008000,0.007000,0.007500,0.010500,0.011000,0.011500,0.014500,0.011500,0.010000,0.010000,0.014000,0.012500,0.009500,0.018500,0.013000,0.013000,0.015000,0.011000,0.014500,0.012000,0.019000,0.012000,0.018000,0.020500,0.019500,0.024500,0.029000,0.031500,0.039500,0.048500,0.047500,0.057500,0.068500,0.092500,0.098500,0.122500,0.112500,0.174000,0.203000,0.253500,0.323000,0.368500,0.536500,0.568000,0.765500,0.935500,1.000000,1.000000,1.000000,1.000000,0.000000,1.000000,1.000000,1.000000,1.000000,0.943000,0.880000,0.800500,0.722000,0.442500,0.227500,0.253500,0.223000,0.144500,0.143000,0.135000,0.122000,0.088000,0.084000,0.069000,0.059500,0.055500,0.047000,0.052500,0.045500,0.048000,0.043500,0.041500,0.045500,0.038500,0.035500,0.034500,0.032500,0.035000,0.028500,0.022000,0.029500,0.024000,0.019500,0.022500,0.026000,0.025000,0.018500,0.025500,0.026000,0.017500,0.016000,0.023000,0.023000,0.017500,0.020000
0.002500,0.002000,0.003000,0.004000,0.003000,0.003000,0.004500,0.006000,0.006500,0.007500,0.005500,0.004500,0.005000,0.004500,0.004000,0.006000,0.003500,0.004500,0.006500,0.005000,0.004500,0.004500,0.005500,0.005500,0.007500,0.007500,0.006000,0.006500,0.007000,0.008000,0.008500,0.007500,0.011000,0.008000,0.010000,0.010000,0.006000,0.006500,0.008000,0.010500,0.008500,0.016000,0.016500,0.013500,0.018000,0.017500,0.020500,0.027500,0.028000,0.030000,0.031500,0.046500,0.066000,0.065000,0.078500,0.076500,0.112000,0.127000,0.160500,0.194000,0.235500,0.349000,0.377500,0.571500,0.770500,0.880500,1.000000,1.000000,1.000000,1.000000,0.000000,1.000000,1.000000,1.000000,1.000000,0.925500,0.859500,0.819500,0.504000,0.286500,0.278000,0.219500,0.133500,0.129000,0.123000,0.100000,0.069500,0.063500,0.048500,0.046000,0.045500,0.038500,0.044500,0.038000,0.043500,0.041500,0.037500,0.034500,0.032000,0.032000,0.031000,0.026000,0.023500,0.026000,0.022000,0.027000,0.022500,0.017500,0.018500,0.021000,0.017500,0.019500,0.018000,0.017000,0.014000,0.017000,0.020000,0.019500,0.015000,0.018000
0.002000,0.003000,0.004000,0.004000,0.004500,0.004000,0.004500,0.005500,0.006500,0.009000,0.008500,0.008000,0.005500,0.006500,0.006000,0.004500,0.002000,0.005000,0.008500,0.008500,0.006000,0.005500,0.005000,0.007000,0.007000,0.007000,0.005000,0.007000,0.006500,0.008000,0.008000,0.007500,0.009000,0.008000,0.010500,0.008500,0.007500,0.007500,0.007000,0.008500,0.007000,0.011500,0.014000,0.014500,0.017000,0.017500,0.019500,0.023000,0.028000,0.030000,0.035500,0.043500,0.056500,0.052000,0.066500,0.064500,0.104500,0.114500,0.147000,0.161500,0.195500,0.275500,0.303500,0.474000,0.643500,0.734000,0.887500,1.000000,1.000000,1.000000,1.000000,0.000000,1.000000,1.000000,1.000000,1.000000,0.944500,0.893500,0.739500,0.431000,0.389500,0.286500,0.175500,0.146000,0.134000,0.116500,0.076500,0.072500,0.057500,0.052500,0.047500,0.039000,0.049500,0.037500,0.042500,0.034500,0.040000,0.040000,0.036500,0.037000,0.028000,0.027500,0.029500,0.026500,0.021000,0.028000,0.024500,0.015500,0.019000,0.018500,0.017500,0.017000,0.018000,0.018500,0.012500,0.017500,0.016500,0.019500,0.015500,0.017500
0.005000,0.004000,0.004500,0.004500,0.004000,0.004500,0.005000,0.005000,0.005000,0.008500,0.006000,0.005000,0.007000,0.006000,0.004000,0.003000,0.001500,0.002000,0.007000,0.005500,0.005500,0.005000,0.004500,0.007000,0.006500,0.006500,0.006000,0.006500,0.005500,0.007000,0.009500,0.006000,0.009500,0.008000,0.008500,0.010000,0.008000,0.012500,0.008500,0.010500,0.008500,0.012500,0.013000,0.012500,0.017500,0.014500,0.017500,0.025500,0.026000,0.027000,0.033000,0.040500,0.049000,0.047500,0.061000,0.057000,0.094500,0.100500,0.127000,0.143500,0.167000,0.222500,0.210500,0.358000,0.526500,0.635000,0.779000,0.936500,1.000000,1.000000,1.000000,1.000000,0.000000,1.000000,1.000000,1.000000,1.000000,0.955000,0.799000,0.637000,0.519000,0.393500,0.224500,0.192000,0.181500,0.144000,0.095500,0.092500,0.065000,0.065000,0.055000,0.054000,0.056000,0.043500,0.045000,0.037500,0.041500,0.040000,0.037500,0.036000,0.034000,0.029500,0.028000,0.027500,0.022500,0.024000,0.024000,0.014000,0.018000,0.021500,0.017000,0.014000,0.017500,0.018500,0.010000,0.016000,0.013500,0.019500,0.013500,0.019500
0.005000,0.006000,0.003500,0.004000,0.003000,0.005500,0.006500,0.007000,0.006500,0.007000,0.005000,0.005500,0.007000,0.004000,0.005000,0.003500,0.001000,0.003500,0.009500,0.005000,0.004000,0.005000,0.006000,0.006000,0.007500,0.007000,0.007500,0.007000,0.005500,0.005500,0.006500,0.006000,0.011000,0.007000,0.007500,0.008500,0.007000,0.009500,0.009500,0.013000,0.011000,0.011000,0.014000,0.013000,0.014500,0.016000,0.017000,0.023000,0.024500,0.027000,0.027000,0.032000,0.043500,0.043000,0.054500,0.047500,0.086000,0.090500,0.109000,0.119000,0.138500,0.179000,0.169000,0.264000,0.385000,0.494000,0.626000,0.840500,0.902000,1.000000,1.000000,1.000000,1.000000,0.000000,1.000000,1.000000,1.000000,1.000000,0.933500,0.756000,0.662500,0.511000,0.293500,0.245000,0.220500,0.179500,0.119000,0.113000,0.081000,0.079000,0.070000,0.061500,0.062000,0.050000,0.053000,0.041500,0.049000,0.042500,0.043000,0.042000,0.037000,0.032500,0.030500,0.031500,0.022000,0.030000,0.024500,0.016500,0.020500,0.023500,0.020500,0.014000,0.016000,0.017000,0.013000,0.017000,0.016000,0.018500,0.014500,0.018500
0.006000,0.005000,0.004500,0.004000,0.004500,0.004000,0.005500,0.005500,0.005500,0.008500,0.007500,0.005000,0.006500,0.005000,0.005000,0.004500,0.003000,0.005000,0.008000,0.004500,0.005500,0.004500,0.004500,0.005500,0.007000,0.006500,0.006500,0.007000,0.006000,0.008000,0.006500,0.006000,0.012000,0.011000,0.009500,0.009500,0.007500,0.010000,0.008500,0.012500,0.008500,0.010500,0.012500,0.011000,0.014500,0.011000,0.014000,0.018500,0.024000,0.025500,0.027500,0.030500,0.037500,0.040000,0.050500,0.044000,0.069000,0.068500,0.100000,0.099500,0.116000,0.136000,0.129500,0.186500,0.251000,0.353000,0.439000,0.738000,0.796500,0.943000,1.000000,1.000000,1.000000,1.000000,0.000000,1.000000,1.000000,1.000000,1.000000,0.738500,0.742000,0.607500,0.362000,0.303500,0.264500,0.206000,0.144500,0.138000,0.102000,0.096000,0.079500,0.069500,0.068000,0.057000,0.059000,0.047000,0.052500,0.048500,0.050000,0.043500,0.039000,0.037000,0.035000,0.038500,0.026500,0.031000,0.027000,0.022000,0.024000,0.024000,0.023500,0.017000,0.023500,0.021500,0.016500,0.016500,0.019000,0.022500,0.016500,0.020000
0.008500,0.008000,0.007000,0.005500,0.005500,0.007000,0.005500,0.006000,0.006500,0.009000,0.010500,0.008000,0.006500,0.007500,0.005500,0.006000,0.004000,0.005500,0.008500,0.006500,0.005000,0.006500,0.006500,0.007000,0.005000,0.008000,0.007000,0.006500,0.008500,0.009500,0.008500,0.007000,0.011000,0.007500,0.009500,0.012000,0.009000,0.016500,0.011000,0.014500,0.011500,0.012500,0.009500,0.008500,0.013500,0.010500,0.013000,0.019000,0.024500,0.026000,0.030500,0.040500,0.045000,0.046000,0.061500,0.047500,0.076000,0.083000,0.106500,0.115500,0.136000,0.149000,0.137000,0.189000,0.252000,0.284000,0.322500,0.591000,0.734000,0.880000,0.925500,1.000000,1.000000,1.000000,1.000000,0.000000,1.000000,1.000000,1.000000,1.000000,0.897000,0.769500,0.502000,0.429000,0.364500,0.289000,0.205000,0.192500,0.143000,0.132000,0.110500,0.094500,0.094500,0.077500,0.076500,0.061500,0.066000,0.061000,0.058500,0.052000,0.052500,0.045000,0.043500,0.043000,0.037000,0.038500,0.037000,0.030000,0.033000,0.031000,0.028500,0.026000,0.028000,0.027500,0.018500,0.024500,0.025000,0.028000,0.020500,0.025500
0.004500,0.005500,0.005000,0.005000,0.003500,0.001500,0.004000,0.006000,0.003000,0.005500,0.006000,0.005500,0.005000,0.005500,0.004500,0.006000,0.004500,0.006500,0.007000,0.005000,0.002500,0.003500,0.003000,0.005000,0.005000,0.007000,0.006500,0.007000,0.005000,0.007000,0.007500,0.007500,0.009500,0.008000,0.008500,0.008500,0.008500,0.009500,0.009000,0.010000,0.011000,0.011000,0.009500,0.008000,0.009000,0.010500,0.012000,0.018000,0.019000,0.022000,0.026000,0.032500,0.032500,0.037000,0.043000,0.038000,0.059000,0.061000,0.076000,0.084500,0.095500,0.095500,0.093500,0.123500,0.137000,0.178000,0.154000,0.355500,0.512000,0.800500,0.859500,0.944500,1.000000,1.000000,1.000000,1.000000,0.000000,1.000000,1.000000,1.000000,1.000000,0.926000,0.676000,0.507000,0.394000,0.309500,0.208500,0.189000,0.146500,0.125000,0.107000,0.087000,0.089000,0.070500,0.075000,0.061000,0.067500,0.058500,0.052500,0.046500,0.046500,0.040500,0.042000,0.043000,0.033000,0.037500,0.038500,0.026500,0.031500,0.028500,0.022500,0.019000,0.026000,0.022000,0.015500,0.022500,0.023000,0.024500,0.015500,0.020500
0.005000,0.006500,0.005000,0.005500,0.004000,0.005500,0.005000,0.004500,0.004000,0.007000,0.006500,0.007500,0.007500,0.007500,0.008500,0.007500,0.007500,0.011000,0.010000,0.009000,0.007500,0.005000,0.007000,0.007000,0.007000,0.008000,0.007500,0.008000,0.010000,0.009000,0.007000,0.007000,0.012500,0.009500,0.012000,0.009500,0.008500,0.012000,0.010500,0.012500,0.012000,0.014000,0.016500,0.011500,0.014000,0.014500,0.016000,0.022000,0.022000,0.027500,0.033000,0.036000,0.040000,0.039000,0.052500,0.043000,0.071000,0.073500,0.094000,0.094500,0.100500,0.116000,0.124500,0.157500,0.183500,0.226500,0.235500,0.384500,0.485000,0.722000,0.819500,0.893500,0.955000,1.000000,1.000000,1.000000,1.000000,0.000000,1.000000,1.000000,1.000000,1.000000,0.816500,0.695500,0.517000,0.390500,0.280500,0.253000,0.200000,0.179000,0.143000,0.125500,0.116000,0.097500,0.104000,0.089000,0.091500,0.084000,0.081000,0.072500,0.066500,0.059000,0.057500,0.054000,0.043500,0.048500,0.047500,0.034000,0.037500,0.036000,0.033500,0.029500,0.041000,0.035000,0.021500,0.027500,0.031500,0.033000,0.027000,0.032500
0.004500,0.004500,0.004500,0.004000,0.003500,0.003500,0.004500,0.005000,0.004500,0.007500,0.005000,0.006500,0.006500,0.006500,0.005500,0.005500,0.006000,0.009000,0.006500,0.005500,0.006000,0.003500,0.004500,0.004500,0.005500,0.006500,0.008000,0.009000,0.009500,0.012500,0.009500,0.007500,0.012500,0.010000,0.009000,0.009500,0.007000,0.007500,0.009500,0.012500,0.010000,0.011000,0.012500,0.010000,0.013500,0.012500,0.017500,0.022000,0.025000,0.030000,0.030000,0.036000,0.046000,0.039500,0.052500,0.043000,0.058000,0.057500,0.075000,0.064500,0.088000,0.082500,0.076000,0.094500,0.115000,0.129000,0.113000,0.169500,0.207000,0.442500,0.504000,0.739500,0.799000,0.933500,1.000000,1.000000,1.000000,1.000000,0.000000,1.000000,1.000000,1.000000,1.000000,0.802500,0.625500,0.494500,0.337000,0.289500,0.220500,0.198500,0.162000,0.137000,0.137000,0.105500,0.113000,0.092000,0.096000,0.091000,0.082000,0.077500,0.074500,0.067500,0.058500,0.058000,0.050000,0.056000,0.049500,0.041000,0.042500,0.044500,0.033500,0.035500,0.040000,0.033500,0.027000,0.027000,0.025000,0.031500,0.022500,0.023500
0.003500,0.003500,0.003500,0.004500,0.003500,0.003000,0.002500,0.002000,0.003000,0.005000,0.004000,0.005500,0.004000,0.003500,0.004500,0.005500,0.004000,0.006500,0.005500,0.006000,0.003500,0.003000,0.002500,0.002500,0.004000,0.005500,0.003500,0.005000,0.006000,0.008000,0.005000,0.007000,0.008000,0.006500,0.007500,0.008000,0.005500,0.006500,0.006000,0.007500,0.007000,0.008000,0.007000,0.006000,0.007500,0.009000,0.007000,0.012500,0.013500,0.014500,0.019500,0.026000,0.026500,0.027000,0.031500,0.027000,0.039500,0.036000,0.045000,0.049000,0.056000,0.047500,0.045500,0.058500,0.061500,0.083500,0.054500,0.093000,0.106000,0.227500,0.286500,0.431000,0.637000,0.756000,0.738500,1.000000,1.000000,1.000000,1.000000,0.000000,1.000000,1.000000,1.000000,1.000000,0.862000,0.617500,0.407500,0.338000,0.235000,0.188500,0.147000,0.111500,0.112000,0.088000,0.095500,0.076000,0.078000,0.071000,0.067500,0.062000,0.059000,0.053500,0.049000,0.042000,0.040000,0.047500,0.041000,0.030000,0.035500,0.034500,0.024000,0.025000,0.028500,0.025000,0.019000,0.021500,0.020000,0.024500,0.012500,0.016000
0.004000,0.004000,0.003500,0.004000,0.004500,0.004000,0.003000,0.003500,0.004000,0.006500,0.006500,0.005000,0.005500,0.004000,0.005500,0.005000,0.005000,0.006500,0.005500,0.007000,0.006000,0.003000,0.003500,0.005000,0.006000,0.008500,0.005000,0.006000,0.005000,0.010500,0.007500,0.006500,0.009000,0.006500,0.009500,0.011000,0.006500,0.008000,0.006500,0.010500,0.010500,0.008500,0.011000,0.010500,0.013000,0.010500,0.011500,0.014500,0.016500,0.019500,0.026500,0.026500,0.031000,0.030500,0.041000,0.029000,0.049000,0.044500,0.056500,0.058000,0.065500,0.061500,0.054000,0.075000,0.074000,0.098000,0.079000,0.111500,0.144000,0.253500,0.278000,0.389500,0.519000,0.662500,0.742000,0.897000,1.000000,1.000000,1.000000,1.000000,0.000000,1.000000,1.000000,1.000000,1.000000,0.856000,0.618000,0.533000,0.372000,0.288500,0.210000,0.170000,0.149000,0.121000,0.135500,0.111500,0.109000,0.102500,0.090500,0.075000,0.071000,0.067500,0.058000,0.053000,0.047000,0.052500,0.046000,0.035000,0.039000,0.037000,0.030500,0.028000,0.033500,0.030000,0.020500,0.025000,0.030000,0.031000,0.020000,0.026000
0.003500,0.004500,0.004500,0.004500,0.003500,0.005500,0.004000,0.004000,0.005500,0.006500,0.009000,0.007500,0.006000,0.006000,0.005500,0.006000,0.006000,0.007000,0.007000,0.005500,0.005000,0.003000,0.003000,0.005500,0.003500,0.006000,0.003500,0.004000,0.006000,0.008500,0.007000,0.007500,0.009000,0.007000,0.009000,0.009500,0.006000,0.007000,0.005000,0.009500,0.006500,0.008000,0.008000,0.010500,0.015000,0.013500,0.011000,0.014500,0.016500,0.020000,0.025000,0.026500,0.029500,0.030500,0.041500,0.030000,0.043500,0.045000,0.047500,0.046500,0.058500,0.057000,0.052000,0.061500,0.069000,0.094500,0.076500,0.107000,0.127000,0.223000,0.219500,0.286500,0.393500,0.511000,0.607500,0.769500,0.926000,1.000000,1.000000,1.000000,1.000000,0.000000,1.000000,1.000000,1.000000,1.000000,0.863500,0.722500,0.516000,0.429500,0.310000,0.229500,0.194000,0.157500,0.180500,0.139000,0.130000,0.120000,0.108000,0.097000,0.087000,0.075500,0.068000,0.059000,0.057500,0.068000,0.058000,0.043500,0.041500,0.043000,0.034000,0.032000,0.040000,0.039000,0.024500,0.029000,0.033000,0.035500,0.023000,0.027000
0.004000,0.004500,0.002500,0.003500,0.002000,0.002000,0.002500,0.003000,0.002000,0.004000,0.005500,0.007000,0.005500,0.005500,0.005500,0.006500,0.003000,0.006500,0.007000,0.006000,0.003500,0.003500,0.003500,0.004500,0.004000,0.005500,0.002500,0.004000,0.003000,0.007500,0.008500,0.005000,0.007000,0.006500,0.007000,0.008000,0.007000,0.005500,0.004500,0.007000,0.007500,0.006500,0.010500,0.009500,0.011000,0.008500,0.010000,0.011000,0.014500,0.017500,0.018000,0.019000,0.023500,0.024000,0.029500,0.023500,0.030500,0.028000,0.039500,0.035500,0.041500,0.044000,0.039000,0.053000,0.053500,0.073000,0.055000,0.070000,0.081500,0.144500,0.133500,0.175500,0.224500,0.293500,0.362000,0.502000,0.676000,0.816500,1.000000,1.000000,1.000000,1.000000,0.000000,1.000000,1.000000,1.000000,1.000000,0.858500,0.657000,0.482500,0.354500,0.255500,0.203000,0.163500,0.178000,0.130000,0.131500,0.118500,0.106000,0.087500,0.083500,0.068000,0.068000,0.060500,0.048500,0.061000,0.045500,0.029500,0.035500,0.039500,0.029000,0.030000,0.038000,0.036500,0.022500,0.028500,0.029500,0.032500,0.020500,0.023500
0.003000,0.004500,0.003000,0.003000,0.003000,0.003000,0.003500,0.002500,0.003500,0.004500,0.007500,0.007000,0.008000,0.006500,0.004500,0.005000,0.003000,0.006000,0.005000,0.006000,0.005000,0.004000,0.004500,0.007000,0.005000,0.005000,0.003500,0.004000,0.003500,0.007500,0.007000,0.005500,0.008500,0.008500,0.006500,0.010500,0.006500,0.004500,0.005500,0.006500,0.007500,0.008000,0.007000,0.009500,0.011000,0.011000,0.010000,0.011500,0.014500,0.017500,0.021000,0.020500,0.026000,0.026500,0.028000,0.021500,0.036000,0.032000,0.047000,0.041500,0.050500,0.046000,0.041500,0.059000,0.056000,0.078000,0.052500,0.067500,0.079000,0.143000,0.129000,0.146000,0.192000,0.245000,0.303500,0.429000,0.507000,0.695500,0.802500,1.000000,1.000000,1.000000,1.000000,0.000000,1.000000,1.000000,1.000000,1.000000,0.902500,0.724000,0.558500,0.408000,0.281000,0.231500,0.243500,0.190000,0.176500,0.145500,0.125000,0.102500,0.099000,0.083000,0.078500,0.076000,0.057000,0.072000,0.054000,0.041500,0.045500,0.044000,0.032000,0.028000,0.039500,0.041000,0.024000,0.031500,0.029500,0.034500,0.022000,0.026000
0.005500,0.005000,0.005000,0.004500,0.005000,0.007000,0.005000,0.004500,0.005500,0.006000,0.008000,0.006000,0.006500,0.005000,0.006000,0.006500,0.004500,0.005500,0.007000,0.006000,0.004500,0.004000,0.004000,0.005500,0.004000,0.005000,0.003500,0.003500,0.004000,0.010000,0.007000,0.006000,0.008500,0.006500,0.007000,0.008500,0.008000,0.006500,0.006000,0.006000,0.007000,0.008500,0.007000,0.008000,0.012500,0.012000,0.015000,0.015000,0.017500,0.018000,0.021500,0.024500,0.030000,0.027500,0.032000,0.024000,0.034500,0.037500,0.046000,0.050000,0.054500,0.050000,0.051000,0.061000,0.064500,0.076500,0.055000,0.073000,0.083000,0.135000,0.123000,0.134000,0.181500,0.220500,0.264500,0.364500,0.394000,0.517000,0.625500,0.862000,1.000000,1.000000,1.000000,1.000000,0.000000,1.000000,1.000000,1.000000,1.000000,0.902000,0.735500,0.594000,0.400500,0.317500,0.333000,0.252500,0.236500,0.184500,0.170000,0.140500,0.127000,0.115000,0.097500,0.093000,0.082000,0.089500,0.073500,0.055500,0.057500,0.060000,0.047000,0.047500,0.052500,0.049500,0.031000,0.038500,0.041000,0.043500,0.027500,0.031000
0.005500,0.005000,0.004500,0.005000,0.003500,0.005000,0.005500,0.005000,0.005500,0.007000,0.005500,0.004500,0.005500,0.006500,0.006000,0.005500,0.005000,0.007500,0.005000,0.006000,0.004500,0.006500,0.006500,0.005000,0.004500,0.005500,0.003500,0.004500,0.003500,0.007500,0.008000,0.006000,0.008500,0.007000,0.008500,0.011000,0.008000,0.009000,0.006500,0.007500,0.006500,0.011500,0.010000,0.011500,0.017500,0.017000,0.017500,0.016000,0.019000,0.016000,0.018000,0.021000,0.027000,0.029000,0.034500,0.025500,0.036500,0.036500,0.047000,0.051500,0.049000,0.049000,0.049500,0.055000,0.058500,0.071500,0.062500,0.077000,0.080000,0.122000,0.100000,0.116500,0.144000,0.179500,0.206000,0.289000,0.309500,0.390500,0.494500,0.617500,0.856000,1.000000,1.000000,1.000000,1.000000,0.000000,1.000000,1.000000,1.000000,1.000000,0.868500,0.683000,0.469000,0.393000,0.405500,0.323500,0.283500,0.232000,0.202000,0.172500,0.154500,0.139000,0.124000,0.109500,0.093000,0.101500,0.082500,0.065000,0.064500,0.067000,0.057500,0.053000,0.058500,0.058000,0.041500,0.047000,0.045000,0.043000,0.032500,0.036500
0.002000,0.002500,0.002000,0.003500,0.003000,0.003500,0.003500,0.002500,0.003500,0.004500,0.005500,0.006000,0.005500,0.005000,0.005500,0.006500,0.005500,0.005500,0.005000,0.005500,0.004000,0.003000,0.004000,0.004500,0.005500,0.004500,0.003000,0.004000,0.003500,0.005500,0.006000,0.004500,0.006500,0.007000,0.007500,0.008000,0.006500,0.007500,0.007000,0.008000,0.007000,0.007500,0.009500,0.007500,0.011000,0.011500,0.011000,0.009000,0.011000,0.012000,0.014000,0.015500,0.019500,0.017000,0.023500,0.015000,0.028000,0.023000,0.028500,0.033500,0.036000,0.036500,0.031500,0.037500,0.040000,0.048500,0.040500,0.045500,0.053000,0.088000,0.069500,0.076500,0.095500,0.119000,0.144500,0.205000,0.208500,0.280500,0.337000,0.407500,0.618000,0.863500,1.000000,1.000000,1.000000,1.000000,0.000000,1.000000,1.000000,1.000000,1.000000,0.844000,0.533000,0.401000,0.454500,0.327000,0.285500,0.212500,0.177500,0.154000,0.135000,0.120000,0.117000,0.098000,0.084500,0.092500,0.076500,0.055500,0.057000,0.060500,0.043500,0.041000,0.047000,0.042500,0.029000,0.037000,0.035000,0.041500,0.027500,0.030000
0.003000,0.004000,0.004000,0.004000,0.004500,0.004000,0.004000,0.003000,0.003500,0.005500,0.007000,0.007000,0.006500,0.006000,0.007500,0.007500,0.004000,0.006000,0.004500,0.006000,0.004500,0.003500,0.004500,0.005000,0.005500,0.006000,0.004000,0.004000,0.004500,0.006500,0.005500,0.006000,0.007500,0.008000,0.008500,0.010000,0.007000,0.007000,0.008000,0.007000,0.008000,0.008500,0.007500,0.006500,0.010000,0.009500,0.010000,0.008500,0.014000,0.013000,0.013000,0.015500,0.016500,0.019500,0.023000,0.020500,0.027000,0.023500,0.027500,0.034500,0.039000,0.037000,0.032000,0.040000,0.034500,0.043000,0.037000,0.042500,0.047000,0.084000,0.063500,0.072500,0.092500,0.113000,0.138000,0.192500,0.189000,0.253000,0.289500,0.338000,0.533000,0.722500,0.858500,1.000000,1.000000,1.000000,1.000000,0.000000,1.000000,1.000000,1.000000,1.000000,0.570500,0.449000,0.537500,0.384500,0.349000,0.249500,0.221500,0.181000,0.157500,0.140000,0.127000,0.119500,0.105500,0.112000,0.095500,0.068500,0.065500,0.067000,0.049000,0.046000,0.048000,0.048500,0.027000,0.035500,0.041000,0.042500,0.028500,0.037000
0.003500,0.004000,0.002500,0.002000,0.003500,0.004000,0.003500,0.003500,0.003000,0.005500,0.007500,0.006000,0.007500,0.006000,0.006000,0.007000,0.004000,0.004500,0.005000,0.006500,0.005000,0.003000,0.005500,0.004000,0.005500,0.005000,0.003500,0.003500,0.004000,0.006000,0.006000,0.005500,0.007500,0.007500,0.007500,0.010000,0.006000,0.007000,0.007000,0.007500,0.007000,0.007000,0.006500,0.007000,0.008000,0.009000,0.008500,0.008500,0.009000,0.011000,0.013500,0.014000,0.016500,0.013000,0.017500,0.015500,0.024500,0.022000,0.029500,0.029500,0.036500,0.030500,0.031500,0.036500,0.035500,0.038500,0.027000,0.034000,0.041000,0.069000,0.048500,0.057500,0.065000,0.081000,0.102000,0.143000,0.146500,0.200000,0.220500,0.235000,0.372000,0.516000,0.657000,0.902500,1.000000,1.000000,1.000000,1.000000,0.000000,1.000000,1.000000,1.000000,1.000000,0.828000,0.678500,0.534500,0.445500,0.306500,0.275000,0.225000,0.188500,0.164500,0.160000,0.141500,0.111500,0.131500,0.102500,0.072500,0.068500,0.063000,0.053500,0.042000,0.048000,0.043000,0.028000,0.032500,0.036500,0.041000,0.030000,0.036500
0.002500,0.002500,0.001500,0.002500,0.001500,0.002000,0.002500,0.004000,0.004000,0.006000,0.008000,0.006000,0.006500,0.006500,0.006500,0.006500,0.004000,0.005500,0.005000,0.005500,0.004500,0.004000,0.005000,0.005000,0.006000,0.005500,0.004000,0.003500,0.004500,0.005000,0.004000,0.004500,0.008000,0.007500,0.009500,0.009500,0.007000,0.008500,0.006500,0.008000,0.006000,0.008000,0.007500,0.008000,0.006500,0.009000,0.007500,0.008500,0.009000,0.013000,0.016000,0.018500,0.016500,0.016000,0.018500,0.014500,0.023500,0.022000,0.030500,0.030000,0.031000,0.029500,0.032500,0.034500,0.036000,0.040500,0.031500,0.040500,0.036000,0.059500,0.046000,0.052500,0.065000,0.079000,0.096000,0.132000,0.125000,0.179000,0.198500,0.188500,0.288500,0.429500,0.482500,0.724000,0.902000,1.000000,1.000000,1.000000,1.000000,0.000000,1.000000,1.000000,1.000000,1.000000,0.870000,0.691000,0.632000,0.395000,0.362000,0.322000,0.240000,0.213000,0.192500,0.173000,0.136000,0.152000,0.117000,0.085000,0.079500,0.075500,0.059500,0.050500,0.057000,0.044500,0.032000,0.042500,0.040000,0.043000,0.029500,0.040500
0.001500,0.001500,0.001000,0.002000,0.002500,0.005000,0.002000,0.003000,0.003500,0.007000,0.008000,0.005500,0.006000,0.005500,0.004500,0.006500,0.005000,0.005500,0.006000,0.005000,0.004000,0.002500,0.003000,0.004500,0.005500,0.004000,0.003000,0.005500,0.004500,0.006500,0.005000,0.004000,0.007500,0.006500,0.009500,0.007000,0.006000,0.007500,0.006000,0.009000,0.006000,0.008000,0.008000,0.007000,0.009000,0.007500,0.007500,0.011500,0.010500,0.014000,0.016000,0.018000,0.017500,0.017000,0.020000,0.017500,0.024500,0.021500,0.025500,0.026500,0.029000,0.030500,0.030500,0.035500,0.037500,0.040500,0.033500,0.033000,0.035000,0.055500,0.045500,0.047500,0.055000,0.070000,0.079500,0.110500,0.107000,0.143000,0.162000,0.147000,0.210000,0.310000,0.354500,0.558500,0.735500,0.868500,1.000000,1.000000,1.000000,1.000000,0.000000,1.000000,1.000000,1.000000,1.000000,0.854500,0.800500,0.547500,0.455500,0.426500,0.305500,0.258500,0.227000,0.199500,0.168000,0.164500,0.135000,0.093000,0.093500,0.080000,0.057000,0.053000,0.063000,0.052000,0.032500,0.048000,0.042500,0.047500,0.034000,0.045000
0.003000,0.002500,0.001500,0.002500,0.003500,0.003000,0.003500,0.002000,0.004000,0.005000,0.007000,0.006000,0.004500,0.005000,0.005000,0.005500,0.003500,0.005000,0.005000,0.004500,0.003000,0.002000,0.001500,0.002500,0.004500,0.004500,0.003000,0.003000,0.004000,0.006000,0.006000,0.005000,0.007000,0.007000,0.008000,0.006500,0.007500,0.005500,0.007000,0.007500,0.004500,0.006500,0.007000,0.005500,0.007000,0.008500,0.006500,0.010500,0.008000,0.011000,0.013500,0.015000,0.017500,0.015500,0.017000,0.014000,0.020500,0.018000,0.022500,0.024500,0.023500,0.028000,0.026000,0.031000,0.031500,0.038000,0.030500,0.032000,0.029500,0.047000,0.038500,0.039000,0.054000,0.061500,0.069500,0.094500,0.087000,0.125500,0.137000,0.111500,0.170000,0.229500,0.255500,0.408000,0.594000,0.683000,0.844000,1.000000,1.000000,1.000000,1.000000,0.000000,1.000000,1.000000,1.000000,1.000000,0.930000,0.725500,0.587000,0.516500,0.395000,0.327000,0.263000,0.224500,0.180000,0.191000,0.139000,0.109500,0.098000,0.083500,0.059500,0.053000,0.055500,0.045500,0.036000,0.048500,0.043500,0.050000,0.037500,0.046000
0.005000,0.003000,0.003000,0.003000,0.004000,0.004000,0.003000,0.003000,0.006500,0.005000,0.008000,0.007000,0.004500,0.005000,0.005500,0.006000,0.005500,0.006000,0.005000,0.006000,0.004000,0.001500,0.002500,0.004000,0.003500,0.005500,0.003000,0.002000,0.005500,0.006500,0.007000,0.006000,0.007000,0.009000,0.010000,0.009000,0.006000,0.005500,0.006500,0.008000,0.005500,0.006500,0.007000,0.005500,0.006500,0.008000,0.008000,0.010000,0.012000,0.010500,0.015000,0.014000,0.017000,0.016000,0.018000,0.019000,0.023000,0.020500,0.024000,0.026500,0.024500,0.025000,0.029500,0.030500,0.032500,0.043000,0.033500,0.034000,0.034000,0.052500,0.044500,0.049500,0.056000,0.062000,0.068000,0.094500,0.089000,0.116000,0.137000,0.112000,0.149000,0.194000,0.203000,0.281000,0.400500,0.469000,0.533000,0.570500,1.000000,1.000000,1.000000,1.000000,0.000000,1.000000,1.000000,1.000000,1.000000,0.867000,0.713000,0.615000,0.518000,0.434500,0.361000,0.292000,0.232000,0.232000,0.180500,0.140000,0.116500,0.108000,0.081000,0.061500,0.072500,0.061000,0.044500,0.062500,0.054000,0.064000,0.050000,0.058500
0.001500,0.002000,0.002000,0.002500,0.002500,0.003000,0.002500,0.003000,0.004000,0.004000,0.006000,0.006500,0.004000,0.004500,0.004500,0.004500,0.004500,0.002000,0.003000,0.005500,0.002500,0.001000,0.001500,0.003000,0.003000,0.004000,0.002000,0.004500,0.005000,0.007000,0.005500,0.004500,0.006500,0.007500,0.008000,0.009000,0.007500,0.007500,0.006000,0.008000,0.006500,0.007500,0.008000,0.007000,0.007000,0.009500,0.008000,0.010000,0.008500,0.009500,0.010500,0.014000,0.014000,0.013500,0.016000,0.011500,0.019500,0.016000,0.022500,0.018500,0.017500,0.022000,0.020500,0.027000,0.029000,0.035500,0.029500,0.030500,0.034000,0.045500,0.038000,0.037500,0.043500,0.050000,0.057000,0.077500,0.070500,0.097500,0.105500,0.088000,0.121000,0.157500,0.163500,0.231500,0.317500,0.393000,0.401000,0.449000,0.828000,1.000000,1.000000,1.000000,1.000000,0.000000,1.000000,1.000000,1.000000,0.999500,0.885500,0.710000,0.545000,0.447500,0.383500,0.296500,0.233000,0.247500,0.187000,0.135000,0.120000,0.099500,0.073000,0.057000,0.074000,0.060500,0.041000,0.055000,0.050000,0.061000,0.048500,0.059000
0.003000,0.002500,0.001500,0.003500,0.002500,0.003500,0.004000,0.004000,0.004500,0.005000,0.005500,0.005000,0.005000,0.005000,0.005500,0.006000,0.004000,0.001500,0.004500,0.006500,0.004500,0.002000,0.002000,0.003000,0.004500,0.005000,0.003500,0.005000,0.006500,0.008000,0.007000,0.006000,0.007500,0.008000,0.010000,0.009500,0.008500,0.007000,0.006500,0.007500,0.007500,0.007000,0.007000,0.008500,0.009500,0.010500,0.008500,0.011000,0.010000,0.010000,0.012500,0.013500,0.017500,0.015000,0.018000,0.014000,0.020000,0.020000,0.022000,0.022000,0.022000,0.022500,0.028000,0.029500,0.030000,0.040000,0.029500,0.036500,0.035000,0.048000,0.043500,0.042500,0.045000,0.053000,0.059000,0.076500,0.075000,0.104000,0.113000,0.095500,0.135500,0.180500,0.178000,0.243500,0.333000,0.405500,0.454500,0.537500,0.678500,0.870000,1.000000,1.000000,1.000000,1.000000,0.000000,1.000000,1.000000,1.000000,1.000000,0.859000,0.672000,0.533000,0.461000,0.334000,0.266000,0.268000,0.223000,0.158500,0.149000,0.125500,0.090500,0.074000,0.085000,0.083000,0.056000,0.068500,0.057000,0.062500,0.051000,0.061500
0.003000,0.004000,0.002500,0.003000,0.001500,0.003000,0.003000,0.002000,0.002000,0.004000,0.005000,0.004000,0.003000,0.004000,0.005000,0.005000,0.003000,0.002500,0.003500,0.005500,0.003500,0.003500,0.002500,0.002500,0.003000,0.004500,0.004000,0.004000,0.004500,0.005500,0.005000,0.005500,0.006000,0.008000,0.009500,0.007000,0.006000,0.005500,0.006000,0.008000,0.003000,0.007500,0.007500,0.007500,0.008500,0.008500,0.008500,0.010000,0.009500,0.010500,0.012000,0.010500,0.010500,0.011500,0.013000,0.011500,0.019000,0.019000,0.022500,0.020500,0.019000,0.022500,0.024000,0.030000,0.026000,0.031500,0.027000,0.032000,0.029000,0.043500,0.041500,0.034500,0.037500,0.041500,0.047000,0.061500,0.061000,0.089000,0.092000,0.076000,0.111500,0.139000,0.130000,0.190000,0.252500,0.323500,0.327000,0.384500,0.534500,0.691000,0.854500,1.000000,1.000000,1.000000,1.000000,0.000000,1.000000,1.000000,1.000000,1.000000,0.794000,0.656000,0.494000,0.370500,0.267000,0.271500,0.221000,0.159000,0.152000,0.129000,0.094500,0.078500,0.090500,0.075000,0.052000,0.062000,0.057000,0.065000,0.045500,0.049500
0.003500,0.004000,0.002000,0.003000,0.002500,0.004000,0.003000,0.003000,0.003000,0.005500,0.005000,0.005500,0.004000,0.003500,0.002500,0.003000,0.003500,0.003000,0.003500,0.005000,0.003500,0.004000,0.002500,0.003500,0.004000,0.006500,0.004000,0.003500,0.004500,0.006500,0.006000,0.004500,0.007500,0.010000,0.008500,0.007500,0.006000,0.006500,0.004500,0.006500,0.003500,0.006000,0.005500,0.006500,0.008500,0.009500,0.008500,0.009000,0.011000,0.012000,0.013000,0.014000,0.013500,0.012000,0.015500,0.012500,0.019000,0.018500,0.019500,0.017000,0.019000,0.019000,0.020500,0.026000,0.024500,0.031500,0.024000,0.029500,0.028500,0.041500,0.037500,0.040000,0.041500,0.049000,0.052500,0.066000,0.067500,0.091500,0.096000,0.078000,0.109000,0.130000,0.131500,0.176500,0.236500,0.283500,0.285500,0.349000,0.445500,0.632000,0.800500,0.930000,1.000000,1.000000,1.000000,1.000000,0.000000,1.000000,1.000000,1.000000,1.000000,0.896500,0.742000,0.550500,0.381500,0.375000,0.291500,0.199500,0.174500,0.145500,0.109000,0.091000,0.107000,0.089500,0.060500,0.072500,0.066000,0.079500,0.050000,0.058500
0.004500,0.005500,0.003000,0.004000,0.002000,0.002000,0.003000,0.003000,0.003500,0.004500,0.003500,0.004000,0.003000,0.004000,0.004000,0.003000,0.003000,0.002500,0.004500,0.005000,0.005500,0.004000,0.004500,0.005500,0.005500,0.005000,0.002500,0.004000,0.004500,0.006000,0.005000,0.006000,0.008500,0.008500,0.007500,0.008500,0.005500,0.005500,0.004500,0.005500,0.004500,0.003500,0.004000,0.004500,0.007000,0.008500,0.009500,0.007000,0.009500,0.010000,0.012000,0.013000,0.013500,0.010500,0.014000,0.011000,0.019000,0.015000,0.018000,0.019500,0.017500,0.022500,0.022500,0.026500,0.024500,0.028000,0.022000,0.025500,0.025500,0.045500,0.034500,0.040000,0.040000,0.042500,0.048500,0.061000,0.058500,0.084000,0.091000,0.071000,0.102500,0.120000,0.118500,0.145500,0.184500,0.232000,0.212500,0.249500,0.306500,0.395000,0.547500,0.725500,0.867000,0.999500,1.000000,1.000000,1.000000,0.000000,1.000000,1.000000,1.000000,1.000000,0.841000,0.645500,0.489000,0.449000,0.330000,0.240000,0.201500,0.172500,0.128500,0.112000,0.126000,0.102000,0.071500,0.090500,0.080000,0.086500,0.053500,0.064000
0.005500,0.004500,0.004000,0.004000,0.003500,0.002500,0.003000,0.003500,0.004500,0.005000,0.004000,0.003000,0.002500,0.003500,0.002500,0.002000,0.002000,0.002500,0.004500,0.005500,0.003500,0.004000,0.002500,0.004500,0.004500,0.005000,0.005000,0.004500,0.004500,0.005000,0.006000,0.004000,0.007000,0.006000,0.010500,0.007500,0.006500,0.006000,0.005000,0.005500,0.006000,0.004500,0.004500,0.004000,0.007000,0.008000,0.008000,0.009500,0.010000,0.011500,0.012500,0.012500,0.016000,0.010500,0.015500,0.009000,0.015000,0.010000,0.017000,0.012500,0.014000,0.018000,0.021000,0.025000,0.021000,0.030500,0.020500,0.026500,0.025500,0.038500,0.032000,0.036500,0.037500,0.043000,0.050000,0.058500,0.052500,0.081000,0.082000,0.067500,0.090500,0.108000,0.106000,0.125000,0.170000,0.202000,0.177500,0.221500,0.275000,0.362000,0.455500,0.587000,0.713000,0.885500,1.000000,1.000000,1.000000,1.000000,0.000000,1.000000,1.000000,1.000000,1.000000,0.824500,0.597500,0.519500,0.389500,0.279000,0.215000,0.183500,0.141000,0.111500,0.126000,0.107000,0.072000,0.097500,0.073000,0.094000,0.060000,0.068000
0.003500,0.004500,0.003500,0.004000,0.003500,0.003000,0.004000,0.003500,0.003500,0.004500,0.005500,0.003500,0.004000,0.002000,0.003000,0.002000,0.002000,0.002500,0.004000,0.004500,0.003000,0.003000,0.003500,0.005000,0.004000,0.004500,0.003500,0.004500,0.003500,0.005500,0.004500,0.005500,0.006000,0.007000,0.008500,0.007500,0.005000,0.006500,0.006000,0.004500,0.004000,0.005000,0.005500,0.004500,0.007500,0.008500,0.008000,0.008000,0.009000,0.012000,0.012500,0.010500,0.013500,0.011000,0.011500,0.006500,0.015500,0.012000,0.015500,0.009500,0.012000,0.014500,0.017500,0.020000,0.022000,0.027500,0.022000,0.023000,0.023500,0.035500,0.032000,0.037000,0.036000,0.042000,0.043500,0.052000,0.046500,0.072500,0.077500,0.062000,0.075000,0.097000,0.087500,0.102500,0.140500,0.172500,0.154000,0.181000,0.225000,0.322000,0.426500,0.516500,0.615000,0.710000,0.859000,1.000000,1.000000,1.000000,1.000000,0.000000,1.000000,1.000000,1.000000,0.999000,0.781500,0.650500,0.510000,0.346500,0.245000,0.226500,0.161500,0.122500,0.137500,0.125000,0.078500,0.100000,0.084500,0.095500,0.060500,0.074000
0.005000,0.005000,0.005000,0.004000,0.003500,0.005000,0.004000,0.004000,0.006000,0.005500,0.005000,0.004500,0.004500,0.002500,0.003000,0.003000,0.003500,0.002500,0.005500,0.004000,0.003500,0.003000,0.002000,0.005000,0.005500,0.005000,0.004000,0.005000,0.003500,0.005000,0.004000,0.004000,0.007000,0.004500,0.009000,0.006000,0.007000,0.005500,0.005000,0.004500,0.005000,0.006000,0.004000,0.004000,0.009500,0.009000,0.010000,0.010500,0.008500,0.009000,0.008000,0.010500,0.010000,0.010000,0.012000,0.009000,0.016500,0.011500,0.017000,0.011000,0.013000,0.015500,0.019500,0.018000,0.021000,0.025500,0.018000,0.021500,0.022000,0.034500,0.031000,0.028000,0.034000,0.037000,0.039000,0.052500,0.046500,0.066500,0.074500,0.059000,0.071000,0.087000,0.083500,0.099000,0.127000,0.154500,0.135000,0.157500,0.188500,0.240000,0.305500,0.395000,0.518000,0.545000,0.672000,0.794000,1.000000,1.000000,1.000000,1.000000,0.000000,1.000000,1.000000,1.000000,1.000000,0.813000,0.675500,0.460000,0.335500,0.283000,0.206500,0.147000,0.161000,0.144000,0.095000,0.107500,0.091000,0.111500,0.072000,0.086500
0.006000,0.004000,0.002500,0.003500,0.003500,0.005500,0.003500,0.003500,0.004500,0.005000,0.005000,0.004500,0.003500,0.002000,0.003000,0.003000,0.002500,0.002000,0.003500,0.004000,0.003000,0.004000,0.004000,0.006000,0.007500,0.005000,0.005500,0.005500,0.003500,0.004500,0.006500,0.005000,0.006000,0.004500,0.007500,0.005500,0.005000,0.005500,0.004500,0.006500,0.004500,0.006000,0.006000,0.007000,0.008500,0.008500,0.011500,0.011000,0.009500,0.008500,0.008500,0.010500,0.008500,0.010000,0.010500,0.007000,0.014000,0.011000,0.015500,0.010500,0.013000,0.014000,0.013500,0.013000,0.017500,0.020500,0.018500,0.018000,0.020500,0.032500,0.026000,0.027500,0.029500,0.032500,0.037000,0.045000,0.040500,0.059000,0.067500,0.053500,0.067500,0.075500,0.068000,0.083000,0.115000,0.139000,0.120000,0.140000,0.164500,0.213000,0.258500,0.327000,0.434500,0.447500,0.533000,0.656000,0.896500,1.000000,1.000000,1.000000,1.000000,0.000000,1.000000,1.000000,1.000000,1.000000,0.866500,0.612000,0.435000,0.350000,0.279500,0.193500,0.204500,0.181500,0.113500,0.142000,0.115500,0.128000,0.087500,0.095500
0.004500,0.006500,0.004000,0.004500,0.004500,0.004500,0.002500,0.003500,0.003000,0.005500,0.004500,0.004000,0.003500,0.003000,0.003500,0.002500,0.003000,0.003500,0.004000,0.004500,0.003500,0.004000,0.004000,0.006000,0.007000,0.006500,0.004500,0.005000,0.003500,0.004500,0.005500,0.005000,0.005500,0.005500,0.006000,0.005500,0.006000,0.005500,0.005500,0.006000,0.004500,0.007500,0.007000,0.007000,0.009000,0.010500,0.011500,0.008500,0.010000,0.008500,0.009000,0.009000,0.009500,0.010000,0.011000,0.009000,0.013500,0.012000,0.015000,0.010000,0.013500,0.014000,0.013000,0.014000,0.014500,0.019500,0.014000,0.017500,0.023000,0.035000,0.023500,0.029500,0.028000,0.030500,0.035000,0.043500,0.042000,0.057500,0.058500,0.049000,0.058000,0.068000,0.068000,0.078500,0.097500,0.124000,0.117000,0.127000,0.160000,0.192500,0.227000,0.263000,0.361000,0.383500,0.461000,0.494000,0.742000,0.841000,1.000000,1.000000,1.000000,1.000000,0.000000,1.000000,1.000000,1.000000,1.000000,0.803000,0.628000,0.484000,0.394000,0.259500,0.257500,0.210500,0.138000,0.170500,0.137500,0.151000,0.102000,0.111500
0.005000,0.007500,0.004000,0.004500,0.003500,0.005500,0.003500,0.003500,0.004500,0.003500,0.004500,0.004500,0.002500,0.002500,0.002500,0.001500,0.001500,0.004000,0.003500,0.003000,0.004500,0.004000,0.004000,0.005000,0.006000,0.004000,0.002500,0.004500,0.003500,0.005000,0.006000,0.007000,0.006500,0.007000,0.007500,0.007500,0.006000,0.006500,0.006500,0.008000,0.005000,0.007500,0.007000,0.007000,0.009000,0.010000,0.008000,0.007000,0.009500,0.007500,0.007500,0.007500,0.008000,0.008000,0.010500,0.010000,0.013000,0.010000,0.014500,0.013000,0.014000,0.013000,0.013000,0.012000,0.015500,0.017500,0.011000,0.016000,0.019000,0.028500,0.026000,0.026500,0.027500,0.031500,0.038500,0.043000,0.043000,0.054000,0.058000,0.042000,0.053000,0.059000,0.060500,0.076000,0.093000,0.109500,0.098000,0.119500,0.141500,0.173000,0.199500,0.224500,0.292000,0.296500,0.334000,0.370500,0.550500,0.645500,0.824500,0.999000,1.000000,1.000000,1.000000,0.000000,1.000000,1.000000,1.000000,1.000000,0.744500,0.571500,0.582000,0.360000,0.326000,0.252000,0.163000,0.197000,0.167000,0.175500,0.109000,0.120500
0.004500,0.005500,0.003500,0.003500,0.002500,0.004000,0.003500,0.004000,0.004000,0.004000,0.003500,0.006000,0.004000,0.003000,0.001500,0.002500,0.001500,0.003000,0.003000,0.005000,0.004500,0.004000,0.005000,0.005500,0.005500,0.004000,0.003500,0.005000,0.005000,0.008000,0.007000,0.006500,0.007000,0.004500,0.007000,0.006000,0.004500,0.004500,0.004500,0.007000,0.006000,0.008000,0.008000,0.010000,0.010500,0.009000,0.009500,0.009000,0.008000,0.007500,0.007500,0.006500,0.007500,0.005500,0.009500,0.007000,0.011000,0.007500,0.014000,0.011500,0.014000,0.011000,0.010500,0.010500,0.013000,0.015000,0.010000,0.014500,0.016500,0.022000,0.022000,0.021000,0.022500,0.022000,0.026500,0.037000,0.033000,0.043500,0.050000,0.040000,0.047000,0.057500,0.048500,0.057000,0.082000,0.093000,0.084500,0.105500,0.111500,0.136000,0.168000,0.180000,0.232000,0.233000,0.266000,0.267000,0.381500,0.489000,0.597500,0.781500,1.000000,1.000000,1.000000,1.000000,0.000000,1.000000,1.000000,1.000000,1.000000,0.835000,0.717000,0.547000,0.458000,0.360000,0.222500,0.264500,0.208500,0.223500,0.148000,0.142500
0.006500,0.008000,0.007000,0.005500,0.005500,0.006000,0.003500,0.004500,0.006000,0.006500,0.007500,0.005000,0.003500,0.004000,0.004000,0.003000,0.002000,0.004500,0.005000,0.005500,0.005500,0.004000,0.004000,0.005000,0.006500,0.006000,0.005500,0.006000,0.006500,0.007500,0.007000,0.006000,0.009000,0.006000,0.009500,0.009000,0.007000,0.006000,0.005000,0.006500,0.008000,0.010500,0.007500,0.010000,0.010500,0.013000,0.012000,0.010500,0.011500,0.011000,0.010500,0.008500,0.011500,0.010500,0.015000,0.010000,0.013500,0.014500,0.016500,0.014500,0.013500,0.015000,0.014500,0.016000,0.017000,0.017500,0.015000,0.020000,0.017500,0.029500,0.027000,0.028000,0.024000,0.030000,0.031000,0.038500,0.037500,0.048500,0.056000,0.047500,0.052500,0.068000,0.061000,0.072000,0.089500,0.101500,0.092500,0.112000,0.131500,0.152000,0.164500,0.191000,0.232000,0.247500,0.268000,0.271500,0.375000,0.449000,0.519500,0.650500,0.813000,1.000000,1.000000,1.000000,1.000000,0.000000,1.000000,1.000000,1.000000,1.000000,0.854000,0.683500,0.615000,0.479000,0.285000,0.357000,0.273000,0.292500,0.199500,0.191500
0.004000,0.004000,0.003000,0.004500,0.002500,0.003500,0.002500,0.003000,0.004000,0.006000,0.004000,0.004500,0.003500,0.002500,0.003500,0.003500,0.003500,0.003500,0.005000,0.006500,0.006500,0.007000,0.007000,0.007000,0.006000,0.005000,0.004500,0.004500,0.005500,0.008500,0.008000,0.007000,0.007500,0.006500,0.008000,0.005500,0.007000,0.006000,0.004500,0.004500,0.007000,0.010000,0.009500,0.010500,0.011500,0.011500,0.011500,0.010000,0.010000,0.008000,0.006500,0.008500,0.008000,0.007500,0.012000,0.009000,0.013500,0.010500,0.011500,0.012000,0.013000,0.013500,0.010500,0.011500,0.015000,0.016500,0.013500,0.015500,0.013000,0.024000,0.022500,0.024500,0.024000,0.024500,0.027000,0.037000,0.038500,0.047500,0.049500,0.041000,0.046000,0.058000,0.045500,0.054000,0.073500,0.082500,0.076500,0.095500,0.102500,0.117000,0.135000,0.139000,0.180500,0.187000,0.223000,0.221000,0.291500,0.330000,0.389500,0.510000,0.675500,0.866500,1.000000,1.000000,1.000000,1.000000,0.000000,1.000000,1.000000,1.000000,1.000000,0.861000,0.734500,0.649500,0.455000,0.468000,0.365000,0.356500,0.222000,0.214000
0.003000,0.003000,0.002500,0.003500,0.002500,0.003000,0.003000,0.003500,0.003500,0.004000,0.003000,0.003000,0.003000,0.003500,0.003500,0.002000,0.003500,0.004500,0.004500,0.006000,0.005500,0.006000,0.005000,0.004500,0.004500,0.004000,0.002500,0.002500,0.004500,0.006000,0.005000,0.005500,0.004000,0.007500,0.007500,0.007000,0.005000,0.006000,0.005000,0.007500,0.008000,0.010000,0.010000,0.009000,0.012000,0.012500,0.011000,0.009500,0.008500,0.007000,0.006500,0.006000,0.009500,0.008000,0.011500,0.009000,0.011000,0.009000,0.010500,0.009000,0.011500,0.010500,0.007000,0.012000,0.009500,0.012000,0.008500,0.009000,0.011000,0.019500,0.017500,0.015500,0.014000,0.016500,0.022000,0.030000,0.026500,0.034000,0.041000,0.030000,0.035000,0.043500,0.029500,0.041500,0.055500,0.065000,0.055500,0.068500,0.072500,0.085000,0.093000,0.109500,0.140000,0.135000,0.158500,0.159000,0.199500,0.240000,0.279000,0.346500,0.460000,0.612000,0.803000,1.000000,1.000000,1.000000,1.000000,0.000000,1.000000,1.000000,1.000000,1.000000,0.885500,0.716500,0.557000,0.527500,0.391500,0.399000,0.251000,0.223500
0.003000,0.003500,0.003500,0.004500,0.003000,0.002500,0.002500,0.002500,0.003000,0.005000,0.003500,0.003000,0.002500,0.003000,0.003000,0.002000,0.003000,0.003500,0.007000,0.004500,0.006500,0.006000,0.006000,0.007500,0.004500,0.003500,0.003500,0.003000,0.004000,0.006500,0.004000,0.004500,0.007000,0.006500,0.007000,0.007500,0.005000,0.007000,0.006000,0.008000,0.008500,0.011000,0.008500,0.009000,0.010000,0.011500,0.011500,0.010500,0.007500,0.006500,0.006000,0.006000,0.007500,0.009500,0.011500,0.006500,0.011000,0.007500,0.007500,0.008000,0.010500,0.008000,0.009500,0.011000,0.010500,0.009000,0.006500,0.014500,0.014500,0.022500,0.018500,0.019000,0.018000,0.020500,0.024000,0.033000,0.031500,0.037500,0.042500,0.035500,0.039000,0.041500,0.035500,0.045500,0.057500,0.064500,0.057000,0.065500,0.068500,0.079500,0.093500,0.098000,0.116500,0.120000,0.149000,0.152000,0.174500,0.201500,0.215000,0.245000,0.335500,0.435000,0.628000,0.744500,1.000000,1.000000,1.000000,1.000000,0.000000,1.000000,1.000000,1.000000,1.000000,0.817500,0.651500,0.708000,0.506000,0.476000,0.326000,0.280500
0.005000,0.006000,0.004000,0.005500,0.002500,0.003000,0.002000,0.003000,0.004000,0.003500,0.006000,0.002000,0.003500,0.002500,0.002500,0.002000,0.003000,0.005000,0.006500,0.007000,0.006500,0.005500,0.006000,0.007500,0.006500,0.005000,0.003500,0.004500,0.005500,0.006500,0.007000,0.006000,0.006500,0.008000,0.008500,0.005000,0.004500,0.006500,0.007000,0.007000,0.005500,0.009000,0.006500,0.009000,0.011500,0.011500,0.010000,0.011500,0.009000,0.005000,0.008000,0.006500,0.012500,0.012000,0.014000,0.009500,0.012500,0.010000,0.013500,0.011500,0.012500,0.011000,0.010000,0.012500,0.011000,0.014500,0.008500,0.012500,0.017000,0.026000,0.021000,0.018500,0.021500,0.023500,0.024000,0.031000,0.028500,0.036000,0.044500,0.034500,0.037000,0.043000,0.039500,0.044000,0.060000,0.067000,0.060500,0.067000,0.063000,0.075500,0.080000,0.083500,0.108000,0.099500,0.125500,0.129000,0.145500,0.172500,0.183500,0.226500,0.283000,0.350000,0.484000,0.571500,0.835000,1.000000,1.000000,1.000000,1.000000,0.000000,1.000000,1.000000,1.000000,1.000000,0.838000,0.834500,0.631500,0.560000,0.399500,0.335500
0.004000,0.004500,0.003500,0.004000,0.002500,0.002000,0.003500,0.003500,0.004000,0.003000,0.004000,0.002500,0.003000,0.003000,0.003500,0.003500,0.004000,0.004500,0.006000,0.006000,0.003500,0.005000,0.004000,0.007000,0.005500,0.005500,0.004000,0.004000,0.003500,0.005500,0.005500,0.003000,0.006000,0.005500,0.005000,0.006000,0.004000,0.006500,0.005000,0.005000,0.006000,0.007000,0.006000,0.010500,0.010000,0.010500,0.009000,0.009500,0.008000,0.005500,0.006500,0.006000,0.007000,0.008500,0.009500,0.007500,0.012000,0.010500,0.008000,0.008000,0.010500,0.011500,0.007500,0.011500,0.010000,0.013500,0.008500,0.011000,0.013000,0.025000,0.017500,0.017500,0.017000,0.020500,0.023500,0.028500,0.022500,0.033500,0.033500,0.024000,0.030500,0.034000,0.029000,0.032000,0.047000,0.057500,0.043500,0.049000,0.053500,0.059500,0.057000,0.059500,0.081000,0.073000,0.090500,0.094500,0.109000,0.128500,0.141000,0.161500,0.206500,0.279500,0.394000,0.582000,0.717000,0.854000,1.000000,1.000000,1.000000,1.000000,0.000000,1.000000,1.000000,1.000000,1.000000,0.910500,0.829500,0.707000,0.468000,0.365000
0.003500,0.005500,0.004000,0.004000,0.002500,0.002000,0.002000,0.003500,0.004000,0.003500,0.004500,0.002500,0.003000,0.003000,0.003000,0.003500,0.003500,0.003500,0.004000,0.006500,0.003500,0.004500,0.004000,0.006000,0.004000,0.003500,0.004000,0.003000,0.003000,0.005000,0.004500,0.003500,0.006000,0.006000,0.003500,0.006500,0.004500,0.005000,0.004500,0.005000,0.006500,0.007000,0.007000,0.006000,0.008000,0.009500,0.008000,0.006500,0.005500,0.005000,0.006500,0.008500,0.007500,0.008500,0.008500,0.008000,0.010500,0.009000,0.009500,0.009000,0.010000,0.009000,0.006000,0.010500,0.007500,0.013500,0.009500,0.010500,0.013000,0.018500,0.019500,0.017000,0.014000,0.014000,0.017000,0.026000,0.019000,0.029500,0.035500,0.025000,0.028000,0.032000,0.030000,0.028000,0.047500,0.053000,0.041000,0.046000,0.042000,0.050500,0.053000,0.053000,0.061500,0.057000,0.074000,0.078500,0.091000,0.112000,0.111500,0.122500,0.147000,0.193500,0.259500,0.360000,0.547000,0.683500,0.861000,1.000000,1.000000,1.000000,1.000000,0.000000,1.000000,1.000000,1.000000,1.000000,0.927500,0.771500,0.593000,0.417000
0.005000,0.005000,0.004000,0.004000,0.003500,0.003000,0.003000,0.002000,0.003000,0.004500,0.004500,0.003500,0.003500,0.002500,0.001500,0.004000,0.005500,0.004000,0.006500,0.007500,0.005000,0.005000,0.004000,0.006500,0.006000,0.006000,0.006500,0.005000,0.004500,0.006000,0.005000,0.005500,0.010000,0.006000,0.005000,0.005500,0.006000,0.006500,0.005500,0.006000,0.007500,0.009000,0.009000,0.009000,0.010500,0.008500,0.009500,0.009500,0.009500,0.009000,0.007500,0.010000,0.009000,0.010000,0.011000,0.009000,0.015000,0.011000,0.011000,0.012000,0.014000,0.013000,0.010000,0.011000,0.010000,0.014500,0.011000,0.014000,0.015500,0.025500,0.018000,0.018000,0.017500,0.016000,0.023500,0.028000,0.026000,0.041000,0.040000,0.028500,0.033500,0.040000,0.038000,0.039500,0.052500,0.058500,0.047000,0.048000,0.048000,0.057000,0.063000,0.055500,0.072500,0.074000,0.085000,0.090500,0.107000,0.126000,0.126000,0.137500,0.161000,0.204500,0.257500,0.326000,0.458000,0.615000,0.734500,0.885500,1.000000,1.000000,1.000000,1.000000,0.000000,1.000000,1.000000,1.000000,1.000000,0.943000,0.729500,0.494500
0.003500,0.004000,0.004500,0.004000,0.003000,0.004000,0.003000,0.001500,0.003500,0.005000,0.005000,0.003500,0.004000,0.003500,0.003000,0.003000,0.002500,0.004000,0.005000,0.007500,0.007000,0.004500,0.005500,0.005500,0.005500,0.005000,0.005500,0.004500,0.003500,0.005000,0.006500,0.004000,0.007000,0.004000,0.005000,0.006500,0.004500,0.006500,0.003500,0.007000,0.007000,0.007000,0.007500,0.009000,0.010000,0.008000,0.008500,0.008500,0.007000,0.007500,0.009000,0.008500,0.012000,0.010000,0.012500,0.008500,0.014500,0.013500,0.014500,0.013000,0.015000,0.011500,0.011500,0.015500,0.012500,0.017500,0.013000,0.018500,0.017500,0.026000,0.017000,0.018500,0.018500,0.017000,0.021500,0.027500,0.022000,0.035000,0.033500,0.025000,0.030000,0.039000,0.036500,0.041000,0.049500,0.058000,0.042500,0.048500,0.043000,0.044500,0.052000,0.045500,0.061000,0.060500,0.083000,0.075000,0.089500,0.102000,0.107000,0.125000,0.144000,0.181500,0.210500,0.252000,0.360000,0.479000,0.649500,0.716500,0.817500,1.000000,1.000000,1.000000,1.000000,0.000000,1.000000,1.000000,1.000000,1.000000,0.764000,0.451000
0.003000,0.003500,0.003000,0.003500,0.003000,0.002500,0.002000,0.001500,0.001000,0.002500,0.004000,0.004000,0.003000,0.001000,0.001000,0.002000,0.001500,0.003500,0.003500,0.004500,0.005000,0.004500,0.004500,0.004000,0.004500,0.003000,0.004500,0.004000,0.003500,0.004500,0.004000,0.002500,0.005500,0.003500,0.006000,0.003000,0.004000,0.005000,0.003500,0.005500,0.004000,0.007000,0.004000,0.004500,0.006000,0.006000,0.006000,0.006000,0.006500,0.005000,0.007000,0.009000,0.009500,0.007500,0.009500,0.005500,0.011000,0.011000,0.010000,0.008500,0.011000,0.008500,0.008500,0.009500,0.009500,0.013000,0.009000,0.011000,0.011000,0.017500,0.014000,0.012500,0.010000,0.013000,0.016500,0.018500,0.015500,0.021500,0.027000,0.019000,0.020500,0.024500,0.022500,0.024000,0.031000,0.041500,0.029000,0.027000,0.028000,0.032000,0.032500,0.036000,0.044500,0.041000,0.056000,0.052000,0.060500,0.071500,0.072000,0.078500,0.095000,0.113500,0.138000,0.163000,0.222500,0.285000,0.455000,0.557000,0.651500,0.838000,1.000000,1.000000,1.000000,1.000000,0.000000,1.000000,1.000000,1.000000,1.000000,0.672500
0.005000,0.004000,0.003500,0.004000,0.003000,0.003500,0.003000,0.003500,0.004000,0.005500,0.005000,0.004500,0.003500,0.002500,0.003000,0.003000,0.003000,0.004000,0.006000,0.008000,0.006000,0.007500,0.007000,0.006500,0.006000,0.006000,0.005500,0.005000,0.004500,0.007500,0.006000,0.005500,0.008000,0.006000,0.006000,0.005000,0.006500,0.007000,0.006000,0.007000,0.006500,0.006500,0.007000,0.007000,0.009500,0.008500,0.009000,0.007000,0.008000,0.008500,0.009500,0.010000,0.010000,0.010000,0.012000,0.009500,0.015500,0.012500,0.012000,0.009000,0.013500,0.009500,0.009000,0.012500,0.010500,0.014500,0.009500,0.014500,0.014000,0.016000,0.017000,0.017500,0.016000,0.017000,0.016500,0.024500,0.022500,0.027500,0.027000,0.021500,0.025000,0.029000,0.028500,0.031500,0.038500,0.047000,0.037000,0.035500,0.032500,0.042500,0.048000,0.048500,0.062500,0.055000,0.068500,0.062000,0.072500,0.090500,0.097500,0.100000,0.107500,0.142000,0.170500,0.197000,0.264500,0.357000,0.468000,0.527500,0.708000,0.834500,0.910500,1.000000,1.000000,1.000000,1.000000,0.000000,1.000000,1.000000,1.000000,1.000000
0.003000,0.003000,0.003500,0.003000,0.002000,0.003500,0.004500,0.003500,0.004000,0.005000,0.005000,0.005500,0.005500,0.003500,0.004000,0.003500,0.002500,0.002500,0.005500,0.007000,0.005000,0.005000,0.005500,0.006000,0.004000,0.005000,0.005500,0.005500,0.005000,0.007000,0.004000,0.003500,0.006500,0.005000,0.004000,0.006500,0.005500,0.007000,0.004500,0.008500,0.007000,0.009000,0.007000,0.008500,0.008500,0.007000,0.008000,0.008000,0.012000,0.008000,0.008000,0.011000,0.010500,0.010500,0.013000,0.009000,0.014000,0.011500,0.012500,0.010500,0.012500,0.011000,0.009000,0.012000,0.011000,0.012000,0.010000,0.015000,0.013500,0.023000,0.020000,0.016500,0.013500,0.016000,0.019000,0.025000,0.023000,0.031500,0.025000,0.020000,0.030000,0.033000,0.029500,0.029500,0.041000,0.045000,0.035000,0.041000,0.036500,0.040000,0.042500,0.043500,0.054000,0.050000,0.057000,0.057000,0.066000,0.080000,0.073000,0.084500,0.091000,0.115500,0.137500,0.167000,0.208500,0.273000,0.365000,0.391500,0.506000,0.631500,0.829500,0.927500,1.000000,1.000000,1.000000,1.000000,0.000000,1.000000,1.000000,1.000000
0.003000,0.005000,0.003500,0.003500,0.004000,0.004500,0.004000,0.004000,0.006000,0.006000,0.008000,0.006500,0.007000,0.005500,0.005000,0.005500,0.005000,0.004000,0.006000,0.006000,0.006500,0.006500,0.004500,0.005500,0.007000,0.007000,0.006000,0.006500,0.006000,0.006500,0.005500,0.004000,0.004500,0.005500,0.005500,0.006500,0.006000,0.005500,0.005000,0.009500,0.007000,0.011000,0.010500,0.011500,0.010500,0.010500,0.010500,0.010000,0.013000,0.011000,0.010500,0.012500,0.011500,0.012500,0.015000,0.010000,0.013500,0.010500,0.013000,0.012500,0.014000,0.011500,0.012000,0.013500,0.015500,0.016000,0.009500,0.013500,0.014000,0.023000,0.019500,0.019500,0.019500,0.018500,0.022500,0.028000,0.024500,0.033000,0.031500,0.024500,0.031000,0.035500,0.032500,0.034500,0.043500,0.043000,0.041500,0.042500,0.041000,0.043000,0.047500,0.050000,0.064000,0.061000,0.062500,0.065000,0.079500,0.086500,0.094000,0.095500,0.111500,0.128000,0.151000,0.175500,0.223500,0.292500,0.356500,0.399000,0.476000,0.560000,0.707000,0.771500,0.943000,1.000000,1.000000,1.000000,1.000000,0.000000,1.000000,1.000000
0.002500,0.003500,0.003000,0.002000,0.002000,0.002500,0.003500,0.003000,0.002500,0.005000,0.004500,0.003500,0.004000,0.002500,0.004500,0.005000,0.004500,0.005000,0.006500,0.007000,0.006000,0.005500,0.005000,0.005000,0.004500,0.005500,0.005000,0.003500,0.003500,0.005000,0.004500,0.005000,0.004000,0.004000,0.003500,0.005000,0.005000,0.004500,0.005500,0.006500,0.006000,0.008500,0.007500,0.008000,0.008000,0.008500,0.009500,0.008500,0.008500,0.008000,0.007500,0.008500,0.009500,0.008000,0.011500,0.009000,0.012000,0.011500,0.009000,0.008500,0.012000,0.011000,0.010000,0.011000,0.011000,0.011000,0.010000,0.012500,0.011000,0.017500,0.015000,0.015500,0.013500,0.014500,0.016500,0.020500,0.015500,0.027000,0.022500,0.012500,0.020000,0.023000,0.020500,0.022000,0.027500,0.032500,0.027500,0.028500,0.030000,0.029500,0.034000,0.037500,0.050000,0.048500,0.051000,0.045500,0.050000,0.053500,0.060000,0.060500,0.072000,0.087500,0.102000,0.109000,0.148000,0.199500,0.222000,0.251000,0.326000,0.399500,0.468000,0.593000,0.729500,0.764000,1.000000,1.000000,1.000000,1.000000,0.000000,1.000000
0.003500,0.004500,0.003500,0.004000,0.003000,0.003000,0.004000,0.004000,0.002500,0.005000,0.005000,0.003500,0.005000,0.004000,0.005500,0.006500,0.007000,0.005500,0.008000,0.007500,0.007000,0.006000,0.006500,0.007000,0.006500,0.007500,0.006500,0.005000,0.004500,0.007000,0.006000,0.004500,0.006500,0.005500,0.004500,0.007500,0.005000,0.010000,0.007000,0.008500,0.008500,0.011000,0.011500,0.010000,0.009500,0.009500,0.011500,0.008500,0.007500,0.010500,0.010000,0.008500,0.012000,0.010500,0.013000,0.012500,0.015500,0.014000,0.013500,0.012500,0.013000,0.010000,0.014000,0.017000,0.015000,0.016000,0.012500,0.014500,0.013000,0.020000,0.018000,0.017500,0.019500,0.018500,0.020000,0.025500,0.020500,0.032500,0.023500,0.016000,0.026000,0.027000,0.023500,0.026000,0.031000,0.036500,0.030000,0.037000,0.036500,0.040500,0.045000,0.046000,0.058500,0.059000,0.061500,0.049500,0.058500,0.064000,0.068000,0.074000,0.086500,0.095500,0.111500,0.120500,0.142500,0.191500,0.214000,0.223500,0.280500,0.335500,0.365000,0.417000,0.494500,0.451000,0.672500,1.000000,1.000000,1.000000,1.000000,0.000000
