protein,ensemble,atom,stage,AR_residue,absolute_error_ppm
WT,1,CA,raw,330,0.4174499999999881
WT,1,CA,raw,331,0.139306666666684
WT,1,CA,raw,332,0.2635233333333389
WT,1,CA,raw,333,0.37115333333339606
WT,1,CA,raw,334,0.3507233333333133
WT,1,CA,raw,335,0.17817999999998335
WT,1,CA,raw,336,0.2748499999999723
WT,1,CA,raw,337,0.24007999999994922
WT,1,CA,raw,338,0.1144999999999996
WT,1,CA,raw,339,0.15838333333336152
WT,1,CA,raw,340,0.23169666666667865
WT,1,CA,raw,341,0.5430566666666863
WT,1,CA,raw,342,0.08455333333333925
WT,1,CA,raw,343,0.6462733333333475
WT,1,CA,raw,344,0.23494999999995514
WT,1,CA,raw,345,0.22410333333336752
WT,1,CA,raw,346,0.016313333333357605
WT,1,CA,raw,347,0.6491899999999688
WT,1,CA,raw,348,0.2516333333333307
WT,1,CA,raw,349,0.41685666666665355
WT,1,CA,raw,350,0.25809333333332063
WT,1,CA,raw,351,0.5728433333333598
WT,1,CA,raw,352,0.15335999999997796
WT,1,CA,raw,353,0.6718866666666159
WT,1,CA,raw,354,0.622066666666683
WT,1,CA,raw,355,0.7744599999999906
WT,1,CA,raw,356,0.37900999999997964
WT,1,CA,raw,357,0.12280999999998699
WT,1,CA,raw,358,0.2711666666666446
WT,1,CA,raw,359,0.10983999999999128
WT,1,CA,raw,360,0.3102033333333054
WT,1,CA,raw,361,0.24649666666666548
WT,1,CA,raw,362,0.5834666666666735
WT,1,CA,raw,363,0.17112666666665888
WT,1,CA,raw,364,0.32398333333334506
WT,1,CA,raw,365,0.47101333333335305
WT,1,CA,raw,366,0.14749333333327996
WT,1,CA,raw,367,0.34205666666667867
WT,1,CA,raw,368,0.07831666666664461
WT,1,CA,raw,369,0.03560333333337695
WT,1,CA,raw,370,0.04460666666664537
WT,1,CA,raw,371,0.04214666666668876
WT,1,CA,raw,380,0.18667000000000655
WT,1,CA,raw,381,0.036493333333325495
WT,1,CA,raw,382,0.09428999999998666
WT,1,CA,raw,383,0.19390333333333132
WT,1,CA,raw,384,0.14272666666668243
WT,1,CA,raw,385,0.005163333333314313
WT,1,CA,raw,386,0.001826666666630672
WT,1,CA,raw,387,0.28626333333331644
WT,1,CA,raw,388,0.0521699999999754
WT,1,CA,raw,389,0.4783266666666819
WT,1,CA,raw,390,0.17964333333334537
WT,1,CA,raw,391,0.4302200000000127
WT,1,CA,raw,392,0.392653333333314
WT,1,CA,raw,393,0.5732866666666396
WT,1,CA,raw,394,0.5129566666666463
WT,1,CA,raw,395,0.8084366666666867
WT,1,CA,raw,396,0.926710000000071
WT,1,CA,raw,397,0.6925099999999915
WT,1,CA,raw,398,0.28959000000003243
WT,1,CA,raw,399,0.19921999999999684
WT,1,CA,raw,400,0.2182166666666916
WT,1,CA,raw,401,0.10551000000000244
WT,1,CA,raw,403,0.1468533333333113
WT,1,CA,raw,404,0.6639200000000116
WT,1,CA,raw,405,0.025890000000003965
WT,1,CA,raw,406,0.05505333333334761
WT,1,CA,raw,407,0.5829200000000085
WT,1,CA,raw,408,0.014726666666646793
WT,1,CA,raw,409,0.9344433333333413
WT,1,CA,raw,410,0.7861033333333438
WT,1,CA,raw,411,0.4485400000000297
WT,1,CA,raw,412,0.4508866666666549
WT,1,CA,raw,413,0.06695333333333764
WT,1,CA,raw,414,0.3870033333333325
WT,1,CA,raw,415,0.24428333333326435
WT,1,CA,raw,416,0.5305766666666472
WT,1,CA,raw,417,0.17158999999997349
WT,1,CA,raw,419,0.326246666666691
WT,1,CA,raw,420,0.1457799999999878
WT,1,CA,raw,421,0.3609433333333314
WT,1,CA,raw,422,0.1924633333333361
WT,1,CA,raw,423,0.1312466666666623
WT,1,CA,raw,424,0.12928666666667965
WT,1,CA,raw,425,0.009826666666640449
WT,1,CA,raw,426,0.21330666666665365
WT,1,CA,raw,427,0.39694333333331855
WT,1,CA,raw,428,0.2693666666666701
WT,1,CA,raw,429,0.3654499999999956
WT,1,CA,raw,430,0.10700333333334555
WT,1,CA,raw,431,0.003896666666669546
WT,1,CA,raw,432,0.3645000000000067
WT,1,CA,raw,433,0.08371666666665334
WT,1,CA,raw,434,0.5808033333333142
WT,1,CA,raw,435,0.5543866666666588
WT,1,CA,raw,436,0.24846000000001567
WT,1,CA,raw,437,0.3133499999999927
WT,1,CA,raw,438,0.16419333333331565
WT,1,CA,raw,439,0.2528933333332901
WT,1,CA,raw,440,0.5638366666666528
WT,1,CA,raw,441,0.1401633333334047
WT,1,CA,raw,442,0.3722099999999813
WT,1,CA,raw,443,0.07204999999998307
WT,1,CA,raw,444,0.23158666666665084
WT,1,CA,raw,445,0.28596999999999184
WT,1,CA,raw,446,0.3024199999999979
WT,1,CA,all_shifts,330,0.37913746575473795
WT,1,CA,all_shifts,331,0.10586808410623405
WT,1,CA,all_shifts,332,0.18003390191832125
WT,1,CA,all_shifts,333,0.17057718971815916
WT,1,CA,all_shifts,334,0.25494615894862704
WT,1,CA,all_shifts,335,0.31754971657228026
WT,1,CA,all_shifts,336,0.061495709372088925
WT,1,CA,all_shifts,337,0.2065669840825919
WT,1,CA,all_shifts,338,0.04878913195737766
WT,1,CA,all_shifts,339,0.07493364789224444
WT,1,CA,all_shifts,340,0.2457820187719406
WT,1,CA,all_shifts,341,0.26888444821927493
WT,1,CA,all_shifts,342,0.01753080475775448
WT,1,CA,all_shifts,343,0.6139200062554906
WT,1,CA,all_shifts,344,0.20312416376403064
WT,1,CA,all_shifts,345,0.15823325073436934
WT,1,CA,all_shifts,346,0.16377574914412918
WT,1,CA,all_shifts,347,0.4024312477625145
WT,1,CA,all_shifts,348,0.10766522255865141
WT,1,CA,all_shifts,349,0.36673391638434083
WT,1,CA,all_shifts,350,0.3350290925175159
WT,1,CA,all_shifts,351,0.3335228355775115
WT,1,CA,all_shifts,352,0.0009433375401997068
WT,1,CA,all_shifts,353,0.20636584784949719
WT,1,CA,all_shifts,354,0.03561731024645809
WT,1,CA,all_shifts,355,0.2907693619369027
WT,1,CA,all_shifts,356,0.15302467872864156
WT,1,CA,all_shifts,357,0.12292307902849586
WT,1,CA,all_shifts,358,0.3884128679958394
WT,1,CA,all_shifts,359,0.04925583525733401
WT,1,CA,all_shifts,360,0.38490053066290386
WT,1,CA,all_shifts,361,0.2271351326981943
WT,1,CA,all_shifts,362,0.4529811291970631
WT,1,CA,all_shifts,363,0.13447200381941116
WT,1,CA,all_shifts,364,0.3550602284028912
WT,1,CA,all_shifts,365,0.45292600296887287
WT,1,CA,all_shifts,366,0.15885489949310738
WT,1,CA,all_shifts,367,0.2981833666489422
WT,1,CA,all_shifts,368,0.056055178124054805
WT,1,CA,all_shifts,369,0.09024443717049735
WT,1,CA,all_shifts,370,0.04742362471180428
WT,1,CA,all_shifts,371,0.04067113419657176
WT,1,CA,all_shifts,380,0.09903663884600178
WT,1,CA,all_shifts,381,0.05449834816896271
WT,1,CA,all_shifts,382,0.07605863623641085
WT,1,CA,all_shifts,383,0.10188413498769222
WT,1,CA,all_shifts,384,0.10866222519177882
WT,1,CA,all_shifts,385,0.1683402836310961
WT,1,CA,all_shifts,386,0.10832093089229033
WT,1,CA,all_shifts,387,0.3182189863363405
WT,1,CA,all_shifts,388,0.19064448881824347
WT,1,CA,all_shifts,389,0.2575734332651649
WT,1,CA,all_shifts,390,0.250015426301303
WT,1,CA,all_shifts,391,0.11589582319759728
WT,1,CA,all_shifts,392,0.49605923631976623
WT,1,CA,all_shifts,393,0.461485782264873
WT,1,CA,all_shifts,394,0.20915006384161217
WT,1,CA,all_shifts,395,0.18055139574951085
WT,1,CA,all_shifts,396,0.5781445179631035
WT,1,CA,all_shifts,397,0.09909541099268893
WT,1,CA,all_shifts,398,0.21271258265298343
WT,1,CA,all_shifts,399,0.21152794998950952
WT,1,CA,all_shifts,400,0.12553875724020003
WT,1,CA,all_shifts,401,0.07225417312336191
WT,1,CA,all_shifts,403,0.10179986026829368
WT,1,CA,all_shifts,404,0.45604211004389583
WT,1,CA,all_shifts,405,0.06606514010569242
WT,1,CA,all_shifts,406,0.08626441127878337
WT,1,CA,all_shifts,407,0.43213200897515236
WT,1,CA,all_shifts,408,0.0999652648833731
WT,1,CA,all_shifts,409,0.28396630939283796
WT,1,CA,all_shifts,410,0.2991152041976761
WT,1,CA,all_shifts,411,0.12198984411797653
WT,1,CA,all_shifts,412,0.24375712285040407
WT,1,CA,all_shifts,413,0.0560181637813173
WT,1,CA,all_shifts,414,0.260250910153637
WT,1,CA,all_shifts,415,0.22320997079777527
WT,1,CA,all_shifts,416,0.4616598308687614
WT,1,CA,all_shifts,417,0.17367687200453474
WT,1,CA,all_shifts,419,0.2879642737867911
WT,1,CA,all_shifts,420,0.10736609603910807
WT,1,CA,all_shifts,421,0.24432684649733005
WT,1,CA,all_shifts,422,0.43400400286719787
WT,1,CA,all_shifts,423,0.15959450405776465
WT,1,CA,all_shifts,424,0.19098571030429667
WT,1,CA,all_shifts,425,0.054796520557921724
WT,1,CA,all_shifts,426,0.13481878669082192
WT,1,CA,all_shifts,427,0.34833602771527694
WT,1,CA,all_shifts,428,0.15038784403312633
WT,1,CA,all_shifts,429,0.06744063325407268
WT,1,CA,all_shifts,430,0.2443322295099435
WT,1,CA,all_shifts,431,0.030998994519137568
WT,1,CA,all_shifts,432,0.20888335812357894
WT,1,CA,all_shifts,433,0.3459025698314022
WT,1,CA,all_shifts,434,0.3515611347398888
WT,1,CA,all_shifts,435,0.30516125832832586
WT,1,CA,all_shifts,436,0.17209777681240013
WT,1,CA,all_shifts,437,0.205757776685509
WT,1,CA,all_shifts,438,0.2003720186229998
WT,1,CA,all_shifts,439,0.1732049042094843
WT,1,CA,all_shifts,440,0.5077988791725119
WT,1,CA,all_shifts,441,0.2815015151212066
WT,1,CA,all_shifts,442,0.33175496617091227
WT,1,CA,all_shifts,443,0.14778121681180068
WT,1,CA,all_shifts,444,0.11701059654333079
WT,1,CA,all_shifts,445,0.17121619631599572
WT,1,CA,all_shifts,446,0.3318070368354924
WT,2,CA,raw,330,0.36612400000002765
WT,2,CA,raw,331,0.16491999999999507
WT,2,CA,raw,332,0.19493599999999134
WT,2,CA,raw,333,0.22152799999999928
WT,2,CA,raw,334,0.358415999999977
WT,2,CA,raw,335,0.18947600000004172
WT,2,CA,raw,336,0.29731200000001223
WT,2,CA,raw,337,0.3220599999999507
WT,2,CA,raw,338,0.05789600000002082
WT,2,CA,raw,339,0.2345240000000146
WT,2,CA,raw,340,0.21777199999999652
WT,2,CA,raw,341,0.3792879999999954
WT,2,CA,raw,342,0.2511199999999789
WT,2,CA,raw,343,0.5770720000000154
WT,2,CA,raw,344,0.4231560000000343
WT,2,CA,raw,345,0.3560160000000039
WT,2,CA,raw,346,0.05460000000001486
WT,2,CA,raw,347,0.4884960000000049
WT,2,CA,raw,348,0.2687960000000089
WT,2,CA,raw,349,0.41260799999998454
WT,2,CA,raw,350,0.35180400000000844
WT,2,CA,raw,351,0.5094319999999968
WT,2,CA,raw,352,0.15359599999998608
WT,2,CA,raw,353,0.5194759999999761
WT,2,CA,raw,354,0.5638919999999743
WT,2,CA,raw,355,0.5968880000000141
WT,2,CA,raw,356,0.426911999999966
WT,2,CA,raw,357,0.04579199999999872
WT,2,CA,raw,358,0.4014559999999818
WT,2,CA,raw,359,0.22849199999996017
WT,2,CA,raw,360,0.3849879999999928
WT,2,CA,raw,361,0.3048960000000136
WT,2,CA,raw,362,0.5278720000000021
WT,2,CA,raw,363,0.17278799999998995
WT,2,CA,raw,364,0.415723999999976
WT,2,CA,raw,365,0.5372439999999727
WT,2,CA,raw,366,0.15957199999999716
WT,2,CA,raw,367,0.515287999999984
WT,2,CA,raw,368,0.1558600000000041
WT,2,CA,raw,369,0.054256000000044935
WT,2,CA,raw,370,0.1271679999999975
WT,2,CA,raw,371,0.028759999999998342
WT,2,CA,raw,380,0.210480000000004
WT,2,CA,raw,381,0.08080800000004729
WT,2,CA,raw,382,0.08177599999999785
WT,2,CA,raw,383,0.12204799999999949
WT,2,CA,raw,384,0.18310400000000016
WT,2,CA,raw,385,0.13599599999999157
WT,2,CA,raw,386,0.02274400000001009
WT,2,CA,raw,387,0.310019999999966
WT,2,CA,raw,388,0.14321599999997403
WT,2,CA,raw,389,0.30027599999999666
WT,2,CA,raw,390,0.22576399999997676
WT,2,CA,raw,391,0.49214799999998604
WT,2,CA,raw,392,0.3135600000000309
WT,2,CA,raw,393,0.5256160000000136
WT,2,CA,raw,394,0.6088159999999689
WT,2,CA,raw,395,0.9589640000000017
WT,2,CA,raw,396,1.0376639999999853
WT,2,CA,raw,397,0.7895520000000076
WT,2,CA,raw,398,0.6116840000000039
WT,2,CA,raw,399,0.3764039999999653
WT,2,CA,raw,400,0.3732079999999911
WT,2,CA,raw,401,0.15746800000003702
WT,2,CA,raw,403,0.3167839999999984
WT,2,CA,raw,404,0.5367039999999719
WT,2,CA,raw,405,0.06872399999999601
WT,2,CA,raw,406,0.028731999999962454
WT,2,CA,raw,407,0.6459960000000038
WT,2,CA,raw,408,0.1671320000000236
WT,2,CA,raw,409,0.8878879999999754
WT,2,CA,raw,410,0.7288560000000004
WT,2,CA,raw,411,0.27209999999998047
WT,2,CA,raw,412,0.4004200000000111
WT,2,CA,raw,413,0.12484000000001316
WT,2,CA,raw,414,0.3451239999999771
WT,2,CA,raw,415,0.3080839999999725
WT,2,CA,raw,416,0.5267999999999944
WT,2,CA,raw,417,0.24924399999996183
WT,2,CA,raw,419,0.3134679999999719
WT,2,CA,raw,420,0.20437999999998624
WT,2,CA,raw,421,0.30436000000000263
WT,2,CA,raw,422,0.11249599999997173
WT,2,CA,raw,423,0.15459599999999796
WT,2,CA,raw,424,0.12732800000001276
WT,2,CA,raw,425,0.08666399999999896
WT,2,CA,raw,426,0.028116000000011354
WT,2,CA,raw,427,0.36304799999999204
WT,2,CA,raw,428,0.2379879999999801
WT,2,CA,raw,429,0.3390799999999814
WT,2,CA,raw,430,0.14510400000001766
WT,2,CA,raw,431,0.07919599999996052
WT,2,CA,raw,432,0.4701240000000553
WT,2,CA,raw,433,0.018652000000010105
WT,2,CA,raw,434,0.6042679999999763
WT,2,CA,raw,435,0.45114800000001765
WT,2,CA,raw,436,0.21524000000003696
WT,2,CA,raw,437,0.34201199999998266
WT,2,CA,raw,438,0.1163959999999733
WT,2,CA,raw,439,0.27442400000002465
WT,2,CA,raw,440,0.4608240000000521
WT,2,CA,raw,441,0.20810799999997442
WT,2,CA,raw,442,0.35917200000001515
WT,2,CA,raw,443,0.11018800000000084
WT,2,CA,raw,444,0.22483600000002468
WT,2,CA,raw,445,0.25943199999998967
WT,2,CA,raw,446,0.2837040000000144
WT,2,CA,all_shifts,330,0.21878951386835865
WT,2,CA,all_shifts,331,0.13372005288044875
WT,2,CA,all_shifts,332,0.19286232597124808
WT,2,CA,all_shifts,333,0.10794381787367513
WT,2,CA,all_shifts,334,0.3042078123962142
WT,2,CA,all_shifts,335,0.2582536198937575
WT,2,CA,all_shifts,336,0.04029837596327468
WT,2,CA,all_shifts,337,0.40604918784043065
WT,2,CA,all_shifts,338,0.11222192000628439
WT,2,CA,all_shifts,339,0.21935240143864831
WT,2,CA,all_shifts,340,0.09390283666562027
WT,2,CA,all_shifts,341,0.5612055866398435
WT,2,CA,all_shifts,342,0.07988141766625034
WT,2,CA,all_shifts,343,0.5528690165860795
WT,2,CA,all_shifts,344,0.2570339021798702
WT,2,CA,all_shifts,345,0.25037297693941696
WT,2,CA,all_shifts,346,0.15281678022474665
WT,2,CA,all_shifts,347,0.19942361926837293
WT,2,CA,all_shifts,348,0.05939454755834106
WT,2,CA,all_shifts,349,0.26769127635569845
WT,2,CA,all_shifts,350,0.21975972909331176
WT,2,CA,all_shifts,351,0.2825992067546039
WT,2,CA,all_shifts,352,0.1309622469699434
WT,2,CA,all_shifts,353,0.07659692676614327
WT,2,CA,all_shifts,354,0.018045961841622216
WT,2,CA,all_shifts,355,0.11478619496442377
WT,2,CA,all_shifts,356,0.10947429194343528
WT,2,CA,all_shifts,357,0.29397749304212084
WT,2,CA,all_shifts,358,0.3393083597455231
WT,2,CA,all_shifts,359,0.3843536054259502
WT,2,CA,all_shifts,360,0.2546999933028644
WT,2,CA,all_shifts,361,0.0583414477421087
WT,2,CA,all_shifts,362,0.39521847910964425
WT,2,CA,all_shifts,363,0.2066062348834663
WT,2,CA,all_shifts,364,0.3287958000239186
WT,2,CA,all_shifts,365,0.3531071831302697
WT,2,CA,all_shifts,366,0.16488858391828387
WT,2,CA,all_shifts,367,0.5051516455239025
WT,2,CA,all_shifts,368,0.01589475073087243
WT,2,CA,all_shifts,369,0.16664781731368805
WT,2,CA,all_shifts,370,0.08510150144118
WT,2,CA,all_shifts,371,0.05934600094433051
WT,2,CA,all_shifts,380,0.004516411784344143
WT,2,CA,all_shifts,381,0.08878318506244653
WT,2,CA,all_shifts,382,0.09699807148847128
WT,2,CA,all_shifts,383,0.14068999769452972
WT,2,CA,all_shifts,384,0.01909506947229289
WT,2,CA,all_shifts,385,0.11319121923907005
WT,2,CA,all_shifts,386,0.12218316863199163
WT,2,CA,all_shifts,387,0.11751510137649746
WT,2,CA,all_shifts,388,0.17007305305047282
WT,2,CA,all_shifts,389,0.28841387070872315
WT,2,CA,all_shifts,390,0.204712536163008
WT,2,CA,all_shifts,391,0.24458171215842128
WT,2,CA,all_shifts,392,0.30531831564804435
WT,2,CA,all_shifts,393,0.34248448024500533
WT,2,CA,all_shifts,394,0.3003587954618112
WT,2,CA,all_shifts,395,0.3885026082220122
WT,2,CA,all_shifts,396,0.613395530286553
WT,2,CA,all_shifts,397,0.08253186140496638
WT,2,CA,all_shifts,398,0.07095945104712342
WT,2,CA,all_shifts,399,0.05362975221481037
WT,2,CA,all_shifts,400,0.04914271985184371
WT,2,CA,all_shifts,401,0.17630244308082865
WT,2,CA,all_shifts,403,0.21432879231019797
WT,2,CA,all_shifts,404,0.42611184600549024
WT,2,CA,all_shifts,405,0.0488763762216351
WT,2,CA,all_shifts,406,0.2001707736482956
WT,2,CA,all_shifts,407,0.5733893812586643
WT,2,CA,all_shifts,408,0.02628883714989172
WT,2,CA,all_shifts,409,0.4427563489064781
WT,2,CA,all_shifts,410,0.41076286163355746
WT,2,CA,all_shifts,411,0.020172690533350135
WT,2,CA,all_shifts,412,0.39477814740213546
WT,2,CA,all_shifts,413,0.27960618429574424
WT,2,CA,all_shifts,414,0.34567217538371864
WT,2,CA,all_shifts,415,0.26496549308139095
WT,2,CA,all_shifts,416,0.46146469194384565
WT,2,CA,all_shifts,417,0.20222253091725406
WT,2,CA,all_shifts,419,0.3804092309460927
WT,2,CA,all_shifts,420,0.09476853141402586
WT,2,CA,all_shifts,421,0.383716678893542
WT,2,CA,all_shifts,422,0.15190325787524728
WT,2,CA,all_shifts,423,0.24644565610051217
WT,2,CA,all_shifts,424,0.05605706921186737
WT,2,CA,all_shifts,425,0.16961631688715784
WT,2,CA,all_shifts,426,0.1300657601203028
WT,2,CA,all_shifts,427,0.27120824207970173
WT,2,CA,all_shifts,428,0.35648741479477053
WT,2,CA,all_shifts,429,0.2410113797462543
WT,2,CA,all_shifts,430,0.11592083670468156
WT,2,CA,all_shifts,431,0.14533610610035907
WT,2,CA,all_shifts,432,0.3644395698945644
WT,2,CA,all_shifts,433,0.01109495770150204
WT,2,CA,all_shifts,434,0.1082806928504283
WT,2,CA,all_shifts,435,0.12655802295141427
WT,2,CA,all_shifts,436,0.034610203245442506
WT,2,CA,all_shifts,437,0.1609119917545101
WT,2,CA,all_shifts,438,0.08314619620839636
WT,2,CA,all_shifts,439,0.1150248565291534
WT,2,CA,all_shifts,440,0.4005721580317996
WT,2,CA,all_shifts,441,0.06538926475788287
WT,2,CA,all_shifts,442,0.31366692072239033
WT,2,CA,all_shifts,443,0.11986996219472701
WT,2,CA,all_shifts,444,0.2917042655303703
WT,2,CA,all_shifts,445,0.2736080581889624
WT,2,CA,all_shifts,446,0.2579344030437696
AA,1,CA,raw,330,0.4578762541806469
AA,1,CA,raw,331,0.2266956521739445
AA,1,CA,raw,332,0.42209698996654765
AA,1,CA,raw,333,0.22679933110364203
AA,1,CA,raw,334,0.39944481605355264
AA,1,CA,raw,335,0.2645752508361099
AA,1,CA,raw,336,0.13456856187293198
AA,1,CA,raw,337,0.22155852842808343
AA,1,CA,raw,338,0.12364548494983296
AA,1,CA,raw,340,0.42606354515047684
AA,1,CA,raw,341,0.5327926421404356
AA,1,CA,raw,342,0.3082943143812358
AA,1,CA,raw,343,0.5322842809364445
AA,1,CA,raw,344,0.20361538461540363
AA,1,CA,raw,345,0.3662742474916385
AA,1,CA,raw,346,0.29638127090301225
AA,1,CA,raw,347,0.3766220735785879
AA,1,CA,raw,348,0.36958193979933185
AA,1,CA,raw,349,0.4622508361204254
AA,1,CA,raw,350,0.4812408026756074
AA,1,CA,raw,351,0.7836822742474965
AA,1,CA,raw,352,0.026307692307661057
AA,1,CA,raw,353,0.7259364548495242
AA,1,CA,raw,354,0.7942274247491667
AA,1,CA,raw,355,0.9825852842809653
AA,1,CA,raw,356,0.42471906354516165
AA,1,CA,raw,357,0.09607023411369653
AA,1,CA,raw,358,0.3594682274247347
AA,1,CA,raw,359,0.4929364548495059
AA,1,CA,raw,360,0.3741471571906132
AA,1,CA,raw,361,0.24963879598661265
AA,1,CA,raw,362,0.5586053511705771
AA,1,CA,raw,364,0.34400668896319786
AA,1,CA,raw,366,0.12085618729094705
AA,1,CA,raw,367,0.39374247491635117
AA,1,CA,raw,368,0.06768561872910794
AA,1,CA,raw,369,0.2344481605351163
AA,1,CA,raw,370,0.06702006688961859
AA,1,CA,raw,371,0.298458193979954
AA,1,CA,raw,379,0.487936454849482
AA,1,CA,raw,380,0.6921772575250884
AA,1,CA,raw,381,0.06521739130430859
AA,1,CA,raw,382,0.2648494983278198
AA,1,CA,raw,383,0.1892408026755703
AA,1,CA,raw,384,0.14639799331101244
AA,1,CA,raw,385,0.015040133779230302
AA,1,CA,raw,386,0.19762876254181094
AA,1,CA,raw,387,0.13605685618731655
AA,1,CA,raw,388,0.07006688963209484
AA,1,CA,raw,390,0.04298662207358461
AA,1,CA,raw,391,0.4493143812709093
AA,1,CA,raw,392,0.25601003344482365
AA,1,CA,raw,393,0.3604715719063236
AA,1,CA,raw,394,0.40865217391306174
AA,1,CA,raw,395,0.17817056856186753
AA,1,CA,raw,396,0.8764113712374666
AA,1,CA,raw,397,0.572812709030103
AA,1,CA,raw,398,0.2993678929765977
AA,1,CA,raw,399,0.19478260869563968
AA,1,CA,raw,400,0.29105685618725374
AA,1,CA,raw,401,0.027050167224118127
AA,1,CA,raw,402,0.05687290969898129
AA,1,CA,raw,403,0.003856187290985247
AA,1,CA,raw,404,0.44876923076925124
AA,1,CA,raw,405,0.11495317725744059
AA,1,CA,raw,406,0.04023076923073887
AA,1,CA,raw,407,0.6712441471572248
AA,1,CA,raw,408,0.5356722408026613
AA,1,CA,raw,409,0.9703745819397724
AA,1,CA,raw,410,0.7604481605351197
AA,1,CA,raw,411,0.49751505016718767
AA,1,CA,raw,412,0.4437759197324169
AA,1,CA,raw,413,0.12358528428088533
AA,1,CA,raw,414,0.5294414715719427
AA,1,CA,raw,415,0.36011371237459144
AA,1,CA,raw,416,0.5426722408026734
AA,1,CA,raw,417,0.19314381270901748
AA,1,CA,raw,418,0.3479732441471768
AA,1,CA,raw,420,0.11453846153849412
AA,1,CA,raw,421,0.4483177257524886
AA,1,CA,raw,422,0.23688963210704372
AA,1,CA,raw,423,0.11882608695653829
AA,1,CA,raw,425,0.0397157190635582
AA,1,CA,raw,426,0.15117056856190203
AA,1,CA,raw,427,0.4010668896320553
AA,1,CA,raw,428,0.3108628762542054
AA,1,CA,raw,429,0.4377391304347782
AA,1,CA,raw,430,0.17804013377927674
AA,1,CA,raw,431,0.10455852842809321
AA,1,CA,raw,432,0.1581070234113966
AA,1,CA,raw,433,0.10454849498326269
AA,1,CA,raw,434,0.0018996655518392913
AA,1,CA,raw,435,0.2127224080267638
AA,1,CA,raw,436,0.27979598662204097
AA,1,CA,raw,437,0.37065886287630434
AA,1,CA,raw,438,0.009073578595334197
AA,1,CA,raw,439,0.18149832775922192
AA,1,CA,raw,440,0.4757725752508719
AA,1,CA,raw,441,0.33420066889630107
AA,1,CA,raw,442,0.34297324414716
AA,1,CA,raw,443,0.1244347826086738
AA,1,CA,raw,444,0.06798662207355477
AA,1,CA,raw,445,0.267829431438102
AA,1,CA,all_shifts,330,0.446851676595017
AA,1,CA,all_shifts,331,0.2696727093132054
AA,1,CA,all_shifts,332,0.5211129578464408
AA,1,CA,all_shifts,333,0.2437430417385542
AA,1,CA,all_shifts,334,0.374637147546764
AA,1,CA,all_shifts,335,0.22268429957567548
AA,1,CA,all_shifts,336,0.26379680188540533
AA,1,CA,all_shifts,337,0.18509783387634116
AA,1,CA,all_shifts,338,0.1521996761724438
AA,1,CA,all_shifts,340,0.40096780594583237
AA,1,CA,all_shifts,341,0.26854490932231556
AA,1,CA,all_shifts,342,0.285549986861831
AA,1,CA,all_shifts,343,0.701896345075582
AA,1,CA,all_shifts,344,0.05058198668772462
AA,1,CA,all_shifts,345,0.44192830274804606
AA,1,CA,all_shifts,346,0.03593013898608888
AA,1,CA,all_shifts,347,0.05666176582809612
AA,1,CA,all_shifts,348,0.3973435252970958
AA,1,CA,all_shifts,349,0.3543745498790969
AA,1,CA,all_shifts,350,0.4980624477626492
AA,1,CA,all_shifts,351,0.6476077429927116
AA,1,CA,all_shifts,352,0.11004100346466572
AA,1,CA,all_shifts,353,0.3762157360985725
AA,1,CA,all_shifts,354,0.24397508371482957
AA,1,CA,all_shifts,355,0.6799004921327807
AA,1,CA,all_shifts,356,0.2801590953868853
AA,1,CA,all_shifts,357,0.14084818020722167
AA,1,CA,all_shifts,358,0.3490092746282869
AA,1,CA,all_shifts,359,0.2677800599198292
AA,1,CA,all_shifts,360,0.2841548810912471
AA,1,CA,all_shifts,361,0.00875485606624693
AA,1,CA,all_shifts,362,0.10817327171373847
AA,1,CA,all_shifts,364,0.03828069342112883
AA,1,CA,all_shifts,366,0.3054269390661446
AA,1,CA,all_shifts,367,0.14907116135297116
AA,1,CA,all_shifts,368,0.020083604990787762
AA,1,CA,all_shifts,369,0.14700594230152575
AA,1,CA,all_shifts,370,0.040449584459189225
AA,1,CA,all_shifts,371,0.21639327860468427
AA,1,CA,all_shifts,379,0.5040230408874677
AA,1,CA,all_shifts,380,0.8037264280951817
AA,1,CA,all_shifts,381,0.019394892133810515
AA,1,CA,all_shifts,382,0.21842754032144995
AA,1,CA,all_shifts,383,0.20939377541812831
AA,1,CA,all_shifts,384,0.022698514670040026
AA,1,CA,all_shifts,385,0.13225270052794258
AA,1,CA,all_shifts,386,0.00894954557870875
AA,1,CA,all_shifts,387,0.042009720316904975
AA,1,CA,all_shifts,388,0.049814186105287206
AA,1,CA,all_shifts,390,0.07580215323546469
AA,1,CA,all_shifts,391,0.1485976346287572
AA,1,CA,all_shifts,392,0.26431087510255225
AA,1,CA,all_shifts,393,0.07423453680833347
AA,1,CA,all_shifts,394,0.37823237536235155
AA,1,CA,all_shifts,395,0.3305940690695408
AA,1,CA,all_shifts,396,0.6395345726974782
AA,1,CA,all_shifts,397,0.17415836808440588
AA,1,CA,all_shifts,398,0.15847398847299843
AA,1,CA,all_shifts,399,0.06848828832180942
AA,1,CA,all_shifts,400,0.0259494932455695
AA,1,CA,all_shifts,401,0.10485560446820585
AA,1,CA,all_shifts,402,0.061322540350793986
AA,1,CA,all_shifts,403,0.11194716876728705
AA,1,CA,all_shifts,404,0.3075410077499896
AA,1,CA,all_shifts,405,0.011435581043201637
AA,1,CA,all_shifts,406,0.14087514811874513
AA,1,CA,all_shifts,407,0.5603791262999778
AA,1,CA,all_shifts,408,0.721398108336814
AA,1,CA,all_shifts,409,0.38644431534800816
AA,1,CA,all_shifts,410,0.4197717460522128
AA,1,CA,all_shifts,411,0.08773162842138049
AA,1,CA,all_shifts,412,0.167448892714539
AA,1,CA,all_shifts,413,0.20327676881034762
AA,1,CA,all_shifts,414,0.33837995379243324
AA,1,CA,all_shifts,415,0.19525770031349765
AA,1,CA,all_shifts,416,0.42970714610982697
AA,1,CA,all_shifts,417,0.13022954313952084
AA,1,CA,all_shifts,418,0.3439852717534748
AA,1,CA,all_shifts,420,0.07398939824260964
AA,1,CA,all_shifts,421,0.462671117554855
AA,1,CA,all_shifts,422,0.02348170212768963
AA,1,CA,all_shifts,423,0.023348163660692478
AA,1,CA,all_shifts,425,0.10540982862210058
AA,1,CA,all_shifts,426,0.15928233026086502
AA,1,CA,all_shifts,427,0.3885641348454101
AA,1,CA,all_shifts,428,0.29007030661783517
AA,1,CA,all_shifts,429,0.2625640291905995
AA,1,CA,all_shifts,430,0.3259165015282619
AA,1,CA,all_shifts,431,0.06737362537604241
AA,1,CA,all_shifts,432,0.10688316094532979
AA,1,CA,all_shifts,433,0.010336165612820025
AA,1,CA,all_shifts,434,0.04604458972868031
AA,1,CA,all_shifts,435,0.03048204846717084
AA,1,CA,all_shifts,436,0.013303784974162625
AA,1,CA,all_shifts,437,0.4095549649099297
AA,1,CA,all_shifts,438,0.17293798997072685
AA,1,CA,all_shifts,439,0.23063262883236035
AA,1,CA,all_shifts,440,0.38407760128909985
AA,1,CA,all_shifts,441,0.1476549919331518
AA,1,CA,all_shifts,442,0.3873014404010746
AA,1,CA,all_shifts,443,0.19759487164782996
AA,1,CA,all_shifts,444,0.0787065362976378
AA,1,CA,all_shifts,445,0.2623309327851331
AA,2,CA,raw,330,0.3873999999999782
AA,2,CA,raw,331,0.21469999999996503
AA,2,CA,raw,332,0.4465720000000175
AA,2,CA,raw,333,0.16104800000001518
AA,2,CA,raw,334,0.37100400000001343
AA,2,CA,raw,335,0.3014159999999535
AA,2,CA,raw,336,0.08624799999995503
AA,2,CA,raw,337,0.22985600000000517
AA,2,CA,raw,338,0.1317760000000021
AA,2,CA,raw,340,0.567120000000024
AA,2,CA,raw,341,0.42720400000001746
AA,2,CA,raw,342,0.3208720000000085
AA,2,CA,raw,343,0.6400719999999822
AA,2,CA,raw,344,0.17628800000002798
AA,2,CA,raw,345,0.40441599999998346
AA,2,CA,raw,346,0.1263720000000248
AA,2,CA,raw,347,0.4004320000000021
AA,2,CA,raw,348,0.34544000000001773
AA,2,CA,raw,349,0.48508800000002594
AA,2,CA,raw,350,0.49776800000002197
AA,2,CA,raw,351,0.7225439999999779
AA,2,CA,raw,352,0.19601199999997476
AA,2,CA,raw,353,0.6356840000000119
AA,2,CA,raw,354,0.6703480000000255
AA,2,CA,raw,355,0.9733279999999738
AA,2,CA,raw,356,0.21701599999998678
AA,2,CA,raw,357,0.2582359999999966
AA,2,CA,raw,358,0.3956839999999744
AA,2,CA,raw,359,0.39225999999998606
AA,2,CA,raw,360,0.2609040000000249
AA,2,CA,raw,361,0.24715600000001103
AA,2,CA,raw,362,0.6048119999999813
AA,2,CA,raw,364,0.35344800000004284
AA,2,CA,raw,366,0.18628400000002188
AA,2,CA,raw,367,0.4633279999999971
AA,2,CA,raw,368,0.07615599999999745
AA,2,CA,raw,369,0.2999839999999452
AA,2,CA,raw,370,0.11779599999998425
AA,2,CA,raw,371,0.294415999999984
AA,2,CA,raw,379,0.5424600000000055
AA,2,CA,raw,380,0.7881159999999952
AA,2,CA,raw,381,0.023272000000005733
AA,2,CA,raw,382,0.23250800000002414
AA,2,CA,raw,383,0.29899599999995985
AA,2,CA,raw,384,0.2756559999999979
AA,2,CA,raw,385,0.01633999999997826
AA,2,CA,raw,386,0.00753600000002308
AA,2,CA,raw,387,0.11999599999999333
AA,2,CA,raw,388,0.04185599999998857
AA,2,CA,raw,390,0.12933600000000922
AA,2,CA,raw,391,0.5316359999999563
AA,2,CA,raw,392,0.15169200000000416
AA,2,CA,raw,393,0.6271240000000304
AA,2,CA,raw,394,0.6390039999999786
AA,2,CA,raw,395,0.5487240000000071
AA,2,CA,raw,396,1.146819999999991
AA,2,CA,raw,397,0.7706359999999677
AA,2,CA,raw,398,0.49284799999998796
AA,2,CA,raw,399,0.3679079999999928
AA,2,CA,raw,400,0.4713360000000151
AA,2,CA,raw,401,0.19276800000003647
AA,2,CA,raw,402,0.056676000000038584
AA,2,CA,raw,403,0.006419999999998538
AA,2,CA,raw,404,0.5007200000000012
AA,2,CA,raw,405,0.03738399999998876
AA,2,CA,raw,406,0.16203600000005025
AA,2,CA,raw,407,0.6807079999999814
AA,2,CA,raw,408,0.4210600000000255
AA,2,CA,raw,409,0.8720559999999935
AA,2,CA,raw,410,0.7530079999999941
AA,2,CA,raw,411,0.4481519999999861
AA,2,CA,raw,412,0.4547319999999928
AA,2,CA,raw,413,0.17499200000000315
AA,2,CA,raw,414,0.5045279999999721
AA,2,CA,raw,415,0.34812799999996
AA,2,CA,raw,416,0.49854399999999544
AA,2,CA,raw,417,0.23123999999997835
AA,2,CA,raw,418,0.3899159999999924
AA,2,CA,raw,420,0.15603199999997486
AA,2,CA,raw,421,0.5059279999999973
AA,2,CA,raw,422,0.20224399999996479
AA,2,CA,raw,423,0.11972000000000804
AA,2,CA,raw,425,0.03771199999996355
AA,2,CA,raw,426,0.21514400000000222
AA,2,CA,raw,427,0.3746399999999426
AA,2,CA,raw,428,0.304163999999993
AA,2,CA,raw,429,0.46689600000004816
AA,2,CA,raw,430,0.07240400000002012
AA,2,CA,raw,431,0.0635520000000227
AA,2,CA,raw,432,0.16436399999995643
AA,2,CA,raw,433,0.010635999999998091
AA,2,CA,raw,434,0.14174399999998855
AA,2,CA,raw,435,0.2782039999999881
AA,2,CA,raw,436,0.25540800000001695
AA,2,CA,raw,437,0.47201600000001775
AA,2,CA,raw,438,0.00905199999996853
AA,2,CA,raw,439,0.2601399999999785
AA,2,CA,raw,440,0.6239159999999657
AA,2,CA,raw,441,0.41836400000000395
AA,2,CA,raw,442,0.40366800000000325
AA,2,CA,raw,443,0.0351720000000455
AA,2,CA,raw,444,0.08147599999998789
AA,2,CA,raw,445,0.21954799999996766
AA,2,CA,all_shifts,330,0.29048531704664526
AA,2,CA,all_shifts,331,0.18304231250527891
AA,2,CA,all_shifts,332,0.42600843694411594
AA,2,CA,all_shifts,333,0.06944447834259648
AA,2,CA,all_shifts,334,0.49393478084756737
AA,2,CA,all_shifts,335,0.27317451203557397
AA,2,CA,all_shifts,336,0.0005909253772671264
AA,2,CA,all_shifts,337,0.4044929640979831
AA,2,CA,all_shifts,338,0.03662512276779495
AA,2,CA,all_shifts,340,0.6369140803934172
AA,2,CA,all_shifts,341,0.413788136067069
AA,2,CA,all_shifts,342,0.16274137428583657
AA,2,CA,all_shifts,343,0.406158095360901
AA,2,CA,all_shifts,344,0.020459393117690183
AA,2,CA,all_shifts,345,0.586772831133139
AA,2,CA,all_shifts,346,0.16438180707248762
AA,2,CA,all_shifts,347,0.028025392847688124
AA,2,CA,all_shifts,348,0.14372755751930555
AA,2,CA,all_shifts,349,0.4548870598719006
AA,2,CA,all_shifts,350,0.24688220089210233
AA,2,CA,all_shifts,351,0.4339100321174172
AA,2,CA,all_shifts,352,0.2901765173545314
AA,2,CA,all_shifts,353,0.4289609232320828
AA,2,CA,all_shifts,354,0.28150890018398655
AA,2,CA,all_shifts,355,0.6072913593915317
AA,2,CA,all_shifts,356,0.07294702061567193
AA,2,CA,all_shifts,357,0.10483519984644829
AA,2,CA,all_shifts,358,0.5971837905559099
AA,2,CA,all_shifts,359,0.33946635155978555
AA,2,CA,all_shifts,360,0.468611916781434
AA,2,CA,all_shifts,361,0.019658360349410486
AA,2,CA,all_shifts,362,0.319510566425528
AA,2,CA,all_shifts,364,0.1974220430506648
AA,2,CA,all_shifts,366,0.21681292783753747
AA,2,CA,all_shifts,367,0.4321311770781193
AA,2,CA,all_shifts,368,0.2029529158818164
AA,2,CA,all_shifts,369,0.21227380100158655
AA,2,CA,all_shifts,370,0.1393170260945098
AA,2,CA,all_shifts,371,0.3165428816985312
AA,2,CA,all_shifts,379,0.5816902709900944
AA,2,CA,all_shifts,380,0.5678369473777138
AA,2,CA,all_shifts,381,0.09423554147715407
AA,2,CA,all_shifts,382,0.3004210143018895
AA,2,CA,all_shifts,383,0.24839445895509726
AA,2,CA,all_shifts,384,0.10552985621922772
AA,2,CA,all_shifts,385,0.18098678162513693
AA,2,CA,all_shifts,386,0.08881492810610325
AA,2,CA,all_shifts,387,0.07079539003100166
AA,2,CA,all_shifts,388,0.161624029781251
AA,2,CA,all_shifts,390,0.0275148637686371
AA,2,CA,all_shifts,391,0.4044091991384988
AA,2,CA,all_shifts,392,0.06459793903383826
AA,2,CA,all_shifts,393,0.5732103515066171
AA,2,CA,all_shifts,394,0.6018243210600858
AA,2,CA,all_shifts,395,0.5903507039714597
AA,2,CA,all_shifts,396,0.6695679837048942
AA,2,CA,all_shifts,397,0.34890257274290093
AA,2,CA,all_shifts,398,0.07677694094604703
AA,2,CA,all_shifts,399,0.2401924750569151
AA,2,CA,all_shifts,400,0.10794748502578955
AA,2,CA,all_shifts,401,0.030950425964960004
AA,2,CA,all_shifts,402,0.09175017481908299
AA,2,CA,all_shifts,403,0.08309929517093906
AA,2,CA,all_shifts,404,0.21627852744394716
AA,2,CA,all_shifts,405,0.032150733083170735
AA,2,CA,all_shifts,406,0.014186501739587243
AA,2,CA,all_shifts,407,0.5388111644600926
AA,2,CA,all_shifts,408,0.3793493458311801
AA,2,CA,all_shifts,409,0.5329086494612341
AA,2,CA,all_shifts,410,0.38014382891628884
AA,2,CA,all_shifts,411,0.20706670875240007
AA,2,CA,all_shifts,412,0.3776102597792743
AA,2,CA,all_shifts,413,0.25711554407462955
AA,2,CA,all_shifts,414,0.4696957129410535
AA,2,CA,all_shifts,415,0.23106304523238919
AA,2,CA,all_shifts,416,0.2698416838116273
AA,2,CA,all_shifts,417,0.3138237175989289
AA,2,CA,all_shifts,418,0.26527807537243575
AA,2,CA,all_shifts,420,0.0962180202946783
AA,2,CA,all_shifts,421,0.5230257513538916
AA,2,CA,all_shifts,422,0.26440460136322486
AA,2,CA,all_shifts,423,0.11647490179788633
AA,2,CA,all_shifts,425,0.2986490458468225
AA,2,CA,all_shifts,426,0.14303297062607356
AA,2,CA,all_shifts,427,0.4721979454258829
AA,2,CA,all_shifts,428,0.3897554357656148
AA,2,CA,all_shifts,429,0.3327120990745769
AA,2,CA,all_shifts,430,0.036718078376239305
AA,2,CA,all_shifts,431,0.2702476747214817
AA,2,CA,all_shifts,432,0.20583874711109473
AA,2,CA,all_shifts,433,0.07495613044468286
AA,2,CA,all_shifts,434,0.20749965706693274
AA,2,CA,all_shifts,435,0.3788049544999694
AA,2,CA,all_shifts,436,0.24797166601334197
AA,2,CA,all_shifts,437,0.202472837168564
AA,2,CA,all_shifts,438,0.07589857020980162
AA,2,CA,all_shifts,439,0.2968198272121043
AA,2,CA,all_shifts,440,0.3464480042087956
AA,2,CA,all_shifts,441,0.4356991364670648
AA,2,CA,all_shifts,442,0.3456753091968068
AA,2,CA,all_shifts,443,0.19622354178026313
AA,2,CA,all_shifts,444,0.11079348125730348
AA,2,CA,all_shifts,445,0.17426043627137489
WT,1,C,raw,330,0.44991333333339867
WT,1,C,raw,331,0.47453333333319847
WT,1,C,raw,332,0.2625833333332537
WT,1,C,raw,334,0.05561999999994782
WT,1,C,raw,335,0.054150000000163345
WT,1,C,raw,336,0.02446666666673991
WT,1,C,raw,337,0.47161666666653446
WT,1,C,raw,338,0.3249933333332251
WT,1,C,raw,340,0.5476633333331904
WT,1,C,raw,341,0.7559433333333914
WT,1,C,raw,342,0.48471000000000686
WT,1,C,raw,343,0.8750866666667605
WT,1,C,raw,344,0.07844000000002893
WT,1,C,raw,345,0.6325299999999743
WT,1,C,raw,346,0.1013333333334856
WT,1,C,raw,347,0.004146666666656529
WT,1,C,raw,348,0.3846500000000219
WT,1,C,raw,349,0.05272333333320489
WT,1,C,raw,350,0.5482666666666489
WT,1,C,raw,351,0.7917833333331714
WT,1,C,raw,352,0.38611666666642463
WT,1,C,raw,353,0.643969999999797
WT,1,C,raw,354,1.0498366666664367
WT,1,C,raw,355,0.7530066666666357
WT,1,C,raw,356,1.0778733333334003
WT,1,C,raw,357,0.4387700000000905
WT,1,C,raw,358,0.13335999999983983
WT,1,C,raw,359,0.16505000000009318
WT,1,C,raw,360,0.1676466666666272
WT,1,C,raw,361,0.4226533333332725
WT,1,C,raw,362,0.4914499999997304
WT,1,C,raw,363,0.01160000000004402
WT,1,C,raw,364,0.07614666666665926
WT,1,C,raw,366,0.8766200000000595
WT,1,C,raw,367,0.2927133333333245
WT,1,C,raw,368,0.08095333333349686
WT,1,C,raw,369,0.03191666666660353
WT,1,C,raw,370,0.1723499999999092
WT,1,C,raw,379,0.4639100000000269
WT,1,C,raw,381,0.6142033333334211
WT,1,C,raw,382,0.5922233333332656
WT,1,C,raw,383,0.42192999999986114
WT,1,C,raw,384,0.5945999999999287
WT,1,C,raw,385,0.2858733333335124
WT,1,C,raw,386,0.04570999999990022
WT,1,C,raw,387,0.22728000000009274
WT,1,C,raw,388,0.0007166666665625598
WT,1,C,raw,390,0.5731399999998814
WT,1,C,raw,391,0.5830633333332287
WT,1,C,raw,392,0.37022000000001754
WT,1,C,raw,393,0.6172966666666753
WT,1,C,raw,394,0.6545766666667703
WT,1,C,raw,395,0.5980766666667989
WT,1,C,raw,396,1.366556666666611
WT,1,C,raw,397,0.7258566666666297
WT,1,C,raw,398,0.8696533333333605
WT,1,C,raw,399,0.5588466666667387
WT,1,C,raw,400,0.6267366666665168
WT,1,C,raw,401,0.4782666666667126
WT,1,C,raw,402,0.17856333333335783
WT,1,C,raw,403,0.2499300000000062
WT,1,C,raw,404,0.5091600000000653
WT,1,C,raw,405,0.31841666666670676
WT,1,C,raw,406,0.3552299999999775
WT,1,C,raw,407,0.044696666666595775
WT,1,C,raw,408,0.36181999999993764
WT,1,C,raw,409,0.949503333333297
WT,1,C,raw,410,1.0924099999999441
WT,1,C,raw,411,0.29694999999981064
WT,1,C,raw,412,0.8246233333333066
WT,1,C,raw,413,0.28018999999991934
WT,1,C,raw,414,0.17000666666675102
WT,1,C,raw,415,0.33904666666663275
WT,1,C,raw,416,0.27529000000001247
WT,1,C,raw,417,0.1483466666664981
WT,1,C,raw,418,0.35268999999993866
WT,1,C,raw,420,0.5599166666667941
WT,1,C,raw,421,0.016403333333300907
WT,1,C,raw,422,0.17568333333332475
WT,1,C,raw,423,0.0919699999999466
WT,1,C,raw,425,0.537416666666644
WT,1,C,raw,426,0.07583666666664612
WT,1,C,raw,427,0.5847599999999602
WT,1,C,raw,429,0.7561566666668114
WT,1,C,raw,430,0.17240666666668858
WT,1,C,raw,431,0.29378333333340834
WT,1,C,raw,432,0.4211533333333932
WT,1,C,raw,433,0.3364766666666412
WT,1,C,raw,434,0.4167099999999664
WT,1,C,raw,435,0.35669000000004303
WT,1,C,raw,436,0.25444999999990614
WT,1,C,raw,437,0.0005299999999408556
WT,1,C,raw,438,0.35565999999980136
WT,1,C,raw,439,0.5864866666666444
WT,1,C,raw,440,0.6020800000000293
WT,1,C,raw,441,0.2993733333333637
WT,1,C,raw,442,0.003633333333510791
WT,1,C,raw,443,0.019949999999937518
WT,1,C,raw,444,0.48299333333358163
WT,1,C,raw,445,0.1118766666666886
WT,1,C,all_shifts,330,0.37080070882902305
WT,1,C,all_shifts,331,0.5273376635820455
WT,1,C,all_shifts,332,0.14349832869402235
WT,1,C,all_shifts,334,0.02826683899442628
WT,1,C,all_shifts,335,0.192536227833898
WT,1,C,all_shifts,336,0.0724371090613829
WT,1,C,all_shifts,337,0.5070715751841135
WT,1,C,all_shifts,338,0.3422744886318583
WT,1,C,all_shifts,340,0.6275128150020919
WT,1,C,all_shifts,341,0.7269733170707013
WT,1,C,all_shifts,342,0.3282295995435902
WT,1,C,all_shifts,343,0.8651187750498934
WT,1,C,all_shifts,344,0.061647255033136616
WT,1,C,all_shifts,345,0.5117294900790057
WT,1,C,all_shifts,346,0.25938518960799684
WT,1,C,all_shifts,347,0.12405772792672565
WT,1,C,all_shifts,348,0.2322983532215801
WT,1,C,all_shifts,349,0.040241667118550595
WT,1,C,all_shifts,350,0.30569260336073967
WT,1,C,all_shifts,351,0.5460527752548501
WT,1,C,all_shifts,352,0.07779818271674799
WT,1,C,all_shifts,353,0.20818857834859728
WT,1,C,all_shifts,354,0.5509938119206481
WT,1,C,all_shifts,355,0.4090171284193218
WT,1,C,all_shifts,356,0.6587306277511971
WT,1,C,all_shifts,357,0.19789863411313036
WT,1,C,all_shifts,358,0.05911686976079977
WT,1,C,all_shifts,359,0.09147169294132595
WT,1,C,all_shifts,360,0.20907765631602615
WT,1,C,all_shifts,361,0.31789771331941097
WT,1,C,all_shifts,362,0.4202955963820614
WT,1,C,all_shifts,363,0.04298947901634165
WT,1,C,all_shifts,364,0.03107044243174073
WT,1,C,all_shifts,366,0.765676358045738
WT,1,C,all_shifts,367,0.25302487343537905
WT,1,C,all_shifts,368,0.12140953064221094
WT,1,C,all_shifts,369,0.15134182928267137
WT,1,C,all_shifts,370,0.11525975870293337
WT,1,C,all_shifts,379,0.4244620497134406
WT,1,C,all_shifts,381,0.609701417104759
WT,1,C,all_shifts,382,0.4282439570502561
WT,1,C,all_shifts,383,0.31512804754726176
WT,1,C,all_shifts,384,0.5113123379799731
WT,1,C,all_shifts,385,0.24968195018630013
WT,1,C,all_shifts,386,0.0870869662495295
WT,1,C,all_shifts,387,0.028109401411825274
WT,1,C,all_shifts,388,0.000859724514498339
WT,1,C,all_shifts,390,0.39679262472287746
WT,1,C,all_shifts,391,0.5020871984297628
WT,1,C,all_shifts,392,0.2562755045558447
WT,1,C,all_shifts,393,0.37926063718640535
WT,1,C,all_shifts,394,0.2323630451429608
WT,1,C,all_shifts,395,0.10982724521238652
WT,1,C,all_shifts,396,0.8715758958384754
WT,1,C,all_shifts,397,0.5208616335381748
WT,1,C,all_shifts,398,0.37505772625388545
WT,1,C,all_shifts,399,0.24670042459732144
WT,1,C,all_shifts,400,0.35557269933485713
WT,1,C,all_shifts,401,0.38017261576706574
WT,1,C,all_shifts,402,0.10709676816904334
WT,1,C,all_shifts,403,0.49374852862507623
WT,1,C,all_shifts,404,0.2913168798600907
WT,1,C,all_shifts,405,0.21309702369580918
WT,1,C,all_shifts,406,0.26019905469431137
WT,1,C,all_shifts,407,0.05930929559022502
WT,1,C,all_shifts,408,0.26287619578826593
WT,1,C,all_shifts,409,0.5157377317574401
WT,1,C,all_shifts,410,0.6607055410058251
WT,1,C,all_shifts,411,0.0905936826080449
WT,1,C,all_shifts,412,0.6801772260855046
WT,1,C,all_shifts,413,0.27798003098831714
WT,1,C,all_shifts,414,0.05459637902669101
WT,1,C,all_shifts,415,0.17000817495286924
WT,1,C,all_shifts,416,0.3701353844230084
WT,1,C,all_shifts,417,0.36404586847669407
WT,1,C,all_shifts,418,0.39123140301180115
WT,1,C,all_shifts,420,0.4859751418253211
WT,1,C,all_shifts,421,0.09007802196319403
WT,1,C,all_shifts,422,0.08036191760419342
WT,1,C,all_shifts,423,0.1929194544762538
WT,1,C,all_shifts,425,0.5199451415598162
WT,1,C,all_shifts,426,0.13014952975476035
WT,1,C,all_shifts,427,0.4509726966954304
WT,1,C,all_shifts,429,0.5496875011276359
WT,1,C,all_shifts,430,0.2029105659296988
WT,1,C,all_shifts,431,0.3947236116333386
WT,1,C,all_shifts,432,0.10696202050331749
WT,1,C,all_shifts,433,0.19865314407576307
WT,1,C,all_shifts,434,0.16286021079483248
WT,1,C,all_shifts,435,0.09812475237723106
WT,1,C,all_shifts,436,0.4141752486955568
WT,1,C,all_shifts,437,0.11714733368887664
WT,1,C,all_shifts,438,0.3497337142092647
WT,1,C,all_shifts,439,0.4014494307646146
WT,1,C,all_shifts,440,0.5234038771952214
WT,1,C,all_shifts,441,0.28969406886852767
WT,1,C,all_shifts,442,0.04837367402149084
WT,1,C,all_shifts,443,0.006434515913070982
WT,1,C,all_shifts,444,0.4852192530530317
WT,1,C,all_shifts,445,0.07820122258200968
WT,2,C,raw,330,0.4381119999999612
WT,2,C,raw,331,0.560675999999944
WT,2,C,raw,332,0.10755600000001664
WT,2,C,raw,334,0.08052799999990157
WT,2,C,raw,335,0.04422400000004245
WT,2,C,raw,336,0.014703999999881034
WT,2,C,raw,337,0.543480000000045
WT,2,C,raw,338,0.38539199999999596
WT,2,C,raw,340,0.6015600000000916
WT,2,C,raw,341,0.871428000000094
WT,2,C,raw,342,0.5641280000000393
WT,2,C,raw,343,0.9264439999998046
WT,2,C,raw,344,0.20660399999999868
WT,2,C,raw,345,0.729040000000083
WT,2,C,raw,346,0.21306799999979376
WT,2,C,raw,347,0.036704000000042925
WT,2,C,raw,348,0.38848399999997696
WT,2,C,raw,349,0.13134000000007973
WT,2,C,raw,350,0.5782719999999131
WT,2,C,raw,351,0.8328439999999375
WT,2,C,raw,352,0.3521040000001392
WT,2,C,raw,353,0.5424719999999752
WT,2,C,raw,354,0.998984000000064
WT,2,C,raw,355,0.7121000000001345
WT,2,C,raw,356,1.0382279999999184
WT,2,C,raw,357,0.3439520000000016
WT,2,C,raw,358,0.1058079999999677
WT,2,C,raw,359,0.2523999999999944
WT,2,C,raw,360,0.24730400000004238
WT,2,C,raw,361,0.49516800000003514
WT,2,C,raw,362,0.36406800000000317
WT,2,C,raw,363,0.04179199999995831
WT,2,C,raw,364,0.09798399999996832
WT,2,C,raw,366,0.9450559999999371
WT,2,C,raw,367,0.30723999999997886
WT,2,C,raw,368,0.03941599999998857
WT,2,C,raw,369,0.09442799999999352
WT,2,C,raw,370,0.15929600000006872
WT,2,C,raw,379,0.4009399999999914
WT,2,C,raw,381,0.684172000000018
WT,2,C,raw,382,0.6209719999999948
WT,2,C,raw,383,0.365680000000026
WT,2,C,raw,384,0.5749080000000504
WT,2,C,raw,385,0.2262720000000229
WT,2,C,raw,386,0.09169199999999478
WT,2,C,raw,387,0.11688400000005572
WT,2,C,raw,388,0.11277199999997833
WT,2,C,raw,390,0.668756000000144
WT,2,C,raw,391,0.6131640000001539
WT,2,C,raw,392,0.31132799999997474
WT,2,C,raw,393,0.5618479999998556
WT,2,C,raw,394,0.653427999999991
WT,2,C,raw,395,0.5853319999998803
WT,2,C,raw,396,1.4175200000000814
WT,2,C,raw,397,0.9034559999999203
WT,2,C,raw,398,1.1023600000000613
WT,2,C,raw,399,0.6329159999999092
WT,2,C,raw,400,0.7134480000001702
WT,2,C,raw,401,0.49211199999999167
WT,2,C,raw,402,0.03539200000005849
WT,2,C,raw,403,0.12464000000008468
WT,2,C,raw,404,0.5224959999999044
WT,2,C,raw,405,0.3574199999999337
WT,2,C,raw,406,0.40873200000012844
WT,2,C,raw,407,0.15946799999991867
WT,2,C,raw,408,0.48899599999990073
WT,2,C,raw,409,0.8719480000000317
WT,2,C,raw,410,1.0680919999999503
WT,2,C,raw,411,0.32409599999994043
WT,2,C,raw,412,0.8188199999999028
WT,2,C,raw,413,0.23514799999998104
WT,2,C,raw,414,0.07445200000017849
WT,2,C,raw,415,0.32992399999989175
WT,2,C,raw,416,0.1913600000000315
WT,2,C,raw,417,0.10720799999998576
WT,2,C,raw,418,0.25648400000011407
WT,2,C,raw,420,0.5600239999998848
WT,2,C,raw,421,0.1455759999998918
WT,2,C,raw,422,0.2519560000000922
WT,2,C,raw,423,0.14477599999986523
WT,2,C,raw,425,0.47210400000014374
WT,2,C,raw,426,0.28781200000005924
WT,2,C,raw,427,0.42745599999994965
WT,2,C,raw,429,0.7329200000000071
WT,2,C,raw,430,0.2055240000000822
WT,2,C,raw,431,0.3089840000000379
WT,2,C,raw,432,0.3587679999997704
WT,2,C,raw,433,0.3023239999999703
WT,2,C,raw,434,0.40145200000003456
WT,2,C,raw,435,0.2834120000000837
WT,2,C,raw,436,0.32410800000005224
WT,2,C,raw,437,0.016252000000037015
WT,2,C,raw,438,0.3958079999999029
WT,2,C,raw,439,0.6588160000001722
WT,2,C,raw,440,0.5685639999999808
WT,2,C,raw,441,0.27557999999999083
WT,2,C,raw,442,0.03985200000013833
WT,2,C,raw,443,0.024652000000003227
WT,2,C,raw,444,0.4756680000000131
WT,2,C,raw,445,0.004736000000036711
WT,2,C,all_shifts,330,0.15342728286623242
WT,2,C,all_shifts,331,0.317727659097784
WT,2,C,all_shifts,332,0.0007617644392041711
WT,2,C,all_shifts,334,0.04928647969347821
WT,2,C,all_shifts,335,0.15049555979089746
WT,2,C,all_shifts,336,0.0757052774071667
WT,2,C,all_shifts,337,0.5355773014677254
WT,2,C,all_shifts,338,0.414777979258929
WT,2,C,all_shifts,340,0.40035752453050577
WT,2,C,all_shifts,341,0.6837180878495133
WT,2,C,all_shifts,342,0.3490096828417677
WT,2,C,all_shifts,343,0.6988056282864079
WT,2,C,all_shifts,344,0.20380847606057273
WT,2,C,all_shifts,345,0.73047967581698
WT,2,C,all_shifts,346,0.4033404991970997
WT,2,C,all_shifts,347,0.10010529525987977
WT,2,C,all_shifts,348,0.2869962330015312
WT,2,C,all_shifts,349,0.014599504381862971
WT,2,C,all_shifts,350,0.4748442344880459
WT,2,C,all_shifts,351,0.7132493864157823
WT,2,C,all_shifts,352,0.09604724827156019
WT,2,C,all_shifts,353,0.1422625658628931
WT,2,C,all_shifts,354,0.5909126097909052
WT,2,C,all_shifts,355,0.374621607744416
WT,2,C,all_shifts,356,0.5938841334488245
WT,2,C,all_shifts,357,0.33761438669722565
WT,2,C,all_shifts,358,0.2175916453842035
WT,2,C,all_shifts,359,0.3025439439192894
WT,2,C,all_shifts,360,0.22958967023515697
WT,2,C,all_shifts,361,0.3175381845874199
WT,2,C,all_shifts,362,0.4408136045527158
WT,2,C,all_shifts,363,0.13911811139732322
WT,2,C,all_shifts,364,0.15669443676216588
WT,2,C,all_shifts,366,0.7724306462663151
WT,2,C,all_shifts,367,0.23312554024292353
WT,2,C,all_shifts,368,0.022660413020446413
WT,2,C,all_shifts,369,0.1494901832437847
WT,2,C,all_shifts,370,0.2120025696989103
WT,2,C,all_shifts,379,0.3622592418460897
WT,2,C,all_shifts,381,0.5656521567336483
WT,2,C,all_shifts,382,0.4054067064788285
WT,2,C,all_shifts,383,0.3775475725013564
WT,2,C,all_shifts,384,0.7117709655829287
WT,2,C,all_shifts,385,0.08978774693611058
WT,2,C,all_shifts,386,0.03705076778470584
WT,2,C,all_shifts,387,0.11075790996861201
WT,2,C,all_shifts,388,0.2124440574869766
WT,2,C,all_shifts,390,0.5546088071259305
WT,2,C,all_shifts,391,0.49736838584516363
WT,2,C,all_shifts,392,0.20246439411934603
WT,2,C,all_shifts,393,0.2715139126059398
WT,2,C,all_shifts,394,0.17941301851746516
WT,2,C,all_shifts,395,0.3346283441445621
WT,2,C,all_shifts,396,1.0005932894945886
WT,2,C,all_shifts,397,0.25130024884526847
WT,2,C,all_shifts,398,0.46063572897483596
WT,2,C,all_shifts,399,0.1998161551222779
WT,2,C,all_shifts,400,0.3776361726049515
WT,2,C,all_shifts,401,0.29687135106647133
WT,2,C,all_shifts,402,0.045342004502856526
WT,2,C,all_shifts,403,0.28144016488298007
WT,2,C,all_shifts,404,0.4068134541560937
WT,2,C,all_shifts,405,0.41339222818518806
WT,2,C,all_shifts,406,0.3142493633238814
WT,2,C,all_shifts,407,0.046843923341782556
WT,2,C,all_shifts,408,0.13732504332716644
WT,2,C,all_shifts,409,0.6414870331276461
WT,2,C,all_shifts,410,0.7742629997638346
WT,2,C,all_shifts,411,0.19833107523649574
WT,2,C,all_shifts,412,0.6410589973102105
WT,2,C,all_shifts,413,0.14623787361210816
WT,2,C,all_shifts,414,0.10161119149768183
WT,2,C,all_shifts,415,0.23797888773137288
WT,2,C,all_shifts,416,0.26122670198245146
WT,2,C,all_shifts,417,0.1174828711898499
WT,2,C,all_shifts,418,0.2567158942567289
WT,2,C,all_shifts,420,0.50992971825562
WT,2,C,all_shifts,421,0.05896352129266802
WT,2,C,all_shifts,422,0.22258468441862078
WT,2,C,all_shifts,423,0.18185535721789847
WT,2,C,all_shifts,425,0.4940859576894354
WT,2,C,all_shifts,426,0.07149267279115179
WT,2,C,all_shifts,427,0.5855696909912069
WT,2,C,all_shifts,429,0.8436869801455202
WT,2,C,all_shifts,430,0.24161052992468512
WT,2,C,all_shifts,431,0.18954692081513258
WT,2,C,all_shifts,432,0.18552193573958675
WT,2,C,all_shifts,433,0.057808982114153196
WT,2,C,all_shifts,434,0.098893503088334
WT,2,C,all_shifts,435,0.2844208414645095
WT,2,C,all_shifts,436,0.386969274327015
WT,2,C,all_shifts,437,0.1713178992179678
WT,2,C,all_shifts,438,0.34914573769313506
WT,2,C,all_shifts,439,0.5096083217391651
WT,2,C,all_shifts,440,0.43624217869503923
WT,2,C,all_shifts,441,0.08200445883980478
WT,2,C,all_shifts,442,0.08844608767986983
WT,2,C,all_shifts,443,0.05338523832583064
WT,2,C,all_shifts,444,0.33666403007867984
WT,2,C,all_shifts,445,0.16301221693220214
AA,1,C,raw,330,0.4398394648829651
AA,1,C,raw,331,0.4392976588629267
AA,1,C,raw,332,0.17299331103669147
AA,1,C,raw,333,0.1291571906355955
AA,1,C,raw,334,0.07502341137120538
AA,1,C,raw,335,0.020635451505114588
AA,1,C,raw,336,0.09930434782597786
AA,1,C,raw,337,0.4484816053512475
AA,1,C,raw,338,0.30053846153859354
AA,1,C,raw,339,0.10075250836112559
AA,1,C,raw,340,0.5368528428093384
AA,1,C,raw,341,0.7437290969898811
AA,1,C,raw,342,0.4557357859531521
AA,1,C,raw,343,0.8508394648829665
AA,1,C,raw,344,0.01879264214042564
AA,1,C,raw,345,0.6911070234114334
AA,1,C,raw,346,0.13285284280948417
AA,1,C,raw,347,0.03234448160523584
AA,1,C,raw,348,0.29653177257509356
AA,1,C,raw,349,0.00790301003365812
AA,1,C,raw,350,0.5612575250835619
AA,1,C,raw,351,0.8053143812708754
AA,1,C,raw,352,0.4251237458192634
AA,1,C,raw,353,0.6902842809362255
AA,1,C,raw,354,1.084006688963143
AA,1,C,raw,355,0.8011973244146873
AA,1,C,raw,356,1.139605351170644
AA,1,C,raw,357,0.3865183946487605
AA,1,C,raw,358,0.17991973244153314
AA,1,C,raw,359,0.3078528428095808
AA,1,C,raw,360,0.10688628762537178
AA,1,C,raw,361,0.4685217391304377
AA,1,C,raw,362,0.36879264214056207
AA,1,C,raw,363,0.0407357859531885
AA,1,C,raw,364,0.2873377926422904
AA,1,C,raw,365,0.38134113712362705
AA,1,C,raw,366,0.7749230769229882
AA,1,C,raw,367,0.3547725752508768
AA,1,C,raw,368,0.1498929765885464
AA,1,C,raw,369,0.07327424749169609
AA,1,C,raw,370,0.19276588628761715
AA,1,C,raw,379,0.4957725752509532
AA,1,C,raw,380,0.04539799331095651
AA,1,C,raw,381,0.6536153846152217
AA,1,C,raw,382,0.6204816053511877
AA,1,C,raw,383,0.3515050167223137
AA,1,C,raw,384,0.6755317725753116
AA,1,C,raw,385,0.24366220735791444
AA,1,C,raw,386,0.16509364548494432
AA,1,C,raw,387,0.21132107023413482
AA,1,C,raw,388,0.06464214046826555
AA,1,C,raw,389,0.48111705685610673
AA,1,C,raw,390,0.4654247491637591
AA,1,C,raw,391,0.47137458193984116
AA,1,C,raw,392,0.27203344481605995
AA,1,C,raw,393,0.5977826086956952
AA,1,C,raw,394,0.17051170568547036
AA,1,C,raw,395,0.20077591973242193
AA,1,C,raw,396,1.397785953177305
AA,1,C,raw,397,1.0851772575249754
AA,1,C,raw,398,0.9213545150501261
AA,1,C,raw,399,0.6436220735786264
AA,1,C,raw,400,0.6466688963209322
AA,1,C,raw,401,0.3125083612039532
AA,1,C,raw,402,0.034431438127228375
AA,1,C,raw,403,0.26466889632118296
AA,1,C,raw,404,0.4264715719064043
AA,1,C,raw,405,0.47275919732447846
AA,1,C,raw,406,0.29304682274238303
AA,1,C,raw,407,0.17234782608684895
AA,1,C,raw,408,0.39758193979935186
AA,1,C,raw,409,0.9468461538461383
AA,1,C,raw,410,1.0697458193980651
AA,1,C,raw,411,0.3286086956520933
AA,1,C,raw,412,0.83870903010029
AA,1,C,raw,413,0.27210033444822557
AA,1,C,raw,414,0.2095819397993921
AA,1,C,raw,415,0.4054414715720043
AA,1,C,raw,416,0.2594247491638555
AA,1,C,raw,417,0.14253177257518246
AA,1,C,raw,418,0.3819565217391414
AA,1,C,raw,420,0.5767725752508568
AA,1,C,raw,421,0.14702341137126496
AA,1,C,raw,422,0.27860200668891366
AA,1,C,raw,423,0.05887625418071707
AA,1,C,raw,425,0.478996655518273
AA,1,C,raw,426,0.17805351170565586
AA,1,C,raw,427,0.3918428093644195
AA,1,C,raw,428,0.323989966555132
AA,1,C,raw,429,0.6500267558529629
AA,1,C,raw,430,0.13992307692313943
AA,1,C,raw,431,0.25059197324407023
AA,1,C,raw,432,0.4318260869563346
AA,1,C,raw,433,0.3397056856186964
AA,1,C,raw,434,0.2597591973243425
AA,1,C,raw,435,0.4127123745818153
AA,1,C,raw,436,0.19708695652187203
AA,1,C,raw,437,0.023886287625401792
AA,1,C,raw,438,0.49446153846153607
AA,1,C,raw,439,0.4360836120401643
AA,1,C,raw,440,0.5026622073578153
AA,1,C,raw,441,0.3308294314381044
AA,1,C,raw,442,0.038561872909639305
AA,1,C,raw,443,0.045565217391299484
AA,1,C,raw,444,0.501210702340984
AA,1,C,raw,445,0.07886287625422028
AA,1,C,all_shifts,330,0.34031430921470474
AA,1,C,all_shifts,331,0.4191000201429347
AA,1,C,all_shifts,332,0.17533266605548192
AA,1,C,all_shifts,333,0.07186772166011224
AA,1,C,all_shifts,334,0.05744830835251946
AA,1,C,all_shifts,335,0.02698720865922155
AA,1,C,all_shifts,336,0.029502721790038322
AA,1,C,all_shifts,337,0.26639930025413605
AA,1,C,all_shifts,338,0.18608310070970902
AA,1,C,all_shifts,339,0.151781354051991
AA,1,C,all_shifts,340,0.7119855430426298
AA,1,C,all_shifts,341,0.8240135842611664
AA,1,C,all_shifts,342,0.4879211837236994
AA,1,C,all_shifts,343,0.8907015968362941
AA,1,C,all_shifts,344,0.04608467164371177
AA,1,C,all_shifts,345,0.692872070714003
AA,1,C,all_shifts,346,0.24575543988106574
AA,1,C,all_shifts,347,0.19645770494150838
AA,1,C,all_shifts,348,0.2449136994110006
AA,1,C,all_shifts,349,0.029353385519840458
AA,1,C,all_shifts,350,0.39700327404440827
AA,1,C,all_shifts,351,0.6887761964569847
AA,1,C,all_shifts,352,0.38314877509048983
AA,1,C,all_shifts,353,0.3054037679881674
AA,1,C,all_shifts,354,0.6926812001332792
AA,1,C,all_shifts,355,0.36330561173431875
AA,1,C,all_shifts,356,0.846739435112795
AA,1,C,all_shifts,357,0.490265753138857
AA,1,C,all_shifts,358,0.03209917204520707
AA,1,C,all_shifts,359,0.06342550090491272
AA,1,C,all_shifts,360,0.12099138588962433
AA,1,C,all_shifts,361,0.18856789444430433
AA,1,C,all_shifts,362,0.25915372442605644
AA,1,C,all_shifts,363,0.14779730868391994
AA,1,C,all_shifts,364,0.08768375704400455
AA,1,C,all_shifts,365,0.2731478730402159
AA,1,C,all_shifts,366,0.767304449126982
AA,1,C,all_shifts,367,0.2691570048606309
AA,1,C,all_shifts,368,0.42019772188876914
AA,1,C,all_shifts,369,0.22372405395313422
AA,1,C,all_shifts,370,0.30076242604522463
AA,1,C,all_shifts,379,0.6310220193257976
AA,1,C,all_shifts,380,0.20055224250637593
AA,1,C,all_shifts,381,0.5797389798718484
AA,1,C,all_shifts,382,0.6044796631785516
AA,1,C,all_shifts,383,0.3973391137758142
AA,1,C,all_shifts,384,0.5412200775880649
AA,1,C,all_shifts,385,0.30704983918903395
AA,1,C,all_shifts,386,0.04425728305920984
AA,1,C,all_shifts,387,0.20150127484080826
AA,1,C,all_shifts,388,0.0338927564687026
AA,1,C,all_shifts,389,0.4357342462527356
AA,1,C,all_shifts,390,0.3763929767732179
AA,1,C,all_shifts,391,0.404817226541752
AA,1,C,all_shifts,392,0.13455747322583989
AA,1,C,all_shifts,393,0.31096282816713483
AA,1,C,all_shifts,394,0.23006966989950683
AA,1,C,all_shifts,395,0.024051094002487616
AA,1,C,all_shifts,396,1.0042360015526697
AA,1,C,all_shifts,397,0.7444851410661499
AA,1,C,all_shifts,398,0.7742999898177345
AA,1,C,all_shifts,399,0.49852953207931705
AA,1,C,all_shifts,400,0.5438671010930989
AA,1,C,all_shifts,401,0.19700229235635902
AA,1,C,all_shifts,402,0.090542347707526
AA,1,C,all_shifts,403,0.3681935904484419
AA,1,C,all_shifts,404,0.4016576671598955
AA,1,C,all_shifts,405,0.22569934677812853
AA,1,C,all_shifts,406,0.16274140049259245
AA,1,C,all_shifts,407,0.005428060917950006
AA,1,C,all_shifts,408,0.230078802492244
AA,1,C,all_shifts,409,0.7060706869731064
AA,1,C,all_shifts,410,0.6944261875652273
AA,1,C,all_shifts,411,0.03998684805455355
AA,1,C,all_shifts,412,0.5818386225501513
AA,1,C,all_shifts,413,0.007188558572551074
AA,1,C,all_shifts,414,0.17923560425469987
AA,1,C,all_shifts,415,0.40523843566538176
AA,1,C,all_shifts,416,0.2592741520520576
AA,1,C,all_shifts,417,0.087778091218496
AA,1,C,all_shifts,418,0.383521892802861
AA,1,C,all_shifts,420,0.6187793929899215
AA,1,C,all_shifts,421,0.13484110789198667
AA,1,C,all_shifts,422,0.33383729981295573
AA,1,C,all_shifts,423,0.0014593217501328581
AA,1,C,all_shifts,425,0.45222281866523417
AA,1,C,all_shifts,426,0.3685802101375941
AA,1,C,all_shifts,427,0.36930629772194834
AA,1,C,all_shifts,428,0.22720679092833507
AA,1,C,all_shifts,429,0.5257491022057081
AA,1,C,all_shifts,430,0.12328178300694503
AA,1,C,all_shifts,431,0.34468639349759655
AA,1,C,all_shifts,432,0.23387557884512944
AA,1,C,all_shifts,433,0.5235038126290306
AA,1,C,all_shifts,434,0.40638886283161924
AA,1,C,all_shifts,435,0.14737751738559268
AA,1,C,all_shifts,436,0.5097903637094987
AA,1,C,all_shifts,437,0.06682112411772323
AA,1,C,all_shifts,438,0.2973246697277716
AA,1,C,all_shifts,439,0.434350716011096
AA,1,C,all_shifts,440,0.28938119233137627
AA,1,C,all_shifts,441,0.34229710724019924
AA,1,C,all_shifts,442,0.23193347249812746
AA,1,C,all_shifts,443,0.013487113064797995
AA,1,C,all_shifts,444,0.49055236862281504
AA,1,C,all_shifts,445,0.05060489882203001
AA,2,C,raw,330,0.33814400000008504
AA,2,C,raw,331,0.3925639999999362
AA,2,C,raw,332,0.1797800000000791
AA,2,C,raw,333,0.08056799999997111
AA,2,C,raw,334,0.006704000000127053
AA,2,C,raw,335,0.052151999999978216
AA,2,C,raw,336,0.08834000000004494
AA,2,C,raw,337,0.39965600000002155
AA,2,C,raw,338,0.30550400000007016
AA,2,C,raw,339,0.041952000000037515
AA,2,C,raw,340,0.6275400000001525
AA,2,C,raw,341,0.7729039999999543
AA,2,C,raw,342,0.5002200000000983
AA,2,C,raw,343,0.8618519999999421
AA,2,C,raw,344,0.07376800000000117
AA,2,C,raw,345,0.613995999999986
AA,2,C,raw,346,0.1222319999998831
AA,2,C,raw,347,0.017299999999977445
AA,2,C,raw,348,0.28807600000007483
AA,2,C,raw,349,0.005587999999903559
AA,2,C,raw,350,0.5601719999999659
AA,2,C,raw,351,0.7493479999999693
AA,2,C,raw,352,0.4819920000000195
AA,2,C,raw,353,0.6079320000000905
AA,2,C,raw,354,1.002600000000058
AA,2,C,raw,355,0.6851920000001144
AA,2,C,raw,356,1.0203199999999697
AA,2,C,raw,357,0.3981000000000279
AA,2,C,raw,358,0.15008799999986877
AA,2,C,raw,359,0.22369999999997958
AA,2,C,raw,360,0.21087200000002326
AA,2,C,raw,361,0.4017000000001474
AA,2,C,raw,362,0.4597639999999785
AA,2,C,raw,363,0.021652000000074167
AA,2,C,raw,364,0.24937200000002235
AA,2,C,raw,365,0.43290400000006457
AA,2,C,raw,366,0.8234520000001737
AA,2,C,raw,367,0.3685040000000015
AA,2,C,raw,368,0.15136000000001104
AA,2,C,raw,369,0.13699200000004907
AA,2,C,raw,370,0.19732800000014095
AA,2,C,raw,379,0.48447199999981194
AA,2,C,raw,380,0.1542519999999854
AA,2,C,raw,381,0.6927599999999643
AA,2,C,raw,382,0.5789760000000399
AA,2,C,raw,383,0.31256000000001904
AA,2,C,raw,384,0.4602279999999723
AA,2,C,raw,385,0.32838799999996127
AA,2,C,raw,386,0.10008799999994267
AA,2,C,raw,387,0.21889599999988718
AA,2,C,raw,388,0.015883999999914522
AA,2,C,raw,389,0.4952319999999588
AA,2,C,raw,390,0.46224800000001665
AA,2,C,raw,391,0.5173079999999288
AA,2,C,raw,392,0.5020399999999654
AA,2,C,raw,393,0.7237879999999564
AA,2,C,raw,394,0.4074919999999054
AA,2,C,raw,395,0.4637879999998802
AA,2,C,raw,396,1.5828040000000385
AA,2,C,raw,397,1.202695999999861
AA,2,C,raw,398,1.0682279999999764
AA,2,C,raw,399,0.8062600000000373
AA,2,C,raw,400,0.8751839999999333
AA,2,C,raw,401,0.3826600000000724
AA,2,C,raw,402,0.05768799999998464
AA,2,C,raw,403,0.22910000000004516
AA,2,C,raw,404,0.4739320000000191
AA,2,C,raw,405,0.3942120000000102
AA,2,C,raw,406,0.4057200000000307
AA,2,C,raw,407,0.03592000000000439
AA,2,C,raw,408,0.32037600000003863
AA,2,C,raw,409,0.9153239999999983
AA,2,C,raw,410,1.1204560000000185
AA,2,C,raw,411,0.3529399999999612
AA,2,C,raw,412,0.9234760000000506
AA,2,C,raw,413,0.29320799999993596
AA,2,C,raw,414,0.23266799999996124
AA,2,C,raw,415,0.3848360000000355
AA,2,C,raw,416,0.2868160000000728
AA,2,C,raw,417,0.16953199999997537
AA,2,C,raw,418,0.39152399999994714
AA,2,C,raw,420,0.5798560000000066
AA,2,C,raw,421,0.0719760000000349
AA,2,C,raw,422,0.2590399999999988
AA,2,C,raw,423,0.07084399999996549
AA,2,C,raw,425,0.5215279999999893
AA,2,C,raw,426,0.21306000000015501
AA,2,C,raw,427,0.4551719999998909
AA,2,C,raw,428,0.4454719999998815
AA,2,C,raw,429,0.7516480000000456
AA,2,C,raw,430,0.07580799999999499
AA,2,C,raw,431,0.23821599999993737
AA,2,C,raw,432,0.30889599999997586
AA,2,C,raw,433,0.40148800000002893
AA,2,C,raw,434,0.19801200000003405
AA,2,C,raw,435,0.40725199999988604
AA,2,C,raw,436,0.1828079999999659
AA,2,C,raw,437,0.06388000000006855
AA,2,C,raw,438,0.4348439999999414
AA,2,C,raw,439,0.5387920000000292
AA,2,C,raw,440,0.6159200000000169
AA,2,C,raw,441,0.3786119999999755
AA,2,C,raw,442,0.019976000000099248
AA,2,C,raw,443,0.04189200000001847
AA,2,C,raw,444,0.4964639999999463
AA,2,C,raw,445,0.04885599999994383
AA,2,C,all_shifts,330,0.059413610150159
AA,2,C,all_shifts,331,0.25784903010364246
AA,2,C,all_shifts,332,0.1770114475162643
AA,2,C,all_shifts,333,0.01141328410082565
AA,2,C,all_shifts,334,0.005317665683151063
AA,2,C,all_shifts,335,0.02126601345159429
AA,2,C,all_shifts,336,0.10805414720027784
AA,2,C,all_shifts,337,0.5230937413816434
AA,2,C,all_shifts,338,0.32261320482498945
AA,2,C,all_shifts,339,0.08011913321595898
AA,2,C,all_shifts,340,0.6794391841166316
AA,2,C,all_shifts,341,0.7558034391929027
AA,2,C,all_shifts,342,0.344032237908948
AA,2,C,all_shifts,343,0.6053795661759125
AA,2,C,all_shifts,344,0.058272246834746966
AA,2,C,all_shifts,345,0.7435497114585417
AA,2,C,all_shifts,346,0.4384451092874997
AA,2,C,all_shifts,347,0.0438073678769797
AA,2,C,all_shifts,348,0.13942932544910036
AA,2,C,all_shifts,349,0.003901802954885625
AA,2,C,all_shifts,350,0.25590795231613583
AA,2,C,all_shifts,351,0.5437871725928858
AA,2,C,all_shifts,352,0.3480978813740023
AA,2,C,all_shifts,353,0.20829707462556257
AA,2,C,all_shifts,354,0.5908306155128287
AA,2,C,all_shifts,355,0.327712836651898
AA,2,C,all_shifts,356,0.5816517341995109
AA,2,C,all_shifts,357,0.08005250703547517
AA,2,C,all_shifts,358,0.07213110145445967
AA,2,C,all_shifts,359,0.21450271424080825
AA,2,C,all_shifts,360,0.04950774660798629
AA,2,C,all_shifts,361,0.1287889588539315
AA,2,C,all_shifts,362,0.2993596185918648
AA,2,C,all_shifts,363,0.10205980440767348
AA,2,C,all_shifts,364,0.2576768530212803
AA,2,C,all_shifts,365,0.3426743169563622
AA,2,C,all_shifts,366,0.9135157731180925
AA,2,C,all_shifts,367,0.3895981741934236
AA,2,C,all_shifts,368,0.32805935846192824
AA,2,C,all_shifts,369,0.08931832630415215
AA,2,C,all_shifts,370,0.22046217919034916
AA,2,C,all_shifts,379,0.45950275742862345
AA,2,C,all_shifts,380,0.26288182331197163
AA,2,C,all_shifts,381,0.7726290633422082
AA,2,C,all_shifts,382,0.47804751081463337
AA,2,C,all_shifts,383,0.27896061143607653
AA,2,C,all_shifts,384,0.4917868280209916
AA,2,C,all_shifts,385,0.4887276841254504
AA,2,C,all_shifts,386,0.010436749503497822
AA,2,C,all_shifts,387,0.2217561209321559
AA,2,C,all_shifts,388,0.14251631406682463
AA,2,C,all_shifts,389,0.44628027731147313
AA,2,C,all_shifts,390,0.3822399804655845
AA,2,C,all_shifts,391,0.4797332318136398
AA,2,C,all_shifts,392,0.5715504414917518
AA,2,C,all_shifts,393,0.46119903583525
AA,2,C,all_shifts,394,0.38562303643200835
AA,2,C,all_shifts,395,0.23109459457782577
AA,2,C,all_shifts,396,1.1922679454192178
AA,2,C,all_shifts,397,0.8344732557633563
AA,2,C,all_shifts,398,0.6921941657589059
AA,2,C,all_shifts,399,0.17127201829285355
AA,2,C,all_shifts,400,0.35986628097063544
AA,2,C,all_shifts,401,0.2961881390109795
AA,2,C,all_shifts,402,0.17300720196533348
AA,2,C,all_shifts,403,0.18830831170018314
AA,2,C,all_shifts,404,0.22731411017116443
AA,2,C,all_shifts,405,0.458045255498547
AA,2,C,all_shifts,406,0.2990584659090132
AA,2,C,all_shifts,407,0.04016844129171204
AA,2,C,all_shifts,408,0.1346043352897084
AA,2,C,all_shifts,409,0.6541188043123327
AA,2,C,all_shifts,410,0.8052949021677023
AA,2,C,all_shifts,411,0.1310613571073702
AA,2,C,all_shifts,412,0.7563571896606334
AA,2,C,all_shifts,413,0.1165027340773861
AA,2,C,all_shifts,414,0.06529798573657786
AA,2,C,all_shifts,415,0.43557492646453966
AA,2,C,all_shifts,416,0.20212507906089172
AA,2,C,all_shifts,417,0.23573801432493724
AA,2,C,all_shifts,418,0.38628914419328453
AA,2,C,all_shifts,420,0.5916476626175324
AA,2,C,all_shifts,421,0.0963647123682847
AA,2,C,all_shifts,422,0.1867328181026835
AA,2,C,all_shifts,423,0.05036921506544445
AA,2,C,all_shifts,425,0.6008358019370803
AA,2,C,all_shifts,426,0.16182688594406613
AA,2,C,all_shifts,427,0.48410910506629534
AA,2,C,all_shifts,428,0.24500068151749588
AA,2,C,all_shifts,429,0.6394088506222317
AA,2,C,all_shifts,430,0.12408133629875806
AA,2,C,all_shifts,431,0.23297495287357606
AA,2,C,all_shifts,432,0.24655298464548991
AA,2,C,all_shifts,433,0.3682770164168403
AA,2,C,all_shifts,434,0.16656161276824832
AA,2,C,all_shifts,435,0.27906483754398437
AA,2,C,all_shifts,436,0.16294117604928715
AA,2,C,all_shifts,437,0.15124405147736297
AA,2,C,all_shifts,438,0.3129376171378624
AA,2,C,all_shifts,439,0.4375096975386157
AA,2,C,all_shifts,440,0.407805871508117
AA,2,C,all_shifts,441,0.2401862450643364
AA,2,C,all_shifts,442,0.09043746571600764
AA,2,C,all_shifts,443,0.1099192343419304
AA,2,C,all_shifts,444,0.4446204998604344
AA,2,C,all_shifts,445,0.07513637598918876
AA,1,CB,raw,330,0.12547157190636327
AA,1,CB,raw,331,0.1713946488294269
AA,1,CB,raw,333,0.16916722408024043
AA,1,CB,raw,334,0.05737123745821293
AA,1,CB,raw,336,0.020916387959900362
AA,1,CB,raw,337,0.34902006688961507
AA,1,CB,raw,338,0.08149498327760085
AA,1,CB,raw,340,0.25521739130435606
AA,1,CB,raw,341,0.055946488294353
AA,1,CB,raw,342,0.08772240802673537
AA,1,CB,raw,343,0.2703043478260696
AA,1,CB,raw,344,0.5071270903010259
AA,1,CB,raw,345,0.03697324414719105
AA,1,CB,raw,346,0.593976588628756
AA,1,CB,raw,347,0.11350836120400487
AA,1,CB,raw,348,0.08343812709029663
AA,1,CB,raw,350,0.2227257525083779
AA,1,CB,raw,351,0.4880133779264213
AA,1,CB,raw,352,0.3724548494983324
AA,1,CB,raw,353,0.1680969899665783
AA,1,CB,raw,354,0.5615117056856178
AA,1,CB,raw,355,0.6799899665551798
AA,1,CB,raw,356,0.48068227424750276
AA,1,CB,raw,357,0.30775585284283835
AA,1,CB,raw,358,0.04549163879600471
AA,1,CB,raw,359,0.527053511705688
AA,1,CB,raw,360,0.2019397993311074
AA,1,CB,raw,361,0.04254180602004709
AA,1,CB,raw,362,0.5752909698996902
AA,1,CB,raw,363,0.24530100334443716
AA,1,CB,raw,364,0.3415250836120407
AA,1,CB,raw,366,0.019267558528433426
AA,1,CB,raw,367,0.03637123745819082
AA,1,CB,raw,368,0.08105016722407044
AA,1,CB,raw,369,0.31723076923079674
AA,1,CB,raw,370,0.19222073578594845
AA,1,CB,raw,379,0.21717725752505856
AA,1,CB,raw,380,1.91976923076923
AA,1,CB,raw,381,0.16009030100334343
AA,1,CB,raw,382,0.7063010033444783
AA,1,CB,raw,383,0.4113545150501743
AA,1,CB,raw,384,0.11806020066889289
AA,1,CB,raw,385,0.09757859531774926
AA,1,CB,raw,386,0.27278260869564264
AA,1,CB,raw,387,0.15767892976583653
AA,1,CB,raw,388,0.08490301003344669
AA,1,CB,raw,390,0.13670234113712354
AA,1,CB,raw,391,0.5508762541805723
AA,1,CB,raw,392,0.15410702341132776
AA,1,CB,raw,393,0.2823377926421742
AA,1,CB,raw,395,0.029491638796010022
AA,1,CB,raw,396,0.4670066889632096
AA,1,CB,raw,397,0.4751739130434842
AA,1,CB,raw,398,0.2587023411371234
AA,1,CB,raw,399,0.4410802675585117
AA,1,CB,raw,400,0.539297658862882
AA,1,CB,raw,401,0.30254849498329506
AA,1,CB,raw,402,0.13698996655519124
AA,1,CB,raw,403,0.16207692307693478
AA,1,CB,raw,404,0.44716053511703535
AA,1,CB,raw,405,0.37383946488294484
AA,1,CB,raw,406,0.2502809364548284
AA,1,CB,raw,408,0.21583277591972205
AA,1,CB,raw,409,0.5972441471571344
AA,1,CB,raw,410,0.4790936454849444
AA,1,CB,raw,411,0.2035618729096953
AA,1,CB,raw,412,0.04481605351173101
AA,1,CB,raw,413,0.399143812709017
AA,1,CB,raw,415,0.18059866220736254
AA,1,CB,raw,417,0.1857959866220824
AA,1,CB,raw,418,0.05556187290972048
AA,1,CB,raw,420,0.05922742474916021
AA,1,CB,raw,422,0.12941471571910768
AA,1,CB,raw,425,0.01647491638796339
AA,1,CB,raw,426,0.05706688963208961
AA,1,CB,raw,427,0.0239331103679028
AA,1,CB,raw,428,0.23888628762542297
AA,1,CB,raw,429,0.13796989966555628
AA,1,CB,raw,430,0.029719063545115887
AA,1,CB,raw,431,0.07921404682279132
AA,1,CB,raw,432,0.04084280936449858
AA,1,CB,raw,433,0.04519397993311358
AA,1,CB,raw,434,0.28799331103677517
AA,1,CB,raw,435,0.2092107023411387
AA,1,CB,raw,436,0.10199331103675036
AA,1,CB,raw,437,0.00045150501674839916
AA,1,CB,raw,438,0.3574080267558202
AA,1,CB,raw,439,0.17904013377928862
AA,1,CB,raw,440,0.2185150501671842
AA,1,CB,raw,441,0.1779565217391159
AA,1,CB,raw,443,0.04344481605349415
AA,1,CB,raw,444,0.14245150501671588
AA,1,CB,raw,445,0.0024983277592127706
AA,1,CB,all_shifts,330,0.1883714317399452
AA,1,CB,all_shifts,331,0.035682467635087534
AA,1,CB,all_shifts,333,0.05635711261613352
AA,1,CB,all_shifts,334,0.06381919653608037
AA,1,CB,all_shifts,336,0.07921572847124025
AA,1,CB,all_shifts,337,0.3529402552472902
AA,1,CB,all_shifts,338,0.10128479613211994
AA,1,CB,all_shifts,340,0.2427111956804211
AA,1,CB,all_shifts,341,0.14071313962278964
AA,1,CB,all_shifts,342,0.028995076028508038
AA,1,CB,all_shifts,343,0.10660053810057235
AA,1,CB,all_shifts,344,0.45641512666972517
AA,1,CB,all_shifts,345,0.021569599327918354
AA,1,CB,all_shifts,346,0.28059851659083535
AA,1,CB,all_shifts,347,0.13990753860444727
AA,1,CB,all_shifts,348,0.020013876758675053
AA,1,CB,all_shifts,350,0.1431857403986001
AA,1,CB,all_shifts,351,0.313580920765709
AA,1,CB,all_shifts,352,0.4473378154928369
AA,1,CB,all_shifts,353,0.0697346848280489
AA,1,CB,all_shifts,354,0.3485740455033728
AA,1,CB,all_shifts,355,0.4489075625055676
AA,1,CB,all_shifts,356,0.39603970128865384
AA,1,CB,all_shifts,357,0.10655602929019636
AA,1,CB,all_shifts,358,0.025491116174652717
AA,1,CB,all_shifts,359,0.30351803604993677
AA,1,CB,all_shifts,360,0.21846413123210695
AA,1,CB,all_shifts,361,0.04599998515922721
AA,1,CB,all_shifts,362,0.3456331664613046
AA,1,CB,all_shifts,363,0.06038194359675231
AA,1,CB,all_shifts,364,0.11839996291513444
AA,1,CB,all_shifts,366,0.10911538335519566
AA,1,CB,all_shifts,367,0.04418710151856686
AA,1,CB,all_shifts,368,0.08482865390007177
AA,1,CB,all_shifts,369,0.4167960559407362
AA,1,CB,all_shifts,370,0.2500475853881028
AA,1,CB,all_shifts,379,0.2475163471299311
AA,1,CB,all_shifts,380,1.7209810371819891
AA,1,CB,all_shifts,381,0.18109919271057606
AA,1,CB,all_shifts,382,0.6089068672446594
AA,1,CB,all_shifts,383,0.5476664039277424
AA,1,CB,all_shifts,384,0.08997403847664742
AA,1,CB,all_shifts,385,0.12622698651994568
AA,1,CB,all_shifts,386,0.13377371064378707
AA,1,CB,all_shifts,387,0.08544086684445773
AA,1,CB,all_shifts,388,0.012890635581271681
AA,1,CB,all_shifts,390,0.20648521410014098
AA,1,CB,all_shifts,391,0.6859800149530315
AA,1,CB,all_shifts,392,0.1979924252680405
AA,1,CB,all_shifts,393,0.23232985578592036
AA,1,CB,all_shifts,395,0.10839276265269149
AA,1,CB,all_shifts,396,0.42460493661797827
AA,1,CB,all_shifts,397,0.34702550842126456
AA,1,CB,all_shifts,398,0.035661999775403075
AA,1,CB,all_shifts,399,0.29536877299200626
AA,1,CB,all_shifts,400,0.3310935621210511
AA,1,CB,all_shifts,401,0.13208062570778978
AA,1,CB,all_shifts,402,0.0510006165064425
AA,1,CB,all_shifts,403,0.03246983774468504
AA,1,CB,all_shifts,404,0.45673613293284987
AA,1,CB,all_shifts,405,0.31910698108288216
AA,1,CB,all_shifts,406,0.062477549340911764
AA,1,CB,all_shifts,408,0.09324037901576787
AA,1,CB,all_shifts,409,0.3424700770536546
AA,1,CB,all_shifts,410,0.2649238370941056
AA,1,CB,all_shifts,411,0.02133732090648266
AA,1,CB,all_shifts,412,0.02020298850529656
AA,1,CB,all_shifts,413,0.19063014490093622
AA,1,CB,all_shifts,415,0.22759101404651716
AA,1,CB,all_shifts,417,0.2015159118778591
AA,1,CB,all_shifts,418,0.04865732271726131
AA,1,CB,all_shifts,420,0.0880423127121972
AA,1,CB,all_shifts,422,0.053548168696764264
AA,1,CB,all_shifts,425,0.017717472525482947
AA,1,CB,all_shifts,426,0.11990039193072732
AA,1,CB,all_shifts,427,0.05451070687640325
AA,1,CB,all_shifts,428,0.27327270387387514
AA,1,CB,all_shifts,429,0.031191272793865465
AA,1,CB,all_shifts,430,0.20960631554760312
AA,1,CB,all_shifts,431,0.1156263952836909
AA,1,CB,all_shifts,432,0.01825523201433299
AA,1,CB,all_shifts,433,0.13351501991508385
AA,1,CB,all_shifts,434,0.012579351753888801
AA,1,CB,all_shifts,435,0.0657024026593831
AA,1,CB,all_shifts,436,0.11007901104593998
AA,1,CB,all_shifts,437,0.053455126777187445
AA,1,CB,all_shifts,438,0.4445441937769914
AA,1,CB,all_shifts,439,0.18753444262193142
AA,1,CB,all_shifts,440,0.1718197530707819
AA,1,CB,all_shifts,441,0.35389276077168574
AA,1,CB,all_shifts,443,0.01870978182142835
AA,1,CB,all_shifts,444,0.12474935783627927
AA,1,CB,all_shifts,445,0.006231816908147891
AA,2,CB,raw,330,0.08825600000000833
AA,2,CB,raw,331,0.08583200000000346
AA,2,CB,raw,333,0.19347999999999388
AA,2,CB,raw,334,0.1512840000000466
AA,2,CB,raw,336,0.014023999999977832
AA,2,CB,raw,337,0.3125080000000011
AA,2,CB,raw,338,0.1048519999999904
AA,2,CB,raw,340,0.26112399999997393
AA,2,CB,raw,341,0.16092399999995166
AA,2,CB,raw,342,0.08620399999998085
AA,2,CB,raw,343,0.3066560000000038
AA,2,CB,raw,344,0.5077119999999979
AA,2,CB,raw,345,0.010504000000011615
AA,2,CB,raw,346,0.4224479999999957
AA,2,CB,raw,347,0.14105599999998475
AA,2,CB,raw,348,0.002763999999956468
AA,2,CB,raw,350,0.08035200000000842
AA,2,CB,raw,351,0.28106799999999055
AA,2,CB,raw,352,0.3119360000000171
AA,2,CB,raw,353,0.1463959999999851
AA,2,CB,raw,354,0.48964400000000197
AA,2,CB,raw,355,0.653851999999997
AA,2,CB,raw,356,0.3189600000000006
AA,2,CB,raw,357,0.18912399999999963
AA,2,CB,raw,358,0.05350800000000788
AA,2,CB,raw,359,0.34839999999999804
AA,2,CB,raw,360,0.23269199999999302
AA,2,CB,raw,361,0.021191999999985
AA,2,CB,raw,362,0.40458799999999684
AA,2,CB,raw,363,0.406183999999989
AA,2,CB,raw,364,0.4427920000000185
AA,2,CB,raw,366,0.008767999999989229
AA,2,CB,raw,367,0.07696400000001802
AA,2,CB,raw,368,0.08627200000000101
AA,2,CB,raw,369,0.25854000000001065
AA,2,CB,raw,370,0.10297999999999519
AA,2,CB,raw,379,0.22491199999998912
AA,2,CB,raw,380,1.966852000000003
AA,2,CB,raw,381,0.17909199999998293
AA,2,CB,raw,382,0.5470800000000153
AA,2,CB,raw,383,0.5281399999999863
AA,2,CB,raw,384,0.1342599999999905
AA,2,CB,raw,385,0.021340000000016346
AA,2,CB,raw,386,0.19016400000001
AA,2,CB,raw,387,0.13096799999997444
AA,2,CB,raw,388,0.10887200000000874
AA,2,CB,raw,390,0.11614000000001568
AA,2,CB,raw,391,0.4677960000000354
AA,2,CB,raw,392,0.20137200000002053
AA,2,CB,raw,393,0.3706680000000304
AA,2,CB,raw,395,0.12981999999998806
AA,2,CB,raw,396,0.6241320000000137
AA,2,CB,raw,397,0.6473839999999988
AA,2,CB,raw,398,0.28475999999999146
AA,2,CB,raw,399,0.5288800000000009
AA,2,CB,raw,400,0.6108999999999973
AA,2,CB,raw,401,0.33839200000000247
AA,2,CB,raw,402,0.1296280000000003
AA,2,CB,raw,403,0.17160400000001275
AA,2,CB,raw,404,0.345820000000014
AA,2,CB,raw,405,0.4713640000000012
AA,2,CB,raw,406,0.12464000000001363
AA,2,CB,raw,408,0.1283120000000153
AA,2,CB,raw,409,0.5080199999999806
AA,2,CB,raw,410,0.49173600000001016
AA,2,CB,raw,411,0.21686400000003658
AA,2,CB,raw,412,0.09172799999999626
AA,2,CB,raw,413,0.3138400000000132
AA,2,CB,raw,415,0.19877599999998807
AA,2,CB,raw,417,0.1821799999999847
AA,2,CB,raw,418,0.013311999999999102
AA,2,CB,raw,420,0.03522399999999237
AA,2,CB,raw,422,0.009868000000011534
AA,2,CB,raw,425,0.024796000000023355
AA,2,CB,raw,426,0.01645599999997671
AA,2,CB,raw,427,0.06752800000000292
AA,2,CB,raw,428,0.19777199999999695
AA,2,CB,raw,429,0.24024399999999702
AA,2,CB,raw,430,0.008336000000063848
AA,2,CB,raw,431,0.005704000000001486
AA,2,CB,raw,432,0.061347999999995295
AA,2,CB,raw,433,0.07199199999999806
AA,2,CB,raw,434,0.22241599999999195
AA,2,CB,raw,435,0.22736400000000856
AA,2,CB,raw,436,0.06647999999999143
AA,2,CB,raw,437,0.04612399999998473
AA,2,CB,raw,438,0.3801840000000283
AA,2,CB,raw,439,0.13103599999999815
AA,2,CB,raw,440,0.27771999999998087
AA,2,CB,raw,441,0.17244800000001348
AA,2,CB,raw,443,0.186272000000006
AA,2,CB,raw,444,0.03805199999998621
AA,2,CB,raw,445,0.005307999999992319
AA,2,CB,all_shifts,330,0.018022215588175072
AA,2,CB,all_shifts,331,0.19242700403138358
AA,2,CB,all_shifts,333,0.13269728746490728
AA,2,CB,all_shifts,334,0.1990623373946292
AA,2,CB,all_shifts,336,0.05454886845879514
AA,2,CB,all_shifts,337,0.14299820440993471
AA,2,CB,all_shifts,338,0.05583037840773031
AA,2,CB,all_shifts,340,0.3394052921258037
AA,2,CB,all_shifts,341,0.19502654346448622
AA,2,CB,all_shifts,342,0.020302673651457326
AA,2,CB,all_shifts,343,0.060655710768394044
AA,2,CB,all_shifts,344,0.2769333868003656
AA,2,CB,all_shifts,345,0.030924601483668823
AA,2,CB,all_shifts,346,0.3159043971214217
AA,2,CB,all_shifts,347,0.08602075039726031
AA,2,CB,all_shifts,348,0.017946297718147264
AA,2,CB,all_shifts,350,0.008543686099937275
AA,2,CB,all_shifts,351,0.21779362981463635
AA,2,CB,all_shifts,352,0.2446690076186968
AA,2,CB,all_shifts,353,0.2564229203806043
AA,2,CB,all_shifts,354,0.20512314677316112
AA,2,CB,all_shifts,355,0.3701077964801094
AA,2,CB,all_shifts,356,0.3722981086713304
AA,2,CB,all_shifts,357,0.1000773041730838
AA,2,CB,all_shifts,358,0.1309017271184949
AA,2,CB,all_shifts,359,0.35278720251250206
AA,2,CB,all_shifts,360,0.39124632127120407
AA,2,CB,all_shifts,361,0.19526402020210298
AA,2,CB,all_shifts,362,0.32120983728673735
AA,2,CB,all_shifts,363,0.28769099887067284
AA,2,CB,all_shifts,364,0.32118809903751355
AA,2,CB,all_shifts,366,0.13750105257084755
AA,2,CB,all_shifts,367,0.02094800142262443
AA,2,CB,all_shifts,368,0.10292200773835702
AA,2,CB,all_shifts,369,0.1656115568114771
AA,2,CB,all_shifts,370,0.11256593266575976
AA,2,CB,all_shifts,379,0.17891254366424647
AA,2,CB,all_shifts,380,1.645201682081595
AA,2,CB,all_shifts,381,0.12561435942618715
AA,2,CB,all_shifts,382,0.03470885939879764
AA,2,CB,all_shifts,383,0.5957534252346797
AA,2,CB,all_shifts,384,0.09188872017523764
AA,2,CB,all_shifts,385,0.11692424007033964
AA,2,CB,all_shifts,386,0.2316634774439379
AA,2,CB,all_shifts,387,0.057991295882587224
AA,2,CB,all_shifts,388,0.19492537165267265
AA,2,CB,all_shifts,390,0.1342256919198377
AA,2,CB,all_shifts,391,0.28670176058268027
AA,2,CB,all_shifts,392,0.07943877128939647
AA,2,CB,all_shifts,393,0.207169255506372
AA,2,CB,all_shifts,395,0.21286226429278798
AA,2,CB,all_shifts,396,0.4062587043038448
AA,2,CB,all_shifts,397,0.5051944412678893
AA,2,CB,all_shifts,398,0.12280756003427129
AA,2,CB,all_shifts,399,0.3391193574361502
AA,2,CB,all_shifts,400,0.4291846348067345
AA,2,CB,all_shifts,401,0.1297315245129198
AA,2,CB,all_shifts,402,0.17179922385774304
AA,2,CB,all_shifts,403,0.09865751342109519
AA,2,CB,all_shifts,404,0.6673783456724571
AA,2,CB,all_shifts,405,0.3668910483791379
AA,2,CB,all_shifts,406,0.1935024104350873
AA,2,CB,all_shifts,408,0.23315264626317855
AA,2,CB,all_shifts,409,0.13977328274636136
AA,2,CB,all_shifts,410,0.45600342011275785
AA,2,CB,all_shifts,411,0.03819403732044435
AA,2,CB,all_shifts,412,0.23204714930519543
AA,2,CB,all_shifts,413,0.2022465703959142
AA,2,CB,all_shifts,415,0.13289163900605772
AA,2,CB,all_shifts,417,0.08130620793586019
AA,2,CB,all_shifts,418,0.013265118679331778
AA,2,CB,all_shifts,420,0.06314818848720449
AA,2,CB,all_shifts,422,0.1595467446338148
AA,2,CB,all_shifts,425,0.11672813208367927
AA,2,CB,all_shifts,426,0.011805925675425044
AA,2,CB,all_shifts,427,0.038447054542462666
AA,2,CB,all_shifts,428,0.27514024407742
AA,2,CB,all_shifts,429,0.15119975187533896
AA,2,CB,all_shifts,430,0.04156672641901338
AA,2,CB,all_shifts,431,0.0135167528331408
AA,2,CB,all_shifts,432,0.14040426973398468
AA,2,CB,all_shifts,433,0.10972616902325427
AA,2,CB,all_shifts,434,0.14880253208382044
AA,2,CB,all_shifts,435,0.12171012427684502
AA,2,CB,all_shifts,436,0.0626746483508498
AA,2,CB,all_shifts,437,0.18455015569474398
AA,2,CB,all_shifts,438,0.2896093414748293
AA,2,CB,all_shifts,439,0.1697315083598845
AA,2,CB,all_shifts,440,0.046624215274849945
AA,2,CB,all_shifts,441,0.15080213462968572
AA,2,CB,all_shifts,443,0.006498811560756934
AA,2,CB,all_shifts,444,0.02820000235146125
AA,2,CB,all_shifts,445,0.005338523404219586
WT,1,N,raw,330,2.4562466666666296
WT,1,N,raw,331,0.9569233333332932
WT,1,N,raw,332,0.13999333333339337
WT,1,N,raw,333,0.0837600000000549
WT,1,N,raw,334,0.8845200000000091
WT,1,N,raw,335,0.3177800000000133
WT,1,N,raw,336,0.23040666666663867
WT,1,N,raw,337,1.2038466666667063
WT,1,N,raw,338,0.7660633333333919
WT,1,N,raw,339,0.6419766666667215
WT,1,N,raw,341,0.1954833333334136
WT,1,N,raw,342,0.8553666666666544
WT,1,N,raw,343,0.26417000000003554
WT,1,N,raw,344,0.2758866666665938
WT,1,N,raw,345,1.0750433333333547
WT,1,N,raw,346,0.49155333333334283
WT,1,N,raw,347,0.8624166666666326
WT,1,N,raw,348,1.6811066666666648
WT,1,N,raw,349,1.588213333333286
WT,1,N,raw,350,0.8115233333333549
WT,1,N,raw,351,0.12362333333328479
WT,1,N,raw,352,0.3545766666667589
WT,1,N,raw,353,1.2313666666665455
WT,1,N,raw,354,0.06738333333338176
WT,1,N,raw,355,0.7453833333333648
WT,1,N,raw,356,0.7252533333332849
WT,1,N,raw,357,0.7667866666666896
WT,1,N,raw,358,0.20800000000004104
WT,1,N,raw,359,0.25290999999998576
WT,1,N,raw,360,0.5215499999999906
WT,1,N,raw,361,0.25347333333324684
WT,1,N,raw,362,0.8957066666666549
WT,1,N,raw,363,0.6044133333333122
WT,1,N,raw,364,0.03779999999993322
WT,1,N,raw,365,0.8726333333333542
WT,1,N,raw,367,1.274630000000002
WT,1,N,raw,368,0.25767999999996505
WT,1,N,raw,369,0.5178999999999689
WT,1,N,raw,370,0.9936399999999708
WT,1,N,raw,371,0.5351066666666782
WT,1,N,raw,380,0.8936900000000065
WT,1,N,raw,382,2.4952599999999876
WT,1,N,raw,383,1.1929000000000656
WT,1,N,raw,384,0.6489533333333668
WT,1,N,raw,385,1.3892299999999267
WT,1,N,raw,386,1.3281766666666641
WT,1,N,raw,387,1.4721266666667105
WT,1,N,raw,388,0.08252333333331308
WT,1,N,raw,389,0.28924333333337415
WT,1,N,raw,391,0.615406666666658
WT,1,N,raw,392,0.432690000000008
WT,1,N,raw,393,0.9514833333333286
WT,1,N,raw,394,0.7388166666666365
WT,1,N,raw,395,0.13611000000001638
WT,1,N,raw,396,0.688469999999981
WT,1,N,raw,397,0.5548900000000714
WT,1,N,raw,398,0.8514166666666085
WT,1,N,raw,399,0.027089999999944325
WT,1,N,raw,400,0.03158999999996581
WT,1,N,raw,401,0.24227333333328716
WT,1,N,raw,402,0.3929266666667104
WT,1,N,raw,403,0.3867833333333266
WT,1,N,raw,404,0.08515999999994506
WT,1,N,raw,405,0.3219733333333039
WT,1,N,raw,406,0.44666999999999746
WT,1,N,raw,407,0.6125100000000572
WT,1,N,raw,408,0.0016400000001226545
WT,1,N,raw,409,0.5463900000000734
WT,1,N,raw,410,0.3383533333332025
WT,1,N,raw,411,0.9336000000000126
WT,1,N,raw,412,0.018149999999934607
WT,1,N,raw,413,0.49394000000003757
WT,1,N,raw,414,0.5538500000000539
WT,1,N,raw,415,0.8013966666666192
WT,1,N,raw,416,0.4209900000000033
WT,1,N,raw,417,1.1130033333333813
WT,1,N,raw,418,0.491353333333322
WT,1,N,raw,419,0.38024999999997533
WT,1,N,raw,421,0.25460333333340657
WT,1,N,raw,422,0.49622333333337565
WT,1,N,raw,423,0.4768433333334485
WT,1,N,raw,424,0.23339333333341017
WT,1,N,raw,426,0.5617133333332873
WT,1,N,raw,427,1.032996666666648
WT,1,N,raw,428,0.002399999999951774
WT,1,N,raw,429,0.5231500000000153
WT,1,N,raw,430,0.4264366666666035
WT,1,N,raw,431,0.4357833333333616
WT,1,N,raw,432,0.4166833333333102
WT,1,N,raw,433,0.75576333333332
WT,1,N,raw,434,0.36176666666671053
WT,1,N,raw,435,0.8248266666667377
WT,1,N,raw,436,1.6830866666666822
WT,1,N,raw,437,1.5838133333333957
WT,1,N,raw,438,1.300750000000079
WT,1,N,raw,439,1.020983333333234
WT,1,N,raw,440,0.10813666666669519
WT,1,N,raw,441,0.38019000000002734
WT,1,N,raw,442,1.2154066666666097
WT,1,N,raw,443,0.2220733333332987
WT,1,N,raw,444,0.3999200000000229
WT,1,N,raw,445,0.0777233333333669
WT,1,N,raw,446,0.48763999999995633
WT,1,N,all_shifts,330,2.0766016392908
WT,1,N,all_shifts,331,0.3555640835359384
WT,1,N,all_shifts,332,0.243944982178121
WT,1,N,all_shifts,333,0.12538121560686477
WT,1,N,all_shifts,334,0.38337048521678696
WT,1,N,all_shifts,335,0.0007654630692570663
WT,1,N,all_shifts,336,0.3296144475333591
WT,1,N,all_shifts,337,1.0218723545463035
WT,1,N,all_shifts,338,0.6869266999099608
WT,1,N,all_shifts,339,0.6109715301180785
WT,1,N,all_shifts,341,0.274627734949874
WT,1,N,all_shifts,342,0.6524791961547578
WT,1,N,all_shifts,343,0.5240022567922722
WT,1,N,all_shifts,344,0.33893604829792423
WT,1,N,all_shifts,345,0.5429748734702713
WT,1,N,all_shifts,346,0.4423648626992076
WT,1,N,all_shifts,347,0.7939206330768087
WT,1,N,all_shifts,348,1.574445039991062
WT,1,N,all_shifts,349,0.601696566926563
WT,1,N,all_shifts,350,0.7490139394563897
WT,1,N,all_shifts,351,0.34230564864674307
WT,1,N,all_shifts,352,0.10146439760782755
WT,1,N,all_shifts,353,0.8433925119475703
WT,1,N,all_shifts,354,0.16201814299775208
WT,1,N,all_shifts,355,0.27477386794021186
WT,1,N,all_shifts,356,0.39190135625311484
WT,1,N,all_shifts,357,0.044366303887585445
WT,1,N,all_shifts,358,0.8945892096544981
WT,1,N,all_shifts,359,0.057984984724825495
WT,1,N,all_shifts,360,0.2972296983799936
WT,1,N,all_shifts,361,0.20848839227279825
WT,1,N,all_shifts,362,0.30948761308030726
WT,1,N,all_shifts,363,0.04983007539048856
WT,1,N,all_shifts,364,0.2184494820677827
WT,1,N,all_shifts,365,1.1864114073301693
WT,1,N,all_shifts,367,1.103053285616113
WT,1,N,all_shifts,368,0.20323217216494527
WT,1,N,all_shifts,369,0.4362107759463356
WT,1,N,all_shifts,370,0.7598236243392762
WT,1,N,all_shifts,371,0.7584885669913177
WT,1,N,all_shifts,380,0.9767642565175407
WT,1,N,all_shifts,382,1.5540843508010482
WT,1,N,all_shifts,383,0.8199533344769634
WT,1,N,all_shifts,384,0.5401570509647229
WT,1,N,all_shifts,385,0.843228715452824
WT,1,N,all_shifts,386,1.1929111874859188
WT,1,N,all_shifts,387,1.0484935276069507
WT,1,N,all_shifts,388,0.06522617987475599
WT,1,N,all_shifts,389,0.5564387114151543
WT,1,N,all_shifts,391,0.6651021609731202
WT,1,N,all_shifts,392,0.24986209925364733
WT,1,N,all_shifts,393,0.8640700248331683
WT,1,N,all_shifts,394,1.2049747046082047
WT,1,N,all_shifts,395,0.3451806139069191
WT,1,N,all_shifts,396,0.7581747277019844
WT,1,N,all_shifts,397,0.3501277606445399
WT,1,N,all_shifts,398,0.9280485237387239
WT,1,N,all_shifts,399,0.1662490003341759
WT,1,N,all_shifts,400,0.5268703826291414
WT,1,N,all_shifts,401,0.5272839245267562
WT,1,N,all_shifts,402,0.43324945583988494
WT,1,N,all_shifts,403,0.2071556015805811
WT,1,N,all_shifts,404,0.14786571380203384
WT,1,N,all_shifts,405,0.6703313580447343
WT,1,N,all_shifts,406,0.5544424577985723
WT,1,N,all_shifts,407,0.04633869374133326
WT,1,N,all_shifts,408,0.026850800867592284
WT,1,N,all_shifts,409,0.19220715144125222
WT,1,N,all_shifts,410,0.16068688437660228
WT,1,N,all_shifts,411,0.4692467033919314
WT,1,N,all_shifts,412,0.41116464658564666
WT,1,N,all_shifts,413,0.4056241796936604
WT,1,N,all_shifts,414,0.4141795727284716
WT,1,N,all_shifts,415,1.061159297945082
WT,1,N,all_shifts,416,0.48189725443579334
WT,1,N,all_shifts,417,1.2070119458520736
WT,1,N,all_shifts,418,0.6580264200869124
WT,1,N,all_shifts,419,0.4047357995763434
WT,1,N,all_shifts,421,0.32012941487593594
WT,1,N,all_shifts,422,0.520206216803274
WT,1,N,all_shifts,423,0.431949124164305
WT,1,N,all_shifts,424,0.0052785500924841244
WT,1,N,all_shifts,426,0.7956355724717525
WT,1,N,all_shifts,427,0.4483845163075557
WT,1,N,all_shifts,428,0.08025769282446049
WT,1,N,all_shifts,429,1.1429693711573208
WT,1,N,all_shifts,430,0.3170594973381071
WT,1,N,all_shifts,431,0.42596538623537583
WT,1,N,all_shifts,432,0.2971665302878961
WT,1,N,all_shifts,433,0.4529720793879761
WT,1,N,all_shifts,434,0.0785070944042161
WT,1,N,all_shifts,435,0.20345152770548225
WT,1,N,all_shifts,436,1.2188815156852684
WT,1,N,all_shifts,437,0.5757369105756425
WT,1,N,all_shifts,438,0.34327527321114815
WT,1,N,all_shifts,439,0.8286836532525541
WT,1,N,all_shifts,440,0.14724916700338042
WT,1,N,all_shifts,441,0.49609549301766265
WT,1,N,all_shifts,442,1.2213944923377937
WT,1,N,all_shifts,443,0.17147814232988878
WT,1,N,all_shifts,444,0.39236931893785254
WT,1,N,all_shifts,445,0.4959970225676926
WT,1,N,all_shifts,446,0.810662217725536
WT,2,N,raw,330,2.466171999999986
WT,2,N,raw,331,1.134048000000064
WT,2,N,raw,332,0.20410799999996243
WT,2,N,raw,333,0.011239999999887118
WT,2,N,raw,334,0.8512479999999698
WT,2,N,raw,335,0.15448000000003503
WT,2,N,raw,336,0.2532040000000393
WT,2,N,raw,337,1.3125080000000224
WT,2,N,raw,338,0.739011999999974
WT,2,N,raw,339,0.759576000000024
WT,2,N,raw,341,0.15148400000006745
WT,2,N,raw,342,0.9505440000000362
WT,2,N,raw,343,0.3572640000000149
WT,2,N,raw,344,0.33529600000009907
WT,2,N,raw,345,0.9641559999999316
WT,2,N,raw,346,0.4898639999999119
WT,2,N,raw,347,0.796820000000011
WT,2,N,raw,348,1.3647640000000365
WT,2,N,raw,349,1.7421120000000627
WT,2,N,raw,350,0.780356000000026
WT,2,N,raw,351,0.05937600000002874
WT,2,N,raw,352,0.21134799999998677
WT,2,N,raw,353,1.2078760000000273
WT,2,N,raw,354,0.34932799999999986
WT,2,N,raw,355,0.5690639999999547
WT,2,N,raw,356,0.8612839999999835
WT,2,N,raw,357,0.49067600000000766
WT,2,N,raw,358,0.21462399999995796
WT,2,N,raw,359,0.5264879999999721
WT,2,N,raw,360,0.5741400000000283
WT,2,N,raw,361,0.6370960000001276
WT,2,N,raw,362,0.4319799999999532
WT,2,N,raw,363,0.1367160000000922
WT,2,N,raw,364,0.3098839999999541
WT,2,N,raw,365,0.7326680000000181
WT,2,N,raw,367,1.3560359999999605
WT,2,N,raw,368,0.23379599999991285
WT,2,N,raw,369,0.5971399999999534
WT,2,N,raw,370,1.0205920000000077
WT,2,N,raw,371,0.48895200000006867
WT,2,N,raw,380,0.8671720000000676
WT,2,N,raw,382,2.5099600000000066
WT,2,N,raw,383,1.193867999999867
WT,2,N,raw,384,0.6652520000000237
WT,2,N,raw,385,1.2972279999999756
WT,2,N,raw,386,1.42905999999995
WT,2,N,raw,387,2.0150440000000174
WT,2,N,raw,388,0.23792399999999247
WT,2,N,raw,389,0.10394000000005121
WT,2,N,raw,391,0.788312000000019
WT,2,N,raw,392,0.8098840000000394
WT,2,N,raw,393,0.86119199999996
WT,2,N,raw,394,0.677260000000004
WT,2,N,raw,395,0.2547079999999653
WT,2,N,raw,396,0.5782119999999793
WT,2,N,raw,397,0.37551200000004314
WT,2,N,raw,398,0.43241999999997915
WT,2,N,raw,399,0.17640400000003353
WT,2,N,raw,400,0.3624919999999747
WT,2,N,raw,401,0.17935600000001273
WT,2,N,raw,402,0.5658119999999371
WT,2,N,raw,403,0.28845999999994376
WT,2,N,raw,404,0.3119079999999599
WT,2,N,raw,405,0.6596439999999859
WT,2,N,raw,406,0.7362639999999772
WT,2,N,raw,407,0.5801479999999657
WT,2,N,raw,408,0.004207999999977119
WT,2,N,raw,409,0.1097400000000448
WT,2,N,raw,410,0.5473479999999853
WT,2,N,raw,411,0.7906200000000752
WT,2,N,raw,412,0.17649200000002452
WT,2,N,raw,413,0.48341199999995865
WT,2,N,raw,414,0.64347599999995
WT,2,N,raw,415,0.9380959999999874
WT,2,N,raw,416,0.6603239999999744
WT,2,N,raw,417,1.1941159999999087
WT,2,N,raw,418,0.8986439999999618
WT,2,N,raw,419,0.47399200000000974
WT,2,N,raw,421,0.1130279999999999
WT,2,N,raw,422,0.5673439999999772
WT,2,N,raw,423,0.5024039999999985
WT,2,N,raw,424,0.0297000000000196
WT,2,N,raw,426,0.2450519999999301
WT,2,N,raw,427,1.3223239999999947
WT,2,N,raw,428,0.26989599999996017
WT,2,N,raw,429,0.42204399999998543
WT,2,N,raw,430,0.562219999999968
WT,2,N,raw,431,0.12347999999995807
WT,2,N,raw,432,0.28118000000006305
WT,2,N,raw,433,0.8630280000000141
WT,2,N,raw,434,0.43940800000002866
WT,2,N,raw,435,0.5737679999999727
WT,2,N,raw,436,1.5042440000000283
WT,2,N,raw,437,1.215699999999984
WT,2,N,raw,438,1.5122880000000265
WT,2,N,raw,439,1.107440000000011
WT,2,N,raw,440,0.11354800000010812
WT,2,N,raw,441,0.7864080000000513
WT,2,N,raw,442,1.3189680000000124
WT,2,N,raw,443,0.15358399999998085
WT,2,N,raw,444,0.36820400000011944
WT,2,N,raw,445,0.16770799999990516
WT,2,N,raw,446,0.26584399999991604
WT,2,N,all_shifts,330,1.6556690850668332
WT,2,N,all_shifts,331,0.741785522922612
WT,2,N,all_shifts,332,0.10634225435070732
WT,2,N,all_shifts,333,0.09086936592112238
WT,2,N,all_shifts,334,0.26710349631430574
WT,2,N,all_shifts,335,0.523525233171938
WT,2,N,all_shifts,336,0.01947680480218139
WT,2,N,all_shifts,337,0.9002991467246346
WT,2,N,all_shifts,338,0.9397087257872698
WT,2,N,all_shifts,339,0.8203945887057387
WT,2,N,all_shifts,341,0.5247188061939596
WT,2,N,all_shifts,342,0.35658903022657285
WT,2,N,all_shifts,343,0.10588437274526541
WT,2,N,all_shifts,344,0.43510870806127855
WT,2,N,all_shifts,345,1.6008753890229883
WT,2,N,all_shifts,346,0.21273280685349505
WT,2,N,all_shifts,347,0.6278325731699397
WT,2,N,all_shifts,348,0.8784357629922113
WT,2,N,all_shifts,349,0.9623209317930872
WT,2,N,all_shifts,350,0.7155460115402974
WT,2,N,all_shifts,351,0.2886408806181606
WT,2,N,all_shifts,352,0.3043951358620802
WT,2,N,all_shifts,353,1.139159736310532
WT,2,N,all_shifts,354,0.7094970336411848
WT,2,N,all_shifts,355,0.08256680804637995
WT,2,N,all_shifts,356,0.044575628858154914
WT,2,N,all_shifts,357,0.10572333519068877
WT,2,N,all_shifts,358,1.0819774555542807
WT,2,N,all_shifts,359,0.3317971653191023
WT,2,N,all_shifts,360,0.3491811981579218
WT,2,N,all_shifts,361,0.23551102993687323
WT,2,N,all_shifts,362,0.32548449795351075
WT,2,N,all_shifts,363,0.3848019727132055
WT,2,N,all_shifts,364,0.4879511562778731
WT,2,N,all_shifts,365,0.7839666479041938
WT,2,N,all_shifts,367,0.9926947736227874
WT,2,N,all_shifts,368,0.04816119253402462
WT,2,N,all_shifts,369,0.6667929180764816
WT,2,N,all_shifts,370,1.0112338985913993
WT,2,N,all_shifts,371,0.4739677154171318
WT,2,N,all_shifts,380,0.513226334935311
WT,2,N,all_shifts,382,2.0271108840267686
WT,2,N,all_shifts,383,1.0619495050745087
WT,2,N,all_shifts,384,0.5281545135028836
WT,2,N,all_shifts,385,0.5908502765533683
WT,2,N,all_shifts,386,0.20678282434279538
WT,2,N,all_shifts,387,0.8789956791026015
WT,2,N,all_shifts,388,0.2692967189254176
WT,2,N,all_shifts,389,0.13544884282572411
WT,2,N,all_shifts,391,0.7927376983316066
WT,2,N,all_shifts,392,0.9142735051616881
WT,2,N,all_shifts,393,0.7284426111133087
WT,2,N,all_shifts,394,0.23595990352275464
WT,2,N,all_shifts,395,0.004626096243327993
WT,2,N,all_shifts,396,0.4205346782173649
WT,2,N,all_shifts,397,0.1635280542625992
WT,2,N,all_shifts,398,1.086835546026208
WT,2,N,all_shifts,399,0.40381728261651517
WT,2,N,all_shifts,400,0.19822117124185468
WT,2,N,all_shifts,401,0.4915345621658247
WT,2,N,all_shifts,402,0.22836552811779143
WT,2,N,all_shifts,403,0.2257162487817368
WT,2,N,all_shifts,404,0.18780989979391904
WT,2,N,all_shifts,405,0.5354789218001486
WT,2,N,all_shifts,406,0.8347013211685521
WT,2,N,all_shifts,407,0.2461919937352235
WT,2,N,all_shifts,408,0.03920181391127642
WT,2,N,all_shifts,409,0.2912273054795662
WT,2,N,all_shifts,410,0.22253285968083958
WT,2,N,all_shifts,411,0.7676468721102481
WT,2,N,all_shifts,412,0.5011829361452698
WT,2,N,all_shifts,413,0.35024683412252955
WT,2,N,all_shifts,414,0.10610013258359174
WT,2,N,all_shifts,415,0.998915920257943
WT,2,N,all_shifts,416,0.7838687969244091
WT,2,N,all_shifts,417,1.0192989891874902
WT,2,N,all_shifts,418,0.8944870067759041
WT,2,N,all_shifts,419,0.6790705751756434
WT,2,N,all_shifts,421,0.041702047413593846
WT,2,N,all_shifts,422,0.31775590827108147
WT,2,N,all_shifts,423,0.7247522360803771
WT,2,N,all_shifts,424,0.17850550371049678
WT,2,N,all_shifts,426,0.40486500653130975
WT,2,N,all_shifts,427,0.9994834744608738
WT,2,N,all_shifts,428,0.2522521608597401
WT,2,N,all_shifts,429,0.058238964314412556
WT,2,N,all_shifts,430,0.18876847120398565
WT,2,N,all_shifts,431,0.2617740860735154
WT,2,N,all_shifts,432,0.12316058952458775
WT,2,N,all_shifts,433,0.9235243914078666
WT,2,N,all_shifts,434,0.6728649023069266
WT,2,N,all_shifts,435,0.3287176181101188
WT,2,N,all_shifts,436,0.8029917941031641
WT,2,N,all_shifts,437,0.4321495104785811
WT,2,N,all_shifts,438,0.7780587454485755
WT,2,N,all_shifts,439,0.5666531422046148
WT,2,N,all_shifts,440,0.106556678596462
WT,2,N,all_shifts,441,0.6648643650970172
WT,2,N,all_shifts,442,0.9051782182554149
WT,2,N,all_shifts,443,0.184294894790213
WT,2,N,all_shifts,444,0.2700201754029621
WT,2,N,all_shifts,445,0.04680219241500083
WT,2,N,all_shifts,446,0.33594051300821093
AA,1,N,raw,330,3.0235183946489173
AA,1,N,raw,331,1.7667525083611935
AA,1,N,raw,332,0.7027959866220925
AA,1,N,raw,333,0.5916153846154231
AA,1,N,raw,334,1.510528428093565
AA,1,N,raw,335,0.7166856187291302
AA,1,N,raw,336,0.5561939799330133
AA,1,N,raw,337,2.086926421404698
AA,1,N,raw,338,1.532023411371327
AA,1,N,raw,339,1.2768963210703532
AA,1,N,raw,341,0.8792541806020182
AA,1,N,raw,342,1.8111371237458656
AA,1,N,raw,343,0.7384113712375182
AA,1,N,raw,344,0.17263545150504456
AA,1,N,raw,345,1.595040133779321
AA,1,N,raw,346,1.2377056856186783
AA,1,N,raw,347,1.124277591973211
AA,1,N,raw,348,2.3853712374581875
AA,1,N,raw,349,2.1604682274247438
AA,1,N,raw,350,1.5689565217391817
AA,1,N,raw,351,0.5943545150501421
AA,1,N,raw,352,0.19858862876253625
AA,1,N,raw,353,1.8388093645485526
AA,1,N,raw,354,0.5305451505017089
AA,1,N,raw,355,0.12288294314376458
AA,1,N,raw,356,0.2269498327759436
AA,1,N,raw,357,0.505826086956489
AA,1,N,raw,358,0.05487959866209735
AA,1,N,raw,359,1.2297959866221788
AA,1,N,raw,360,1.2554548494983067
AA,1,N,raw,361,0.9091204013378587
AA,1,N,raw,362,1.2057792642140015
AA,1,N,raw,363,0.9727926421405328
AA,1,N,raw,364,0.845511705685567
AA,1,N,raw,365,1.5076454849497907
AA,1,N,raw,367,2.3277892976588674
AA,1,N,raw,368,1.1695418060200353
AA,1,N,raw,369,1.2635384615384453
AA,1,N,raw,370,1.4407190635450888
AA,1,N,raw,371,0.9655418060200276
AA,1,N,raw,380,1.1041705685618126
AA,1,N,raw,382,3.4074214046822533
AA,1,N,raw,383,1.6397926421405629
AA,1,N,raw,384,1.3455585284280858
AA,1,N,raw,385,1.7227525083612534
AA,1,N,raw,386,1.982729096989928
AA,1,N,raw,387,2.835227424749121
AA,1,N,raw,388,1.047785953177197
AA,1,N,raw,389,0.4477926421404135
AA,1,N,raw,391,0.3141170568560909
AA,1,N,raw,392,0.4045484949833451
AA,1,N,raw,393,1.7423344481605625
AA,1,N,raw,394,1.750946488294261
AA,1,N,raw,395,0.30661538461536963
AA,1,N,raw,396,2.4779364548495693
AA,1,N,raw,397,1.2540267558527916
AA,1,N,raw,398,1.0929498327759006
AA,1,N,raw,399,1.1151471571906058
AA,1,N,raw,400,0.3703545150501242
AA,1,N,raw,401,0.48548160535116835
AA,1,N,raw,402,0.7094381270902232
AA,1,N,raw,403,0.5821070234114103
AA,1,N,raw,404,0.9760066889631673
AA,1,N,raw,405,1.3121471571906795
AA,1,N,raw,406,1.2616354515050148
AA,1,N,raw,407,0.013157190635382676
AA,1,N,raw,408,0.6694214046821827
AA,1,N,raw,409,0.37423745819400267
AA,1,N,raw,410,0.32059531772567595
AA,1,N,raw,411,0.3840334448160263
AA,1,N,raw,412,0.40446488294318783
AA,1,N,raw,413,0.046976588628666605
AA,1,N,raw,414,0.9325050167223736
AA,1,N,raw,415,1.3324347826086154
AA,1,N,raw,416,1.0033143812709113
AA,1,N,raw,417,1.776257525083608
AA,1,N,raw,418,0.135461538461513
AA,1,N,raw,419,0.43127759197324167
AA,1,N,raw,421,0.4752541806020645
AA,1,N,raw,422,0.037287625417917525
AA,1,N,raw,423,1.122478260869599
AA,1,N,raw,424,1.003789297658912
AA,1,N,raw,426,1.1909063545150502
AA,1,N,raw,427,2.1147993311036544
AA,1,N,raw,428,1.109290969899675
AA,1,N,raw,429,1.3712775919731968
AA,1,N,raw,430,0.4341304347826167
AA,1,N,raw,431,1.059100334448189
AA,1,N,raw,432,0.36901003344475214
AA,1,N,raw,433,0.1132642140468505
AA,1,N,raw,434,1.6607491638795437
AA,1,N,raw,435,3.3965083612039706
AA,1,N,raw,436,3.4075852842809837
AA,1,N,raw,437,2.238892976588673
AA,1,N,raw,438,2.283632107023351
AA,1,N,raw,439,1.985645484949842
AA,1,N,raw,440,0.7375250836120699
AA,1,N,raw,441,1.553749163879644
AA,1,N,raw,442,0.4123043478260513
AA,1,N,raw,443,0.8482441471573026
AA,1,N,raw,444,1.1650401337793141
AA,1,N,raw,445,0.797882943143776
AA,1,N,raw,446,0.2812541806019624
AA,1,N,all_shifts,330,2.507987022611843
AA,1,N,all_shifts,331,1.319071547345004
AA,1,N,all_shifts,332,0.7748942311317677
AA,1,N,all_shifts,333,0.5624028143349165
AA,1,N,all_shifts,334,0.9478639402075402
AA,1,N,all_shifts,335,0.8503574193262153
AA,1,N,all_shifts,336,0.3921557919574923
AA,1,N,all_shifts,337,1.7682550113854205
AA,1,N,all_shifts,338,1.1065453849035265
AA,1,N,all_shifts,339,0.8919923082831076
AA,1,N,all_shifts,341,0.8894706388895344
AA,1,N,all_shifts,342,0.7841952085630481
AA,1,N,all_shifts,343,0.6379910373057669
AA,1,N,all_shifts,344,0.7448700084432716
AA,1,N,all_shifts,345,0.9638560673063097
AA,1,N,all_shifts,346,0.989637381641316
AA,1,N,all_shifts,347,0.9632967152276422
AA,1,N,all_shifts,348,2.010512673490652
AA,1,N,all_shifts,349,1.2941670645176089
AA,1,N,all_shifts,350,1.694347232280478
AA,1,N,all_shifts,351,0.5113684150558271
AA,1,N,all_shifts,352,0.364274931506813
AA,1,N,all_shifts,353,1.436965382896048
AA,1,N,all_shifts,354,0.8412619210780861
AA,1,N,all_shifts,355,0.39845657931357437
AA,1,N,all_shifts,356,0.18574448332344673
AA,1,N,all_shifts,357,0.36249659040493043
AA,1,N,all_shifts,358,0.17050549122311054
AA,1,N,all_shifts,359,1.2906131195428685
AA,1,N,all_shifts,360,1.393598116821309
AA,1,N,all_shifts,361,0.668585544639626
AA,1,N,all_shifts,362,0.7960717108955748
AA,1,N,all_shifts,363,0.8160974384730793
AA,1,N,all_shifts,364,1.1588382972265805
AA,1,N,all_shifts,365,1.5895052484980567
AA,1,N,all_shifts,367,1.6733783923381225
AA,1,N,all_shifts,368,1.0861371906813702
AA,1,N,all_shifts,369,1.2625593081528876
AA,1,N,all_shifts,370,0.732993072233711
AA,1,N,all_shifts,371,1.0863559920942691
AA,1,N,all_shifts,380,1.2325378958848034
AA,1,N,all_shifts,382,2.8748492203949496
AA,1,N,all_shifts,383,1.1148815011020332
AA,1,N,all_shifts,384,0.9528911484478044
AA,1,N,all_shifts,385,1.391592891654156
AA,1,N,all_shifts,386,2.158236211741638
AA,1,N,all_shifts,387,1.9807460465261073
AA,1,N,all_shifts,388,0.6512217021255964
AA,1,N,all_shifts,389,0.269529203944046
AA,1,N,all_shifts,391,0.6553259505462563
AA,1,N,all_shifts,392,0.6340503929084633
AA,1,N,all_shifts,393,1.1686535407355052
AA,1,N,all_shifts,394,1.3911761681982284
AA,1,N,all_shifts,395,0.24493756273383838
AA,1,N,all_shifts,396,1.6924850983205175
AA,1,N,all_shifts,397,1.1808667490899154
AA,1,N,all_shifts,398,1.2349549855278354
AA,1,N,all_shifts,399,1.6904411860962938
AA,1,N,all_shifts,400,0.5682388712328219
AA,1,N,all_shifts,401,0.8781387470823319
AA,1,N,all_shifts,402,1.0605767683360199
AA,1,N,all_shifts,403,0.7013796010890729
AA,1,N,all_shifts,404,0.9862692828364317
AA,1,N,all_shifts,405,0.9881071697708137
AA,1,N,all_shifts,406,1.0591363622574903
AA,1,N,all_shifts,407,0.35555556027719604
AA,1,N,all_shifts,408,0.2996631700339947
AA,1,N,all_shifts,409,0.1886664932001736
AA,1,N,all_shifts,410,0.9599509045538923
AA,1,N,all_shifts,411,0.5456402704237888
AA,1,N,all_shifts,412,0.5551144095250038
AA,1,N,all_shifts,413,0.4355136542195055
AA,1,N,all_shifts,414,0.8889124070352779
AA,1,N,all_shifts,415,1.087706412476635
AA,1,N,all_shifts,416,0.7587900597287103
AA,1,N,all_shifts,417,1.704962341081199
AA,1,N,all_shifts,418,0.11423140386406772
AA,1,N,all_shifts,419,0.5828272658104652
AA,1,N,all_shifts,421,0.7683845550360786
AA,1,N,all_shifts,422,0.058609543205392356
AA,1,N,all_shifts,423,0.8347074033351447
AA,1,N,all_shifts,424,1.0081747852979106
AA,1,N,all_shifts,426,0.9846161112955514
AA,1,N,all_shifts,427,1.4235358161863587
AA,1,N,all_shifts,428,1.0978643186977166
AA,1,N,all_shifts,429,1.3667263205630036
AA,1,N,all_shifts,430,0.7077450132392045
AA,1,N,all_shifts,431,0.47293831746452497
AA,1,N,all_shifts,432,0.10431267067605177
AA,1,N,all_shifts,433,0.3232514588089259
AA,1,N,all_shifts,434,1.200105716903849
AA,1,N,all_shifts,435,1.9346032845529209
AA,1,N,all_shifts,436,2.7961758008165702
AA,1,N,all_shifts,437,1.2538387436249678
AA,1,N,all_shifts,438,0.6115802240919095
AA,1,N,all_shifts,439,1.0282426255003116
AA,1,N,all_shifts,440,0.6434316580763522
AA,1,N,all_shifts,441,1.3422991124730999
AA,1,N,all_shifts,442,0.24877340292623273
AA,1,N,all_shifts,443,0.7756338845189532
AA,1,N,all_shifts,444,1.633675638035072
AA,1,N,all_shifts,445,0.6827735820759244
AA,1,N,all_shifts,446,0.24401980504845255
AA,2,N,raw,330,2.9053960000000387
AA,2,N,raw,331,1.8349279999999197
AA,2,N,raw,332,0.7720439999999655
AA,2,N,raw,333,0.7182600000000292
AA,2,N,raw,334,1.2553560000000488
AA,2,N,raw,335,0.8210320000000166
AA,2,N,raw,336,0.42808399999998414
AA,2,N,raw,337,2.0699799999998874
AA,2,N,raw,338,1.384519999999938
AA,2,N,raw,339,1.2121359999999726
AA,2,N,raw,341,0.4343440000000669
AA,2,N,raw,342,1.6929439999999687
AA,2,N,raw,343,0.8652760000000086
AA,2,N,raw,344,0.11976400000004617
AA,2,N,raw,345,1.7115440000000177
AA,2,N,raw,346,0.7064680000000436
AA,2,N,raw,347,1.3254480000000513
AA,2,N,raw,348,2.480388000000019
AA,2,N,raw,349,2.115183999999985
AA,2,N,raw,350,1.5541840000000349
AA,2,N,raw,351,0.7290639999999371
AA,2,N,raw,352,0.42000799999992466
AA,2,N,raw,353,1.4116360000000014
AA,2,N,raw,354,0.43774800000002756
AA,2,N,raw,355,0.044940000000067926
AA,2,N,raw,356,0.16380000000005168
AA,2,N,raw,357,0.15535600000002603
AA,2,N,raw,358,0.14081600000004357
AA,2,N,raw,359,1.0346640000000065
AA,2,N,raw,360,0.9428320000000525
AA,2,N,raw,361,1.0375639999999748
AA,2,N,raw,362,1.4283919999999597
AA,2,N,raw,363,0.6523719999999997
AA,2,N,raw,364,0.7618520000000046
AA,2,N,raw,365,1.8705200000000985
AA,2,N,raw,367,2.1271439999999444
AA,2,N,raw,368,0.5483599999999598
AA,2,N,raw,369,1.0712919999999286
AA,2,N,raw,370,1.0245359999999692
AA,2,N,raw,371,1.0115360000000493
AA,2,N,raw,380,1.4293160000000427
AA,2,N,raw,382,3.011391999999958
AA,2,N,raw,383,1.5529560000000515
AA,2,N,raw,384,1.046140000000051
AA,2,N,raw,385,1.941496000000015
AA,2,N,raw,386,1.91966000000005
AA,2,N,raw,387,2.4668280000000635
AA,2,N,raw,388,1.151859999999985
AA,2,N,raw,389,0.6905639999999522
AA,2,N,raw,391,0.6400279999999725
AA,2,N,raw,392,0.36574400000003493
AA,2,N,raw,393,1.3477800000000428
AA,2,N,raw,394,1.244332
AA,2,N,raw,395,0.6519359999999779
AA,2,N,raw,396,2.4142279999999516
AA,2,N,raw,397,0.8955159999999438
AA,2,N,raw,398,0.9234240000000824
AA,2,N,raw,399,0.9435760000000357
AA,2,N,raw,400,0.30246399999991525
AA,2,N,raw,401,0.31245199999996487
AA,2,N,raw,402,0.44104800000003763
AA,2,N,raw,403,0.670667999999992
AA,2,N,raw,404,1.1578080000000597
AA,2,N,raw,405,1.5958080000000336
AA,2,N,raw,406,1.241864000000021
AA,2,N,raw,407,0.315960000000004
AA,2,N,raw,408,0.7063679999999977
AA,2,N,raw,409,0.5233519999999459
AA,2,N,raw,410,0.6781599999999912
AA,2,N,raw,411,0.03339999999998611
AA,2,N,raw,412,0.7519720000000234
AA,2,N,raw,413,0.20345999999999265
AA,2,N,raw,414,1.1548400000000072
AA,2,N,raw,415,1.2917840000000211
AA,2,N,raw,416,1.0078280000000035
AA,2,N,raw,417,1.7965640000000178
AA,2,N,raw,418,0.30099200000002213
AA,2,N,raw,419,0.45727999999999724
AA,2,N,raw,421,0.35422799999994936
AA,2,N,raw,422,0.05172000000004573
AA,2,N,raw,423,1.0681199999999649
AA,2,N,raw,424,0.8562480000000363
AA,2,N,raw,426,1.2294160000000147
AA,2,N,raw,427,1.8931319999999943
AA,2,N,raw,428,1.2180080000000686
AA,2,N,raw,429,1.4845840000000265
AA,2,N,raw,430,0.2229360000000753
AA,2,N,raw,431,0.8357959999999736
AA,2,N,raw,432,0.709803999999977
AA,2,N,raw,433,0.2467799999999727
AA,2,N,raw,434,1.3866679999999434
AA,2,N,raw,435,3.4188999999999936
AA,2,N,raw,436,3.078596000000033
AA,2,N,raw,437,2.3186199999999957
AA,2,N,raw,438,2.562047999999919
AA,2,N,raw,439,1.9684319999999644
AA,2,N,raw,440,0.7359760000000364
AA,2,N,raw,441,1.314852000000002
AA,2,N,raw,442,0.22505599999998083
AA,2,N,raw,443,1.1455840000000421
AA,2,N,raw,444,0.9268159999999313
AA,2,N,raw,445,1.062035999999921
AA,2,N,raw,446,0.549736000000081
AA,2,N,all_shifts,330,2.5483140035047853
AA,2,N,all_shifts,331,1.5664347251191941
AA,2,N,all_shifts,332,0.9368730923808215
AA,2,N,all_shifts,333,0.38372207531905644
AA,2,N,all_shifts,334,0.7529978725373923
AA,2,N,all_shifts,335,0.6741838245002754
AA,2,N,all_shifts,336,0.45961383828800706
AA,2,N,all_shifts,337,2.1289186024691844
AA,2,N,all_shifts,338,1.441272886245443
AA,2,N,all_shifts,339,0.6354542360221416
AA,2,N,all_shifts,341,0.14987579541178775
AA,2,N,all_shifts,342,1.4006470111180818
AA,2,N,all_shifts,343,1.2444207486301622
AA,2,N,all_shifts,344,0.09998162641954877
AA,2,N,all_shifts,345,1.6856625620212213
AA,2,N,all_shifts,346,0.1341319442511235
AA,2,N,all_shifts,347,0.8581408543537066
AA,2,N,all_shifts,348,2.299413653874822
AA,2,N,all_shifts,349,1.6973549491326168
AA,2,N,all_shifts,350,1.458783543525115
AA,2,N,all_shifts,351,0.9455777167489003
AA,2,N,all_shifts,352,1.3678614666382316
AA,2,N,all_shifts,353,1.0823917471415996
AA,2,N,all_shifts,354,0.520032804365897
AA,2,N,all_shifts,355,0.4809064893416206
AA,2,N,all_shifts,356,0.415911492820598
AA,2,N,all_shifts,357,0.2712263896043794
AA,2,N,all_shifts,358,0.10696098202915039
AA,2,N,all_shifts,359,1.168524246142212
AA,2,N,all_shifts,360,0.9204154980970429
AA,2,N,all_shifts,361,0.9176314738894575
AA,2,N,all_shifts,362,1.2613237523673746
AA,2,N,all_shifts,363,1.4287568534687978
AA,2,N,all_shifts,364,0.8214437025524148
AA,2,N,all_shifts,365,1.835334302764963
AA,2,N,all_shifts,367,1.7839174484394533
AA,2,N,all_shifts,368,0.29537718722561124
AA,2,N,all_shifts,369,0.3876286460850338
AA,2,N,all_shifts,370,0.5506488344039013
AA,2,N,all_shifts,371,0.9701366563901246
AA,2,N,all_shifts,380,1.3172547439292686
AA,2,N,all_shifts,382,2.0975664420498106
AA,2,N,all_shifts,383,0.86325741814737
AA,2,N,all_shifts,384,0.7815613778847705
AA,2,N,all_shifts,385,1.8188140794250813
AA,2,N,all_shifts,386,1.7467901109293535
AA,2,N,all_shifts,387,1.2615474885735551
AA,2,N,all_shifts,388,0.6703460474263778
AA,2,N,all_shifts,389,0.48663207486337967
AA,2,N,all_shifts,391,0.2568072810260418
AA,2,N,all_shifts,392,0.5244138018347968
AA,2,N,all_shifts,393,0.9103525612026715
AA,2,N,all_shifts,394,0.6444480487304816
AA,2,N,all_shifts,395,0.28728256840412314
AA,2,N,all_shifts,396,2.500586081466821
AA,2,N,all_shifts,397,0.9108034881273994
AA,2,N,all_shifts,398,1.0687925228071151
AA,2,N,all_shifts,399,1.2271292561218132
AA,2,N,all_shifts,400,0.5749767383975808
AA,2,N,all_shifts,401,0.8860769602445373
AA,2,N,all_shifts,402,0.6771417114364766
AA,2,N,all_shifts,403,0.42989726698803565
AA,2,N,all_shifts,404,0.9717483166765248
AA,2,N,all_shifts,405,0.8165723730393069
AA,2,N,all_shifts,406,0.828826073180295
AA,2,N,all_shifts,407,0.22338345234463475
AA,2,N,all_shifts,408,0.49462716586968725
AA,2,N,all_shifts,409,0.37317976185846646
AA,2,N,all_shifts,410,1.0571368862166963
AA,2,N,all_shifts,411,0.40185786693719194
AA,2,N,all_shifts,412,1.078810499369979
AA,2,N,all_shifts,413,0.15571527738110547
AA,2,N,all_shifts,414,1.212941684908614
AA,2,N,all_shifts,415,1.179048010590833
AA,2,N,all_shifts,416,1.2290679754781024
AA,2,N,all_shifts,417,1.776691999315787
AA,2,N,all_shifts,418,0.0999736521626744
AA,2,N,all_shifts,419,0.886771069845679
AA,2,N,all_shifts,421,0.06366063939793776
AA,2,N,all_shifts,422,0.0634604971849484
AA,2,N,all_shifts,423,0.5890384649426608
AA,2,N,all_shifts,424,0.8812209865779153
AA,2,N,all_shifts,426,0.7326671574351593
AA,2,N,all_shifts,427,1.322446976829312
AA,2,N,all_shifts,428,0.721449427089496
AA,2,N,all_shifts,429,1.081760065674402
AA,2,N,all_shifts,430,0.4400349614628851
AA,2,N,all_shifts,431,0.1977190044497661
AA,2,N,all_shifts,432,0.7958278033455883
AA,2,N,all_shifts,433,0.005984962189927501
AA,2,N,all_shifts,434,0.3867217314355855
AA,2,N,all_shifts,435,2.443992046843249
AA,2,N,all_shifts,436,2.442260347001664
AA,2,N,all_shifts,437,1.7478919650943538
AA,2,N,all_shifts,438,2.0556015815704143
AA,2,N,all_shifts,439,1.619362702846729
AA,2,N,all_shifts,440,0.7409227892612051
AA,2,N,all_shifts,441,1.8009986629671602
AA,2,N,all_shifts,442,0.1602733815070252
AA,2,N,all_shifts,443,0.8861960667689743
AA,2,N,all_shifts,444,0.9802731185695279
AA,2,N,all_shifts,445,0.6074297817070686
AA,2,N,all_shifts,446,0.33919888055783076
WT,1,NH,raw,330,0.5386400000000009
WT,1,NH,raw,331,0.4572566666666589
WT,1,NH,raw,332,0.20595666666666546
WT,1,NH,raw,333,0.19680000000000142
WT,1,NH,raw,334,0.3829733333333323
WT,1,NH,raw,335,0.28567666666666547
WT,1,NH,raw,336,0.2944500000000021
WT,1,NH,raw,337,0.18381333333333494
WT,1,NH,raw,338,0.17090999999999923
WT,1,NH,raw,339,0.28107999999999755
WT,1,NH,raw,341,0.22205000000000297
WT,1,NH,raw,342,0.3006266666666608
WT,1,NH,raw,343,0.17847333333333282
WT,1,NH,raw,344,0.19092666666666958
WT,1,NH,raw,345,0.003906666666665615
WT,1,NH,raw,346,0.23544333333332634
WT,1,NH,raw,347,0.06664333333333339
WT,1,NH,raw,348,0.2972466666666662
WT,1,NH,raw,349,0.2622566666666639
WT,1,NH,raw,350,0.17501666666666615
WT,1,NH,raw,351,0.2967600000000026
WT,1,NH,raw,352,0.013246666666658413
WT,1,NH,raw,353,0.09948333333333004
WT,1,NH,raw,354,0.18409000000000475
WT,1,NH,raw,355,0.0035233333333319905
WT,1,NH,raw,356,0.005796666666668671
WT,1,NH,raw,357,0.08351333333333066
WT,1,NH,raw,358,0.16667666666666925
WT,1,NH,raw,359,0.05982666666666603
WT,1,NH,raw,360,0.14939999999999998
WT,1,NH,raw,361,0.06974666666666884
WT,1,NH,raw,362,0.1262733333333319
WT,1,NH,raw,363,0.10310333333333332
WT,1,NH,raw,364,0.14848666666666865
WT,1,NH,raw,365,0.11387999999999376
WT,1,NH,raw,367,0.3986233333333322
WT,1,NH,raw,368,0.28944333333333816
WT,1,NH,raw,369,0.16129333333333307
WT,1,NH,raw,370,0.21175333333333413
WT,1,NH,raw,371,0.24981666666666502
WT,1,NH,raw,380,0.11415666666666446
WT,1,NH,raw,382,0.6712000000000007
WT,1,NH,raw,383,0.28536333333333097
WT,1,NH,raw,384,0.19879999999999853
WT,1,NH,raw,385,0.17803000000000146
WT,1,NH,raw,386,0.13593333333333568
WT,1,NH,raw,387,0.1855933333333386
WT,1,NH,raw,388,0.10652666666667265
WT,1,NH,raw,389,0.30296000000000056
WT,1,NH,raw,391,0.2222366666666673
WT,1,NH,raw,392,0.10658666666665795
WT,1,NH,raw,393,0.05441999999999858
WT,1,NH,raw,394,0.2066433333333304
WT,1,NH,raw,395,0.13689666666667222
WT,1,NH,raw,396,0.23179333333332508
WT,1,NH,raw,397,0.2543966666666684
WT,1,NH,raw,398,0.09893333333333665
WT,1,NH,raw,399,0.0480500000000017
WT,1,NH,raw,400,0.037903333333331624
WT,1,NH,raw,401,0.15235000000000287
WT,1,NH,raw,402,0.0018866666666701448
WT,1,NH,raw,403,0.12097999999999587
WT,1,NH,raw,404,0.08056333333333576
WT,1,NH,raw,405,0.0441833333333328
WT,1,NH,raw,406,0.3462133333333366
WT,1,NH,raw,407,0.23999333333332906
WT,1,NH,raw,408,0.08969666666666853
WT,1,NH,raw,409,0.22263333333332724
WT,1,NH,raw,410,0.18207999999999736
WT,1,NH,raw,411,0.0029533333333340295
WT,1,NH,raw,412,0.045203333333336815
WT,1,NH,raw,413,0.1671366666666625
WT,1,NH,raw,414,0.10178666666666913
WT,1,NH,raw,415,0.2426566666666652
WT,1,NH,raw,416,0.29271333333333516
WT,1,NH,raw,417,0.1457633333333348
WT,1,NH,raw,418,0.1408499999999986
WT,1,NH,raw,419,0.16962999999999617
WT,1,NH,raw,421,0.30358666666666245
WT,1,NH,raw,422,0.09678333333333988
WT,1,NH,raw,423,0.210580000000002
WT,1,NH,raw,424,0.3550633333333293
WT,1,NH,raw,426,0.4292133333333332
WT,1,NH,raw,427,0.3451566666666608
WT,1,NH,raw,428,0.14754333333332958
WT,1,NH,raw,429,0.20124666666666968
WT,1,NH,raw,430,0.04175999999999647
WT,1,NH,raw,431,0.1550799999999981
WT,1,NH,raw,432,0.23506666666666298
WT,1,NH,raw,433,0.0413466666666622
WT,1,NH,raw,434,0.03960333333333388
WT,1,NH,raw,435,0.11817666666666682
WT,1,NH,raw,436,0.10073333333333245
WT,1,NH,raw,437,0.20741333333333323
WT,1,NH,raw,438,0.23347333333333342
WT,1,NH,raw,439,0.2825766666666656
WT,1,NH,raw,440,0.13748999999999256
WT,1,NH,raw,441,0.09822999999999027
WT,1,NH,raw,442,0.1192833333333283
WT,1,NH,raw,443,0.03162999999999627
WT,1,NH,raw,444,0.06862333333333126
WT,1,NH,raw,445,0.24969000000000108
WT,1,NH,raw,446,0.03144666666666929
WT,1,NH,all_shifts,330,0.47594372810386787
WT,1,NH,all_shifts,331,0.2905157721358176
WT,1,NH,all_shifts,332,0.22975238145510168
WT,1,NH,all_shifts,333,0.227629403980659
WT,1,NH,all_shifts,334,0.28736041982156557
WT,1,NH,all_shifts,335,0.28643460259329956
WT,1,NH,all_shifts,336,0.23364761342203533
WT,1,NH,all_shifts,337,0.10502999295976956
WT,1,NH,all_shifts,338,0.14970038352860193
WT,1,NH,all_shifts,339,0.24106769175377885
WT,1,NH,all_shifts,341,0.22932870022634333
WT,1,NH,all_shifts,342,0.20671623570772546
WT,1,NH,all_shifts,343,0.15662868089601822
WT,1,NH,all_shifts,344,0.2473264730607525
WT,1,NH,all_shifts,345,0.05213518889804014
WT,1,NH,all_shifts,346,0.2714825188474572
WT,1,NH,all_shifts,347,0.049974822090524285
WT,1,NH,all_shifts,348,0.27090167000313414
WT,1,NH,all_shifts,349,0.177278174048773
WT,1,NH,all_shifts,350,0.17615826651203292
WT,1,NH,all_shifts,351,0.2672690203873618
WT,1,NH,all_shifts,352,0.011201542359939864
WT,1,NH,all_shifts,353,0.06540435196798988
WT,1,NH,all_shifts,354,0.2192182509110907
WT,1,NH,all_shifts,355,0.031166631400715517
WT,1,NH,all_shifts,356,0.12004495818444205
WT,1,NH,all_shifts,357,0.028431234522741988
WT,1,NH,all_shifts,358,0.01760674789518113
WT,1,NH,all_shifts,359,0.06971885396319699
WT,1,NH,all_shifts,360,0.234858800298829
WT,1,NH,all_shifts,361,0.07496586030807961
WT,1,NH,all_shifts,362,0.12762851814459442
WT,1,NH,all_shifts,363,0.047720455769105996
WT,1,NH,all_shifts,364,0.0851684857282109
WT,1,NH,all_shifts,365,0.12441331782395526
WT,1,NH,all_shifts,367,0.29870207798885495
WT,1,NH,all_shifts,368,0.30430011818101654
WT,1,NH,all_shifts,369,0.07439330558525015
WT,1,NH,all_shifts,370,0.1895022036625278
WT,1,NH,all_shifts,371,0.31315594563820337
WT,1,NH,all_shifts,380,0.09417584452806516
WT,1,NH,all_shifts,382,0.5467283964823029
WT,1,NH,all_shifts,383,0.15921740307267207
WT,1,NH,all_shifts,384,0.2240542164096091
WT,1,NH,all_shifts,385,0.11153385358402268
WT,1,NH,all_shifts,386,0.13055983317641662
WT,1,NH,all_shifts,387,0.12307370888986213
WT,1,NH,all_shifts,388,0.14465043093260022
WT,1,NH,all_shifts,389,0.30316727845365854
WT,1,NH,all_shifts,391,0.23595922620614296
WT,1,NH,all_shifts,392,0.09770542072421584
WT,1,NH,all_shifts,393,0.10749652390263176
WT,1,NH,all_shifts,394,0.14629803470398883
WT,1,NH,all_shifts,395,0.06282991569226937
WT,1,NH,all_shifts,396,0.2525998421330229
WT,1,NH,all_shifts,397,0.2721381524220572
WT,1,NH,all_shifts,398,0.03150131760913766
WT,1,NH,all_shifts,399,0.0023313464133707384
WT,1,NH,all_shifts,400,0.0471243693952097
WT,1,NH,all_shifts,401,0.2040980213593535
WT,1,NH,all_shifts,402,0.03903680781249186
WT,1,NH,all_shifts,403,0.04344303861508081
WT,1,NH,all_shifts,404,0.07202775757866497
WT,1,NH,all_shifts,405,0.11698007553068557
WT,1,NH,all_shifts,406,0.20376944158154586
WT,1,NH,all_shifts,407,0.19073549385125155
WT,1,NH,all_shifts,408,0.1069145211164475
WT,1,NH,all_shifts,409,0.2478397379467303
WT,1,NH,all_shifts,410,0.14430509153332238
WT,1,NH,all_shifts,411,0.10563718805161493
WT,1,NH,all_shifts,412,0.09114414524310188
WT,1,NH,all_shifts,413,0.24980432361429816
WT,1,NH,all_shifts,414,0.012971891095515886
WT,1,NH,all_shifts,415,0.1653816795478562
WT,1,NH,all_shifts,416,0.3036704313136944
WT,1,NH,all_shifts,417,0.221511427406333
WT,1,NH,all_shifts,418,0.1454945356648576
WT,1,NH,all_shifts,419,0.218443488789001
WT,1,NH,all_shifts,421,0.2800074651902502
WT,1,NH,all_shifts,422,0.04868401306378267
WT,1,NH,all_shifts,423,0.22510389544314613
WT,1,NH,all_shifts,424,0.3106525571475318
WT,1,NH,all_shifts,426,0.41893079966050273
WT,1,NH,all_shifts,427,0.32612641311969703
WT,1,NH,all_shifts,428,0.15922387612658007
WT,1,NH,all_shifts,429,0.2466065797771595
WT,1,NH,all_shifts,430,0.02438527004244584
WT,1,NH,all_shifts,431,0.2511325903346684
WT,1,NH,all_shifts,432,0.17165293461682296
WT,1,NH,all_shifts,433,0.07856201183859568
WT,1,NH,all_shifts,434,0.050475937117447245
WT,1,NH,all_shifts,435,0.04594410973177787
WT,1,NH,all_shifts,436,0.13930640641112824
WT,1,NH,all_shifts,437,0.10472396306274412
WT,1,NH,all_shifts,438,0.10386437504607571
WT,1,NH,all_shifts,439,0.18944647232772915
WT,1,NH,all_shifts,440,0.04512362485931121
WT,1,NH,all_shifts,441,0.09305136375866319
WT,1,NH,all_shifts,442,0.1399967252751999
WT,1,NH,all_shifts,443,0.04246080183803258
WT,1,NH,all_shifts,444,0.044537956645465115
WT,1,NH,all_shifts,445,0.17734904705922538
WT,1,NH,all_shifts,446,0.034632354010513566
WT,2,NH,raw,330,0.5102679999999999
WT,2,NH,raw,331,0.46119999999999806
WT,2,NH,raw,332,0.21015199999999723
WT,2,NH,raw,333,0.18998800000000138
WT,2,NH,raw,334,0.3165040000000072
WT,2,NH,raw,335,0.2805319999999991
WT,2,NH,raw,336,0.2909399999999964
WT,2,NH,raw,337,0.20635599999999776
WT,2,NH,raw,338,0.17118800000000078
WT,2,NH,raw,339,0.2845439999999986
WT,2,NH,raw,341,0.2515039999999953
WT,2,NH,raw,342,0.2791080000000026
WT,2,NH,raw,343,0.103688
WT,2,NH,raw,344,0.1993079999999985
WT,2,NH,raw,345,0.020899999999997476
WT,2,NH,raw,346,0.23171199999999992
WT,2,NH,raw,347,0.0661240000000003
WT,2,NH,raw,348,0.25495599999999996
WT,2,NH,raw,349,0.26205599999999585
WT,2,NH,raw,350,0.17882799999999754
WT,2,NH,raw,351,0.2536719999999981
WT,2,NH,raw,352,0.04621199999999881
WT,2,NH,raw,353,0.09361999999999782
WT,2,NH,raw,354,0.20520399999999483
WT,2,NH,raw,355,0.019915999999994938
WT,2,NH,raw,356,0.05771199999999865
WT,2,NH,raw,357,0.06333199999999906
WT,2,NH,raw,358,0.1731960000000008
WT,2,NH,raw,359,0.08172000000000246
WT,2,NH,raw,360,0.17420399999999958
WT,2,NH,raw,361,0.1318040000000007
WT,2,NH,raw,362,0.05795999999999868
WT,2,NH,raw,363,0.10302800000000012
WT,2,NH,raw,364,0.1362720000000035
WT,2,NH,raw,365,0.11052000000000017
WT,2,NH,raw,367,0.43244799999999906
WT,2,NH,raw,368,0.28535199999999783
WT,2,NH,raw,369,0.18443599999999805
WT,2,NH,raw,370,0.20675999999999917
WT,2,NH,raw,371,0.2552999999999974
WT,2,NH,raw,380,0.12064000000000341
WT,2,NH,raw,382,0.7206279999999943
WT,2,NH,raw,383,0.3015800000000013
WT,2,NH,raw,384,0.19736800000000265
WT,2,NH,raw,385,0.15439199999999786
WT,2,NH,raw,386,0.1274599999999957
WT,2,NH,raw,387,0.20369200000000376
WT,2,NH,raw,388,0.1036199999999976
WT,2,NH,raw,389,0.37226799999999827
WT,2,NH,raw,391,0.2417400000000045
WT,2,NH,raw,392,0.127656
WT,2,NH,raw,393,0.030435999999999908
WT,2,NH,raw,394,0.2265719999999991
WT,2,NH,raw,395,0.1542720000000024
WT,2,NH,raw,396,0.20275599999999905
WT,2,NH,raw,397,0.285744000000002
WT,2,NH,raw,398,0.06740000000000279
WT,2,NH,raw,399,0.04702000000000339
WT,2,NH,raw,400,0.12645199999999424
WT,2,NH,raw,401,0.09777599999999964
WT,2,NH,raw,402,0.06924800000000797
WT,2,NH,raw,403,0.1592400000000005
WT,2,NH,raw,404,0.06557199999999597
WT,2,NH,raw,405,0.05855599999999761
WT,2,NH,raw,406,0.41063599999999756
WT,2,NH,raw,407,0.22113600000000133
WT,2,NH,raw,408,0.11249600000000193
WT,2,NH,raw,409,0.16886800000000335
WT,2,NH,raw,410,0.12574400000000274
WT,2,NH,raw,411,0.0038359999999997285
WT,2,NH,raw,412,0.003492000000001383
WT,2,NH,raw,413,0.1500199999999996
WT,2,NH,raw,414,0.07439600000000013
WT,2,NH,raw,415,0.2468599999999963
WT,2,NH,raw,416,0.3119760000000049
WT,2,NH,raw,417,0.13025600000000104
WT,2,NH,raw,418,0.12060000000000137
WT,2,NH,raw,419,0.13566400000000023
WT,2,NH,raw,421,0.308967999999993
WT,2,NH,raw,422,0.06747999999999799
WT,2,NH,raw,423,0.2450200000000038
WT,2,NH,raw,424,0.3815199999999974
WT,2,NH,raw,426,0.40577599999999947
WT,2,NH,raw,427,0.35792
WT,2,NH,raw,428,0.2058839999999993
WT,2,NH,raw,429,0.18911199999999972
WT,2,NH,raw,430,0.049167999999996326
WT,2,NH,raw,431,0.17265200000000291
WT,2,NH,raw,432,0.20613599999999543
WT,2,NH,raw,433,0.01509199999999744
WT,2,NH,raw,434,0.06593199999999566
WT,2,NH,raw,435,0.09941200000000094
WT,2,NH,raw,436,0.09893999999999892
WT,2,NH,raw,437,0.1828760000000038
WT,2,NH,raw,438,0.24029200000000284
WT,2,NH,raw,439,0.33497999999999273
WT,2,NH,raw,440,0.10766399999999621
WT,2,NH,raw,441,0.1432120000000019
WT,2,NH,raw,442,0.12385599999999819
WT,2,NH,raw,443,0.03763600000000089
WT,2,NH,raw,444,0.08271200000000256
WT,2,NH,raw,445,0.259191999999997
WT,2,NH,raw,446,0.03159199999999629
WT,2,NH,all_shifts,330,0.4550527388160237
WT,2,NH,all_shifts,331,0.3460025519406589
WT,2,NH,all_shifts,332,0.14460647311370067
WT,2,NH,all_shifts,333,0.27405323020145467
WT,2,NH,all_shifts,334,0.23755796248798866
WT,2,NH,all_shifts,335,0.21930269348714582
WT,2,NH,all_shifts,336,0.3363699279444088
WT,2,NH,all_shifts,337,0.15234277346321967
WT,2,NH,all_shifts,338,0.24077225554118087
WT,2,NH,all_shifts,339,0.3018826532510168
WT,2,NH,all_shifts,341,0.28267516112147995
WT,2,NH,all_shifts,342,0.3046022326056548
WT,2,NH,all_shifts,343,0.08314055227236139
WT,2,NH,all_shifts,344,0.25545074941008217
WT,2,NH,all_shifts,345,0.01859865209168099
WT,2,NH,all_shifts,346,0.20850945670726162
WT,2,NH,all_shifts,347,0.08021607910771422
WT,2,NH,all_shifts,348,0.1581567875851455
WT,2,NH,all_shifts,349,0.20355786235652396
WT,2,NH,all_shifts,350,0.20273943684567186
WT,2,NH,all_shifts,351,0.28495603911382794
WT,2,NH,all_shifts,352,0.048433971396145026
WT,2,NH,all_shifts,353,0.048555263846026264
WT,2,NH,all_shifts,354,0.09727591492971399
WT,2,NH,all_shifts,355,0.08420783431181711
WT,2,NH,all_shifts,356,0.11937765670325184
WT,2,NH,all_shifts,357,0.01216133701727884
WT,2,NH,all_shifts,358,0.040203994384601316
WT,2,NH,all_shifts,359,0.010640572611714916
WT,2,NH,all_shifts,360,0.07887799911062388
WT,2,NH,all_shifts,361,0.12353957778980451
WT,2,NH,all_shifts,362,0.05154769464845366
WT,2,NH,all_shifts,363,0.0531858381380621
WT,2,NH,all_shifts,364,0.13437215857026352
WT,2,NH,all_shifts,365,0.1084189832082254
WT,2,NH,all_shifts,367,0.387773333815959
WT,2,NH,all_shifts,368,0.2343267781226004
WT,2,NH,all_shifts,369,0.22738916504518158
WT,2,NH,all_shifts,370,0.20741969528565107
WT,2,NH,all_shifts,371,0.19780527716353724
WT,2,NH,all_shifts,380,0.009177170647863164
WT,2,NH,all_shifts,382,0.5001934609204817
WT,2,NH,all_shifts,383,0.26349643965351
WT,2,NH,all_shifts,384,0.23297964257431225
WT,2,NH,all_shifts,385,0.09674966999085655
WT,2,NH,all_shifts,386,0.06831835427851907
WT,2,NH,all_shifts,387,0.17933404274704046
WT,2,NH,all_shifts,388,0.04369898291502672
WT,2,NH,all_shifts,389,0.34038123965152245
WT,2,NH,all_shifts,391,0.16388537853732466
WT,2,NH,all_shifts,392,0.06283125331807682
WT,2,NH,all_shifts,393,0.006924900981568172
WT,2,NH,all_shifts,394,0.23733859287042058
WT,2,NH,all_shifts,395,0.18594633987702736
WT,2,NH,all_shifts,396,0.25301788686684645
WT,2,NH,all_shifts,397,0.17333646877750475
WT,2,NH,all_shifts,398,0.05470117461074331
WT,2,NH,all_shifts,399,0.07212535344898985
WT,2,NH,all_shifts,400,0.023103222791943878
WT,2,NH,all_shifts,401,0.19389073977486948
WT,2,NH,all_shifts,402,0.03602072937266776
WT,2,NH,all_shifts,403,0.004884136872618683
WT,2,NH,all_shifts,404,0.031284673997083345
WT,2,NH,all_shifts,405,0.06439976872994535
WT,2,NH,all_shifts,406,0.37764179699181444
WT,2,NH,all_shifts,407,0.23273238554884834
WT,2,NH,all_shifts,408,0.12040097955879325
WT,2,NH,all_shifts,409,0.15302902943421515
WT,2,NH,all_shifts,410,0.028528208473774797
WT,2,NH,all_shifts,411,0.07992557194680394
WT,2,NH,all_shifts,412,0.03335610823945956
WT,2,NH,all_shifts,413,0.20629166117382525
WT,2,NH,all_shifts,414,0.02386958639305803
WT,2,NH,all_shifts,415,0.1944298505052302
WT,2,NH,all_shifts,416,0.16982338102796923
WT,2,NH,all_shifts,417,0.15924170422799833
WT,2,NH,all_shifts,418,0.1408421499555157
WT,2,NH,all_shifts,419,0.09193044288770658
WT,2,NH,all_shifts,421,0.2627188837726191
WT,2,NH,all_shifts,422,0.11897141642264941
WT,2,NH,all_shifts,423,0.23708031564116538
WT,2,NH,all_shifts,424,0.37987550506887935
WT,2,NH,all_shifts,426,0.41966401688437216
WT,2,NH,all_shifts,427,0.22226947884772308
WT,2,NH,all_shifts,428,0.21776405440384572
WT,2,NH,all_shifts,429,0.1028950829919264
WT,2,NH,all_shifts,430,0.01093286826792017
WT,2,NH,all_shifts,431,0.23715362714436772
WT,2,NH,all_shifts,432,0.1349847326345479
WT,2,NH,all_shifts,433,0.06283786335130159
WT,2,NH,all_shifts,434,0.17225450924291597
WT,2,NH,all_shifts,435,0.08173323547078404
WT,2,NH,all_shifts,436,0.1179952422856605
WT,2,NH,all_shifts,437,0.14620376412989877
WT,2,NH,all_shifts,438,0.262557730840995
WT,2,NH,all_shifts,439,0.2727968447986413
WT,2,NH,all_shifts,440,0.06458171812714397
WT,2,NH,all_shifts,441,0.1650230307314846
WT,2,NH,all_shifts,442,0.12363212169821658
WT,2,NH,all_shifts,443,0.12363202266202222
WT,2,NH,all_shifts,444,0.09822534315056508
WT,2,NH,all_shifts,445,0.13834911472586242
WT,2,NH,all_shifts,446,0.02195097407216018
AA,1,NH,raw,330,0.4237658862876277
AA,1,NH,raw,331,0.34306354515050863
AA,1,NH,raw,332,0.1037424749163911
AA,1,NH,raw,333,0.08079264214047122
AA,1,NH,raw,334,0.2526521739130416
AA,1,NH,raw,335,0.17620401337792657
AA,1,NH,raw,336,0.1967558528428075
AA,1,NH,raw,337,0.07894314381270995
AA,1,NH,raw,338,0.09611371237458322
AA,1,NH,raw,339,0.16890969899665542
AA,1,NH,raw,341,0.11093979933110987
AA,1,NH,raw,342,0.21740133779263537
AA,1,NH,raw,343,0.06187625418060172
AA,1,NH,raw,344,0.06973578595317598
AA,1,NH,raw,345,0.11123076923076347
AA,1,NH,raw,346,0.16327759197324365
AA,1,NH,raw,347,0.21999331103678976
AA,1,NH,raw,348,0.20394648829431183
AA,1,NH,raw,349,0.14395652173913476
AA,1,NH,raw,350,0.13380602006689113
AA,1,NH,raw,351,0.1840535117056845
AA,1,NH,raw,352,0.09860535117057267
AA,1,NH,raw,353,0.00804682274247881
AA,1,NH,raw,354,0.09969230769231174
AA,1,NH,raw,355,0.13123745819398458
AA,1,NH,raw,356,0.05074916387959583
AA,1,NH,raw,357,0.25209030100334306
AA,1,NH,raw,358,0.35391304347826313
AA,1,NH,raw,359,0.03357859531771901
AA,1,NH,raw,360,0.061772575250829576
AA,1,NH,raw,361,0.061046822742474305
AA,1,NH,raw,362,0.01786622073578137
AA,1,NH,raw,363,0.1605852842809412
AA,1,NH,raw,364,0.24975919732440932
AA,1,NH,raw,365,0.04627090301003278
AA,1,NH,raw,367,0.3752341137123798
AA,1,NH,raw,368,0.23260200668896047
AA,1,NH,raw,369,0.046775919732439775
AA,1,NH,raw,370,0.09030100334448399
AA,1,NH,raw,371,0.1453344481605363
AA,1,NH,raw,380,0.01271906354515906
AA,1,NH,raw,382,0.5574882943143855
AA,1,NH,raw,383,0.13389297658862986
AA,1,NH,raw,384,0.12333444816053785
AA,1,NH,raw,385,0.03490969899665153
AA,1,NH,raw,386,0.03259197324414842
AA,1,NH,raw,387,0.13765886287624518
AA,1,NH,raw,388,0.07132441471571838
AA,1,NH,raw,389,0.2575418060200665
AA,1,NH,raw,391,0.15779598662207128
AA,1,NH,raw,392,0.18247491638794955
AA,1,NH,raw,393,0.018688963210706788
AA,1,NH,raw,394,0.164080267558532
AA,1,NH,raw,395,0.04463210702341058
AA,1,NH,raw,396,0.2921672240802682
AA,1,NH,raw,397,0.2866421404682269
AA,1,NH,raw,398,0.024973244147156848
AA,1,NH,raw,399,0.08212040133779475
AA,1,NH,raw,400,0.045949832775919575
AA,1,NH,raw,401,0.07799331103679474
AA,1,NH,raw,402,0.10078260869564737
AA,1,NH,raw,403,0.17169899665551824
AA,1,NH,raw,404,0.08818729096990019
AA,1,NH,raw,405,0.028217391304345085
AA,1,NH,raw,406,0.28806020066889904
AA,1,NH,raw,407,0.15921404682273987
AA,1,NH,raw,408,0.010625418060202563
AA,1,NH,raw,409,0.06545484949832314
AA,1,NH,raw,410,0.06572240802675822
AA,1,NH,raw,411,0.08674916387959719
AA,1,NH,raw,412,0.13998327759197515
AA,1,NH,raw,413,0.08747491638795957
AA,1,NH,raw,414,0.06481605351170572
AA,1,NH,raw,415,0.15255852842810036
AA,1,NH,raw,416,0.1835050167224086
AA,1,NH,raw,417,0.05773578595317197
AA,1,NH,raw,418,0.047026755852838775
AA,1,NH,raw,419,0.12881605351170933
AA,1,NH,raw,421,0.21304682274247533
AA,1,NH,raw,422,0.06498662207357775
AA,1,NH,raw,423,0.11959866220736082
AA,1,NH,raw,424,0.30569565217392025
AA,1,NH,raw,426,0.37549163879599057
AA,1,NH,raw,427,0.27179933110368104
AA,1,NH,raw,428,0.11403344481605693
AA,1,NH,raw,429,0.11326421404681852
AA,1,NH,raw,430,0.023424749163872605
AA,1,NH,raw,431,0.1768896321070237
AA,1,NH,raw,432,0.16464548494983688
AA,1,NH,raw,433,0.10793311036789532
AA,1,NH,raw,434,0.0025752508361236437
AA,1,NH,raw,435,0.03113712374581823
AA,1,NH,raw,436,0.11216722408026314
AA,1,NH,raw,437,0.16619063545150325
AA,1,NH,raw,438,0.17126755852842646
AA,1,NH,raw,439,0.23517391304347868
AA,1,NH,raw,440,0.059809364548495836
AA,1,NH,raw,441,0.10290635451505104
AA,1,NH,raw,442,0.03210367892976684
AA,1,NH,raw,443,0.010010033444814326
AA,1,NH,raw,444,0.043591973244145876
AA,1,NH,raw,445,0.15768227424748815
AA,1,NH,raw,446,0.06064214046822869
AA,1,NH,all_shifts,330,0.40495021762148475
AA,1,NH,all_shifts,331,0.2954230324582241
AA,1,NH,all_shifts,332,0.10537265094205317
AA,1,NH,all_shifts,333,0.08105181855863108
AA,1,NH,all_shifts,334,0.16609996166949337
AA,1,NH,all_shifts,335,0.17499066140762132
AA,1,NH,all_shifts,336,0.2502211887104959
AA,1,NH,all_shifts,337,0.08981830419130254
AA,1,NH,all_shifts,338,0.04264354685107463
AA,1,NH,all_shifts,339,0.13654991658930626
AA,1,NH,all_shifts,341,0.1540648807022471
AA,1,NH,all_shifts,342,0.09485814356875721
AA,1,NH,all_shifts,343,0.03195291351032559
AA,1,NH,all_shifts,344,0.10489132249783495
AA,1,NH,all_shifts,345,0.10749159453756896
AA,1,NH,all_shifts,346,0.037192556442565916
AA,1,NH,all_shifts,347,0.10664325238057693
AA,1,NH,all_shifts,348,0.19217068625105682
AA,1,NH,all_shifts,349,0.04981072631110095
AA,1,NH,all_shifts,350,0.17955240169095088
AA,1,NH,all_shifts,351,0.23579176807424673
AA,1,NH,all_shifts,352,0.05911029898214082
AA,1,NH,all_shifts,353,0.07320191762561024
AA,1,NH,all_shifts,354,0.06981301227398973
AA,1,NH,all_shifts,355,0.06957771984708394
AA,1,NH,all_shifts,356,0.018573704313345374
AA,1,NH,all_shifts,357,0.1459933358606067
AA,1,NH,all_shifts,358,0.2677168496187683
AA,1,NH,all_shifts,359,0.0947846183856047
AA,1,NH,all_shifts,360,0.14433221698504006
AA,1,NH,all_shifts,361,0.0562155857057256
AA,1,NH,all_shifts,362,0.03782966925488562
AA,1,NH,all_shifts,363,0.1139549355475129
AA,1,NH,all_shifts,364,0.1902120778195231
AA,1,NH,all_shifts,365,0.10017318135818609
AA,1,NH,all_shifts,367,0.19109566022469515
AA,1,NH,all_shifts,368,0.14547401806472138
AA,1,NH,all_shifts,369,0.10441440086495035
AA,1,NH,all_shifts,370,0.0799483529369045
AA,1,NH,all_shifts,371,0.19354058199199375
AA,1,NH,all_shifts,380,0.03483573957317887
AA,1,NH,all_shifts,382,0.4401557551862041
AA,1,NH,all_shifts,383,0.01600773024060942
AA,1,NH,all_shifts,384,0.10859399074736586
AA,1,NH,all_shifts,385,0.004063998971044924
AA,1,NH,all_shifts,386,0.09543248385765857
AA,1,NH,all_shifts,387,0.09613141442413031
AA,1,NH,all_shifts,388,0.02913174389658657
AA,1,NH,all_shifts,389,0.20373781248211742
AA,1,NH,all_shifts,391,0.11642686989728368
AA,1,NH,all_shifts,392,0.17403677227236614
AA,1,NH,all_shifts,393,0.04721269827967056
AA,1,NH,all_shifts,394,0.16740124791630429
AA,1,NH,all_shifts,395,0.028669617978787088
AA,1,NH,all_shifts,396,0.27679206237960763
AA,1,NH,all_shifts,397,0.2347293093414855
AA,1,NH,all_shifts,398,0.05441649666690562
AA,1,NH,all_shifts,399,0.0352941462252625
AA,1,NH,all_shifts,400,0.03273111204799761
AA,1,NH,all_shifts,401,0.06491792345730918
AA,1,NH,all_shifts,402,0.033943553012929506
AA,1,NH,all_shifts,403,0.11202072834736931
AA,1,NH,all_shifts,404,0.07802177383736009
AA,1,NH,all_shifts,405,0.12474742329900224
AA,1,NH,all_shifts,406,0.20543539781973053
AA,1,NH,all_shifts,407,0.11254203996616496
AA,1,NH,all_shifts,408,0.01825048289381037
AA,1,NH,all_shifts,409,0.002630069677369562
AA,1,NH,all_shifts,410,0.015235164985050176
AA,1,NH,all_shifts,411,0.08205954511299929
AA,1,NH,all_shifts,412,0.11618580144627444
AA,1,NH,all_shifts,413,0.08483119572477449
AA,1,NH,all_shifts,414,0.06821717489386891
AA,1,NH,all_shifts,415,0.26264729100815565
AA,1,NH,all_shifts,416,0.17604979088142692
AA,1,NH,all_shifts,417,0.027128033026867726
AA,1,NH,all_shifts,418,0.037903050629216395
AA,1,NH,all_shifts,419,0.148869716177483
AA,1,NH,all_shifts,421,0.21599091486563538
AA,1,NH,all_shifts,422,0.06767635401729422
AA,1,NH,all_shifts,423,0.1050952099377298
AA,1,NH,all_shifts,424,0.312712801343781
AA,1,NH,all_shifts,426,0.3136108688313879
AA,1,NH,all_shifts,427,0.1590196294931463
AA,1,NH,all_shifts,428,0.1173136232248897
AA,1,NH,all_shifts,429,0.047047898532809995
AA,1,NH,all_shifts,430,0.03940149704297902
AA,1,NH,all_shifts,431,0.177702432486889
AA,1,NH,all_shifts,432,0.12356174260404806
AA,1,NH,all_shifts,433,0.11367728631933893
AA,1,NH,all_shifts,434,0.07199184486194277
AA,1,NH,all_shifts,435,0.021502767027936187
AA,1,NH,all_shifts,436,0.09128138190927793
AA,1,NH,all_shifts,437,0.19583008616606357
AA,1,NH,all_shifts,438,0.12251119359241525
AA,1,NH,all_shifts,439,0.20213780952463978
AA,1,NH,all_shifts,440,0.020873054566591165
AA,1,NH,all_shifts,441,0.10325153901746376
AA,1,NH,all_shifts,442,0.0004555556942857919
AA,1,NH,all_shifts,443,0.03876189082874504
AA,1,NH,all_shifts,444,0.011409620272592846
AA,1,NH,all_shifts,445,0.12682756460539935
AA,1,NH,all_shifts,446,0.0670737941169115
AA,2,NH,raw,330,0.41211600000000104
AA,2,NH,raw,331,0.3628120000000017
AA,2,NH,raw,332,0.10593199999999925
AA,2,NH,raw,333,0.08789200000000186
AA,2,NH,raw,334,0.22393600000000013
AA,2,NH,raw,335,0.21075999999999873
AA,2,NH,raw,336,0.18486399999999925
AA,2,NH,raw,337,0.09781999999999513
AA,2,NH,raw,338,0.08796800000000182
AA,2,NH,raw,339,0.1926759999999934
AA,2,NH,raw,341,0.10999599999999354
AA,2,NH,raw,342,0.17899200000000448
AA,2,NH,raw,343,0.0801160000000003
AA,2,NH,raw,344,0.035895999999997485
AA,2,NH,raw,345,0.1326879999999946
AA,2,NH,raw,346,0.1366120000000004
AA,2,NH,raw,347,0.1495800000000056
AA,2,NH,raw,348,0.22231199999999873
AA,2,NH,raw,349,0.1842239999999986
AA,2,NH,raw,350,0.13347599999999993
AA,2,NH,raw,351,0.16995600000000088
AA,2,NH,raw,352,0.03362799999999666
AA,2,NH,raw,353,0.016459999999998587
AA,2,NH,raw,354,0.06628799999999657
AA,2,NH,raw,355,0.12581600000000037
AA,2,NH,raw,356,0.07714000000000176
AA,2,NH,raw,357,0.16177200000000003
AA,2,NH,raw,358,0.2573319999999999
AA,2,NH,raw,359,0.055703999999998643
AA,2,NH,raw,360,0.07934399999999897
AA,2,NH,raw,361,0.05789199999999717
AA,2,NH,raw,362,0.012744000000003197
AA,2,NH,raw,363,0.13511600000000534
AA,2,NH,raw,364,0.25028399999999973
AA,2,NH,raw,365,0.01293999999999862
AA,2,NH,raw,367,0.36768000000000356
AA,2,NH,raw,368,0.20820799999999728
AA,2,NH,raw,369,0.05285600000000201
AA,2,NH,raw,370,0.08235600000000076
AA,2,NH,raw,371,0.09098000000000184
AA,2,NH,raw,380,0.023967999999998213
AA,2,NH,raw,382,0.5836720000000017
AA,2,NH,raw,383,0.08733999999999753
AA,2,NH,raw,384,0.10006800000000027
AA,2,NH,raw,385,0.06444799999999518
AA,2,NH,raw,386,0.04376400000000302
AA,2,NH,raw,387,0.06620399999999904
AA,2,NH,raw,388,0.060780000000001166
AA,2,NH,raw,389,0.271983999999998
AA,2,NH,raw,391,0.19390799999999775
AA,2,NH,raw,392,0.13490399999999703
AA,2,NH,raw,393,0.0021839999999944126
AA,2,NH,raw,394,0.16859200000000207
AA,2,NH,raw,395,0.024840000000004636
AA,2,NH,raw,396,0.253972000000001
AA,2,NH,raw,397,0.22805999999999216
AA,2,NH,raw,398,0.07308399999999615
AA,2,NH,raw,399,0.060067999999999344
AA,2,NH,raw,400,0.053739999999999455
AA,2,NH,raw,401,0.15794800000000375
AA,2,NH,raw,402,0.16735599999999895
AA,2,NH,raw,403,0.19765199999999616
AA,2,NH,raw,404,0.12058800000000147
AA,2,NH,raw,405,0.011239999999999029
AA,2,NH,raw,406,0.2777560000000001
AA,2,NH,raw,407,0.14548399999999795
AA,2,NH,raw,408,0.014968000000003201
AA,2,NH,raw,409,0.09014800000000633
AA,2,NH,raw,410,0.06991600000000275
AA,2,NH,raw,411,0.06410000000000338
AA,2,NH,raw,412,0.09919999999999618
AA,2,NH,raw,413,0.044512000000000995
AA,2,NH,raw,414,0.037952000000004205
AA,2,NH,raw,415,0.19022800000000117
AA,2,NH,raw,416,0.13784800000000175
AA,2,NH,raw,417,0.04264799999999802
AA,2,NH,raw,418,0.06699600000000139
AA,2,NH,raw,419,0.11107599999998996
AA,2,NH,raw,421,0.2131160000000012
AA,2,NH,raw,422,0.018140000000004264
AA,2,NH,raw,423,0.10824399999999734
AA,2,NH,raw,424,0.30631200000000103
AA,2,NH,raw,426,0.3600760000000083
AA,2,NH,raw,427,0.2542240000000042
AA,2,NH,raw,428,0.10488000000000142
AA,2,NH,raw,429,0.15853199999999745
AA,2,NH,raw,430,0.024176000000002418
AA,2,NH,raw,431,0.1193679999999997
AA,2,NH,raw,432,0.25556799999999846
AA,2,NH,raw,433,0.12314799999999515
AA,2,NH,raw,434,0.014120000000003685
AA,2,NH,raw,435,0.025079999999997327
AA,2,NH,raw,436,0.11191600000000435
AA,2,NH,raw,437,0.17333199999999493
AA,2,NH,raw,438,0.17505600000000232
AA,2,NH,raw,439,0.2074960000000008
AA,2,NH,raw,440,0.0632120000000036
AA,2,NH,raw,441,0.06025599999999898
AA,2,NH,raw,442,0.062480000000002534
AA,2,NH,raw,443,0.04491200000000006
AA,2,NH,raw,444,0.02939200000000497
AA,2,NH,raw,445,0.211592000000004
AA,2,NH,raw,446,0.14233600000000557
AA,2,NH,all_shifts,330,0.39528897913031535
AA,2,NH,all_shifts,331,0.3606126460818384
AA,2,NH,all_shifts,332,0.06979542712882747
AA,2,NH,all_shifts,333,0.1903880666969382
AA,2,NH,all_shifts,334,0.1891962237747169
AA,2,NH,all_shifts,335,0.20218714414952998
AA,2,NH,all_shifts,336,0.1477293688541721
AA,2,NH,all_shifts,337,0.06539534325395202
AA,2,NH,all_shifts,338,0.1421175217767381
AA,2,NH,all_shifts,339,0.1554027601042609
AA,2,NH,all_shifts,341,0.12653459215154328
AA,2,NH,all_shifts,342,0.16151934673034418
AA,2,NH,all_shifts,343,0.10818131398362674
AA,2,NH,all_shifts,344,0.0030072411968262713
AA,2,NH,all_shifts,345,0.05356927181241744
AA,2,NH,all_shifts,346,0.046543322818434874
AA,2,NH,all_shifts,347,0.11607964555653538
AA,2,NH,all_shifts,348,0.15447288176588359
AA,2,NH,all_shifts,349,0.15735828866720603
AA,2,NH,all_shifts,350,0.09308489332146053
AA,2,NH,all_shifts,351,0.0923919788200358
AA,2,NH,all_shifts,352,0.00435624939211543
AA,2,NH,all_shifts,353,0.005740956065112712
AA,2,NH,all_shifts,354,0.048947315071025344
AA,2,NH,all_shifts,355,0.09697624745460942
AA,2,NH,all_shifts,356,0.016259999383526846
AA,2,NH,all_shifts,357,0.1254036991384906
AA,2,NH,all_shifts,358,0.2875934762107697
AA,2,NH,all_shifts,359,0.05069528990089189
AA,2,NH,all_shifts,360,0.18425706536494424
AA,2,NH,all_shifts,361,0.16273084166778418
AA,2,NH,all_shifts,362,0.0500561542780229
AA,2,NH,all_shifts,363,0.04163214105960655
AA,2,NH,all_shifts,364,0.18733883870124846
AA,2,NH,all_shifts,365,0.02061322869086979
AA,2,NH,all_shifts,367,0.28798048699451684
AA,2,NH,all_shifts,368,0.1710324684004778
AA,2,NH,all_shifts,369,0.038579276392415096
AA,2,NH,all_shifts,370,0.023286900700970392
AA,2,NH,all_shifts,371,0.13337378588364324
AA,2,NH,all_shifts,380,0.023913669426603335
AA,2,NH,all_shifts,382,0.5945863207602873
AA,2,NH,all_shifts,383,0.12149232037108604
AA,2,NH,all_shifts,384,0.07011876057745425
AA,2,NH,all_shifts,385,0.040059490846465096
AA,2,NH,all_shifts,386,0.04114227417025873
AA,2,NH,all_shifts,387,0.08786520405767462
AA,2,NH,all_shifts,388,0.08850767617950339
AA,2,NH,all_shifts,389,0.2515807342290959
AA,2,NH,all_shifts,391,0.16151784302053063
AA,2,NH,all_shifts,392,0.11169797698181405
AA,2,NH,all_shifts,393,0.09634413156727817
AA,2,NH,all_shifts,394,0.22624095067268968
AA,2,NH,all_shifts,395,0.011845433970689712
AA,2,NH,all_shifts,396,0.1748933323117594
AA,2,NH,all_shifts,397,0.16349152022420732
AA,2,NH,all_shifts,398,0.08956330761957787
AA,2,NH,all_shifts,399,0.03085001571859891
AA,2,NH,all_shifts,400,0.03415953990123555
AA,2,NH,all_shifts,401,0.08317657085335828
AA,2,NH,all_shifts,402,0.06306845113853488
AA,2,NH,all_shifts,403,0.192490059629014
AA,2,NH,all_shifts,404,0.12712811068046292
AA,2,NH,all_shifts,405,0.035086367184844036
AA,2,NH,all_shifts,406,0.18021802287618804
AA,2,NH,all_shifts,407,0.18698905044234237
AA,2,NH,all_shifts,408,0.005831954607481649
AA,2,NH,all_shifts,409,0.043096900965524654
AA,2,NH,all_shifts,410,0.12406673553476821
AA,2,NH,all_shifts,411,0.03278466799624802
AA,2,NH,all_shifts,412,0.055236424909085535
AA,2,NH,all_shifts,413,0.01845751202386481
AA,2,NH,all_shifts,414,0.08803177439733822
AA,2,NH,all_shifts,415,0.20047810673422717
AA,2,NH,all_shifts,416,0.13947978016743612
AA,2,NH,all_shifts,417,0.1079171083006667
AA,2,NH,all_shifts,418,0.058591166061457756
AA,2,NH,all_shifts,419,0.12326633172770052
AA,2,NH,all_shifts,421,0.18204059738899048
AA,2,NH,all_shifts,422,0.03396511684838899
AA,2,NH,all_shifts,423,0.07977600843564758
AA,2,NH,all_shifts,424,0.25993730683188243
AA,2,NH,all_shifts,426,0.276053162623457
AA,2,NH,all_shifts,427,0.13688181778632824
AA,2,NH,all_shifts,428,0.08050082596296448
AA,2,NH,all_shifts,429,0.06619125997558406
AA,2,NH,all_shifts,430,0.08510113812117304
AA,2,NH,all_shifts,431,0.052384544468196736
AA,2,NH,all_shifts,432,0.38464139598246394
AA,2,NH,all_shifts,433,0.11192304010062593
AA,2,NH,all_shifts,434,0.019691887307905276
AA,2,NH,all_shifts,435,0.04465653298106265
AA,2,NH,all_shifts,436,0.025909560080993543
AA,2,NH,all_shifts,437,0.20534964135164913
AA,2,NH,all_shifts,438,0.06498951021846011
AA,2,NH,all_shifts,439,0.25539757370278515
AA,2,NH,all_shifts,440,0.013700098360452273
AA,2,NH,all_shifts,441,0.11319677182053312
AA,2,NH,all_shifts,442,0.038142750730708386
AA,2,NH,all_shifts,443,0.0005279426421669342
AA,2,NH,all_shifts,444,0.05790723111243068
AA,2,NH,all_shifts,445,0.18856480341674065
AA,2,NH,all_shifts,446,0.2475541672684276
