protein,source_pdb,full_Salpha,full_CA_Rg_nm,AR391_446_Salpha,AR391_446_CA_Rg_nm
WT,outputs/Tau5_joint_refinement/WT/pool_1/conformer_1.pdb,2.2512575211887556,3.0820873922819247,1.4766555803328838,2.142021980491219
WT,outputs/Tau5_joint_refinement/WT/pool_1/conformer_2.pdb,9.603256775992955,2.7494236431554815,7.353994580947261,1.93462002672188
WT,outputs/Tau5_joint_refinement/WT/pool_1/conformer_3.pdb,7.424722933496731,2.274113051651188,6.460295894222555,1.6297726091831017
WT,outputs/Tau5_joint_refinement/WT/pool_1/conformer_4.pdb,3.987738113420392,3.961522547327658,3.007942534899982,1.5959620910009078
WT,outputs/Tau5_joint_refinement/WT/pool_1/conformer_5.pdb,2.787846945556392,2.0429051794506736,2.161296345486099,1.662829805522288
WT,outputs/Tau5_joint_refinement/WT/pool_1/conformer_6.pdb,3.0325507552500612,3.0368867773875814,2.322136238390896,2.140133044449907
WT,outputs/Tau5_joint_refinement/WT/pool_1/conformer_7.pdb,4.905755194991937,2.3106192436115296,4.306269623048612,1.487847459268047
WT,outputs/Tau5_joint_refinement/WT/pool_1/conformer_8.pdb,9.496476762064411,3.1593430117958596,8.839854596321558,1.448853877403654
WT,outputs/Tau5_joint_refinement/WT/pool_1/conformer_9.pdb,6.002175600018989,3.389325498131351,4.1322943865615365,2.306418976114984
WT,outputs/Tau5_joint_refinement/WT/pool_1/conformer_10.pdb,4.759054302018087,2.691325981730603,3.868707401042256,1.370841327733704
WT,outputs/Tau5_joint_refinement/WT/pool_1/conformer_11.pdb,3.824977900419171,5.207988503360793,2.741445920180859,2.092707273713513
WT,outputs/Tau5_joint_refinement/WT/pool_1/conformer_12.pdb,1.8972279813494162,3.10608988622955,1.2513403361139837,2.1880808220005274
WT,outputs/Tau5_joint_refinement/WT/pool_1/conformer_13.pdb,2.1820504274270296,3.225194278655723,1.5741755532233732,1.797188642644749
WT,outputs/Tau5_joint_refinement/WT/pool_1/conformer_14.pdb,7.505738202338818,2.7906267028361107,6.682499772222913,2.1053382945865073
WT,outputs/Tau5_joint_refinement/WT/pool_1/conformer_15.pdb,4.488708856870415,3.191330203156976,3.546945169457616,1.411175157555905
WT,outputs/Tau5_joint_refinement/WT/pool_1/conformer_16.pdb,1.359282798078695,2.9053380215598885,0.6664499304529844,1.5067800884773757
WT,outputs/Tau5_joint_refinement/WT/pool_1/conformer_17.pdb,3.220498638147515,3.6787803082193373,2.404561649459174,1.741642624328227
WT,outputs/Tau5_joint_refinement/WT/pool_1/conformer_18.pdb,5.719364423954437,4.21297152593234,4.616573741296513,1.752665226275517
WT,outputs/Tau5_joint_refinement/WT/pool_1/conformer_19.pdb,2.298506093759185,3.880888428475406,1.7578439927636358,1.92465719099552
WT,outputs/Tau5_joint_refinement/WT/pool_1/conformer_20.pdb,8.245516644219249,2.3555526277687355,6.3924992936240566,1.5785852619010476
WT,outputs/Tau5_joint_refinement/WT/pool_1/conformer_21.pdb,1.3219633968929918,2.7826538844737922,0.8059447136903957,2.075605674109926
WT,outputs/Tau5_joint_refinement/WT/pool_1/conformer_22.pdb,6.032221508792555,2.2009540191946373,3.3172034618912947,2.033823186923987
WT,outputs/Tau5_joint_refinement/WT/pool_1/conformer_23.pdb,2.453865606323954,3.9460151071986886,1.3661030049878051,1.803807631479568
WT,outputs/Tau5_joint_refinement/WT/pool_1/conformer_24.pdb,6.012653928060586,2.501643946580428,5.274808938396622,1.9536913127243363
WT,outputs/Tau5_joint_refinement/WT/pool_1/conformer_25.pdb,4.716846208752904,3.4532188587418173,4.021225227566748,1.5607679114806445
WT,outputs/Tau5_joint_refinement/WT/pool_1/conformer_26.pdb,3.3669316354245424,3.6037728809060883,2.553836903138984,1.966052439436486
WT,outputs/Tau5_joint_refinement/WT/pool_1/conformer_27.pdb,3.697590604444336,2.0807265247394158,2.3216467476681735,1.3520491619334989
WT,outputs/Tau5_joint_refinement/WT/pool_1/conformer_28.pdb,7.119488769974515,4.122760607965284,5.366289006839747,1.803451627423191
WT,outputs/Tau5_joint_refinement/WT/pool_1/conformer_29.pdb,6.051746028046559,3.0247008520148184,5.150868646257735,1.856481099050571
WT,outputs/Tau5_joint_refinement/WT/pool_1/conformer_30.pdb,4.888482740665508,3.220337818296721,4.340205169016894,1.4243102985110074
WT,outputs/Tau5_joint_refinement/WT/pool_1/conformer_31.pdb,1.8637740206362208,2.7638743060415263,1.1893271234293705,1.770305579336942
WT,outputs/Tau5_joint_refinement/WT/pool_1/conformer_32.pdb,1.950078727416014,2.9169662539602776,0.7060930632100384,1.5611128710120676
WT,outputs/Tau5_joint_refinement/WT/pool_1/conformer_33.pdb,8.926323278806139,2.800268274951403,4.150663112828323,2.0239374122508202
WT,outputs/Tau5_joint_refinement/WT/pool_1/conformer_34.pdb,3.298099489346202,4.800224809377421,2.6363305541256956,2.2309065874696112
WT,outputs/Tau5_joint_refinement/WT/pool_1/conformer_35.pdb,3.6682007721557697,3.4450704655244957,3.148968618362345,1.7629535106060046
WT,outputs/Tau5_joint_refinement/WT/pool_1/conformer_36.pdb,4.4158548739999715,4.316934235077887,3.6504585481134835,1.9140766356970738
WT,outputs/Tau5_joint_refinement/WT/pool_1/conformer_37.pdb,1.3927977049305866,4.237817285688619,0.8277674611236754,1.5100204205247643
WT,outputs/Tau5_joint_refinement/WT/pool_1/conformer_38.pdb,2.120120714310864,2.602822048730367,1.091520457307144,1.916760427012189
WT,outputs/Tau5_joint_refinement/WT/pool_1/conformer_39.pdb,4.010409201924521,4.062657165383814,1.0873795814524576,1.711175178522409
WT,outputs/Tau5_joint_refinement/WT/pool_1/conformer_40.pdb,1.7930353140216158,2.7521655375253795,0.8997955139030989,1.7795395546854391
WT,outputs/Tau5_joint_refinement/WT/pool_1/conformer_41.pdb,1.3495872905214525,3.8333699340424783,0.677350015409466,1.6042481380472078
WT,outputs/Tau5_joint_refinement/WT/pool_1/conformer_42.pdb,2.656641433067816,4.441795785902411,0.8460017404462217,2.9685975694433306
WT,outputs/Tau5_joint_refinement/WT/pool_1/conformer_43.pdb,1.4723487920501126,3.8085329768004357,0.5429732479813333,2.362724814347255
WT,outputs/Tau5_joint_refinement/WT/pool_1/conformer_44.pdb,4.447927725401157,2.867318449595903,3.4999547263853255,2.0592614051650404
WT,outputs/Tau5_joint_refinement/WT/pool_1/conformer_45.pdb,3.9514592521344754,2.676937005833735,1.0502095342001128,2.0737745504283884
WT,outputs/Tau5_joint_refinement/WT/pool_1/conformer_46.pdb,3.568855362229991,3.246427809114667,2.1907701232782295,2.1644668188246103
WT,outputs/Tau5_joint_refinement/WT/pool_1/conformer_47.pdb,1.2122951009446925,3.980528841610416,0.5502270590778717,1.5189121434128072
WT,outputs/Tau5_joint_refinement/WT/pool_1/conformer_48.pdb,1.445034256611839,2.1267550962696733,0.6846416516247479,1.827972061234792
WT,outputs/Tau5_joint_refinement/WT/pool_1/conformer_49.pdb,3.9581677437896117,3.1956080276966334,1.9594459887950952,2.0244150104371927
WT,outputs/Tau5_joint_refinement/WT/pool_1/conformer_50.pdb,10.059336803818207,4.068558343527532,8.796608552137625,2.15746788076823
WT,outputs/Tau5_joint_refinement/WT/pool_1/conformer_51.pdb,3.2318244052032323,3.6678615700969073,2.6408784456065066,1.769446283138493
WT,outputs/Tau5_joint_refinement/WT/pool_1/conformer_52.pdb,1.3192361920547684,2.5164738413549244,0.6729598070275254,2.313559068889134
WT,outputs/Tau5_joint_refinement/WT/pool_1/conformer_53.pdb,2.9250568255366107,2.6153920331488227,1.9219846719318023,2.0174745480361955
WT,outputs/Tau5_joint_refinement/WT/pool_1/conformer_54.pdb,2.198537077519147,3.7766302831391387,1.6529274115944244,2.365141295014455
WT,outputs/Tau5_joint_refinement/WT/pool_1/conformer_55.pdb,9.488139490879554,3.078560516319771,3.953119933293559,2.119567872441569
WT,outputs/Tau5_joint_refinement/WT/pool_1/conformer_56.pdb,1.1704563731494773,2.863696288429567,0.6075909596736448,2.036789899438506
WT,outputs/Tau5_joint_refinement/WT/pool_1/conformer_57.pdb,1.3520983068165597,3.6399790680676767,0.5491781695351187,1.987145000569316
WT,outputs/Tau5_joint_refinement/WT/pool_1/conformer_58.pdb,4.211771716145341,3.1758136386033247,2.973017695317231,1.824364248801616
WT,outputs/Tau5_joint_refinement/WT/pool_1/conformer_59.pdb,11.230127156253705,5.201592710442025,9.011739892903286,2.5617943213680565
WT,outputs/Tau5_joint_refinement/WT/pool_1/conformer_60.pdb,2.9181171708608478,3.39472407385005,2.205210074996125,1.3636894382105909
WT,outputs/Tau5_joint_refinement/WT/pool_1/conformer_61.pdb,8.177222923866676,3.647644458217275,6.97966472487009,2.6017672539263224
WT,outputs/Tau5_joint_refinement/WT/pool_1/conformer_62.pdb,3.679957480211982,4.198471830867453,2.773648583698244,1.6961899852968418
WT,outputs/Tau5_joint_refinement/WT/pool_1/conformer_63.pdb,4.118149473891014,3.507915113889865,0.8416415254911431,2.270837698395761
WT,outputs/Tau5_joint_refinement/WT/pool_1/conformer_64.pdb,1.1936273000129536,3.680313198191041,0.4911267381633941,2.3574117886269947
WT,outputs/Tau5_joint_refinement/WT/pool_1/conformer_65.pdb,2.9051561767868463,3.2341888124158054,2.1891141479410825,2.292237261505127
WT,outputs/Tau5_joint_refinement/WT/pool_1/conformer_66.pdb,1.922690643354783,3.0633988890643726,1.1636767882820687,1.8422877096794545
WT,outputs/Tau5_joint_refinement/WT/pool_1/conformer_67.pdb,1.579053847299951,2.607627924297025,0.6438480313277706,1.8152235657895783
WT,outputs/Tau5_joint_refinement/WT/pool_1/conformer_68.pdb,3.2741876773587606,2.998797050986306,2.513767512206756,1.6701894916533682
WT,outputs/Tau5_joint_refinement/WT/pool_1/conformer_69.pdb,1.3278188005644647,2.4160418410557263,0.6634876819898747,1.5978486274259813
WT,outputs/Tau5_joint_refinement/WT/pool_1/conformer_70.pdb,1.9687594114100302,3.7833409443236587,0.8079496675980349,1.334231157120601
WT,outputs/Tau5_joint_refinement/WT/pool_1/conformer_71.pdb,4.6000379839574705,4.101928101879685,0.5564229469109672,2.0827752283964016
WT,outputs/Tau5_joint_refinement/WT/pool_1/conformer_72.pdb,5.53700446611574,2.4305326805471346,4.792689845760663,1.7642019448763469
WT,outputs/Tau5_joint_refinement/WT/pool_1/conformer_73.pdb,3.203567077519643,4.854590332768893,0.5389164710852486,1.540392038405619
WT,outputs/Tau5_joint_refinement/WT/pool_1/conformer_74.pdb,1.4073919935360655,2.28622064776948,0.7285108098772631,1.8487636879098572
WT,outputs/Tau5_joint_refinement/WT/pool_1/conformer_75.pdb,5.165061199793133,2.7424749506648745,2.3895484411410237,1.550661765533468
WT,outputs/Tau5_joint_refinement/WT/pool_1/conformer_76.pdb,6.370319700240242,2.0162305199861477,4.4423821036757465,1.2571870468314026
WT,outputs/Tau5_joint_refinement/WT/pool_1/conformer_77.pdb,8.786967524424503,3.2602982868621044,2.8933146281282203,2.041289813910558
WT,outputs/Tau5_joint_refinement/WT/pool_1/conformer_78.pdb,5.726451680936045,3.006699252220411,4.0235760818836885,1.4216794092173082
WT,outputs/Tau5_joint_refinement/WT/pool_1/conformer_79.pdb,3.94461706733162,4.131870294060666,2.596097259763158,2.1132487818549617
WT,outputs/Tau5_joint_refinement/WT/pool_1/conformer_80.pdb,9.571947055637544,3.9181903161474163,8.357245542727696,2.179144618502456
WT,outputs/Tau5_joint_refinement/WT/pool_1/conformer_81.pdb,1.7062743481018952,3.392953254095272,0.6743239648140378,1.4353498553670794
WT,outputs/Tau5_joint_refinement/WT/pool_1/conformer_82.pdb,9.577077079212714,3.85839802409312,5.221145794353494,2.6919452134997206
WT,outputs/Tau5_joint_refinement/WT/pool_1/conformer_83.pdb,2.546815273534963,2.869858910637469,1.0689913469193992,1.5310578396232075
WT,outputs/Tau5_joint_refinement/WT/pool_1/conformer_84.pdb,1.6969547834302892,4.409281041556296,1.0605365180004123,1.8432040038975763
WT,outputs/Tau5_joint_refinement/WT/pool_1/conformer_85.pdb,7.359594035417137,2.897302751673265,6.537080784966546,1.8490135805914825
WT,outputs/Tau5_joint_refinement/WT/pool_1/conformer_86.pdb,4.1756074581207745,3.1626573269063973,1.7640937184044778,1.5588052319672736
WT,outputs/Tau5_joint_refinement/WT/pool_1/conformer_87.pdb,4.858575090864757,3.6351788456235203,4.159425818674503,2.61904772691423
WT,outputs/Tau5_joint_refinement/WT/pool_1/conformer_88.pdb,1.9283159155650693,2.950317357491441,1.2403056484517272,1.5899077385330238
WT,outputs/Tau5_joint_refinement/WT/pool_1/conformer_89.pdb,5.853455084420108,2.215245374752065,4.780319845249601,1.5063639815816023
WT,outputs/Tau5_joint_refinement/WT/pool_1/conformer_90.pdb,3.0499242909389466,2.5008863777922987,1.6729207159286343,1.5693806340723728
WT,outputs/Tau5_joint_refinement/WT/pool_1/conformer_91.pdb,7.762927255691465,3.1271652886040417,5.6790216013365376,1.9584074355113645
WT,outputs/Tau5_joint_refinement/WT/pool_1/conformer_92.pdb,4.76920904399176,3.1073096992616773,3.2762842913545698,1.4686499551424077
WT,outputs/Tau5_joint_refinement/WT/pool_1/conformer_93.pdb,6.135885127835927,2.523011648831252,2.9727359000791096,1.6156102388324212
WT,outputs/Tau5_joint_refinement/WT/pool_1/conformer_94.pdb,2.118259182363061,3.1578492690012845,0.8579426646585512,2.0970223985983587
WT,outputs/Tau5_joint_refinement/WT/pool_1/conformer_95.pdb,4.636694773549333,2.5229425760835853,3.903927785455246,1.7827994323681775
WT,outputs/Tau5_joint_refinement/WT/pool_1/conformer_96.pdb,5.6625293054973715,4.044852673799597,4.440772986816445,1.656144096519835
WT,outputs/Tau5_joint_refinement/WT/pool_1/conformer_97.pdb,2.6357203301788608,3.1284305940827672,1.8214903084435758,2.0466371749793986
WT,outputs/Tau5_joint_refinement/WT/pool_1/conformer_98.pdb,7.480284683904846,3.2225421906390324,3.329987247400514,2.078779837455522
WT,outputs/Tau5_joint_refinement/WT/pool_1/conformer_99.pdb,4.265615518091686,1.9589189636325353,3.23940293894811,1.6718475051353505
WT,outputs/Tau5_joint_refinement/WT/pool_1/conformer_100.pdb,3.344078817811399,3.7296809279822933,2.523323744591163,2.512260140692464
WT,outputs/Tau5_joint_refinement/WT/pool_1/conformer_101.pdb,6.014600437456322,2.4802302321162593,3.4949276798175304,1.6127350081457041
WT,outputs/Tau5_joint_refinement/WT/pool_1/conformer_102.pdb,9.576574145824058,2.9617586639649636,4.847877970730619,1.7576511625506244
WT,outputs/Tau5_joint_refinement/WT/pool_1/conformer_103.pdb,7.060319955568924,2.730823920914508,4.587654958425789,2.3067457153945408
WT,outputs/Tau5_joint_refinement/WT/pool_1/conformer_104.pdb,4.462099239743049,2.182797008932385,3.4957044099982233,1.6001514526045093
WT,outputs/Tau5_joint_refinement/WT/pool_1/conformer_105.pdb,1.7588110493892384,3.2697560396864427,1.0817199890934397,1.435729491190802
WT,outputs/Tau5_joint_refinement/WT/pool_1/conformer_106.pdb,6.687312304017179,3.330403884242746,5.997519456579265,1.744476380123832
WT,outputs/Tau5_joint_refinement/WT/pool_1/conformer_107.pdb,11.574150763255547,2.664963859889932,9.330452537208467,1.7807674215925797
WT,outputs/Tau5_joint_refinement/WT/pool_1/conformer_108.pdb,5.886744272459115,3.3320545477909222,5.202499782543278,2.0143611091932425
WT,outputs/Tau5_joint_refinement/WT/pool_1/conformer_109.pdb,5.399960351318465,3.3351559852563075,4.66750335486286,2.1154968219166723
WT,outputs/Tau5_joint_refinement/WT/pool_1/conformer_110.pdb,1.9318525176909978,2.513582582616974,1.0208173300211594,1.8278327060782775
WT,outputs/Tau5_joint_refinement/WT/pool_1/conformer_111.pdb,8.145488285296768,2.9412641938339816,6.60648356961308,1.820781031469723
WT,outputs/Tau5_joint_refinement/WT/pool_1/conformer_112.pdb,1.6291515174693387,3.233255795837804,0.9274397965880247,1.8425837454428022
WT,outputs/Tau5_joint_refinement/WT/pool_1/conformer_113.pdb,1.6187919567963935,2.692961176765969,0.8254037901557332,2.1032697511046914
WT,outputs/Tau5_joint_refinement/WT/pool_1/conformer_114.pdb,12.12582002552489,2.4291079056424936,11.180877772917269,1.9386438672265076
WT,outputs/Tau5_joint_refinement/WT/pool_1/conformer_115.pdb,8.972572929707848,4.324981870126981,3.340872943694941,2.158875174932698
WT,outputs/Tau5_joint_refinement/WT/pool_1/conformer_116.pdb,1.8639830040482614,3.497577174970653,0.7785274668222195,2.4397483747675954
WT,outputs/Tau5_joint_refinement/WT/pool_1/conformer_117.pdb,1.633551149748891,4.480469466243806,0.8706226723649019,1.3915572523389004
WT,outputs/Tau5_joint_refinement/WT/pool_1/conformer_118.pdb,1.8592949020413976,3.383502695047919,0.5951359423398207,2.2384331964831974
WT,outputs/Tau5_joint_refinement/WT/pool_1/conformer_119.pdb,2.592676133702259,4.203381310393902,0.841768753662803,3.0688892051425856
WT,outputs/Tau5_joint_refinement/WT/pool_1/conformer_120.pdb,1.6261034359954174,3.594894893643353,0.5842108074139664,1.5881747775280914
WT,outputs/Tau5_joint_refinement/WT/pool_1/conformer_121.pdb,3.1718483771216373,3.167999479086723,2.0186240208622244,2.315752936837318
WT,outputs/Tau5_joint_refinement/WT/pool_1/conformer_122.pdb,1.1577594081794986,3.488716344568149,0.5088890732804578,2.364965137833884
WT,outputs/Tau5_joint_refinement/WT/pool_1/conformer_123.pdb,2.841713114482788,2.885809895674027,2.0473295713086834,1.8639546266116467
WT,outputs/Tau5_joint_refinement/WT/pool_1/conformer_124.pdb,3.183264248050034,3.191503688450486,1.9636546385002502,1.8871279832822654
WT,outputs/Tau5_joint_refinement/WT/pool_1/conformer_125.pdb,2.2447792778935005,4.3094029062007575,1.466192195339121,2.387216938586646
WT,outputs/Tau5_joint_refinement/WT/pool_1/conformer_126.pdb,7.1735377722521285,3.4443241287948805,6.3270165697158065,1.908245440614565
WT,outputs/Tau5_joint_refinement/WT/pool_1/conformer_127.pdb,12.88709420669639,4.188253824423646,11.971376742678698,2.2613650440459705
WT,outputs/Tau5_joint_refinement/WT/pool_1/conformer_128.pdb,4.825969179897696,3.6063315059395116,2.440885065231644,1.5988348092253586
WT,outputs/Tau5_joint_refinement/WT/pool_1/conformer_129.pdb,6.365528532095358,2.6766439617761084,5.659823783310664,1.9261474414742583
WT,outputs/Tau5_joint_refinement/WT/pool_1/conformer_130.pdb,3.124481612425041,2.719598712106689,2.353803841911486,1.9948520138573411
WT,outputs/Tau5_joint_refinement/WT/pool_1/conformer_131.pdb,3.1068392282603985,2.742445707341654,1.5914660260489086,1.8890819124532183
WT,outputs/Tau5_joint_refinement/WT/pool_1/conformer_132.pdb,6.531305245528453,3.4144129516343207,3.9580291381441985,2.080789594843029
WT,outputs/Tau5_joint_refinement/WT/pool_1/conformer_133.pdb,7.874541369265008,3.6073674692294464,6.9838977139962655,1.7612654676722632
WT,outputs/Tau5_joint_refinement/WT/pool_1/conformer_134.pdb,2.586544743056111,2.609003365974975,1.2817617214801575,2.0606007555180557
WT,outputs/Tau5_joint_refinement/WT/pool_1/conformer_135.pdb,2.0936849706983014,2.732837005948697,0.6928486007644066,2.0692455494000064
WT,outputs/Tau5_joint_refinement/WT/pool_1/conformer_136.pdb,1.363913535787809,2.4361740461895938,0.7764479685014714,1.6491901775309423
WT,outputs/Tau5_joint_refinement/WT/pool_1/conformer_137.pdb,6.249835629369635,5.495875561383257,5.224976180933818,1.7823123464700188
WT,outputs/Tau5_joint_refinement/WT/pool_1/conformer_138.pdb,2.6702861035199095,2.758277821476403,0.6170764495015082,1.8251390239995473
WT,outputs/Tau5_joint_refinement/WT/pool_1/conformer_139.pdb,1.4465590315440475,3.236035646459238,0.6815077346414348,1.8987230994335915
WT,outputs/Tau5_joint_refinement/WT/pool_1/conformer_140.pdb,2.9180767191272885,3.2608136287887484,2.2928667785888797,1.775975553521499
WT,outputs/Tau5_joint_refinement/WT/pool_1/conformer_141.pdb,5.3537501116056845,4.651943182863509,0.8097403488640345,1.9334116495255338
WT,outputs/Tau5_joint_refinement/WT/pool_1/conformer_142.pdb,5.429492533904629,2.963479769248148,3.439458033298013,2.0391186355311475
WT,outputs/Tau5_joint_refinement/WT/pool_1/conformer_143.pdb,1.0808199464629262,4.741087518359814,0.5583370986945007,2.0926646116295324
WT,outputs/Tau5_joint_refinement/WT/pool_1/conformer_144.pdb,9.912716443787154,3.5932862229334877,4.354984422617084,1.5874067602660213
WT,outputs/Tau5_joint_refinement/WT/pool_1/conformer_145.pdb,1.4905343115572207,3.7252324502996155,0.5870779788689324,2.2386075187221772
WT,outputs/Tau5_joint_refinement/WT/pool_1/conformer_146.pdb,1.4248789079069688,2.196783921017014,0.6562205067570352,1.6446040295759878
WT,outputs/Tau5_joint_refinement/WT/pool_1/conformer_147.pdb,5.964197540365979,3.6305436440898173,2.3202636973767863,1.6561662117244698
WT,outputs/Tau5_joint_refinement/WT/pool_1/conformer_148.pdb,2.951490454378216,2.9116025605935403,2.3451358148995536,2.33943343473748
WT,outputs/Tau5_joint_refinement/WT/pool_1/conformer_149.pdb,3.527147612127143,2.966347478376068,2.8631390948582336,2.424153276794628
WT,outputs/Tau5_joint_refinement/WT/pool_1/conformer_150.pdb,1.7806616404830786,2.684162354639763,1.125275386426928,1.631775117455743
WT,outputs/Tau5_joint_refinement/WT/pool_1/conformer_151.pdb,1.942681585554199,3.2778858495457226,1.2118966978223742,1.969578136966895
WT,outputs/Tau5_joint_refinement/WT/pool_1/conformer_152.pdb,3.1477299175094497,2.736784141773044,2.565667340938761,1.689456976786514
WT,outputs/Tau5_joint_refinement/WT/pool_1/conformer_153.pdb,2.6104798334032693,3.785766775096467,1.6656999534634187,2.3343175799606874
WT,outputs/Tau5_joint_refinement/WT/pool_1/conformer_154.pdb,1.3389707759692302,2.694879041433776,0.7547915963257927,2.013878757683915
WT,outputs/Tau5_joint_refinement/WT/pool_1/conformer_155.pdb,1.6477396701063713,2.4983123646136103,0.8582993715195516,2.1862406267316365
WT,outputs/Tau5_joint_refinement/WT/pool_1/conformer_156.pdb,8.098748862722305,3.3892218695235847,6.090003839615415,2.0156246572978667
WT,outputs/Tau5_joint_refinement/WT/pool_1/conformer_157.pdb,2.7300525843685173,2.194694219915353,1.8203877264167547,1.6707693288501566
WT,outputs/Tau5_joint_refinement/WT/pool_1/conformer_158.pdb,1.5427639538913795,2.4464182187314116,0.9174792142965286,1.564393931692788
WT,outputs/Tau5_joint_refinement/WT/pool_1/conformer_159.pdb,4.535549431783569,2.7704290099563353,3.9302801001104224,1.7294744560315682
WT,outputs/Tau5_joint_refinement/WT/pool_1/conformer_160.pdb,5.356617256527811,3.855828052729887,2.0345323340186106,1.8887394916145295
WT,outputs/Tau5_joint_refinement/WT/pool_1/conformer_161.pdb,7.16876703253039,3.0630393543407632,6.207152886107875,1.3858929144152528
WT,outputs/Tau5_joint_refinement/WT/pool_1/conformer_162.pdb,3.0410577764690556,2.9563276410460997,1.3663348862112619,1.8733760042297574
WT,outputs/Tau5_joint_refinement/WT/pool_1/conformer_163.pdb,2.8235194678844824,2.972626815387781,0.8633897587744219,1.8597778961282705
WT,outputs/Tau5_joint_refinement/WT/pool_1/conformer_164.pdb,2.1423827914335924,3.5850718328588114,1.4600254847426644,2.6641457201125958
WT,outputs/Tau5_joint_refinement/WT/pool_1/conformer_165.pdb,2.763774355961929,3.5010329290208335,1.4615438689181703,1.9712039905377277
WT,outputs/Tau5_joint_refinement/WT/pool_1/conformer_166.pdb,6.814280814787596,4.508740562390933,5.278703217736569,1.779305035520669
WT,outputs/Tau5_joint_refinement/WT/pool_1/conformer_167.pdb,5.0872432178600135,2.981132615298509,4.219689620376864,1.9594881498649326
WT,outputs/Tau5_joint_refinement/WT/pool_1/conformer_168.pdb,2.864696415451762,3.2714923731577255,2.1075062749642908,1.6761378823724054
WT,outputs/Tau5_joint_refinement/WT/pool_1/conformer_169.pdb,2.749217690894265,3.2153506270306704,0.5589622006555435,2.1796043324905865
WT,outputs/Tau5_joint_refinement/WT/pool_1/conformer_170.pdb,5.043619014003889,3.2484262039534237,3.9709756981402062,2.4943475640126143
WT,outputs/Tau5_joint_refinement/WT/pool_1/conformer_171.pdb,3.6327872977008804,3.9615401950148197,2.7439425109277953,2.1741150659337887
WT,outputs/Tau5_joint_refinement/WT/pool_1/conformer_172.pdb,2.3494742920364446,3.1919396525283243,0.755294600105021,2.0239086441344867
WT,outputs/Tau5_joint_refinement/WT/pool_1/conformer_173.pdb,3.727555045315398,3.2204740812820907,2.516623142298959,1.9779964750143024
WT,outputs/Tau5_joint_refinement/WT/pool_1/conformer_174.pdb,5.555067931439594,4.615053241565327,4.5139348000738675,2.1073697407264502
WT,outputs/Tau5_joint_refinement/WT/pool_1/conformer_175.pdb,2.6935504937105677,2.806456613163306,0.750987875817071,2.068971615720758
WT,outputs/Tau5_joint_refinement/WT/pool_1/conformer_176.pdb,2.028475165043301,2.8559695219774124,0.6053222542946003,2.1321097627082826
WT,outputs/Tau5_joint_refinement/WT/pool_1/conformer_177.pdb,2.0385385937213987,3.7455884266596997,1.135658420533076,2.367498597673092
WT,outputs/Tau5_joint_refinement/WT/pool_1/conformer_178.pdb,2.1280522151463686,2.5917776931380354,1.5030911545862997,1.5347672718162817
WT,outputs/Tau5_joint_refinement/WT/pool_1/conformer_179.pdb,9.105221692500258,2.433322721729716,6.916504634089195,1.6812751684207858
WT,outputs/Tau5_joint_refinement/WT/pool_1/conformer_180.pdb,5.2181086050544145,3.5466968224045963,4.351938551660255,2.2712202347101353
WT,outputs/Tau5_joint_refinement/WT/pool_1/conformer_181.pdb,7.589966089228169,4.315290954868609,6.627137447366608,2.138379719813507
WT,outputs/Tau5_joint_refinement/WT/pool_1/conformer_182.pdb,1.6375285482762272,2.4812553284306067,1.095315253760817,1.8985346186529894
WT,outputs/Tau5_joint_refinement/WT/pool_1/conformer_183.pdb,1.374379178342698,4.537789801825563,0.6734938646124109,2.508802091797986
WT,outputs/Tau5_joint_refinement/WT/pool_1/conformer_184.pdb,8.556579359026806,1.8982575509381625,6.887709197833583,1.1526795604676514
WT,outputs/Tau5_joint_refinement/WT/pool_1/conformer_185.pdb,2.575090204170557,2.5104990219447245,1.8910604212928552,1.4093032005139823
WT,outputs/Tau5_joint_refinement/WT/pool_1/conformer_186.pdb,3.86373366920115,2.7034378305391593,2.6374251192239955,2.037241023683208
WT,outputs/Tau5_joint_refinement/WT/pool_1/conformer_187.pdb,2.110228964320837,2.889660935166938,0.8122016208059663,2.3285281144237855
WT,outputs/Tau5_joint_refinement/WT/pool_1/conformer_188.pdb,1.2072031169613502,4.764855322707576,0.4981808986990352,2.5007164279144485
WT,outputs/Tau5_joint_refinement/WT/pool_1/conformer_189.pdb,2.004433537453362,2.996628071920889,0.9314610024624866,2.07667014096716
WT,outputs/Tau5_joint_refinement/WT/pool_1/conformer_190.pdb,2.1122745703271275,2.2075819947301945,1.363131073288678,1.7571058211888855
WT,outputs/Tau5_joint_refinement/WT/pool_1/conformer_191.pdb,2.4945043185305207,3.0359077058556325,0.6726708818402544,1.9317090377671269
WT,outputs/Tau5_joint_refinement/WT/pool_1/conformer_192.pdb,1.131642029532605,3.4398244368158206,0.6010496796137466,2.085475353650193
WT,outputs/Tau5_joint_refinement/WT/pool_1/conformer_193.pdb,1.9027492504237533,3.3426435246063937,1.1107402342677963,2.126804520772674
WT,outputs/Tau5_joint_refinement/WT/pool_1/conformer_194.pdb,4.772907375774613,3.651215646136267,1.421013571465471,2.455347622701674
WT,outputs/Tau5_joint_refinement/WT/pool_1/conformer_195.pdb,1.3015518997995497,4.1312045781970985,0.7082676685896876,2.51435988337616
WT,outputs/Tau5_joint_refinement/WT/pool_1/conformer_196.pdb,3.89192985232707,3.0657987142830017,3.1692279870915803,1.6004340003641773
WT,outputs/Tau5_joint_refinement/WT/pool_1/conformer_197.pdb,4.876033874762822,4.825733889626271,4.2092768164899255,1.8976041648519977
WT,outputs/Tau5_joint_refinement/WT/pool_1/conformer_198.pdb,5.1057353209885825,3.548814817620161,4.504386023319711,1.5620555844963144
WT,outputs/Tau5_joint_refinement/WT/pool_1/conformer_199.pdb,1.3673635756280413,3.4650530553160164,0.6248438723187231,2.0405023593104232
WT,outputs/Tau5_joint_refinement/WT/pool_1/conformer_200.pdb,10.822305608428263,4.272365310452715,9.59092438446254,2.1362309721107775
WT,outputs/Tau5_joint_refinement/WT/pool_1/conformer_201.pdb,5.37961008717511,3.502274744922438,4.536850994044448,2.5651949859862166
WT,outputs/Tau5_joint_refinement/WT/pool_1/conformer_202.pdb,5.681662984547028,3.2627855103798113,4.691244886934854,1.2959585850745061
WT,outputs/Tau5_joint_refinement/WT/pool_1/conformer_203.pdb,6.881805293401322,3.2263519555338473,5.045821230979141,2.2487821411059117
WT,outputs/Tau5_joint_refinement/WT/pool_1/conformer_204.pdb,4.538342317076346,4.395027817307841,3.177295496745914,2.0835933245305
WT,outputs/Tau5_joint_refinement/WT/pool_1/conformer_205.pdb,2.2591515594064657,3.7508395307665605,0.7738307394650352,1.5826711127415276
WT,outputs/Tau5_joint_refinement/WT/pool_1/conformer_206.pdb,4.350522973102351,2.718382714456183,3.638296965822363,1.590246213470703
WT,outputs/Tau5_joint_refinement/WT/pool_1/conformer_207.pdb,1.1805948091701435,3.225776847214266,0.5855801539188644,1.7384079744435872
WT,outputs/Tau5_joint_refinement/WT/pool_1/conformer_208.pdb,5.097853014332129,5.497451885615141,3.901865947392955,2.492048754501377
WT,outputs/Tau5_joint_refinement/WT/pool_1/conformer_209.pdb,9.794104403278892,2.782793044739279,7.404655239460418,2.5832750208667896
WT,outputs/Tau5_joint_refinement/WT/pool_1/conformer_210.pdb,8.9712109550514,2.64716160877211,7.11716561090997,2.172437568078829
WT,outputs/Tau5_joint_refinement/WT/pool_1/conformer_211.pdb,3.9539413029854242,2.5207458733938144,3.1773106395888258,1.835231286923235
WT,outputs/Tau5_joint_refinement/WT/pool_1/conformer_212.pdb,2.301521630083996,4.9126711138827295,1.6266634852769508,2.5992178490446105
WT,outputs/Tau5_joint_refinement/WT/pool_1/conformer_213.pdb,4.65526366870433,4.2773543289157665,4.018798477203151,1.6430467300176474
WT,outputs/Tau5_joint_refinement/WT/pool_1/conformer_214.pdb,1.3299567494383389,2.973372590712322,0.7509649510978521,1.897331882657754
WT,outputs/Tau5_joint_refinement/WT/pool_1/conformer_215.pdb,4.555667547534874,4.306476740298414,3.4070623484073073,2.1590552918639885
WT,outputs/Tau5_joint_refinement/WT/pool_1/conformer_216.pdb,7.807712909590295,3.537376951821964,7.119763603682013,2.16356116889782
WT,outputs/Tau5_joint_refinement/WT/pool_1/conformer_217.pdb,3.738521214613134,2.6131693997959373,1.703982674698396,1.5597049489566113
WT,outputs/Tau5_joint_refinement/WT/pool_1/conformer_218.pdb,1.4517011004005154,3.593560147468567,0.7743430494298716,1.6551593659927573
WT,outputs/Tau5_joint_refinement/WT/pool_1/conformer_219.pdb,2.290313931104451,3.3896365650824207,1.6693617165481496,2.003012967606359
WT,outputs/Tau5_joint_refinement/WT/pool_1/conformer_220.pdb,2.852600237723986,3.598709164796108,1.9158195705184584,1.4051162980216971
WT,outputs/Tau5_joint_refinement/WT/pool_1/conformer_221.pdb,2.1859890295198343,2.6180440200572717,0.6953736854041378,1.882990721398226
WT,outputs/Tau5_joint_refinement/WT/pool_1/conformer_222.pdb,8.397435139671504,2.753484039065452,7.7644507011554476,2.2061471321092867
WT,outputs/Tau5_joint_refinement/WT/pool_1/conformer_223.pdb,3.8653377933283712,2.698019317420137,2.945834714198813,1.6205695879714355
WT,outputs/Tau5_joint_refinement/WT/pool_1/conformer_224.pdb,1.8744962599268293,2.930783521942601,1.164013305592517,1.5519704432018242
WT,outputs/Tau5_joint_refinement/WT/pool_1/conformer_225.pdb,4.506192783193693,3.2132510741116795,3.2603188755848014,2.0130615274003647
WT,outputs/Tau5_joint_refinement/WT/pool_1/conformer_226.pdb,2.9322340068673443,3.439553600683121,1.4463439625465841,1.9413330978664662
WT,outputs/Tau5_joint_refinement/WT/pool_1/conformer_227.pdb,1.7585955188677116,3.275266296147515,0.9256826024161132,2.331706940974224
WT,outputs/Tau5_joint_refinement/WT/pool_1/conformer_228.pdb,6.674372810903551,4.110808029567623,5.747375420572821,2.4052573974672216
WT,outputs/Tau5_joint_refinement/WT/pool_1/conformer_229.pdb,6.9989325002354805,2.893463519381276,6.368960842954492,1.6699064799816086
WT,outputs/Tau5_joint_refinement/WT/pool_1/conformer_230.pdb,3.8944100491109612,4.462738560686887,2.2187209578225655,1.8570091168645309
WT,outputs/Tau5_joint_refinement/WT/pool_1/conformer_231.pdb,6.8617958038898825,3.6766056966116105,3.7942281995427716,2.133546842332723
WT,outputs/Tau5_joint_refinement/WT/pool_1/conformer_232.pdb,2.7598497377079263,3.7866002407655834,0.624983369712615,1.9422408534374616
WT,outputs/Tau5_joint_refinement/WT/pool_1/conformer_233.pdb,3.678169018057526,2.911795815452162,2.9234294553727644,2.1503802693721346
WT,outputs/Tau5_joint_refinement/WT/pool_1/conformer_234.pdb,1.9017683372895657,3.0383566180984025,0.8221277091572504,1.5550835448952427
WT,outputs/Tau5_joint_refinement/WT/pool_1/conformer_235.pdb,3.0820703577410606,2.3364157025437606,2.3443620655682507,1.6935216695991184
WT,outputs/Tau5_joint_refinement/WT/pool_1/conformer_236.pdb,2.1384174418698882,2.7230305078277066,1.3742690088810028,2.1123804080099142
WT,outputs/Tau5_joint_refinement/WT/pool_1/conformer_237.pdb,9.383996838376913,3.5441536561844824,8.796293223325563,1.6358999076182918
WT,outputs/Tau5_joint_refinement/WT/pool_1/conformer_238.pdb,1.322945757482772,2.911933442802651,0.6733242665575766,1.8657482526826583
WT,outputs/Tau5_joint_refinement/WT/pool_1/conformer_239.pdb,3.136480173683675,3.3760455645588934,2.3319789553948778,1.3658677175375455
WT,outputs/Tau5_joint_refinement/WT/pool_1/conformer_240.pdb,1.6061326803847842,3.890852598622523,1.0428776824162638,1.7248581767591895
WT,outputs/Tau5_joint_refinement/WT/pool_1/conformer_241.pdb,4.587611274359393,2.3037989313931444,3.670132217398061,1.4865943519205196
WT,outputs/Tau5_joint_refinement/WT/pool_1/conformer_242.pdb,5.294676651950787,2.8719399827709133,4.355490938828146,1.6298744351941232
WT,outputs/Tau5_joint_refinement/WT/pool_1/conformer_243.pdb,2.450697648362914,3.594094846692106,1.3124504120290168,2.048969026790189
WT,outputs/Tau5_joint_refinement/WT/pool_1/conformer_244.pdb,2.174956278061766,2.426299193446993,1.4632475832845364,1.6380116736002723
WT,outputs/Tau5_joint_refinement/WT/pool_1/conformer_245.pdb,2.123290664440597,2.9956276466258562,1.2698531662465375,2.028933843793443
WT,outputs/Tau5_joint_refinement/WT/pool_1/conformer_246.pdb,0.9914543527610398,3.3456475676618105,0.49912489682274647,1.4962390163932016
WT,outputs/Tau5_joint_refinement/WT/pool_1/conformer_247.pdb,1.3052290767606727,3.5748252654172172,0.6102891210795138,1.4595029769936463
WT,outputs/Tau5_joint_refinement/WT/pool_1/conformer_248.pdb,1.3335993127717247,2.156797738640198,0.6185892761961587,1.9739970844813366
WT,outputs/Tau5_joint_refinement/WT/pool_1/conformer_249.pdb,1.9061071528382987,3.1359648064417067,1.1423884654807148,1.7879624163954349
WT,outputs/Tau5_joint_refinement/WT/pool_1/conformer_250.pdb,4.441017856221739,3.3313567273798568,3.4861776529313797,1.8030780414454417
WT,outputs/Tau5_joint_refinement/WT/pool_3/conformer_1.pdb,3.5019588492877562,2.639579558315901,2.412115040333748,1.9897303227098313
WT,outputs/Tau5_joint_refinement/WT/pool_3/conformer_2.pdb,5.368973303293286,3.745366390542712,4.693433891528309,1.5859675599915855
WT,outputs/Tau5_joint_refinement/WT/pool_3/conformer_3.pdb,2.1540113206368554,3.1978314940917167,1.24888177701453,2.4735519090812796
WT,outputs/Tau5_joint_refinement/WT/pool_3/conformer_4.pdb,6.967070148522701,3.561902581654045,6.096652554302251,2.256891403306097
WT,outputs/Tau5_joint_refinement/WT/pool_3/conformer_5.pdb,3.6473176564384686,2.2557204394149655,2.7091796507934656,1.6277010071909972
WT,outputs/Tau5_joint_refinement/WT/pool_3/conformer_6.pdb,3.7502223043097076,2.292761395830001,2.84573259563112,1.8037423071879741
WT,outputs/Tau5_joint_refinement/WT/pool_3/conformer_7.pdb,2.354235069261913,3.306395332555132,1.7343017566237806,2.4379333469644062
WT,outputs/Tau5_joint_refinement/WT/pool_3/conformer_8.pdb,2.7231018108206895,3.7003640689515267,1.557392708299231,2.0093437874182585
WT,outputs/Tau5_joint_refinement/WT/pool_3/conformer_9.pdb,14.601638696565688,4.0240864434346735,10.718081944977198,2.1408388885210288
WT,outputs/Tau5_joint_refinement/WT/pool_3/conformer_10.pdb,1.4755097520792815,3.599799136774663,0.5891148106821109,1.9452428581878909
WT,outputs/Tau5_joint_refinement/WT/pool_3/conformer_11.pdb,4.360456642723243,2.7779744066201917,3.5342394963228716,1.3329373555079571
WT,outputs/Tau5_joint_refinement/WT/pool_3/conformer_12.pdb,1.9779700854443505,3.1330635050190003,0.6165890713014872,1.8976558728629447
WT,outputs/Tau5_joint_refinement/WT/pool_3/conformer_13.pdb,6.64620625719228,3.1005402320093083,5.872726984802406,1.8601259010794695
WT,outputs/Tau5_joint_refinement/WT/pool_3/conformer_14.pdb,4.184098162856315,2.412395335594606,3.1336610019321656,2.447829984192423
WT,outputs/Tau5_joint_refinement/WT/pool_3/conformer_15.pdb,2.594256386691509,4.608039930419772,1.7233755514594822,1.8941105556862274
WT,outputs/Tau5_joint_refinement/WT/pool_3/conformer_16.pdb,1.7692379297814553,4.750619038132981,0.5488487321073231,2.6932673915390963
WT,outputs/Tau5_joint_refinement/WT/pool_3/conformer_17.pdb,1.9777287694061565,4.5290761202772885,1.3236758272605142,2.1662713712469013
WT,outputs/Tau5_joint_refinement/WT/pool_3/conformer_18.pdb,3.8016166529004543,2.4070814253835264,1.0692040848754836,1.741781962325516
WT,outputs/Tau5_joint_refinement/WT/pool_3/conformer_19.pdb,1.4329505617257232,4.292627513751937,0.6655900878484198,2.5473749981717626
WT,outputs/Tau5_joint_refinement/WT/pool_3/conformer_20.pdb,1.5359656747717945,3.806156551557475,0.8376127136878742,1.954756990138227
WT,outputs/Tau5_joint_refinement/WT/pool_3/conformer_21.pdb,5.002708317196124,4.6988549958431065,4.275943693879203,2.374745959338953
WT,outputs/Tau5_joint_refinement/WT/pool_3/conformer_22.pdb,4.857046940077966,4.9728974457980035,4.063573916554932,2.398289317397424
WT,outputs/Tau5_joint_refinement/WT/pool_3/conformer_23.pdb,4.932957298969493,4.100555693770358,4.406315900029671,1.3833124506197223
WT,outputs/Tau5_joint_refinement/WT/pool_3/conformer_24.pdb,4.976735863178754,2.5478848122466373,4.16254886347441,1.7773992606377333
WT,outputs/Tau5_joint_refinement/WT/pool_3/conformer_25.pdb,2.145632708736404,4.395844724052383,1.0060729780029798,2.4827616619344073
WT,outputs/Tau5_joint_refinement/WT/pool_3/conformer_26.pdb,1.881550650340106,2.7173449556680223,1.1161986104430242,1.7587773998897311
WT,outputs/Tau5_joint_refinement/WT/pool_3/conformer_27.pdb,3.503773436503319,3.3791423064527817,0.7179128338351257,1.8165429320724849
WT,outputs/Tau5_joint_refinement/WT/pool_3/conformer_28.pdb,2.682360440128176,2.6757712794282686,0.9878954043392879,1.8934393135771788
WT,outputs/Tau5_joint_refinement/WT/pool_3/conformer_29.pdb,2.147842406214284,2.776092392195843,1.3116214680508178,2.3020936373867498
WT,outputs/Tau5_joint_refinement/WT/pool_3/conformer_30.pdb,10.128964009595338,3.2877688362684796,8.489281095712125,1.9163597425068428
WT,outputs/Tau5_joint_refinement/WT/pool_3/conformer_31.pdb,2.8987217729117165,2.6787618456101185,1.5272284228801873,1.93453804987625
WT,outputs/Tau5_joint_refinement/WT/pool_3/conformer_32.pdb,1.5932909142546494,2.9519471843342,0.6234579494250909,2.520310516712911
WT,outputs/Tau5_joint_refinement/WT/pool_3/conformer_33.pdb,2.7637633277653197,4.120254489913552,1.8291337666538308,1.63510596103841
WT,outputs/Tau5_joint_refinement/WT/pool_3/conformer_34.pdb,1.4313811519738473,4.041288985314415,0.7781326688411186,1.6963142545665104
WT,outputs/Tau5_joint_refinement/WT/pool_3/conformer_35.pdb,6.801052934870091,2.7751350108821033,5.329383969259169,1.790058510639102
WT,outputs/Tau5_joint_refinement/WT/pool_3/conformer_36.pdb,5.212221939443663,5.129458203963962,2.5626442749099927,2.489341128370966
WT,outputs/Tau5_joint_refinement/WT/pool_3/conformer_37.pdb,2.8982302235516038,3.140272283186382,1.727267348013583,2.178274364285481
WT,outputs/Tau5_joint_refinement/WT/pool_3/conformer_38.pdb,5.4452051113710205,4.290060372714517,2.925506381319272,2.310529726087489
WT,outputs/Tau5_joint_refinement/WT/pool_3/conformer_39.pdb,7.958549412924767,3.4771277356588723,7.011380221356313,1.7075746690270777
WT,outputs/Tau5_joint_refinement/WT/pool_3/conformer_40.pdb,5.742825099342042,5.108498445462051,4.45418343443853,1.7268947907850927
WT,outputs/Tau5_joint_refinement/WT/pool_3/conformer_41.pdb,3.38803841203218,4.224394088154586,2.2470386747089575,1.9353128167606684
WT,outputs/Tau5_joint_refinement/WT/pool_3/conformer_42.pdb,2.1086135916283433,3.1925426167288453,0.5063676161741595,2.2821261467264917
WT,outputs/Tau5_joint_refinement/WT/pool_3/conformer_43.pdb,7.602848876413156,3.011461726202401,6.465702814010306,1.813135785616254
WT,outputs/Tau5_joint_refinement/WT/pool_3/conformer_44.pdb,1.6813484463430304,4.299836140011778,0.657484324015813,2.4786506015317795
WT,outputs/Tau5_joint_refinement/WT/pool_3/conformer_45.pdb,1.6530997516918586,3.9687763824487936,0.7401323416601929,2.152918182328882
WT,outputs/Tau5_joint_refinement/WT/pool_3/conformer_46.pdb,3.2712818606957637,2.4886175592037203,2.397172122049641,1.7443267778370726
WT,outputs/Tau5_joint_refinement/WT/pool_3/conformer_47.pdb,1.553028336817661,3.149806960204841,0.6430478498089148,2.287554432444545
WT,outputs/Tau5_joint_refinement/WT/pool_3/conformer_48.pdb,5.000657336679162,2.7311390525352848,2.8778399824863325,1.8437875615016883
WT,outputs/Tau5_joint_refinement/WT/pool_3/conformer_49.pdb,4.5622323986008375,2.4767934624039496,3.840443135620384,2.1540690585372846
WT,outputs/Tau5_joint_refinement/WT/pool_3/conformer_50.pdb,5.118952027069792,3.1698969848278717,4.0232984992247784,1.899965946910534
WT,outputs/Tau5_joint_refinement/WT/pool_3/conformer_51.pdb,2.520721891213029,3.230087243193866,1.2619945255845053,1.7803801666560057
WT,outputs/Tau5_joint_refinement/WT/pool_3/conformer_52.pdb,8.071118776960759,2.074685076206681,7.077920546832116,1.4909521310092746
WT,outputs/Tau5_joint_refinement/WT/pool_3/conformer_53.pdb,3.3695791233981223,3.620715015762598,2.751355271058567,1.9727057484387958
WT,outputs/Tau5_joint_refinement/WT/pool_3/conformer_54.pdb,1.6042260822990915,3.2985352893685587,0.6543864277961542,1.6209548890634886
WT,outputs/Tau5_joint_refinement/WT/pool_3/conformer_55.pdb,3.4824550997686927,4.758238353595705,1.054758795513468,2.2041795978661165
WT,outputs/Tau5_joint_refinement/WT/pool_3/conformer_56.pdb,5.84165305904403,3.382460134742393,1.1232043552925288,1.824180299046104
WT,outputs/Tau5_joint_refinement/WT/pool_3/conformer_57.pdb,1.29967121431297,2.939731881327927,0.68625714669454,2.175833332686459
WT,outputs/Tau5_joint_refinement/WT/pool_3/conformer_58.pdb,6.653909639019209,2.8622456927857947,4.159813970398261,1.3826081396818626
WT,outputs/Tau5_joint_refinement/WT/pool_3/conformer_59.pdb,4.034445801386838,2.481540662932086,2.1871550070985264,1.5593315758084096
WT,outputs/Tau5_joint_refinement/WT/pool_3/conformer_60.pdb,7.210494542404972,3.0468356297136148,6.550963371172996,1.7220124080446753
WT,outputs/Tau5_joint_refinement/WT/pool_3/conformer_61.pdb,1.7870607360299873,3.8131314703941714,1.1397274767061334,1.53276109581159
WT,outputs/Tau5_joint_refinement/WT/pool_3/conformer_62.pdb,1.841041956412291,4.630294566754996,1.027095149332219,2.232628123251764
WT,outputs/Tau5_joint_refinement/WT/pool_3/conformer_63.pdb,12.04414141772402,3.619261837225736,5.773728722157955,2.498311788420093
WT,outputs/Tau5_joint_refinement/WT/pool_3/conformer_64.pdb,5.92632882723991,2.9402076392387997,2.1373709922815713,1.4842089998242964
WT,outputs/Tau5_joint_refinement/WT/pool_3/conformer_65.pdb,2.530649018862162,3.0514108192886007,1.5912620090156595,2.2108889636556057
WT,outputs/Tau5_joint_refinement/WT/pool_3/conformer_66.pdb,6.004100921003213,3.067764206402559,5.113007038650806,1.9044687345186133
WT,outputs/Tau5_joint_refinement/WT/pool_3/conformer_67.pdb,4.69698204796719,3.0268285248126374,2.5395503778094732,1.9463731865760465
WT,outputs/Tau5_joint_refinement/WT/pool_3/conformer_68.pdb,7.8304677759858805,3.2771615619043883,6.183432892924827,2.184718588940809
WT,outputs/Tau5_joint_refinement/WT/pool_3/conformer_69.pdb,7.237459671326119,2.505345239989946,6.636320471635102,1.5610919489553179
WT,outputs/Tau5_joint_refinement/WT/pool_3/conformer_70.pdb,4.495191306768937,4.3983021329585235,1.2002990389026877,1.878336203047922
WT,outputs/Tau5_joint_refinement/WT/pool_3/conformer_71.pdb,1.353058222546514,3.692712690435041,0.49435759735037715,1.9133353266716058
WT,outputs/Tau5_joint_refinement/WT/pool_3/conformer_72.pdb,7.65437567949392,2.9337914533618012,7.046402141724503,1.5383073686024378
WT,outputs/Tau5_joint_refinement/WT/pool_3/conformer_73.pdb,2.8159596225563908,2.567972600123707,1.811449346304238,1.955863300854501
WT,outputs/Tau5_joint_refinement/WT/pool_3/conformer_74.pdb,3.079166140715294,3.3762026423216134,2.2465261796311062,2.520636535979487
WT,outputs/Tau5_joint_refinement/WT/pool_3/conformer_75.pdb,6.712394178982685,2.0425777413377277,6.019959121255761,1.6524325275193013
WT,outputs/Tau5_joint_refinement/WT/pool_3/conformer_76.pdb,1.8726968187673443,2.2868147382027058,0.6538970608970067,1.7592610599002576
WT,outputs/Tau5_joint_refinement/WT/pool_3/conformer_77.pdb,6.412391128677915,3.045112621446204,5.031393059637411,1.641547702180221
WT,outputs/Tau5_joint_refinement/WT/pool_3/conformer_78.pdb,1.715636627618224,3.840635278457451,1.1321096606280079,1.9854247725668988
WT,outputs/Tau5_joint_refinement/WT/pool_3/conformer_79.pdb,7.7496018745121305,2.35872935331466,4.963967325535433,1.9381691079966687
WT,outputs/Tau5_joint_refinement/WT/pool_3/conformer_80.pdb,1.439947822882173,3.355340247095955,0.5649625035018366,1.3784923870741186
WT,outputs/Tau5_joint_refinement/WT/pool_3/conformer_81.pdb,8.67869444086486,3.993144096467354,2.6458766867119463,1.9148266647505046
WT,outputs/Tau5_joint_refinement/WT/pool_3/conformer_82.pdb,9.004182434274203,4.322424076620182,6.720890749573937,2.343339654229855
WT,outputs/Tau5_joint_refinement/WT/pool_3/conformer_83.pdb,1.7220976290261594,3.5432001087102862,0.8804376900385549,1.4912800579920582
WT,outputs/Tau5_joint_refinement/WT/pool_3/conformer_84.pdb,1.4709161857165913,2.367039234978977,0.5532898704032839,1.9139577595457156
WT,outputs/Tau5_joint_refinement/WT/pool_3/conformer_85.pdb,2.988816797462468,3.0601748902974393,2.317899753940006,2.1209990679737847
WT,outputs/Tau5_joint_refinement/WT/pool_3/conformer_86.pdb,6.232588454742661,3.667720614538181,3.553918713773135,1.538673538926998
WT,outputs/Tau5_joint_refinement/WT/pool_3/conformer_87.pdb,2.7807802704316384,3.9285815988264137,1.5544716416524502,2.305653841806399
WT,outputs/Tau5_joint_refinement/WT/pool_3/conformer_88.pdb,10.922698065900887,3.8147691456453896,9.88343975680839,1.6686796100064876
WT,outputs/Tau5_joint_refinement/WT/pool_3/conformer_89.pdb,4.582441781213396,2.9148233393359364,2.375545025830282,1.5634998489884766
WT,outputs/Tau5_joint_refinement/WT/pool_3/conformer_90.pdb,4.436895423098842,3.3397320055795436,3.8042697765874367,1.6454715056750513
WT,outputs/Tau5_joint_refinement/WT/pool_3/conformer_91.pdb,3.9118611708595394,2.9145998155868242,2.5737412904562516,1.9567968114280345
WT,outputs/Tau5_joint_refinement/WT/pool_3/conformer_92.pdb,6.9611241579409775,3.5435581235098095,6.138159839123864,1.9599156012958328
WT,outputs/Tau5_joint_refinement/WT/pool_3/conformer_93.pdb,8.93958886361618,2.634642795927493,8.15469548378092,1.7437725647934719
WT,outputs/Tau5_joint_refinement/WT/pool_3/conformer_94.pdb,6.296722747462694,2.3889937853420165,5.172543654890569,1.3693990170981345
WT,outputs/Tau5_joint_refinement/WT/pool_3/conformer_95.pdb,1.7854001251283547,3.11475137059436,0.6013355079160287,2.2040674111641856
WT,outputs/Tau5_joint_refinement/WT/pool_3/conformer_96.pdb,12.977115403845577,4.519852370823432,11.348651178802902,2.144172218329458
WT,outputs/Tau5_joint_refinement/WT/pool_3/conformer_97.pdb,2.4425734452697863,2.211448429077837,1.364791457428608,2.0274556979655585
WT,outputs/Tau5_joint_refinement/WT/pool_3/conformer_98.pdb,1.3939420749609346,3.7143431116687897,0.8186692724505191,2.1622234732570016
WT,outputs/Tau5_joint_refinement/WT/pool_3/conformer_99.pdb,1.9313976678749032,3.7676326565780265,1.169168731311261,1.7109169284076857
WT,outputs/Tau5_joint_refinement/WT/pool_3/conformer_100.pdb,2.2654491768642435,3.127660817713966,1.0706443229019258,1.4300153198179042
WT,outputs/Tau5_joint_refinement/WT/pool_3/conformer_101.pdb,6.429248954750833,3.930868911169111,5.590593912510209,2.181406915879448
WT,outputs/Tau5_joint_refinement/WT/pool_3/conformer_102.pdb,2.4812838489418536,2.6706338029818255,0.9154109131252472,1.8615177770979063
WT,outputs/Tau5_joint_refinement/WT/pool_3/conformer_103.pdb,3.857890085980489,3.853235206431697,2.1631238773467807,2.323698800770617
WT,outputs/Tau5_joint_refinement/WT/pool_3/conformer_104.pdb,3.4001781325190783,5.0267109019428515,2.690393534623059,2.479429081566918
WT,outputs/Tau5_joint_refinement/WT/pool_3/conformer_105.pdb,9.369675875760354,3.7051747962712382,7.246970070271593,1.7894988731760115
WT,outputs/Tau5_joint_refinement/WT/pool_3/conformer_106.pdb,6.639859696747547,3.5749267112832577,4.695767348938949,1.793776569181205
WT,outputs/Tau5_joint_refinement/WT/pool_3/conformer_107.pdb,4.122019146735734,4.006046242386227,0.7813954186391038,1.585722752736404
WT,outputs/Tau5_joint_refinement/WT/pool_3/conformer_108.pdb,5.145994082976092,4.488866747282706,4.389923945552771,1.891956973998209
WT,outputs/Tau5_joint_refinement/WT/pool_3/conformer_109.pdb,1.9995812221806997,3.1432198073829176,0.5696523137403426,1.6640330032568267
WT,outputs/Tau5_joint_refinement/WT/pool_3/conformer_110.pdb,2.7313698230844454,4.156364782178201,0.5592378469566937,2.0884922233995162
WT,outputs/Tau5_joint_refinement/WT/pool_3/conformer_111.pdb,2.0369918892630428,3.932320879939345,1.3497220698976076,1.7538294494036935
WT,outputs/Tau5_joint_refinement/WT/pool_3/conformer_112.pdb,4.6770857404063095,4.673428960153497,3.5621206277328907,2.1305782861001683
WT,outputs/Tau5_joint_refinement/WT/pool_3/conformer_113.pdb,3.163266018046273,4.349343904506284,2.3472719528722052,2.0747576589942947
WT,outputs/Tau5_joint_refinement/WT/pool_3/conformer_114.pdb,3.0130258631052587,2.7822908419930137,2.2085494426481267,2.0923878878284916
WT,outputs/Tau5_joint_refinement/WT/pool_3/conformer_115.pdb,2.7287705102191175,3.2606214996189125,2.038289212214248,1.7347896268434682
WT,outputs/Tau5_joint_refinement/WT/pool_3/conformer_116.pdb,4.3006286949145345,2.275571962734192,3.6240400626882194,1.817817056411441
WT,outputs/Tau5_joint_refinement/WT/pool_3/conformer_117.pdb,4.680188054040313,3.2361388764753922,0.46429962599444696,2.3790037773991584
WT,outputs/Tau5_joint_refinement/WT/pool_3/conformer_118.pdb,4.16799242655637,2.7840248855745906,3.336327674703565,1.673298037573651
WT,outputs/Tau5_joint_refinement/WT/pool_3/conformer_119.pdb,2.4586756965326066,2.821509170810553,1.8554793805750447,1.7939850968082631
WT,outputs/Tau5_joint_refinement/WT/pool_3/conformer_120.pdb,7.299082627467889,2.0500114872610062,6.560781123982163,1.3727543264768716
WT,outputs/Tau5_joint_refinement/WT/pool_3/conformer_121.pdb,3.8464345774865336,2.4229417569589407,3.1389655711969477,1.617847114552253
WT,outputs/Tau5_joint_refinement/WT/pool_3/conformer_122.pdb,3.344693221816627,3.9288077303601283,0.6503434308544933,2.739533094947593
WT,outputs/Tau5_joint_refinement/WT/pool_3/conformer_123.pdb,8.522259116615801,3.179389494733794,5.0838406472509945,1.67279716884037
WT,outputs/Tau5_joint_refinement/WT/pool_3/conformer_124.pdb,11.493763358965309,3.366365694690991,10.537444141453596,1.8149715643741107
WT,outputs/Tau5_joint_refinement/WT/pool_3/conformer_125.pdb,5.068681298542709,2.9739625349942305,4.3527436896302465,2.152968721634408
WT,outputs/Tau5_joint_refinement/WT/pool_3/conformer_126.pdb,5.036923532546528,2.3528069033536836,2.8836332595612486,1.481025425749187
WT,outputs/Tau5_joint_refinement/WT/pool_3/conformer_127.pdb,6.937676087761143,3.3864135475420585,6.2148560475539165,1.672738972408741
WT,outputs/Tau5_joint_refinement/WT/pool_3/conformer_128.pdb,1.2016729900349732,2.2007060818058424,0.591098871973366,1.805945367873641
WT,outputs/Tau5_joint_refinement/WT/pool_3/conformer_129.pdb,2.4673651274455906,3.6882252285698374,1.6031418866843512,2.286977314901563
WT,outputs/Tau5_joint_refinement/WT/pool_3/conformer_130.pdb,2.5295491781745523,3.011427801172099,1.90915765357378,2.8216727060787172
WT,outputs/Tau5_joint_refinement/WT/pool_3/conformer_131.pdb,4.5111595079820095,3.467369295990017,3.4972317027436075,2.208266911345696
WT,outputs/Tau5_joint_refinement/WT/pool_3/conformer_132.pdb,7.251000875095404,3.487066444772402,4.080847913904188,2.623031222687697
WT,outputs/Tau5_joint_refinement/WT/pool_3/conformer_133.pdb,1.689460442821305,2.0664286603735427,0.7273557480678303,1.5288053378502906
WT,outputs/Tau5_joint_refinement/WT/pool_3/conformer_134.pdb,9.261300899913802,3.1787704185105783,7.516852444356147,2.0949049608080648
WT,outputs/Tau5_joint_refinement/WT/pool_3/conformer_135.pdb,3.806145259606137,4.308898576004114,3.26951561043957,2.07074366751718
WT,outputs/Tau5_joint_refinement/WT/pool_3/conformer_136.pdb,8.372868262274956,2.957362497423333,6.146046557365803,1.4503875733200415
WT,outputs/Tau5_joint_refinement/WT/pool_3/conformer_137.pdb,3.6821473464809134,3.082081527506343,2.673335002680856,2.1839113861504083
WT,outputs/Tau5_joint_refinement/WT/pool_3/conformer_138.pdb,3.7498144640826263,4.780446081916458,3.1378588334411517,2.222113262302495
WT,outputs/Tau5_joint_refinement/WT/pool_3/conformer_139.pdb,5.6976658071273025,3.8363732675139723,4.746232536956733,1.7028179639389343
WT,outputs/Tau5_joint_refinement/WT/pool_3/conformer_140.pdb,5.027991496199458,4.622830960514678,4.347060354252113,2.4490577841336267
WT,outputs/Tau5_joint_refinement/WT/pool_3/conformer_141.pdb,3.6286763767869634,2.957223862841588,2.181279031767287,1.2021590325549991
WT,outputs/Tau5_joint_refinement/WT/pool_3/conformer_142.pdb,6.73911532134105,4.019254337460944,4.389044002935446,1.7909784315471864
WT,outputs/Tau5_joint_refinement/WT/pool_3/conformer_143.pdb,2.742237294809474,2.9268061043690996,2.033032528984164,2.1075179373639
WT,outputs/Tau5_joint_refinement/WT/pool_3/conformer_144.pdb,7.81127051237308,2.7877345291267273,7.097967427097939,1.6645923405554794
WT,outputs/Tau5_joint_refinement/WT/pool_3/conformer_145.pdb,1.6274202731804095,3.6788598745107723,0.7533195813514233,1.963343884021042
WT,outputs/Tau5_joint_refinement/WT/pool_3/conformer_146.pdb,8.517793653473152,2.3402163771225895,7.825320489532138,2.0259625793478344
WT,outputs/Tau5_joint_refinement/WT/pool_3/conformer_147.pdb,2.971158936978548,4.43696126508264,1.7975790196100485,2.138210530497311
WT,outputs/Tau5_joint_refinement/WT/pool_3/conformer_148.pdb,1.6022474588293125,3.9066553294779145,0.7833483749524132,1.6821434406353248
WT,outputs/Tau5_joint_refinement/WT/pool_3/conformer_149.pdb,5.297939622521594,4.300139307309077,4.5050619779291035,2.270918496506256
WT,outputs/Tau5_joint_refinement/WT/pool_3/conformer_150.pdb,2.1499868002416336,3.3493809799070626,1.184560021408496,2.8102687913495554
WT,outputs/Tau5_joint_refinement/WT/pool_3/conformer_151.pdb,3.7119867952380297,2.611153762812789,3.0576841506041714,2.2928491161394327
WT,outputs/Tau5_joint_refinement/WT/pool_3/conformer_152.pdb,2.590359714824633,2.624843156747127,1.5801389944689652,1.5414507363650343
WT,outputs/Tau5_joint_refinement/WT/pool_3/conformer_153.pdb,7.355997516078039,3.285146287274337,5.0927495263013185,1.4927515244624863
WT,outputs/Tau5_joint_refinement/WT/pool_3/conformer_154.pdb,1.9576070849974136,3.4257220483864987,0.6371776383543675,2.233217328074023
WT,outputs/Tau5_joint_refinement/WT/pool_3/conformer_155.pdb,4.501740742387627,3.368539853169879,3.674013110287632,1.7771506534319546
WT,outputs/Tau5_joint_refinement/WT/pool_3/conformer_156.pdb,1.65631648616632,3.106257014053002,0.6123689156279656,1.4486241941423565
WT,outputs/Tau5_joint_refinement/WT/pool_3/conformer_157.pdb,2.372754260113663,2.9228884159218023,1.6241057390064386,1.6031112646595023
WT,outputs/Tau5_joint_refinement/WT/pool_3/conformer_158.pdb,2.155227428812326,3.0270676789200635,1.4708277336714208,1.9331179840543191
WT,outputs/Tau5_joint_refinement/WT/pool_3/conformer_159.pdb,6.10655381349735,2.9152801826754144,5.416311438771056,2.302358215199568
WT,outputs/Tau5_joint_refinement/WT/pool_3/conformer_160.pdb,4.582705355585168,2.5046978140834284,3.420261475377768,1.952878860466651
WT,outputs/Tau5_joint_refinement/WT/pool_3/conformer_161.pdb,2.564666169264771,2.6201904755715173,0.7228062080671179,1.5664991348777388
WT,outputs/Tau5_joint_refinement/WT/pool_3/conformer_162.pdb,1.7602499704193697,2.5523121150322265,0.9020865571653567,1.8356853244128384
WT,outputs/Tau5_joint_refinement/WT/pool_3/conformer_163.pdb,10.327920375720389,3.315764760372137,9.600370111531992,2.1443764536893046
WT,outputs/Tau5_joint_refinement/WT/pool_3/conformer_164.pdb,2.9501437400186643,3.598871079636274,2.1849863022675513,1.9682125836347526
WT,outputs/Tau5_joint_refinement/WT/pool_3/conformer_165.pdb,3.646815083902889,3.0224996537582514,1.9258524404365291,2.605424506951868
WT,outputs/Tau5_joint_refinement/WT/pool_3/conformer_166.pdb,3.982553288930982,3.6756890021968442,3.4162985020606804,1.5015842005025823
WT,outputs/Tau5_joint_refinement/WT/pool_3/conformer_167.pdb,1.3104406455327207,2.7656870289809747,0.5325813460364603,1.8526534831648998
WT,outputs/Tau5_joint_refinement/WT/pool_3/conformer_168.pdb,7.4077641943412935,2.6348323208164026,6.771212928745383,2.0475595349219384
WT,outputs/Tau5_joint_refinement/WT/pool_3/conformer_169.pdb,1.582856169048902,3.295275366481891,0.634922385721711,2.3189764025630217
WT,outputs/Tau5_joint_refinement/WT/pool_3/conformer_170.pdb,1.4455955436496764,2.4362093204744677,0.6447686747648249,1.8230545169188341
WT,outputs/Tau5_joint_refinement/WT/pool_3/conformer_171.pdb,2.3952412247412886,2.4910561467235475,1.7280433979071104,1.549833670353731
WT,outputs/Tau5_joint_refinement/WT/pool_3/conformer_172.pdb,1.7466914375965965,3.283408565575694,0.6956631180642731,1.612725642714929
WT,outputs/Tau5_joint_refinement/WT/pool_3/conformer_173.pdb,5.7924193302672276,2.5622299868133807,4.142043539683017,1.2758962554475886
WT,outputs/Tau5_joint_refinement/WT/pool_3/conformer_174.pdb,5.685198999091495,2.446480461703551,4.957731447271041,1.8019474629888106
WT,outputs/Tau5_joint_refinement/WT/pool_3/conformer_175.pdb,10.480650522327636,3.9848397304407746,7.855243743805672,2.430409549030864
WT,outputs/Tau5_joint_refinement/WT/pool_3/conformer_176.pdb,2.9613867930838675,3.666003885775847,2.0320009539372728,1.9741104288747928
WT,outputs/Tau5_joint_refinement/WT/pool_3/conformer_177.pdb,1.8310211190670327,2.942206815821766,0.6758832056710347,1.8308086081104298
WT,outputs/Tau5_joint_refinement/WT/pool_3/conformer_178.pdb,1.594570930791588,3.5805420110506474,0.8738898434721994,2.1704240136262274
WT,outputs/Tau5_joint_refinement/WT/pool_3/conformer_179.pdb,10.923226278520767,3.5592926413354355,9.393155519722011,1.9217525015606105
WT,outputs/Tau5_joint_refinement/WT/pool_3/conformer_180.pdb,2.3417283280807233,3.0865233797869616,1.20115668185411,1.596917076774018
WT,outputs/Tau5_joint_refinement/WT/pool_3/conformer_181.pdb,1.7878009988208277,4.1652919689209,0.9743250951318905,2.3354439707658874
WT,outputs/Tau5_joint_refinement/WT/pool_3/conformer_182.pdb,5.734308322173253,3.130971925178324,4.957485644288939,2.6370815164297214
WT,outputs/Tau5_joint_refinement/WT/pool_3/conformer_183.pdb,2.7232597811033465,1.992529293178996,1.4328509622587642,1.6508905421244295
WT,outputs/Tau5_joint_refinement/WT/pool_3/conformer_184.pdb,8.51158579818154,4.289507113566569,7.732251285682745,1.9113782461594517
WT,outputs/Tau5_joint_refinement/WT/pool_3/conformer_185.pdb,6.4245746108298185,3.14433376705711,5.5650675875758395,2.1441577666854417
WT,outputs/Tau5_joint_refinement/WT/pool_3/conformer_186.pdb,3.8799695071748603,3.1263147994628238,3.3518630840090453,1.6841892418773365
WT,outputs/Tau5_joint_refinement/WT/pool_3/conformer_187.pdb,5.720121276768548,4.420751752078392,3.12562005651968,2.488546014563678
WT,outputs/Tau5_joint_refinement/WT/pool_3/conformer_188.pdb,5.039837125815708,2.567882186562282,4.109160420948982,1.670808971305143
WT,outputs/Tau5_joint_refinement/WT/pool_3/conformer_189.pdb,1.338537248200573,3.73525466132117,0.6308482165135003,2.037367848456304
WT,outputs/Tau5_joint_refinement/WT/pool_3/conformer_190.pdb,1.554765786018158,3.8562783899731112,0.8540326131152627,2.209379615486765
WT,outputs/Tau5_joint_refinement/WT/pool_3/conformer_191.pdb,5.607334851144102,3.1014650112829742,3.4652180780319597,2.2965844291512614
WT,outputs/Tau5_joint_refinement/WT/pool_3/conformer_192.pdb,1.2859490763212469,3.030634845496599,0.7183597270291845,2.781808584467778
WT,outputs/Tau5_joint_refinement/WT/pool_3/conformer_193.pdb,2.2524860293091864,3.2539950022650577,1.2376659264005614,1.8995174481901858
WT,outputs/Tau5_joint_refinement/WT/pool_3/conformer_194.pdb,1.674036785918296,3.7069961183805136,0.9912404322243362,1.6712823936975518
WT,outputs/Tau5_joint_refinement/WT/pool_3/conformer_195.pdb,1.8327309703996633,3.6934134971735118,0.9976822245596357,2.5955350598333244
WT,outputs/Tau5_joint_refinement/WT/pool_3/conformer_196.pdb,7.9569135481569795,2.1201503614492703,3.8798432514215313,1.6319548328943245
WT,outputs/Tau5_joint_refinement/WT/pool_3/conformer_197.pdb,3.7101077359019876,4.056520286116024,2.6658817405368556,1.6101968810192537
WT,outputs/Tau5_joint_refinement/WT/pool_3/conformer_198.pdb,5.828981247075995,2.8557344634463613,4.929341360296389,1.5038899032901683
WT,outputs/Tau5_joint_refinement/WT/pool_3/conformer_199.pdb,2.364833978672567,3.667991012412028,0.5270773350694369,2.3567131080255694
WT,outputs/Tau5_joint_refinement/WT/pool_3/conformer_200.pdb,1.5110045531860616,2.752057521512693,0.8469545688943879,1.6879323688442296
WT,outputs/Tau5_joint_refinement/WT/pool_3/conformer_201.pdb,3.128347080397967,3.2183483045649104,0.6943512884196335,1.6686655468387404
WT,outputs/Tau5_joint_refinement/WT/pool_3/conformer_202.pdb,5.7100714723518315,4.1687732775312965,5.107715408621594,1.7318314070024179
WT,outputs/Tau5_joint_refinement/WT/pool_3/conformer_203.pdb,8.629961804319766,3.7127390893765644,4.812181924503236,2.810674072657742
WT,outputs/Tau5_joint_refinement/WT/pool_3/conformer_204.pdb,5.587994883335405,3.417698569077386,3.9611895206416143,1.9571014533184004
WT,outputs/Tau5_joint_refinement/WT/pool_3/conformer_205.pdb,8.014487826030805,4.439251818919474,3.5784304402389533,1.8618606648714098
WT,outputs/Tau5_joint_refinement/WT/pool_3/conformer_206.pdb,1.9870702547776575,3.1516324311331325,1.0728822824016644,1.8322853410256548
WT,outputs/Tau5_joint_refinement/WT/pool_3/conformer_207.pdb,4.977783503088962,4.403357408050671,4.139976778095051,1.6528114081513288
WT,outputs/Tau5_joint_refinement/WT/pool_3/conformer_208.pdb,4.5968438970832635,2.7245852630257734,3.7275792309263234,2.0532570531143692
WT,outputs/Tau5_joint_refinement/WT/pool_3/conformer_209.pdb,2.515383672771992,3.8383228736503523,1.811930135958108,2.7193069088240462
WT,outputs/Tau5_joint_refinement/WT/pool_3/conformer_210.pdb,1.6564461886829935,4.452847063741915,0.8309515509681062,2.2084813735068973
WT,outputs/Tau5_joint_refinement/WT/pool_3/conformer_211.pdb,1.3360343374840669,2.9847430655007576,0.7629758994988898,2.0529136312765006
WT,outputs/Tau5_joint_refinement/WT/pool_3/conformer_212.pdb,2.450157211893343,3.053344172571167,1.282269889487845,1.783497032202286
WT,outputs/Tau5_joint_refinement/WT/pool_3/conformer_213.pdb,3.6726892219488163,3.5583565269394377,1.9131315107047508,1.350457698916371
WT,outputs/Tau5_joint_refinement/WT/pool_3/conformer_214.pdb,8.721922237187504,4.905754524019541,6.685654866943534,2.3192454698692266
WT,outputs/Tau5_joint_refinement/WT/pool_3/conformer_215.pdb,1.3307312777689908,3.3259489863124445,0.6448924855241897,2.33708783405025
WT,outputs/Tau5_joint_refinement/WT/pool_3/conformer_216.pdb,4.872285238884868,3.8534453058510403,4.296146825093425,2.0642784369581006
WT,outputs/Tau5_joint_refinement/WT/pool_3/conformer_217.pdb,1.9773329939199082,2.9761164424276467,1.3692725898258566,2.07207964345797
WT,outputs/Tau5_joint_refinement/WT/pool_3/conformer_218.pdb,1.5453229152499564,5.291965147471868,0.9169285477063273,3.4805450698814067
WT,outputs/Tau5_joint_refinement/WT/pool_3/conformer_219.pdb,3.0737630568074272,3.6388175521959663,1.3986753188475538,2.1478507265436373
WT,outputs/Tau5_joint_refinement/WT/pool_3/conformer_220.pdb,7.503349716077408,3.9843115292880973,6.397423315414534,1.8006022420490504
WT,outputs/Tau5_joint_refinement/WT/pool_3/conformer_221.pdb,3.7222071771927263,4.137526911990607,3.063108998657948,2.740122780599709
WT,outputs/Tau5_joint_refinement/WT/pool_3/conformer_222.pdb,2.2541733710529375,3.6257055560321443,1.3558879621273552,1.8193172908194835
WT,outputs/Tau5_joint_refinement/WT/pool_3/conformer_223.pdb,8.275556280545816,2.947448428060631,7.561592508335973,1.9530280400798166
WT,outputs/Tau5_joint_refinement/WT/pool_3/conformer_224.pdb,7.556699492619769,2.4928824860089174,6.257674806493517,1.9629389284913086
WT,outputs/Tau5_joint_refinement/WT/pool_3/conformer_225.pdb,3.26392738765692,2.985796536513656,0.7460828569844518,1.5683509522172616
WT,outputs/Tau5_joint_refinement/WT/pool_3/conformer_226.pdb,1.5935856297884154,3.1237063862718304,0.8910707676500972,1.5855534839921008
WT,outputs/Tau5_joint_refinement/WT/pool_3/conformer_227.pdb,4.852708144143694,2.993154641742044,4.018991872885393,1.9614765799801401
WT,outputs/Tau5_joint_refinement/WT/pool_3/conformer_228.pdb,4.046275713709109,3.2198032558827343,1.5631499247686125,1.2867654678906593
WT,outputs/Tau5_joint_refinement/WT/pool_3/conformer_229.pdb,10.846740382389076,3.4851850906146087,10.109313856907107,1.2490498805188825
WT,outputs/Tau5_joint_refinement/WT/pool_3/conformer_230.pdb,1.9633643879895932,3.7032988082907243,0.6758637833472992,2.2228415378765907
WT,outputs/Tau5_joint_refinement/WT/pool_3/conformer_231.pdb,8.759831435139773,2.9455960653428357,8.019156365791392,1.6290225560761027
WT,outputs/Tau5_joint_refinement/WT/pool_3/conformer_232.pdb,2.1410366539950263,3.9918817298324534,1.3654751470710058,2.058663039950142
WT,outputs/Tau5_joint_refinement/WT/pool_3/conformer_233.pdb,5.910338661240902,3.14641169123897,5.253463393510956,1.985002644149366
WT,outputs/Tau5_joint_refinement/WT/pool_3/conformer_234.pdb,6.645496802662717,3.0307318945777952,4.706200041114025,1.9737744323864879
WT,outputs/Tau5_joint_refinement/WT/pool_3/conformer_235.pdb,5.2131114688985765,3.809367341067043,4.58241233758879,1.4709244507578805
WT,outputs/Tau5_joint_refinement/WT/pool_3/conformer_236.pdb,6.971131624360682,4.642039689218732,6.218707225121429,2.8416062077045754
WT,outputs/Tau5_joint_refinement/WT/pool_3/conformer_237.pdb,8.739798988285306,4.19393143139096,7.828764336127291,1.7763050860079768
WT,outputs/Tau5_joint_refinement/WT/pool_3/conformer_238.pdb,2.26457907828345,3.441127332431574,1.5801456409307058,2.280718701047273
WT,outputs/Tau5_joint_refinement/WT/pool_3/conformer_239.pdb,10.695908655059878,2.928188438258727,5.4732150094333765,1.602349856315542
WT,outputs/Tau5_joint_refinement/WT/pool_3/conformer_240.pdb,1.7635581025342755,2.3702188433522218,1.2140163371840358,2.0883108988636008
WT,outputs/Tau5_joint_refinement/WT/pool_3/conformer_241.pdb,4.969152059351134,3.7868493870857245,4.1851489205303425,2.147568204393593
WT,outputs/Tau5_joint_refinement/WT/pool_3/conformer_242.pdb,1.2546207840321477,3.3798517649876714,0.5864326983712661,2.374458466148634
WT,outputs/Tau5_joint_refinement/WT/pool_3/conformer_243.pdb,2.5013510148639546,2.720243680177027,0.5438502275296458,2.0145206084584237
WT,outputs/Tau5_joint_refinement/WT/pool_3/conformer_244.pdb,1.1707042065934585,3.240424782806689,0.4921948240937198,2.2963873781380917
WT,outputs/Tau5_joint_refinement/WT/pool_3/conformer_245.pdb,3.072504609980033,2.358140233140715,1.6574734939896067,1.946907911315657
WT,outputs/Tau5_joint_refinement/WT/pool_3/conformer_246.pdb,3.532814583283749,4.473020662141074,2.544056437005764,1.6739017936857394
WT,outputs/Tau5_joint_refinement/WT/pool_3/conformer_247.pdb,8.027492868234482,2.8867897636270543,6.613331213408728,1.8145303361819953
WT,outputs/Tau5_joint_refinement/WT/pool_3/conformer_248.pdb,1.6833774583647134,4.335586558707179,0.7489698252639536,2.1617030752942474
WT,outputs/Tau5_joint_refinement/WT/pool_3/conformer_249.pdb,3.6792943210936135,2.7149270692082035,2.4631448501959885,1.8004295795242569
WT,outputs/Tau5_joint_refinement/WT/pool_3/conformer_250.pdb,2.87056883212732,3.0027354458722995,2.2386467478332777,1.4948309813049117
WT,outputs/Tau5_joint_refinement/WT/pool_3/conformer_251.pdb,10.093739937555208,4.250246549893622,9.103370674941177,2.5364401577195945
WT,outputs/Tau5_joint_refinement/WT/pool_3/conformer_252.pdb,5.706463921308218,3.8109651603492565,4.985959556885115,2.0714395833197137
WT,outputs/Tau5_joint_refinement/WT/pool_3/conformer_253.pdb,2.0427282526071924,4.1881931487409245,1.102306486690783,2.1484383745207865
WT,outputs/Tau5_joint_refinement/WT/pool_3/conformer_254.pdb,7.5857404001543784,3.1196558366815035,7.032260887021388,1.9329385225252884
WT,outputs/Tau5_joint_refinement/WT/pool_3/conformer_255.pdb,1.8239741286391509,2.645053180461228,0.7926619056652537,2.123213107810859
WT,outputs/Tau5_joint_refinement/WT/pool_3/conformer_256.pdb,3.4453510613195535,3.7468052675529453,2.605264835186239,2.0590083885764807
WT,outputs/Tau5_joint_refinement/WT/pool_3/conformer_257.pdb,7.852538065505671,2.1376448198132225,6.719789856919665,1.9089032782819195
WT,outputs/Tau5_joint_refinement/WT/pool_3/conformer_258.pdb,4.813218841869212,3.4834830192824486,2.1137277702384,2.6894279078912415
WT,outputs/Tau5_joint_refinement/WT/pool_3/conformer_259.pdb,1.6016665326309982,4.649877285768096,0.8301711922769941,1.4801541112396945
WT,outputs/Tau5_joint_refinement/WT/pool_3/conformer_260.pdb,7.5039491257284086,4.063961670236066,5.0783350262333835,2.0566763911501833
WT,outputs/Tau5_joint_refinement/WT/pool_3/conformer_261.pdb,1.7024361521555489,2.817972830324773,0.5548339646771674,1.7505000446046022
WT,outputs/Tau5_joint_refinement/WT/pool_3/conformer_262.pdb,1.3910306163889572,2.8568347001624166,0.6436524364176909,1.19002559178664
WT,outputs/Tau5_joint_refinement/WT/pool_3/conformer_263.pdb,1.7066204256332649,2.966074784300372,0.7743637921979518,2.006339036828405
WT,outputs/Tau5_joint_refinement/WT/pool_3/conformer_264.pdb,7.403573740901142,3.785832401369208,5.44378604327617,2.49172430513101
WT,outputs/Tau5_joint_refinement/WT/pool_3/conformer_265.pdb,6.557998359544056,3.7898554369508752,5.611688756895313,1.798940176879274
WT,outputs/Tau5_joint_refinement/WT/pool_3/conformer_266.pdb,3.253316323417476,3.49216130022158,2.5017136655338,2.676056989879019
WT,outputs/Tau5_joint_refinement/WT/pool_3/conformer_267.pdb,1.7502898270464682,3.184912324300288,0.7729041093531507,1.740542026475642
WT,outputs/Tau5_joint_refinement/WT/pool_3/conformer_268.pdb,5.454131902209678,2.7585149553224286,4.3780060910375,1.6209962475052249
WT,outputs/Tau5_joint_refinement/WT/pool_3/conformer_269.pdb,5.124863687023542,4.142222130450569,4.485477761508059,1.860953694261174
WT,outputs/Tau5_joint_refinement/WT/pool_3/conformer_270.pdb,1.9976115084120418,2.472359916256632,0.867786184354724,2.511614461796126
WT,outputs/Tau5_joint_refinement/WT/pool_3/conformer_271.pdb,2.099715106181697,3.4444990641822044,1.0540792992345631,2.2843318729555
WT,outputs/Tau5_joint_refinement/WT/pool_3/conformer_272.pdb,3.720345525192643,2.471309450132156,2.7456935373860003,1.4940099383226204
WT,outputs/Tau5_joint_refinement/WT/pool_3/conformer_273.pdb,3.913415736180307,4.028130571218111,2.872218161013725,1.4180155550101128
WT,outputs/Tau5_joint_refinement/WT/pool_3/conformer_274.pdb,5.83968724832967,2.4992778561024718,3.303284516731645,2.0435306568364675
WT,outputs/Tau5_joint_refinement/WT/pool_3/conformer_275.pdb,2.1360118160494075,3.2220473676803225,0.5394086462628227,2.262644740272409
WT,outputs/Tau5_joint_refinement/WT/pool_3/conformer_276.pdb,7.367954811301326,3.272519264451934,6.808812039409556,2.6042815939242834
WT,outputs/Tau5_joint_refinement/WT/pool_3/conformer_277.pdb,5.862199600562878,4.986081065256045,4.3060421565604585,1.905329894136727
WT,outputs/Tau5_joint_refinement/WT/pool_3/conformer_278.pdb,8.097164145382145,3.710665264225428,6.266663825266449,1.6772914140768649
WT,outputs/Tau5_joint_refinement/WT/pool_3/conformer_279.pdb,9.51237988192046,2.5116806835234295,7.250761347813731,1.672728980548275
WT,outputs/Tau5_joint_refinement/WT/pool_3/conformer_280.pdb,1.7998991872684835,3.779070239839001,0.5655305760654242,1.647973639109829
WT,outputs/Tau5_joint_refinement/WT/pool_3/conformer_281.pdb,11.961931878287363,4.505791498336628,11.229856574648602,1.3812143040971139
WT,outputs/Tau5_joint_refinement/WT/pool_3/conformer_282.pdb,1.964438543737399,4.926911823568255,1.0071660457683302,2.3559866700279715
WT,outputs/Tau5_joint_refinement/WT/pool_3/conformer_283.pdb,2.25267358812358,2.0921339162335815,0.8184403752041796,1.4436475739332
WT,outputs/Tau5_joint_refinement/WT/pool_3/conformer_284.pdb,1.770589675232041,4.179143694434287,1.0807275379525019,2.106791256272528
WT,outputs/Tau5_joint_refinement/WT/pool_3/conformer_285.pdb,2.021645364827901,3.618403338383328,1.2432443375973798,2.2279649678468476
WT,outputs/Tau5_joint_refinement/WT/pool_3/conformer_286.pdb,4.792509925772419,2.599129954128614,0.82866181422526,2.1329701204641216
WT,outputs/Tau5_joint_refinement/WT/pool_3/conformer_287.pdb,7.3095672018176305,4.404140895425229,6.606329338398273,1.7658647673944707
WT,outputs/Tau5_joint_refinement/WT/pool_3/conformer_288.pdb,5.332530552201148,3.6732133429663234,4.632967416764318,1.9708766555220771
WT,outputs/Tau5_joint_refinement/WT/pool_3/conformer_289.pdb,4.850625844397969,3.138970705505805,4.123250005777995,1.9520506436292495
WT,outputs/Tau5_joint_refinement/WT/pool_3/conformer_290.pdb,1.5117596670257103,3.035319991121543,0.9000430457109487,1.7209090261538615
WT,outputs/Tau5_joint_refinement/WT/pool_3/conformer_291.pdb,3.3444025684665752,3.5113808875709585,2.3767254614352824,2.453217563828842
WT,outputs/Tau5_joint_refinement/WT/pool_3/conformer_292.pdb,7.926587623807108,3.6662273952077125,6.905855008812743,1.3735539285249512
WT,outputs/Tau5_joint_refinement/WT/pool_3/conformer_293.pdb,7.231779864154854,2.4539317787031423,5.752492748658371,1.5666323758501426
WT,outputs/Tau5_joint_refinement/WT/pool_3/conformer_294.pdb,3.7620890654861605,3.680566205386332,1.1057890900445682,1.5895663067532133
WT,outputs/Tau5_joint_refinement/WT/pool_3/conformer_295.pdb,7.829588591280487,3.2948398045347407,6.870696898991127,2.040416859312631
WT,outputs/Tau5_joint_refinement/WT/pool_3/conformer_296.pdb,1.4889356621748324,2.9211159116014396,0.5690343264062213,1.7120946521286657
WT,outputs/Tau5_joint_refinement/WT/pool_3/conformer_297.pdb,5.148286592625893,3.860527321153359,3.736799111130367,2.089427465783488
WT,outputs/Tau5_joint_refinement/WT/pool_3/conformer_298.pdb,3.8540987787665926,2.8615264699716847,3.209364721895909,1.4721495552923016
WT,outputs/Tau5_joint_refinement/WT/pool_3/conformer_299.pdb,1.9255518249952848,3.516288686422151,0.6869133256850786,2.3707187419933207
WT,outputs/Tau5_joint_refinement/WT/pool_3/conformer_300.pdb,3.132085454957106,3.3195822080010435,2.1172657026115056,1.6364538477316555
WT,outputs/Tau5_joint_refinement/WT/pool_3/conformer_301.pdb,2.3353635487446285,3.922782013892886,1.346744287892757,1.79725285087571
WT,outputs/Tau5_joint_refinement/WT/pool_3/conformer_302.pdb,4.2720023466026875,3.2288762774297517,1.3030022349192292,1.74565568553464
WT,outputs/Tau5_joint_refinement/WT/pool_3/conformer_303.pdb,2.265641003547144,2.2182863712420438,0.6619448500808556,1.5568203559043141
WT,outputs/Tau5_joint_refinement/WT/pool_3/conformer_304.pdb,8.070957876617777,2.3961079262007554,7.141653962298755,1.593940163804033
WT,outputs/Tau5_joint_refinement/WT/pool_3/conformer_305.pdb,1.5312797172446022,2.3401105222804115,0.7577339844799648,1.8241341971194898
WT,outputs/Tau5_joint_refinement/WT/pool_3/conformer_306.pdb,7.204233245725478,3.661947017067143,6.546997839889869,2.0361181891188402
WT,outputs/Tau5_joint_refinement/WT/pool_3/conformer_307.pdb,2.6932491347133776,4.705155826005158,1.960081297698711,2.856743897070624
WT,outputs/Tau5_joint_refinement/WT/pool_3/conformer_308.pdb,5.879320963662107,2.761385614704801,5.342623205827786,1.7628409627770292
WT,outputs/Tau5_joint_refinement/WT/pool_3/conformer_309.pdb,2.670511839574251,3.7134087723273774,0.7114373959927963,3.1778794804934716
WT,outputs/Tau5_joint_refinement/WT/pool_3/conformer_310.pdb,3.3585892360410234,2.8441546002808304,2.1122058426526875,2.1346505606307735
WT,outputs/Tau5_joint_refinement/WT/pool_3/conformer_311.pdb,3.64806426511878,2.8793930896812556,0.8846230566175876,2.6705779121654154
WT,outputs/Tau5_joint_refinement/WT/pool_3/conformer_312.pdb,2.022194960554451,3.004863202146693,1.206549740155646,1.548571877815853
WT,outputs/Tau5_joint_refinement/WT/pool_3/conformer_313.pdb,4.233407950847948,2.7857033343331055,3.150992427502835,2.0484436446661367
WT,outputs/Tau5_joint_refinement/WT/pool_3/conformer_314.pdb,2.4289651412626805,3.7549464004056627,1.2336903922139784,2.2455523483898245
WT,outputs/Tau5_joint_refinement/WT/pool_3/conformer_315.pdb,1.2167732652463574,3.088448081955519,0.5250138248067238,2.1166840667321565
WT,outputs/Tau5_joint_refinement/WT/pool_3/conformer_316.pdb,1.6130570150397816,2.6221991704058416,0.9075855679400328,1.5119445159278366
WT,outputs/Tau5_joint_refinement/WT/pool_3/conformer_317.pdb,14.25465736925402,3.3761774883186844,12.586392180536677,1.5797543651798676
WT,outputs/Tau5_joint_refinement/WT/pool_3/conformer_318.pdb,1.448864862884132,4.156455405373302,0.6966171250881031,1.5657233079435293
WT,outputs/Tau5_joint_refinement/WT/pool_3/conformer_319.pdb,3.2470135265037703,3.0058041468158367,2.5937264132759412,2.758718547197208
WT,outputs/Tau5_joint_refinement/WT/pool_3/conformer_320.pdb,10.274873849710078,3.186885356161182,9.530398499234456,2.1810609831222543
WT,outputs/Tau5_joint_refinement/WT/pool_3/conformer_321.pdb,7.737492613802018,2.853043673738578,6.266743955903473,2.129957940988381
WT,outputs/Tau5_joint_refinement/WT/pool_3/conformer_322.pdb,4.317224703846457,3.1189419035186123,1.5972217062572835,1.5373252972069373
WT,outputs/Tau5_joint_refinement/WT/pool_3/conformer_323.pdb,14.005327461078148,3.488308845825621,11.114285464853461,1.723720845705303
WT,outputs/Tau5_joint_refinement/WT/pool_3/conformer_324.pdb,5.22047716087044,3.1562649003024528,2.5902825697128566,2.4266238514281837
WT,outputs/Tau5_joint_refinement/WT/pool_3/conformer_325.pdb,5.705230953423131,3.6125761444764426,4.942356042328766,2.5245511215928493
WT,outputs/Tau5_joint_refinement/WT/pool_3/conformer_326.pdb,7.733398521012409,3.03493952634734,4.988605369837526,1.4740216645741433
WT,outputs/Tau5_joint_refinement/WT/pool_3/conformer_327.pdb,2.791635946591454,3.0602167440789176,0.873809699035015,2.234928302414285
WT,outputs/Tau5_joint_refinement/WT/pool_3/conformer_328.pdb,2.9887600388287408,2.581222031444656,1.861048609623322,1.5762616361625235
WT,outputs/Tau5_joint_refinement/WT/pool_3/conformer_329.pdb,8.166247664692378,3.377474883683548,6.592411406801565,1.7914952479305606
WT,outputs/Tau5_joint_refinement/WT/pool_3/conformer_330.pdb,3.153916748703806,2.9034104603377404,2.38671364797924,2.512839935215919
WT,outputs/Tau5_joint_refinement/WT/pool_3/conformer_331.pdb,2.745993535562584,3.1948024433991695,0.9138925135610081,1.87687809808473
WT,outputs/Tau5_joint_refinement/WT/pool_3/conformer_332.pdb,2.741395587646357,2.481824913508847,1.3137604389168844,1.5851558146942704
WT,outputs/Tau5_joint_refinement/WT/pool_3/conformer_333.pdb,4.849192575150545,3.8238043504711303,3.417344945246186,2.1138090429508023
WT,outputs/Tau5_joint_refinement/WT/pool_3/conformer_334.pdb,5.936585027565571,2.6349958273541176,5.363260102594084,1.3261355486294182
WT,outputs/Tau5_joint_refinement/WT/pool_3/conformer_335.pdb,2.2511834336189223,3.2908502754241233,0.9603171194586193,2.5202522360293815
WT,outputs/Tau5_joint_refinement/WT/pool_3/conformer_336.pdb,1.623259915654502,2.7446524644576535,0.7594738026209463,1.8581334034274923
WT,outputs/Tau5_joint_refinement/WT/pool_3/conformer_337.pdb,3.2021285532154264,2.692139098935779,2.5411278902720618,2.1177092187958872
WT,outputs/Tau5_joint_refinement/WT/pool_3/conformer_338.pdb,2.6076134104334363,3.742904142613189,1.0600056661792479,1.7626781769947963
WT,outputs/Tau5_joint_refinement/WT/pool_3/conformer_339.pdb,5.405229743782555,2.6032544697948654,3.7556820619309863,1.6481984296579055
WT,outputs/Tau5_joint_refinement/WT/pool_3/conformer_340.pdb,2.591483360499435,3.389816910863533,1.6003794054855702,1.7947479304119875
WT,outputs/Tau5_joint_refinement/WT/pool_3/conformer_341.pdb,5.301256010916972,2.72420277195891,4.542721942095558,1.963747746726711
WT,outputs/Tau5_joint_refinement/WT/pool_3/conformer_342.pdb,3.006593718175245,3.9363245292376208,1.9370643385309225,1.8206296401933695
WT,outputs/Tau5_joint_refinement/WT/pool_3/conformer_343.pdb,2.5025388958245776,4.657515347910687,1.7344919548832007,2.1603566201924713
WT,outputs/Tau5_joint_refinement/WT/pool_3/conformer_344.pdb,2.1718768603295873,3.6178094409158508,1.5738232906539256,2.239861425628206
WT,outputs/Tau5_joint_refinement/WT/pool_3/conformer_345.pdb,3.488110793703536,3.14733776635078,2.676216953045772,1.6930497099053117
WT,outputs/Tau5_joint_refinement/WT/pool_3/conformer_346.pdb,7.729828606017648,2.725433192589401,6.744026087631967,2.0908917645024476
WT,outputs/Tau5_joint_refinement/WT/pool_3/conformer_347.pdb,2.245142608214434,3.9334706550808214,1.4570712189467936,2.0551723435501073
WT,outputs/Tau5_joint_refinement/WT/pool_3/conformer_348.pdb,4.1262341685943555,3.187677636102658,2.2687950854998293,1.5881034514205628
WT,outputs/Tau5_joint_refinement/WT/pool_3/conformer_349.pdb,1.252322992784955,3.076654056890239,0.5514128806045928,1.7469362915400255
WT,outputs/Tau5_joint_refinement/WT/pool_3/conformer_350.pdb,8.722260436316613,3.9148777935983805,4.2277629329561055,1.7840686936764454
WT,outputs/Tau5_joint_refinement/WT/pool_3/conformer_351.pdb,2.090488325605304,3.3035947930115754,1.3859770824693585,2.4040931995243784
WT,outputs/Tau5_joint_refinement/WT/pool_3/conformer_352.pdb,2.7607954997827875,3.6588641963723982,0.6209944733011867,1.9568388439413005
WT,outputs/Tau5_joint_refinement/WT/pool_3/conformer_353.pdb,3.2645279040365214,4.508432815808276,2.233777617639472,2.2117362419634645
WT,outputs/Tau5_joint_refinement/WT/pool_3/conformer_354.pdb,1.6605629990941617,5.095744619030789,0.6276288312319143,2.7931604873202858
WT,outputs/Tau5_joint_refinement/WT/pool_3/conformer_355.pdb,10.287905117723705,2.6920528861734607,9.041448124298459,1.9007170133640572
WT,outputs/Tau5_joint_refinement/WT/pool_3/conformer_356.pdb,4.675480251808015,4.560558142330811,2.7397505263517834,1.9808788350740336
WT,outputs/Tau5_joint_refinement/WT/pool_3/conformer_357.pdb,7.538241254707992,4.117190307468998,6.567396762324555,2.104086958776294
WT,outputs/Tau5_joint_refinement/WT/pool_3/conformer_358.pdb,4.746309284150783,3.4850610584901043,3.8369735898111483,1.7294815825292953
WT,outputs/Tau5_joint_refinement/WT/pool_3/conformer_359.pdb,4.982390791100381,3.272188824463383,4.275731882672407,1.6333607309035114
WT,outputs/Tau5_joint_refinement/WT/pool_3/conformer_360.pdb,1.7630373897478866,3.300351399462702,0.6417422014354247,1.618485131763981
WT,outputs/Tau5_joint_refinement/WT/pool_3/conformer_361.pdb,2.441558713937083,2.8443068098171516,1.8106308091442531,1.8327100373842082
WT,outputs/Tau5_joint_refinement/WT/pool_3/conformer_362.pdb,7.590668589948646,4.0089091956525404,5.4334420028795725,2.6121010079744176
WT,outputs/Tau5_joint_refinement/WT/pool_3/conformer_363.pdb,1.9081115462643061,3.9141567344149584,0.7813705467898989,1.560893893332799
WT,outputs/Tau5_joint_refinement/WT/pool_3/conformer_364.pdb,2.2389527177808213,3.754805271089024,1.0150144834837997,1.168337735329405
WT,outputs/Tau5_joint_refinement/WT/pool_3/conformer_365.pdb,7.55468053667174,3.0539277667432505,6.361937515893348,1.2339433478467126
WT,outputs/Tau5_joint_refinement/WT/pool_3/conformer_366.pdb,4.043468716531002,3.024511783537804,3.055492819069663,1.876526676553171
WT,outputs/Tau5_joint_refinement/WT/pool_3/conformer_367.pdb,2.752190938858256,5.755372606144965,0.7692121496433992,2.505607271881532
WT,outputs/Tau5_joint_refinement/WT/pool_3/conformer_368.pdb,2.342642918852027,3.7171090166335174,1.3793363987899463,1.926585227931714
WT,outputs/Tau5_joint_refinement/WT/pool_3/conformer_369.pdb,4.254626854725391,3.8680620949786233,0.570550356021502,1.9388734570456692
WT,outputs/Tau5_joint_refinement/WT/pool_3/conformer_370.pdb,6.398600314791098,2.7362993512383658,5.143812635686782,1.8330107870660874
WT,outputs/Tau5_joint_refinement/WT/pool_3/conformer_371.pdb,2.166590620720815,3.8414688688753156,1.3072742203639531,1.6080261206979627
WT,outputs/Tau5_joint_refinement/WT/pool_3/conformer_372.pdb,2.6039465148929675,3.3748174284436607,1.9135031396720124,2.582266512193043
WT,outputs/Tau5_joint_refinement/WT/pool_3/conformer_373.pdb,3.673134283846689,3.118910809238272,2.753316592910314,2.3164710394933117
WT,outputs/Tau5_joint_refinement/WT/pool_3/conformer_374.pdb,1.7847438049690585,2.9450688820413107,0.977779489719162,1.7926058630031705
WT,outputs/Tau5_joint_refinement/WT/pool_3/conformer_375.pdb,2.8844086087330774,2.7653164037273585,1.744836131089922,2.3399761309546516
WT,outputs/Tau5_joint_refinement/WT/pool_3/conformer_376.pdb,4.447644405167953,4.109291424711521,3.4912051064516603,2.455054782714395
WT,outputs/Tau5_joint_refinement/WT/pool_3/conformer_377.pdb,1.7033094911515394,4.271738159578848,1.0915626115586328,2.056710975752454
WT,outputs/Tau5_joint_refinement/WT/pool_3/conformer_378.pdb,3.8349058614538514,2.8505852920233767,2.9222848723129196,1.7284140169490554
WT,outputs/Tau5_joint_refinement/WT/pool_3/conformer_379.pdb,4.171514838067559,3.1144880598827287,3.2472884877871957,1.7818298871956602
WT,outputs/Tau5_joint_refinement/WT/pool_3/conformer_380.pdb,5.972328961892029,3.1850991589765605,4.363916498533431,2.760891509141336
WT,outputs/Tau5_joint_refinement/WT/pool_3/conformer_381.pdb,8.42792200677035,4.599661880662927,1.4393762841631264,2.1944356246907746
WT,outputs/Tau5_joint_refinement/WT/pool_3/conformer_382.pdb,2.301893988388143,2.744783600988782,0.6454270665318784,1.3324891191978314
WT,outputs/Tau5_joint_refinement/WT/pool_3/conformer_383.pdb,5.42292735214921,3.2223458458304832,2.1437755887401835,1.7602255819504153
WT,outputs/Tau5_joint_refinement/WT/pool_3/conformer_384.pdb,3.8294013989436446,3.6174045117784956,2.2598408982269094,2.1166509562859375
WT,outputs/Tau5_joint_refinement/WT/pool_3/conformer_385.pdb,5.705200494307124,3.8251772803760167,2.0412073083769173,1.5972499889558265
WT,outputs/Tau5_joint_refinement/WT/pool_3/conformer_386.pdb,1.3346078142495805,2.6380301962363624,0.5439914291591914,1.843794115648283
WT,outputs/Tau5_joint_refinement/WT/pool_3/conformer_387.pdb,2.0095827184305475,2.9763345813293016,1.0028661398604448,2.639322099318477
WT,outputs/Tau5_joint_refinement/WT/pool_3/conformer_388.pdb,6.094433261601224,2.8498602118430005,5.3932394324527815,1.795926721006669
WT,outputs/Tau5_joint_refinement/WT/pool_3/conformer_389.pdb,1.6355506386186025,3.3017759791971764,0.562727686778115,2.145794793398538
WT,outputs/Tau5_joint_refinement/WT/pool_3/conformer_390.pdb,8.270843470703397,2.35409143322441,7.6515845541840894,1.3983318380923861
WT,outputs/Tau5_joint_refinement/WT/pool_3/conformer_391.pdb,2.0490239293917396,2.635205994858108,1.2732017317059308,2.3840941918746057
WT,outputs/Tau5_joint_refinement/WT/pool_3/conformer_392.pdb,1.8780720850914863,2.6582777792292043,0.9579707269223754,2.121160073712012
WT,outputs/Tau5_joint_refinement/WT/pool_3/conformer_393.pdb,7.9159002129596265,5.22250913169904,6.7732665931809635,2.689993782012743
WT,outputs/Tau5_joint_refinement/WT/pool_3/conformer_394.pdb,3.269459960166672,3.562666560804756,2.3746726996016077,1.8237334416788633
WT,outputs/Tau5_joint_refinement/WT/pool_3/conformer_395.pdb,8.978774283346315,3.0087061950205207,7.616635359737768,2.0206919081396784
WT,outputs/Tau5_joint_refinement/WT/pool_3/conformer_396.pdb,6.9144413797139075,2.5430921451125856,6.2199696123045145,1.5623714792266163
WT,outputs/Tau5_joint_refinement/WT/pool_3/conformer_397.pdb,2.5271307115817288,3.6864579364885346,1.9128639878004732,2.099801725301786
WT,outputs/Tau5_joint_refinement/WT/pool_3/conformer_398.pdb,1.3042864601718713,3.2250424076479645,0.531330918919133,2.6054575529889745
WT,outputs/Tau5_joint_refinement/WT/pool_3/conformer_399.pdb,2.2259812844318465,3.083331396991171,1.2909629942926504,1.857734738818183
WT,outputs/Tau5_joint_refinement/WT/pool_3/conformer_400.pdb,1.9137431622849506,4.719599293050912,0.5994293669143171,2.347825251003032
WT,outputs/Tau5_joint_refinement/WT/pool_3/conformer_401.pdb,5.207194916161966,4.120595502802474,4.154478402036212,2.26512258213084
WT,outputs/Tau5_joint_refinement/WT/pool_3/conformer_402.pdb,3.259343359831262,3.0632510072176813,1.1614636367337343,1.9742851678063513
WT,outputs/Tau5_joint_refinement/WT/pool_3/conformer_403.pdb,1.7684463581611964,3.9151257381835776,0.8561877928950509,1.971877235137321
WT,outputs/Tau5_joint_refinement/WT/pool_3/conformer_404.pdb,1.5817531910935578,3.5418023740504165,0.5773518466628182,2.5138129081461074
WT,outputs/Tau5_joint_refinement/WT/pool_3/conformer_405.pdb,6.552610573755229,3.5764533304419293,4.600929797531878,2.0459387909811295
WT,outputs/Tau5_joint_refinement/WT/pool_3/conformer_406.pdb,2.414744067999458,4.908606784921399,1.3499641016005766,2.0151302255221966
WT,outputs/Tau5_joint_refinement/WT/pool_3/conformer_407.pdb,1.4865060471511589,3.914932733601917,0.6188391194181796,2.3107618434848463
WT,outputs/Tau5_joint_refinement/WT/pool_3/conformer_408.pdb,9.732818169942561,3.749405474431172,7.213403265323992,1.91686369883399
WT,outputs/Tau5_joint_refinement/WT/pool_3/conformer_409.pdb,12.969749974005039,3.3034963545056235,12.022877795512661,1.6058766293341409
WT,outputs/Tau5_joint_refinement/WT/pool_3/conformer_410.pdb,3.8058451742483337,3.1779812939955168,2.6690218608424505,1.8524138256787248
WT,outputs/Tau5_joint_refinement/WT/pool_3/conformer_411.pdb,1.8664031310985167,3.2066041956680116,1.2655402743356168,2.4561345996194315
WT,outputs/Tau5_joint_refinement/WT/pool_3/conformer_412.pdb,12.703814899766162,2.712970222155942,11.516507758484114,2.0683862562332234
WT,outputs/Tau5_joint_refinement/WT/pool_3/conformer_413.pdb,6.893972848064391,3.9966897331282,6.057158192193585,2.082257250871611
WT,outputs/Tau5_joint_refinement/WT/pool_3/conformer_414.pdb,2.355226128985739,2.1269187149677022,1.285709906010909,1.8310757430350895
WT,outputs/Tau5_joint_refinement/WT/pool_3/conformer_415.pdb,2.9978495219256485,3.38991230619675,2.3326649406064344,2.034299222792447
WT,outputs/Tau5_joint_refinement/WT/pool_3/conformer_416.pdb,2.068541848388937,3.519036395175749,0.6265967080562559,1.7522906929408042
WT,outputs/Tau5_joint_refinement/WT/pool_3/conformer_417.pdb,4.4183401607323285,3.196201827727521,2.997902449875934,2.341792667889576
WT,outputs/Tau5_joint_refinement/WT/pool_3/conformer_418.pdb,7.983883989771095,2.9804439411072035,7.079579425360291,1.705237859891516
WT,outputs/Tau5_joint_refinement/WT/pool_3/conformer_419.pdb,6.177553673004842,2.698576714499881,5.327711305666473,1.8892087241064168
WT,outputs/Tau5_joint_refinement/WT/pool_3/conformer_420.pdb,4.737518984345567,2.985332568126833,4.024554379136933,1.2602341583268466
WT,outputs/Tau5_joint_refinement/WT/pool_3/conformer_421.pdb,3.0776491613872787,2.472217229705789,2.3555653972774446,1.915725630176408
WT,outputs/Tau5_joint_refinement/WT/pool_3/conformer_422.pdb,1.5370663424768638,2.938932510577466,0.6828219257672161,1.8827353147689976
WT,outputs/Tau5_joint_refinement/WT/pool_3/conformer_423.pdb,3.0426144204345302,3.989465813461643,1.4734282702963346,2.042194379761377
WT,outputs/Tau5_joint_refinement/WT/pool_3/conformer_424.pdb,4.385721447853986,2.6508336976864992,3.5471776167826015,1.6617353073067156
WT,outputs/Tau5_joint_refinement/WT/pool_3/conformer_425.pdb,3.4025796807451365,2.4554137403612577,0.7035492461329361,2.188236872617404
WT,outputs/Tau5_joint_refinement/WT/pool_3/conformer_426.pdb,10.38382078797612,4.008855503196087,9.447900767110752,1.5086401529322824
WT,outputs/Tau5_joint_refinement/WT/pool_3/conformer_427.pdb,1.8057035494173426,3.7835073341012455,1.1550000984680733,1.7244367608335651
WT,outputs/Tau5_joint_refinement/WT/pool_3/conformer_428.pdb,9.20018441648424,2.740172902964514,8.2603044424997,2.030637725952736
WT,outputs/Tau5_joint_refinement/WT/pool_3/conformer_429.pdb,2.625692793846508,2.8670881621975273,0.8812358485626193,1.8126357406797617
WT,outputs/Tau5_joint_refinement/WT/pool_3/conformer_430.pdb,2.874994892883959,3.032419021827912,2.03690733286203,1.6067348655178895
WT,outputs/Tau5_joint_refinement/WT/pool_3/conformer_431.pdb,1.6788535717188298,2.989573211588905,1.017902208439333,2.043663512486928
WT,outputs/Tau5_joint_refinement/WT/pool_3/conformer_432.pdb,7.763114122789526,4.462318980676632,6.103332931492966,2.518886293225943
WT,outputs/Tau5_joint_refinement/WT/pool_3/conformer_433.pdb,3.9661041028036834,2.3905647162402106,3.2120567110868175,2.1770880119953473
WT,outputs/Tau5_joint_refinement/WT/pool_3/conformer_434.pdb,7.059667934467062,5.157024911376283,6.0985046066699224,1.6528567780502978
WT,outputs/Tau5_joint_refinement/WT/pool_3/conformer_435.pdb,5.509335253539477,2.856080683092727,3.867001521149836,1.9820398345009287
WT,outputs/Tau5_joint_refinement/WT/pool_3/conformer_436.pdb,5.778700570273053,2.6970252517804996,4.926938753354265,2.1738156792969816
WT,outputs/Tau5_joint_refinement/WT/pool_3/conformer_437.pdb,3.8932851148048093,2.1217814874044785,2.5915517798077223,1.6566016964937265
WT,outputs/Tau5_joint_refinement/WT/pool_3/conformer_438.pdb,6.127354143657079,3.9117021380733528,4.58850892615613,1.992492338811674
WT,outputs/Tau5_joint_refinement/WT/pool_3/conformer_439.pdb,1.4633125400538616,3.6787838798298322,0.5219855063110121,2.004071564660775
WT,outputs/Tau5_joint_refinement/WT/pool_3/conformer_440.pdb,3.235826725748909,3.546897607493883,2.501763069474519,1.8925686302578222
WT,outputs/Tau5_joint_refinement/WT/pool_3/conformer_441.pdb,3.9411888728057547,4.2170387109318686,2.0944632048709355,1.718461176826397
WT,outputs/Tau5_joint_refinement/WT/pool_3/conformer_442.pdb,1.6906449062840558,5.620203559827025,0.7045034358485165,2.077618145522251
WT,outputs/Tau5_joint_refinement/WT/pool_3/conformer_443.pdb,3.126766990859934,4.656570070242227,2.475748090784878,2.7225955609493813
WT,outputs/Tau5_joint_refinement/WT/pool_3/conformer_444.pdb,3.4469481172895526,4.62228674598392,1.0138972876207564,1.9408322888042917
WT,outputs/Tau5_joint_refinement/WT/pool_3/conformer_445.pdb,3.563270257803075,3.6479267287459742,2.8515779307095688,2.827389914087176
WT,outputs/Tau5_joint_refinement/WT/pool_3/conformer_446.pdb,1.5803804465659224,2.6013864278316947,0.7431287594690452,2.3164870639977693
WT,outputs/Tau5_joint_refinement/WT/pool_3/conformer_447.pdb,3.377852498641864,2.8107072805189977,2.432326870058022,1.695531720846497
WT,outputs/Tau5_joint_refinement/WT/pool_3/conformer_448.pdb,8.334514334844968,3.4109604622963032,7.558575093239496,2.055015883720549
WT,outputs/Tau5_joint_refinement/WT/pool_3/conformer_449.pdb,2.659384173943358,3.240503973954986,1.4812236594733583,1.9412341896342908
WT,outputs/Tau5_joint_refinement/WT/pool_3/conformer_450.pdb,8.530305418994924,2.9701753717503085,6.694994581654867,1.8366415000163396
WT,outputs/Tau5_joint_refinement/WT/pool_3/conformer_451.pdb,11.440010439106796,3.1783086849462663,9.195516030568491,1.7790842609492663
WT,outputs/Tau5_joint_refinement/WT/pool_3/conformer_452.pdb,2.8070090029219896,3.303608568129831,1.9749757743475205,2.137011119596111
WT,outputs/Tau5_joint_refinement/WT/pool_3/conformer_453.pdb,2.4305131643626745,2.773474981421096,1.64449258286507,1.690909428820247
WT,outputs/Tau5_joint_refinement/WT/pool_3/conformer_454.pdb,2.8007936343559274,4.200117906168264,2.0090129582377356,1.8634993882272861
WT,outputs/Tau5_joint_refinement/WT/pool_3/conformer_455.pdb,7.391465602786498,2.947908043033559,5.281782254115029,1.9204443074498623
WT,outputs/Tau5_joint_refinement/WT/pool_3/conformer_456.pdb,4.059718028460938,3.354444554282091,2.581437668416103,1.993968448762916
WT,outputs/Tau5_joint_refinement/WT/pool_3/conformer_457.pdb,9.339942378385672,2.218018030217706,7.956869964888514,1.3238577718144886
WT,outputs/Tau5_joint_refinement/WT/pool_3/conformer_458.pdb,5.881797716082955,3.6655513739101115,2.6004145585220297,1.6339182028945023
WT,outputs/Tau5_joint_refinement/WT/pool_3/conformer_459.pdb,5.516326264143951,2.866322391796843,4.750380459007115,1.5162533454965867
WT,outputs/Tau5_joint_refinement/WT/pool_3/conformer_460.pdb,1.3520287232888686,2.2421182185462047,0.7532159998405612,1.8457008303106888
WT,outputs/Tau5_joint_refinement/WT/pool_3/conformer_461.pdb,8.605240982041172,4.063832418856956,6.855882559000194,2.117666575566382
WT,outputs/Tau5_joint_refinement/WT/pool_3/conformer_462.pdb,8.562430879536414,3.337388082972367,7.726938808808947,1.8018019807058108
WT,outputs/Tau5_joint_refinement/WT/pool_3/conformer_463.pdb,5.33029355093713,2.8952611154923393,1.072885457786074,2.0385609131508127
WT,outputs/Tau5_joint_refinement/WT/pool_3/conformer_464.pdb,2.5666456283557983,2.885810395017365,0.9595391273277211,1.7137833821353534
WT,outputs/Tau5_joint_refinement/WT/pool_3/conformer_465.pdb,4.422359845484374,3.2649021500629107,3.4763929327368146,1.7202048006751824
WT,outputs/Tau5_joint_refinement/WT/pool_3/conformer_466.pdb,4.816457488939804,3.760394312495976,3.758852020751061,1.8370907328258357
WT,outputs/Tau5_joint_refinement/WT/pool_3/conformer_467.pdb,7.131352107938248,1.871959712527593,6.3101482766114945,1.7990857216892056
WT,outputs/Tau5_joint_refinement/WT/pool_3/conformer_468.pdb,4.052223004794596,2.63459922830489,3.4663056772216847,2.053496634790906
WT,outputs/Tau5_joint_refinement/WT/pool_3/conformer_469.pdb,4.269381354074515,4.226430386957358,1.9792105291024213,1.3990042093437316
WT,outputs/Tau5_joint_refinement/WT/pool_3/conformer_470.pdb,1.9161757668650585,5.383462969975094,0.7938767721528041,2.14992299756433
WT,outputs/Tau5_joint_refinement/WT/pool_3/conformer_471.pdb,3.8915282894478063,3.5941644951189438,3.2386447420000466,2.1615781704754267
WT,outputs/Tau5_joint_refinement/WT/pool_3/conformer_472.pdb,1.9591184260251775,3.518252822975588,1.0415397716307047,1.410113665965931
WT,outputs/Tau5_joint_refinement/WT/pool_3/conformer_473.pdb,4.042174194769455,4.501342215666761,3.3140786055750646,2.608268682490473
WT,outputs/Tau5_joint_refinement/WT/pool_3/conformer_474.pdb,3.039591572605228,3.799454810787917,2.00685742227487,1.4376698808359154
WT,outputs/Tau5_joint_refinement/WT/pool_3/conformer_475.pdb,2.932701669733344,4.047956375629131,2.0494684522143327,2.0876750004269167
WT,outputs/Tau5_joint_refinement/WT/pool_3/conformer_476.pdb,7.515678388898774,2.594013807955786,6.632185346749781,1.5491960298448733
WT,outputs/Tau5_joint_refinement/WT/pool_3/conformer_477.pdb,5.611288880571861,3.170034676418076,4.494219415072043,1.6924311960888982
WT,outputs/Tau5_joint_refinement/WT/pool_3/conformer_478.pdb,4.07042934538676,3.245525482807381,1.7685671747731362,1.7272230093470435
WT,outputs/Tau5_joint_refinement/WT/pool_3/conformer_479.pdb,2.124170882260423,3.832581779550213,0.6667934867408826,1.7372442296237363
WT,outputs/Tau5_joint_refinement/WT/pool_3/conformer_480.pdb,3.007202023598744,3.797724699127426,2.056692018329402,1.707558982653622
WT,outputs/Tau5_joint_refinement/WT/pool_3/conformer_481.pdb,6.057712431306561,2.41178442659683,5.207187311937296,1.5040530105271441
WT,outputs/Tau5_joint_refinement/WT/pool_3/conformer_482.pdb,1.438523739057331,3.34889504988451,0.553532769583318,2.0825998988506176
WT,outputs/Tau5_joint_refinement/WT/pool_3/conformer_483.pdb,2.437549109212588,2.7251815922949674,0.49846299634541913,1.4265304968346224
WT,outputs/Tau5_joint_refinement/WT/pool_3/conformer_484.pdb,6.3983565167295255,3.802428229121692,5.235951662863042,2.5059757733448262
WT,outputs/Tau5_joint_refinement/WT/pool_3/conformer_485.pdb,7.479944480395216,2.621315822864937,6.347956062352067,1.6939804564864107
WT,outputs/Tau5_joint_refinement/WT/pool_3/conformer_486.pdb,3.217452866071097,4.745263647260844,2.3961756350043455,2.846326785352425
WT,outputs/Tau5_joint_refinement/WT/pool_3/conformer_487.pdb,2.354822174800557,3.6685247179863847,0.90919602412279,1.941080196908997
WT,outputs/Tau5_joint_refinement/WT/pool_3/conformer_488.pdb,4.795210937039512,2.2779450588040664,3.805123094854239,1.8303088367702276
WT,outputs/Tau5_joint_refinement/WT/pool_3/conformer_489.pdb,2.0665751936633168,2.5948329401580303,1.2015235515328286,1.7541651981946846
WT,outputs/Tau5_joint_refinement/WT/pool_3/conformer_490.pdb,1.8400254192970422,3.5393329715934234,0.9446380439580896,1.6934880335094395
WT,outputs/Tau5_joint_refinement/WT/pool_3/conformer_491.pdb,5.43414349044919,3.3997893376394783,0.7526626534538938,1.8501025827236621
WT,outputs/Tau5_joint_refinement/WT/pool_3/conformer_492.pdb,2.12862495152184,4.644366049420194,1.1978798944383953,2.086739841940066
WT,outputs/Tau5_joint_refinement/WT/pool_3/conformer_493.pdb,2.8144173555240832,4.329184620057255,0.9886539392583544,1.466265645565004
WT,outputs/Tau5_joint_refinement/WT/pool_3/conformer_494.pdb,6.360483494987736,3.4473568446142946,4.929735596219817,2.07662847149087
WT,outputs/Tau5_joint_refinement/WT/pool_3/conformer_495.pdb,1.8436293963099937,3.6936604340039687,1.0281016962624598,1.7502353158061785
WT,outputs/Tau5_joint_refinement/WT/pool_3/conformer_496.pdb,7.230378804545669,3.763638404062211,1.3637093217004004,2.1629813139350973
WT,outputs/Tau5_joint_refinement/WT/pool_3/conformer_497.pdb,3.6642053935836,3.0829864398351865,2.000667771200855,2.4011541983606235
WT,outputs/Tau5_joint_refinement/WT/pool_3/conformer_498.pdb,3.914510048079551,2.365374959745342,1.9390363358503069,1.281457119306943
WT,outputs/Tau5_joint_refinement/WT/pool_3/conformer_499.pdb,7.00630283844286,4.287616369894281,5.459796534879468,2.432952960565145
WT,outputs/Tau5_joint_refinement/WT/pool_3/conformer_500.pdb,1.8201398569213012,4.459517489428508,1.1521453935620893,1.9668574742504015
WT,outputs/Tau5_joint_refinement/WT/pool_3/conformer_501.pdb,3.559818754796439,3.606603183703662,2.785512288802169,2.1348846867121503
WT,outputs/Tau5_joint_refinement/WT/pool_3/conformer_502.pdb,7.616794379005229,3.956755410616514,6.907858888304278,2.723929568275235
WT,outputs/Tau5_joint_refinement/WT/pool_3/conformer_503.pdb,6.552061491650885,2.6682454504461144,5.938150300412132,1.9520332351659901
WT,outputs/Tau5_joint_refinement/WT/pool_3/conformer_504.pdb,1.4046776643012548,2.4162751816149157,0.793741177069366,1.5159257931817356
WT,outputs/Tau5_joint_refinement/WT/pool_3/conformer_505.pdb,5.448722995106561,3.8329134985151057,4.131020028976542,1.570278824445491
WT,outputs/Tau5_joint_refinement/WT/pool_3/conformer_506.pdb,1.6815075321800312,2.45505992550066,0.522962408531241,1.996040816815821
WT,outputs/Tau5_joint_refinement/WT/pool_3/conformer_507.pdb,10.05149807620023,2.5723958654783017,9.39202075951404,1.9097921429506794
WT,outputs/Tau5_joint_refinement/WT/pool_3/conformer_508.pdb,9.725177531471136,3.073652932013583,7.172881564224141,2.1226292316783404
WT,outputs/Tau5_joint_refinement/WT/pool_3/conformer_509.pdb,2.863684843539472,2.5420382604722653,0.6101731201105765,1.9986810315266512
WT,outputs/Tau5_joint_refinement/WT/pool_3/conformer_510.pdb,9.140449182618156,2.5207333167748254,8.472472580057346,1.2262668674792707
WT,outputs/Tau5_joint_refinement/WT/pool_3/conformer_511.pdb,1.9904472194240168,2.6640784155635373,1.1592771695896138,1.8689547461611642
WT,outputs/Tau5_joint_refinement/WT/pool_3/conformer_512.pdb,1.5264665146860954,3.156745468293739,0.7604979279202156,2.218595135993802
WT,outputs/Tau5_joint_refinement/WT/pool_3/conformer_513.pdb,1.4759458178344387,3.391939918542088,0.633338093026626,2.159291225925991
WT,outputs/Tau5_joint_refinement/WT/pool_3/conformer_514.pdb,4.169509509096924,2.3229968806302894,1.199506208093384,1.8191136595518118
WT,outputs/Tau5_joint_refinement/WT/pool_3/conformer_515.pdb,6.660810836370206,3.7918464063877138,5.75441389100552,1.349288893698279
WT,outputs/Tau5_joint_refinement/WT/pool_3/conformer_516.pdb,13.282495493764099,3.9903110073848813,8.713572533412318,1.8206352168973925
WT,outputs/Tau5_joint_refinement/WT/pool_3/conformer_517.pdb,3.0175330162313028,3.106647329711145,2.013172752460082,1.9752140269195306
WT,outputs/Tau5_joint_refinement/WT/pool_3/conformer_518.pdb,2.723278397025302,2.6297829769006658,1.809693965482851,1.3111661837013215
WT,outputs/Tau5_joint_refinement/WT/pool_3/conformer_519.pdb,4.534099586380799,2.4970267839033196,3.953160604615474,2.372623668082989
WT,outputs/Tau5_joint_refinement/WT/pool_3/conformer_520.pdb,2.1909031424692027,4.50842622472008,1.4211689481372114,1.6220003580098028
WT,outputs/Tau5_joint_refinement/WT/pool_3/conformer_521.pdb,8.432287922534039,2.8165290593441177,5.430462207445174,1.4450754572035736
WT,outputs/Tau5_joint_refinement/WT/pool_3/conformer_522.pdb,1.3584520714156263,3.7019753943951255,0.5432627397991778,1.7012413182490396
WT,outputs/Tau5_joint_refinement/WT/pool_3/conformer_523.pdb,6.465682599347001,2.433228605091905,5.4793280301198495,1.3580832647540806
WT,outputs/Tau5_joint_refinement/WT/pool_3/conformer_524.pdb,1.472239267564867,2.2522161805056036,0.7076476660471646,1.4378215539049777
WT,outputs/Tau5_joint_refinement/WT/pool_3/conformer_525.pdb,8.247876397754439,2.002845664694639,7.214039232067602,1.5233523699741525
WT,outputs/Tau5_joint_refinement/WT/pool_3/conformer_526.pdb,1.9710722027156404,4.017178873595215,1.3082437100530337,2.21430378362299
WT,outputs/Tau5_joint_refinement/WT/pool_3/conformer_527.pdb,2.126109974962193,3.2726584130214595,1.5022140768752603,1.5281727029218122
WT,outputs/Tau5_joint_refinement/WT/pool_3/conformer_528.pdb,8.281275543472344,2.744394838870954,6.784907991428758,2.3616117892656154
WT,outputs/Tau5_joint_refinement/WT/pool_3/conformer_529.pdb,5.237349996334479,2.7937818523099702,3.0984689305130484,1.6368792782533643
WT,outputs/Tau5_joint_refinement/WT/pool_3/conformer_530.pdb,4.747472449677529,5.168529607862241,3.694689925415245,2.384597746337259
WT,outputs/Tau5_joint_refinement/WT/pool_3/conformer_531.pdb,1.5069922018668989,3.146457631440695,0.7621798011189946,1.564668837869616
WT,outputs/Tau5_joint_refinement/WT/pool_3/conformer_532.pdb,7.567781600009874,4.085230654856063,3.0580627807685876,2.003909121596582
WT,outputs/Tau5_joint_refinement/WT/pool_3/conformer_533.pdb,1.3832880638955363,5.457468506313988,0.5167116854168466,2.651858697520198
WT,outputs/Tau5_joint_refinement/WT/pool_3/conformer_534.pdb,2.0887445088981824,2.677065265925284,0.8734959429677567,1.7558678924354152
WT,outputs/Tau5_joint_refinement/WT/pool_3/conformer_535.pdb,9.034936992703168,3.517473117663011,8.18394981547797,1.7586870425197276
WT,outputs/Tau5_joint_refinement/WT/pool_3/conformer_536.pdb,5.807899148362577,3.9052074354762905,4.420317679115783,2.1298189765344193
WT,outputs/Tau5_joint_refinement/WT/pool_3/conformer_537.pdb,6.941801134321881,4.166184779153798,4.25030399105543,1.6566945230645005
WT,outputs/Tau5_joint_refinement/WT/pool_3/conformer_538.pdb,6.981728588890953,4.189156065806492,6.234216116023075,1.811126897302168
WT,outputs/Tau5_joint_refinement/WT/pool_3/conformer_539.pdb,2.404503586583012,2.803438609795418,1.6022525499577946,1.6452877178744902
WT,outputs/Tau5_joint_refinement/WT/pool_3/conformer_540.pdb,3.0178541450178322,3.008143103059893,2.3067422502026766,1.8172175970396152
WT,outputs/Tau5_joint_refinement/WT/pool_3/conformer_541.pdb,4.190125923760423,2.1724052727279934,3.5158401732189106,1.7411580023668143
WT,outputs/Tau5_joint_refinement/WT/pool_3/conformer_542.pdb,2.7462863923822556,4.255555934293263,1.2800863897302885,2.3499755388449564
WT,outputs/Tau5_joint_refinement/WT/pool_3/conformer_543.pdb,5.445286645049887,3.4554447335977767,4.622780126249934,1.9034439875140314
WT,outputs/Tau5_joint_refinement/WT/pool_3/conformer_544.pdb,3.111524228804397,3.568839213629591,0.6115779004013259,2.034282908999056
WT,outputs/Tau5_joint_refinement/WT/pool_3/conformer_545.pdb,3.2615070870302856,4.862585869806482,2.5559332204015015,1.8761877472498547
WT,outputs/Tau5_joint_refinement/WT/pool_3/conformer_546.pdb,4.5464480193828924,2.9480954897439484,2.426890938890046,2.3045211400649763
WT,outputs/Tau5_joint_refinement/WT/pool_3/conformer_547.pdb,1.586266193296546,2.2902880935065,0.7571842113575833,1.7846158242863834
WT,outputs/Tau5_joint_refinement/WT/pool_3/conformer_548.pdb,3.2752740281554193,3.061022660266205,0.9989002872403916,2.3177229414945124
WT,outputs/Tau5_joint_refinement/WT/pool_3/conformer_549.pdb,4.66515398139668,3.5022411423125828,3.5355742443971896,2.547266948758337
WT,outputs/Tau5_joint_refinement/WT/pool_3/conformer_550.pdb,1.518931518120463,2.5991130713854154,0.8718469122830154,1.457527575892342
WT,outputs/Tau5_joint_refinement/WT/pool_3/conformer_551.pdb,4.679322159040099,2.64831024914761,3.966718332575639,1.7851986860827156
WT,outputs/Tau5_joint_refinement/WT/pool_3/conformer_552.pdb,3.9798465172895017,2.6535063794788063,3.2097993985285984,1.4660246177742995
WT,outputs/Tau5_joint_refinement/WT/pool_3/conformer_553.pdb,2.99341085797157,2.818421130776897,2.2914055769395993,1.6763410600542255
WT,outputs/Tau5_joint_refinement/WT/pool_3/conformer_554.pdb,3.2095050610807214,3.1100396600684386,2.572333043263901,1.8022270961985678
WT,outputs/Tau5_joint_refinement/WT/pool_3/conformer_555.pdb,1.5484303744611012,3.525130530064533,0.3826970037969902,2.3225938156303476
WT,outputs/Tau5_joint_refinement/WT/pool_3/conformer_556.pdb,1.7078259639024873,4.46666869691605,1.0890329986068532,1.6456101125098772
WT,outputs/Tau5_joint_refinement/WT/pool_3/conformer_557.pdb,4.6470659120996,3.0122787217424785,3.4519270181080572,2.5633407123733005
WT,outputs/Tau5_joint_refinement/WT/pool_3/conformer_558.pdb,2.938972058107258,3.5279914381855315,0.8546066799930485,1.943617936533383
WT,outputs/Tau5_joint_refinement/WT/pool_3/conformer_559.pdb,1.7687136856822665,2.702463216856265,1.0068037636309377,2.1446793805494457
WT,outputs/Tau5_joint_refinement/WT/pool_3/conformer_560.pdb,1.630587592929787,3.484242792725419,0.8858712149463019,2.007922533493313
WT,outputs/Tau5_joint_refinement/WT/pool_3/conformer_561.pdb,5.652610203136812,3.754232228553585,3.575055541338301,2.4017624952263215
WT,outputs/Tau5_joint_refinement/WT/pool_3/conformer_562.pdb,5.847974182123568,3.861211446664746,4.29633849848737,2.022695197483504
WT,outputs/Tau5_joint_refinement/WT/pool_3/conformer_563.pdb,3.2459457807423475,3.0495854427806157,2.618253636446103,1.649169547932669
WT,outputs/Tau5_joint_refinement/WT/pool_3/conformer_564.pdb,7.992954956499579,4.213630399649782,4.469266500137451,2.0091038080674677
WT,outputs/Tau5_joint_refinement/WT/pool_3/conformer_565.pdb,1.3192224739302039,3.1985129599217665,0.6679295031407458,1.8964959837872175
WT,outputs/Tau5_joint_refinement/WT/pool_3/conformer_566.pdb,2.1203740472785837,4.395857265772056,1.3788532414511185,1.4126529456995525
WT,outputs/Tau5_joint_refinement/WT/pool_3/conformer_567.pdb,1.5219086350895676,4.031150780340815,0.8304247610809793,2.2478971080104024
WT,outputs/Tau5_joint_refinement/WT/pool_3/conformer_568.pdb,1.5187941959223425,2.5812421126041722,0.8715140584035068,1.529455979022143
WT,outputs/Tau5_joint_refinement/WT/pool_3/conformer_569.pdb,5.348378002128946,3.297389418970331,4.329912374659729,1.7454321424789692
WT,outputs/Tau5_joint_refinement/WT/pool_3/conformer_570.pdb,7.50202746283315,3.0930838959529487,6.619044897265665,1.8916709250231145
WT,outputs/Tau5_joint_refinement/WT/pool_3/conformer_571.pdb,4.108097306601529,3.2985952797411437,2.2088737231823874,1.870407580099897
WT,outputs/Tau5_joint_refinement/WT/pool_3/conformer_572.pdb,3.5908462115985116,3.955733522263654,2.578354438536497,2.2332810044957294
WT,outputs/Tau5_joint_refinement/WT/pool_3/conformer_573.pdb,7.5596934039533314,3.620242013528949,6.069613523052618,1.657118898725169
WT,outputs/Tau5_joint_refinement/WT/pool_3/conformer_574.pdb,6.596033184141938,2.6097207453424653,5.856200230164078,2.0413523485641867
WT,outputs/Tau5_joint_refinement/WT/pool_3/conformer_575.pdb,2.604348120799028,3.6290557082152732,1.3319070223340348,2.033854826709327
WT,outputs/Tau5_joint_refinement/WT/pool_3/conformer_576.pdb,4.186594187748156,3.895277399757889,3.6482399906424714,1.9382534710734272
WT,outputs/Tau5_joint_refinement/WT/pool_3/conformer_577.pdb,6.273662400493933,3.9825263025291884,4.469978484272685,2.0819741825599807
WT,outputs/Tau5_joint_refinement/WT/pool_3/conformer_578.pdb,4.501856880118304,2.8635178928189786,3.9177618954852416,1.698796388084706
WT,outputs/Tau5_joint_refinement/WT/pool_3/conformer_579.pdb,7.39945241884806,4.780420726603204,6.225938688766987,2.391745611634248
WT,outputs/Tau5_joint_refinement/WT/pool_3/conformer_580.pdb,2.2659287365174574,3.596253907025163,1.6482132729445644,1.8555282181398203
WT,outputs/Tau5_joint_refinement/WT/pool_3/conformer_581.pdb,12.578808955986464,2.9144956766393233,5.400485557494261,1.4196731383888626
WT,outputs/Tau5_joint_refinement/WT/pool_3/conformer_582.pdb,3.4205707092136377,4.161748721621651,2.6912336470655736,2.8603541769372414
WT,outputs/Tau5_joint_refinement/WT/pool_3/conformer_583.pdb,2.5196370005345914,3.4993788440707387,1.3283142146262221,1.8154459543115427
WT,outputs/Tau5_joint_refinement/WT/pool_3/conformer_584.pdb,8.226234249399708,2.2668634080246153,6.817618093944972,1.5064068018074959
WT,outputs/Tau5_joint_refinement/WT/pool_3/conformer_585.pdb,7.953914014628343,2.651496135627959,7.328380143128742,2.2077193271751976
WT,outputs/Tau5_joint_refinement/WT/pool_3/conformer_586.pdb,5.600816916993916,3.026217448000038,4.4653905275516355,1.53033054308334
WT,outputs/Tau5_joint_refinement/WT/pool_3/conformer_587.pdb,6.675666573173215,2.8109589029653947,3.599651161553239,2.4318145445486676
WT,outputs/Tau5_joint_refinement/WT/pool_3/conformer_588.pdb,11.131825011729926,3.979811347297392,8.175724989176548,1.402857943005118
WT,outputs/Tau5_joint_refinement/WT/pool_3/conformer_589.pdb,6.557158182322328,2.697186262480438,5.992697809137064,1.381777523169469
WT,outputs/Tau5_joint_refinement/WT/pool_3/conformer_590.pdb,6.837059339055784,2.9270571418404705,4.92801776856664,1.8550463302788065
WT,outputs/Tau5_joint_refinement/WT/pool_3/conformer_591.pdb,4.846940469400513,2.8343536832463134,3.995309813995323,1.6829530962954247
WT,outputs/Tau5_joint_refinement/WT/pool_3/conformer_592.pdb,3.19394882290167,2.2195084351919445,2.091879722951036,1.6350751233550918
WT,outputs/Tau5_joint_refinement/WT/pool_3/conformer_593.pdb,2.9685676506318877,2.86883214246475,2.0731179636092416,1.8609149524808244
WT,outputs/Tau5_joint_refinement/WT/pool_3/conformer_594.pdb,7.588322179294296,2.684800600544744,5.537179156503567,1.4826773363613428
WT,outputs/Tau5_joint_refinement/WT/pool_3/conformer_595.pdb,5.735777544143446,2.8692557606069884,1.904698578344661,1.503052466843239
WT,outputs/Tau5_joint_refinement/WT/pool_3/conformer_596.pdb,4.347725526910041,2.32014902434239,3.671880077150528,1.6830662074378597
WT,outputs/Tau5_joint_refinement/WT/pool_3/conformer_597.pdb,3.591667222753405,4.401063412585881,3.0077502640121465,1.9773015989808613
WT,outputs/Tau5_joint_refinement/WT/pool_3/conformer_598.pdb,6.555904951141726,4.1518259980438295,5.73712412056177,2.399260011413117
WT,outputs/Tau5_joint_refinement/WT/pool_3/conformer_599.pdb,2.959504828753104,2.764523538315167,1.093206401258018,1.6053671311503988
WT,outputs/Tau5_joint_refinement/WT/pool_3/conformer_600.pdb,5.475168252452239,2.5879493276776273,4.669823821663636,1.8407212848720458
WT,outputs/Tau5_joint_refinement/WT/pool_3/conformer_601.pdb,0.9704883616935401,3.1747685653947677,0.41055898166680393,2.0856699018493385
WT,outputs/Tau5_joint_refinement/WT/pool_3/conformer_602.pdb,3.636917639502397,4.343433685038415,2.7893138606208394,1.7000004685651742
WT,outputs/Tau5_joint_refinement/WT/pool_3/conformer_603.pdb,1.885399949747559,3.04541776959368,1.3315683451634146,1.7460247999765899
WT,outputs/Tau5_joint_refinement/WT/pool_3/conformer_604.pdb,10.013176911931778,3.317677833737883,9.282728743657893,1.8702236924639033
WT,outputs/Tau5_joint_refinement/WT/pool_3/conformer_605.pdb,4.6815818031274965,4.0762761096992515,0.9972532652304591,1.9477655796858102
WT,outputs/Tau5_joint_refinement/WT/pool_3/conformer_606.pdb,3.578578649807462,4.324696509636865,2.2279827411987077,2.3735445084790103
WT,outputs/Tau5_joint_refinement/WT/pool_3/conformer_607.pdb,3.749633489488214,3.5550547468938505,0.5163984448581128,1.8295338777280035
WT,outputs/Tau5_joint_refinement/WT/pool_3/conformer_608.pdb,1.3140410605329478,2.8806607896465257,0.7117041630662715,1.5887353516220448
WT,outputs/Tau5_joint_refinement/WT/pool_3/conformer_609.pdb,1.5155824629441141,2.8944312361299454,0.6544397363467522,1.9501936390962056
WT,outputs/Tau5_joint_refinement/WT/pool_3/conformer_610.pdb,4.515481497567577,3.242322416842444,3.795774987303361,1.5487224432720805
WT,outputs/Tau5_joint_refinement/WT/pool_3/conformer_611.pdb,5.714184684504646,5.417947439239367,2.042960169736762,1.9170366228267337
WT,outputs/Tau5_joint_refinement/WT/pool_3/conformer_612.pdb,4.1278704244081625,4.59022337173273,3.180033425637109,2.6847423789891236
WT,outputs/Tau5_joint_refinement/WT/pool_3/conformer_613.pdb,2.7653197850975237,2.792584911911936,1.453327877541701,1.6306542617328168
WT,outputs/Tau5_joint_refinement/WT/pool_3/conformer_614.pdb,2.4009913271034558,4.354268907159849,1.6966604434443566,2.0078124901103784
WT,outputs/Tau5_joint_refinement/WT/pool_3/conformer_615.pdb,2.3754898003798126,2.395556746838097,1.402489449684462,1.656478700157432
WT,outputs/Tau5_joint_refinement/WT/pool_3/conformer_616.pdb,4.11443379782956,3.9832273144126034,2.5652582913570057,1.5978333658007242
WT,outputs/Tau5_joint_refinement/WT/pool_3/conformer_617.pdb,5.392998341491462,2.3680872524610974,4.766291270444131,1.5762371080116189
WT,outputs/Tau5_joint_refinement/WT/pool_3/conformer_618.pdb,4.74860749070631,3.4726774832779927,3.910722404774052,1.678779387477935
WT,outputs/Tau5_joint_refinement/WT/pool_3/conformer_619.pdb,2.765471612143495,3.2844127777983814,2.090122299128989,2.0197391269164426
WT,outputs/Tau5_joint_refinement/WT/pool_3/conformer_620.pdb,6.235896337931538,3.5008291319945233,4.669983839510877,1.5136753764868651
WT,outputs/Tau5_joint_refinement/WT/pool_3/conformer_621.pdb,2.0511602389691275,4.45162358095913,1.31715975679568,1.8917235286687653
WT,outputs/Tau5_joint_refinement/WT/pool_3/conformer_622.pdb,1.9088685019698555,2.4199577947223583,1.0307158431670427,1.6850115923172821
WT,outputs/Tau5_joint_refinement/WT/pool_3/conformer_623.pdb,7.079422156049065,3.1626422190277994,4.4642406309918785,2.0622061369124234
WT,outputs/Tau5_joint_refinement/WT/pool_3/conformer_624.pdb,2.3685821226807677,3.8413244433061067,0.6472766326312669,2.8387841018595728
WT,outputs/Tau5_joint_refinement/WT/pool_3/conformer_625.pdb,6.056980715382966,2.2058986366248097,5.32906591518354,1.8895024950325034
WT,outputs/Tau5_joint_refinement/WT/pool_3/conformer_626.pdb,5.426059088417445,4.116403150946156,1.199084858733913,2.835227742446273
WT,outputs/Tau5_joint_refinement/WT/pool_3/conformer_627.pdb,2.7992878591136585,3.5418924681535993,1.2365817477130254,1.9432460420146196
WT,outputs/Tau5_joint_refinement/WT/pool_3/conformer_628.pdb,3.5052867612112304,3.295087863565713,1.9900643497637684,1.9845333132791367
WT,outputs/Tau5_joint_refinement/WT/pool_3/conformer_629.pdb,2.6817908349286306,4.051943353597444,1.117955411011012,1.9509119087374753
WT,outputs/Tau5_joint_refinement/WT/pool_3/conformer_630.pdb,3.863869429087927,3.2512053256197455,2.7839752320471596,1.8940206586725277
WT,outputs/Tau5_joint_refinement/WT/pool_3/conformer_631.pdb,5.102651278729459,3.6464262623592996,4.4573999381122125,1.8112254259892666
WT,outputs/Tau5_joint_refinement/WT/pool_3/conformer_632.pdb,5.094968352273451,3.3166554129074153,4.285155038335194,1.867956560289566
WT,outputs/Tau5_joint_refinement/WT/pool_3/conformer_633.pdb,2.012745521719462,2.532658729746354,0.8431696389340785,1.6223127477733787
WT,outputs/Tau5_joint_refinement/WT/pool_3/conformer_634.pdb,5.838707940893912,2.4011375531093764,5.032574367435566,2.0257282717709932
WT,outputs/Tau5_joint_refinement/WT/pool_3/conformer_635.pdb,1.9120941733737213,2.5366840248386335,1.0425951522952759,1.9821370303091639
WT,outputs/Tau5_joint_refinement/WT/pool_3/conformer_636.pdb,3.7600670555514775,2.5991349699262924,2.692882594424782,1.9402236210510146
WT,outputs/Tau5_joint_refinement/WT/pool_3/conformer_637.pdb,5.467095106313138,4.287204661764696,4.86765910260207,1.772954241107723
WT,outputs/Tau5_joint_refinement/WT/pool_3/conformer_638.pdb,5.5938121950487805,2.8332657547878335,4.216499638773115,1.8102171803528557
WT,outputs/Tau5_joint_refinement/WT/pool_3/conformer_639.pdb,2.2895413730506933,2.7961883979231192,1.4029701087864215,2.3494843185411542
WT,outputs/Tau5_joint_refinement/WT/pool_3/conformer_640.pdb,1.3117110102874054,3.7182640418945283,0.601087795835729,1.935417740946554
WT,outputs/Tau5_joint_refinement/WT/pool_3/conformer_641.pdb,5.116614367564918,2.2803561835570347,4.419296425209726,1.4039902460185323
WT,outputs/Tau5_joint_refinement/WT/pool_3/conformer_642.pdb,3.6986177229637556,3.0894258827121144,3.1386084053558196,1.6709246035492367
WT,outputs/Tau5_joint_refinement/WT/pool_3/conformer_643.pdb,2.234101717482127,3.543221580888543,1.3255642074760863,2.04508770009138
WT,outputs/Tau5_joint_refinement/WT/pool_3/conformer_644.pdb,2.930741331676781,2.1030647796273483,2.148152651264611,1.5504000581945347
WT,outputs/Tau5_joint_refinement/WT/pool_3/conformer_645.pdb,2.296409685305491,2.990275089245669,1.6171790687677632,2.1998250425003363
WT,outputs/Tau5_joint_refinement/WT/pool_3/conformer_646.pdb,9.017969248876959,3.2153369497770194,7.830539494298738,2.1330583289254457
WT,outputs/Tau5_joint_refinement/WT/pool_3/conformer_647.pdb,1.671925103798582,3.2639891612844916,0.8269639272904545,2.0035548371344802
WT,outputs/Tau5_joint_refinement/WT/pool_3/conformer_648.pdb,1.6159497916272592,3.945871061914312,0.9060797592616775,2.368947941298203
WT,outputs/Tau5_joint_refinement/WT/pool_3/conformer_649.pdb,6.565634648614488,2.6029172917386263,5.390880313250951,1.975650104830195
WT,outputs/Tau5_joint_refinement/WT/pool_3/conformer_650.pdb,3.9566912029292935,2.418742468528326,3.293930429610033,1.7014558395076385
WT,outputs/Tau5_joint_refinement/WT/pool_3/conformer_651.pdb,1.3652653900752068,3.9236191406793743,0.6720719189250707,2.1717200125994602
WT,outputs/Tau5_joint_refinement/WT/pool_3/conformer_652.pdb,7.433638159071502,4.218508453519558,6.455947495711507,2.021043299732624
WT,outputs/Tau5_joint_refinement/WT/pool_3/conformer_653.pdb,1.5339876765835532,3.6189889954925984,0.6327713966876397,1.5026897579330667
WT,outputs/Tau5_joint_refinement/WT/pool_3/conformer_654.pdb,3.926640136829511,2.5834251651976277,3.0858902464015223,1.8957656178609001
WT,outputs/Tau5_joint_refinement/WT/pool_3/conformer_655.pdb,5.27601983785906,2.9442247184149677,3.7170940497360734,1.5859421217133822
WT,outputs/Tau5_joint_refinement/WT/pool_3/conformer_656.pdb,7.638868587839003,2.7685728223283954,3.7641245661592593,2.51010695708078
WT,outputs/Tau5_joint_refinement/WT/pool_3/conformer_657.pdb,8.83951475430817,3.960118098818203,5.8887524302905545,1.8772541096548965
WT,outputs/Tau5_joint_refinement/WT/pool_3/conformer_658.pdb,5.027213982529233,3.702146062756765,4.089667965839831,2.1739143077454273
WT,outputs/Tau5_joint_refinement/WT/pool_3/conformer_659.pdb,6.9265656778260345,3.2179375984577536,3.8506363271871202,2.4613707479702542
WT,outputs/Tau5_joint_refinement/WT/pool_3/conformer_660.pdb,2.8215643109998494,3.674560747083513,1.8630683078872075,2.1395696507882094
WT,outputs/Tau5_joint_refinement/WT/pool_3/conformer_661.pdb,1.944640701190292,2.876634346238263,1.2014787481848561,2.3249505334126335
WT,outputs/Tau5_joint_refinement/WT/pool_3/conformer_662.pdb,4.583394567756625,3.9002963929700623,3.1416668746570635,1.357293585628874
WT,outputs/Tau5_joint_refinement/WT/pool_3/conformer_663.pdb,10.167281642745861,3.0355975764395082,9.339994050969393,2.748793117395073
WT,outputs/Tau5_joint_refinement/WT/pool_3/conformer_664.pdb,7.176526961500492,3.5636859276529114,5.23932012361715,1.871695479005286
WT,outputs/Tau5_joint_refinement/WT/pool_3/conformer_665.pdb,1.0991429759365587,2.451497953446865,0.4988243335973281,1.6795055214682146
WT,outputs/Tau5_joint_refinement/WT/pool_3/conformer_666.pdb,1.3644318301812428,3.24679649069375,0.6845771536564811,1.781572349685855
WT,outputs/Tau5_joint_refinement/WT/pool_3/conformer_667.pdb,2.895879595475511,3.2730516726810586,1.879253254448811,1.9500699371673187
WT,outputs/Tau5_joint_refinement/WT/pool_3/conformer_668.pdb,4.166552375163338,2.612051605278008,3.54518933258355,1.2815465338146212
WT,outputs/Tau5_joint_refinement/WT/pool_3/conformer_669.pdb,5.438922800463334,2.666842611709689,4.61061692474887,2.4425747125627275
WT,outputs/Tau5_joint_refinement/WT/pool_3/conformer_670.pdb,8.745210413411654,3.9472794731778027,8.062752788945527,2.639035060398546
WT,outputs/Tau5_joint_refinement/WT/pool_3/conformer_671.pdb,3.031707507290755,3.252263829201109,2.3525984694345845,1.8720607760790102
WT,outputs/Tau5_joint_refinement/WT/pool_3/conformer_672.pdb,8.89448011308114,2.336640007880053,8.18233359113746,1.7480825498847972
WT,outputs/Tau5_joint_refinement/WT/pool_3/conformer_673.pdb,1.7782268243479276,2.691991937342046,1.2256345890466964,1.6188170798399384
WT,outputs/Tau5_joint_refinement/WT/pool_3/conformer_674.pdb,2.2351181418371913,2.816663247475612,1.1856383555934273,1.8528450444648175
WT,outputs/Tau5_joint_refinement/WT/pool_3/conformer_675.pdb,3.5616177210785573,3.949824155638486,0.7247213877364226,1.8014061141984845
WT,outputs/Tau5_joint_refinement/WT/pool_3/conformer_676.pdb,3.456384732486765,3.273075282751533,2.7741220721010325,2.4256796404972163
WT,outputs/Tau5_joint_refinement/WT/pool_3/conformer_677.pdb,5.6452631108668605,3.873972786160097,5.03423514158582,1.8457322883587908
WT,outputs/Tau5_joint_refinement/WT/pool_3/conformer_678.pdb,1.610932783317051,3.0044646966318216,0.6367059414570412,1.936259827756478
WT,outputs/Tau5_joint_refinement/WT/pool_3/conformer_679.pdb,1.6951478828173463,3.9352310821889978,1.0191329202135357,2.1782097426982525
WT,outputs/Tau5_joint_refinement/WT/pool_3/conformer_680.pdb,6.153109817292529,3.87423821547029,3.126235576451035,2.105739830809447
WT,outputs/Tau5_joint_refinement/WT/pool_3/conformer_681.pdb,7.230503211231847,4.221152953017875,6.573762307558405,1.4975902232315588
WT,outputs/Tau5_joint_refinement/WT/pool_3/conformer_682.pdb,6.012290869064887,2.6032642146592986,4.401601304865451,1.9137720116887524
WT,outputs/Tau5_joint_refinement/WT/pool_3/conformer_683.pdb,6.383812161566745,2.7398307831747464,1.0247747005140955,2.2377132161857154
WT,outputs/Tau5_joint_refinement/WT/pool_3/conformer_684.pdb,1.909494489294691,3.3292589289311905,0.8501135497665008,2.2746195157698454
WT,outputs/Tau5_joint_refinement/WT/pool_3/conformer_685.pdb,6.6164614231329635,3.692629617036896,5.60000354443044,1.3960827652609087
WT,outputs/Tau5_joint_refinement/WT/pool_3/conformer_686.pdb,1.4021144882641097,3.6419304283570626,0.7321273729207419,1.8089148798584587
WT,outputs/Tau5_joint_refinement/WT/pool_3/conformer_687.pdb,2.8364772420061457,3.2117660106657917,0.7197055397631874,2.5651640798028077
WT,outputs/Tau5_joint_refinement/WT/pool_3/conformer_688.pdb,2.579067735070522,2.0517691839684695,1.5022962555049824,1.4261157941271558
WT,outputs/Tau5_joint_refinement/WT/pool_3/conformer_689.pdb,1.55653021844963,3.2028530674426956,0.5779139272992987,1.7536393258449334
WT,outputs/Tau5_joint_refinement/WT/pool_3/conformer_690.pdb,5.643321879028043,3.606083116360272,2.929996666112017,2.3922680818577016
WT,outputs/Tau5_joint_refinement/WT/pool_3/conformer_691.pdb,3.20473377958835,2.9464040055019938,2.6261215336699095,1.5397158798969244
WT,outputs/Tau5_joint_refinement/WT/pool_3/conformer_692.pdb,1.6126468595058816,3.100617074677658,0.7489283884359477,2.030989437415855
WT,outputs/Tau5_joint_refinement/WT/pool_3/conformer_693.pdb,4.661263010812935,3.3205160010810695,2.438589734810955,1.6828186983817022
WT,outputs/Tau5_joint_refinement/WT/pool_3/conformer_694.pdb,3.7791958714347884,2.2087046347057893,2.638747508460472,1.8542992115074615
WT,outputs/Tau5_joint_refinement/WT/pool_3/conformer_695.pdb,6.386315904744094,3.8650916026351068,4.80863891160875,1.7884074751800763
WT,outputs/Tau5_joint_refinement/WT/pool_3/conformer_696.pdb,3.492686477265072,4.829530512015664,2.749464114042473,2.294292110546785
WT,outputs/Tau5_joint_refinement/WT/pool_3/conformer_697.pdb,1.4726400141455764,3.7508432971839625,0.5071629941346708,1.7383597090940444
WT,outputs/Tau5_joint_refinement/WT/pool_3/conformer_698.pdb,6.998515686709793,2.1603711387640923,3.440718669737852,1.7063763012329487
WT,outputs/Tau5_joint_refinement/WT/pool_3/conformer_699.pdb,5.824577886815522,3.642982112135072,1.6675899112203392,1.5385764122399057
WT,outputs/Tau5_joint_refinement/WT/pool_3/conformer_700.pdb,5.862194738861706,3.070508045194616,4.933229152412027,1.5586837515441696
WT,outputs/Tau5_joint_refinement/WT/pool_3/conformer_701.pdb,2.179886417045558,2.651774600980943,1.4355118227526478,1.8623697723125077
WT,outputs/Tau5_joint_refinement/WT/pool_3/conformer_702.pdb,1.3833372627803415,3.8841817670485277,0.6537449275558629,1.3661290785057725
WT,outputs/Tau5_joint_refinement/WT/pool_3/conformer_703.pdb,7.543849829120538,3.498408623359758,4.485257427442288,1.5755908575278212
WT,outputs/Tau5_joint_refinement/WT/pool_3/conformer_704.pdb,1.9118982795027066,2.9957471361120604,1.0685365836631866,2.5288493644641057
WT,outputs/Tau5_joint_refinement/WT/pool_3/conformer_705.pdb,4.4365003845598965,3.9513819381472066,0.5985410420777939,1.585182090450559
WT,outputs/Tau5_joint_refinement/WT/pool_3/conformer_706.pdb,2.5231001715687773,3.5384534410776562,1.764845280466032,1.4610893490614079
WT,outputs/Tau5_joint_refinement/WT/pool_3/conformer_707.pdb,2.2516943814585773,3.613574951666344,1.6050352042410736,1.6849626053719748
WT,outputs/Tau5_joint_refinement/WT/pool_3/conformer_708.pdb,5.0828979060067185,2.7653311676591437,3.807357999715619,1.867210920528549
WT,outputs/Tau5_joint_refinement/WT/pool_3/conformer_709.pdb,2.102963038005661,2.3386832685659122,0.5900041885700109,1.4947090458036114
WT,outputs/Tau5_joint_refinement/WT/pool_3/conformer_710.pdb,1.215288410980466,3.517917524628582,0.4699306349843952,1.3325084494350077
WT,outputs/Tau5_joint_refinement/WT/pool_3/conformer_711.pdb,6.635692416975472,3.187895996104946,3.637273273510227,1.4220979492970132
WT,outputs/Tau5_joint_refinement/WT/pool_3/conformer_712.pdb,6.526660952500215,2.507159721165234,4.295088132289834,1.7186773139611962
WT,outputs/Tau5_joint_refinement/WT/pool_3/conformer_713.pdb,8.361904597625536,2.857636372495098,7.607659834969646,1.4612705160284425
WT,outputs/Tau5_joint_refinement/WT/pool_3/conformer_714.pdb,2.0696144987161667,3.1774055197945437,1.1116065480052235,2.2878392066722553
WT,outputs/Tau5_joint_refinement/WT/pool_3/conformer_715.pdb,2.801986384258267,4.568741421663477,1.705603285569477,2.30649382716384
WT,outputs/Tau5_joint_refinement/WT/pool_3/conformer_716.pdb,2.716313607046268,4.085525301386183,1.8611638632114869,1.966187113003703
WT,outputs/Tau5_joint_refinement/WT/pool_3/conformer_717.pdb,2.3644604853770934,3.3670451170345976,1.0623660368303018,1.6423528483836078
WT,outputs/Tau5_joint_refinement/WT/pool_3/conformer_718.pdb,1.6429397707076439,5.347262839761326,0.7795532215033466,2.0071162879453346
WT,outputs/Tau5_joint_refinement/WT/pool_3/conformer_719.pdb,6.636837057584182,4.5274455605726835,4.554856243704375,1.8593493524358724
WT,outputs/Tau5_joint_refinement/WT/pool_3/conformer_720.pdb,1.8272520493274762,3.4230704549485487,0.8236672271350757,1.5462582710449353
WT,outputs/Tau5_joint_refinement/WT/pool_3/conformer_721.pdb,1.9429832979722255,4.208540480339668,0.9260916028040993,2.36994614799588
WT,outputs/Tau5_joint_refinement/WT/pool_3/conformer_722.pdb,1.9072960935334229,4.422603820522083,1.2541504240331383,1.665481047014814
WT,outputs/Tau5_joint_refinement/WT/pool_3/conformer_723.pdb,2.4920336743863443,3.7572663730462743,1.372377381661533,1.7618062758376685
WT,outputs/Tau5_joint_refinement/WT/pool_3/conformer_724.pdb,3.3938582474776933,2.5921885187721525,2.1860818693534396,1.8577766323746228
WT,outputs/Tau5_joint_refinement/WT/pool_3/conformer_725.pdb,4.825070850659616,3.6240227478685547,3.665455500313533,1.8792508642771668
WT,outputs/Tau5_joint_refinement/WT/pool_3/conformer_726.pdb,3.1985096982108274,3.429251818950353,1.030028280297835,1.8426461713584803
WT,outputs/Tau5_joint_refinement/WT/pool_3/conformer_727.pdb,8.20109598228047,3.102913959707874,4.6963659203895185,1.7400920357396008
WT,outputs/Tau5_joint_refinement/WT/pool_3/conformer_728.pdb,6.173721102869266,2.861135270210595,5.524474453531083,2.0191181901324775
WT,outputs/Tau5_joint_refinement/WT/pool_3/conformer_729.pdb,5.069038134849483,3.330528888712514,4.2938723433471955,1.476920393027519
WT,outputs/Tau5_joint_refinement/WT/pool_3/conformer_730.pdb,1.6166672142757428,3.8100262262511433,0.8924788985022039,1.896476342083967
WT,outputs/Tau5_joint_refinement/WT/pool_3/conformer_731.pdb,6.269826909650007,2.9303227368911045,1.3727008265128657,1.5565609375691245
WT,outputs/Tau5_joint_refinement/WT/pool_3/conformer_732.pdb,1.3326542668348005,2.712236802864473,0.5444593022781745,1.5188199240768996
WT,outputs/Tau5_joint_refinement/WT/pool_3/conformer_733.pdb,3.4578013151224494,4.099839037805665,2.8170868872005217,1.818595020777912
WT,outputs/Tau5_joint_refinement/WT/pool_3/conformer_734.pdb,1.8208636391882167,3.789775684317994,1.0139960554456928,1.9378346674819547
WT,outputs/Tau5_joint_refinement/WT/pool_3/conformer_735.pdb,3.6674382177967493,3.1405533055646506,2.845084771032422,2.0481170184425634
WT,outputs/Tau5_joint_refinement/WT/pool_3/conformer_736.pdb,2.468747860113862,3.0645410672188476,1.654220110044685,1.4628093082934108
WT,outputs/Tau5_joint_refinement/WT/pool_3/conformer_737.pdb,5.122919080794966,3.441343382044528,4.342070316132068,1.3916356328842008
WT,outputs/Tau5_joint_refinement/WT/pool_3/conformer_738.pdb,5.0282769978422435,2.6830306715689742,3.492177851512036,1.704912611347278
WT,outputs/Tau5_joint_refinement/WT/pool_3/conformer_739.pdb,3.3119542357393024,2.9128068058692214,2.4406936580361154,2.1056050846543664
WT,outputs/Tau5_joint_refinement/WT/pool_3/conformer_740.pdb,1.4369093798217079,2.69441591259938,0.7330002179182835,1.53073915776865
WT,outputs/Tau5_joint_refinement/WT/pool_3/conformer_741.pdb,1.9379099129712563,3.7303634063469606,0.6679237534197185,2.320206023909618
WT,outputs/Tau5_joint_refinement/WT/pool_3/conformer_742.pdb,3.1360106871179383,3.980789806396866,2.008096314006036,2.4428208575534582
WT,outputs/Tau5_joint_refinement/WT/pool_3/conformer_743.pdb,2.4172414455904816,2.9767882207113714,1.6010020243972345,2.102351674885715
WT,outputs/Tau5_joint_refinement/WT/pool_3/conformer_744.pdb,4.1657768455073185,5.328526261510489,3.4886699627339075,2.208206972405059
WT,outputs/Tau5_joint_refinement/WT/pool_3/conformer_745.pdb,1.4554654251724761,2.920875304328857,0.8300331730296172,1.4196936214003253
WT,outputs/Tau5_joint_refinement/WT/pool_3/conformer_746.pdb,3.9687419209963926,3.395951759084304,1.8497954158597225,1.3872479924732901
WT,outputs/Tau5_joint_refinement/WT/pool_3/conformer_747.pdb,1.510315369867926,4.444023769671373,0.6587321659054325,2.5996149514361218
WT,outputs/Tau5_joint_refinement/WT/pool_3/conformer_748.pdb,6.158664024703694,4.728353456971262,2.159121134385247,2.0601276771309576
WT,outputs/Tau5_joint_refinement/WT/pool_3/conformer_749.pdb,5.713206156044798,3.6920203602869814,2.752991785156984,1.5174345029226388
WT,outputs/Tau5_joint_refinement/WT/pool_3/conformer_750.pdb,2.727844693029497,4.440149191581214,1.7882324150874047,1.6824777446209416
WT,outputs/Tau5_joint_refinement/WT/pool_3/conformer_751.pdb,2.022298957712897,3.2657216577379566,1.1209892483354245,2.33272904063564
WT,outputs/Tau5_joint_refinement/WT/pool_3/conformer_752.pdb,3.73715103376763,2.5575259834511512,0.9109303199922141,2.049390737106677
WT,outputs/Tau5_joint_refinement/WT/pool_3/conformer_753.pdb,5.964862935489711,3.113642387750483,5.178396138768583,1.7815385114261535
WT,outputs/Tau5_joint_refinement/WT/pool_3/conformer_754.pdb,2.4603627412500115,2.9662694901224413,1.7810224118685156,2.5125041015107654
WT,outputs/Tau5_joint_refinement/WT/pool_3/conformer_755.pdb,8.216080567340653,5.687217652054071,6.465960547519076,2.522349254022878
WT,outputs/Tau5_joint_refinement/WT/pool_3/conformer_756.pdb,4.394104566113842,3.0387178543218365,2.378156313538886,1.7499241310722384
WT,outputs/Tau5_joint_refinement/WT/pool_3/conformer_757.pdb,2.326024334856797,4.77798772719649,1.3468071842544471,1.5544505586115402
WT,outputs/Tau5_joint_refinement/WT/pool_3/conformer_758.pdb,7.615800123505058,3.948006338782747,6.671612946467893,1.9216013897877096
WT,outputs/Tau5_joint_refinement/WT/pool_3/conformer_759.pdb,3.4239755147485043,2.728555601701964,1.5244323809195741,2.2358738696289797
WT,outputs/Tau5_joint_refinement/WT/pool_3/conformer_760.pdb,3.081465435111902,2.5359250826175073,2.1269712842992163,1.9714604113864176
WT,outputs/Tau5_joint_refinement/WT/pool_3/conformer_761.pdb,1.5426965883630115,4.481344884397459,0.7170011360591032,1.8752553153356253
WT,outputs/Tau5_joint_refinement/WT/pool_3/conformer_762.pdb,4.7728731934417885,2.8083968973571767,3.980762912632499,1.8305551978238663
WT,outputs/Tau5_joint_refinement/WT/pool_3/conformer_763.pdb,3.3891387964008453,4.175857331720687,2.041468739897466,1.80927624349909
WT,outputs/Tau5_joint_refinement/WT/pool_3/conformer_764.pdb,2.519845977679355,2.688654420594425,0.5204676853149593,1.8315692751999595
WT,outputs/Tau5_joint_refinement/WT/pool_3/conformer_765.pdb,6.782703819877893,3.9075786110108095,5.258878285648629,1.8633949383262387
WT,outputs/Tau5_joint_refinement/WT/pool_3/conformer_766.pdb,10.471197607730018,3.877186692389696,9.441922192085443,2.3477934352136685
WT,outputs/Tau5_joint_refinement/WT/pool_3/conformer_767.pdb,6.824989769378526,4.076482337397001,5.016747629200171,1.823287753783341
WT,outputs/Tau5_joint_refinement/WT/pool_3/conformer_768.pdb,4.190853637207517,3.492324305930714,3.0811711052463826,1.4238141446048753
WT,outputs/Tau5_joint_refinement/WT/pool_3/conformer_769.pdb,11.199924238037417,3.693973521887918,8.97158677424077,2.0542667262962366
WT,outputs/Tau5_joint_refinement/WT/pool_3/conformer_770.pdb,1.927697081759143,4.399104229542314,1.2239101641261638,1.949239302664743
WT,outputs/Tau5_joint_refinement/WT/pool_3/conformer_771.pdb,2.306868914455985,3.519145483332921,1.1863983540026897,2.052524503873684
WT,outputs/Tau5_joint_refinement/WT/pool_3/conformer_772.pdb,7.836918426081319,2.965976024543701,5.0427149441356605,2.011912504406946
WT,outputs/Tau5_joint_refinement/WT/pool_3/conformer_773.pdb,1.0797065295405701,3.213384632962204,0.5168255893532635,2.473828447263302
WT,outputs/Tau5_joint_refinement/WT/pool_3/conformer_774.pdb,6.57011095272802,2.9698709329658914,5.395223295428694,2.0624079218175453
WT,outputs/Tau5_joint_refinement/WT/pool_3/conformer_775.pdb,3.950244510242419,4.408893278103581,3.3025090286279237,2.383564963591317
WT,outputs/Tau5_joint_refinement/WT/pool_3/conformer_776.pdb,3.332152413776208,2.7602351044433497,0.7541108382910414,1.6968053621370487
WT,outputs/Tau5_joint_refinement/WT/pool_3/conformer_777.pdb,2.596599059889628,1.9187336785726383,1.5716278708200002,1.546764380215996
WT,outputs/Tau5_joint_refinement/WT/pool_3/conformer_778.pdb,3.73975581562841,3.5021922205490528,2.4097929207132993,1.831300687250383
WT,outputs/Tau5_joint_refinement/WT/pool_3/conformer_779.pdb,7.66385634681631,2.7935930986292594,4.014803968783199,2.018890635269264
WT,outputs/Tau5_joint_refinement/WT/pool_3/conformer_780.pdb,2.7711581147246593,3.8778664810338292,1.4737895594023263,1.6097955558316264
WT,outputs/Tau5_joint_refinement/WT/pool_3/conformer_781.pdb,1.6240080265871677,3.738340389932317,0.7574963507409915,1.6751253283365297
WT,outputs/Tau5_joint_refinement/WT/pool_3/conformer_782.pdb,5.250021212940945,3.3518180657887617,4.4469999462551275,1.3002757549666462
WT,outputs/Tau5_joint_refinement/WT/pool_3/conformer_783.pdb,2.6404407335688584,3.89529275218509,2.000718009327489,1.3775426710213714
WT,outputs/Tau5_joint_refinement/WT/pool_3/conformer_784.pdb,1.3751222396254228,3.0706414329857448,0.7677071050431787,2.1928544517913338
WT,outputs/Tau5_joint_refinement/WT/pool_3/conformer_785.pdb,1.5887605928779949,3.1777534696051393,0.8000257264279981,1.8970902001368721
WT,outputs/Tau5_joint_refinement/WT/pool_3/conformer_786.pdb,5.890258585201775,4.114410004628887,4.944382345297725,1.8856832956894485
WT,outputs/Tau5_joint_refinement/WT/pool_3/conformer_787.pdb,2.7637750240968515,3.5104126760648926,1.8771634988880495,1.912510961895022
WT,outputs/Tau5_joint_refinement/WT/pool_3/conformer_788.pdb,8.578400680455982,3.39406371966791,7.989538638438737,1.530253283895541
WT,outputs/Tau5_joint_refinement/WT/pool_3/conformer_789.pdb,2.2168282384345597,3.034623854067534,1.4746977274852497,1.7108239464498307
WT,outputs/Tau5_joint_refinement/WT/pool_3/conformer_790.pdb,5.649945809609945,5.481981580515933,4.578116045993972,1.7719381982592552
WT,outputs/Tau5_joint_refinement/WT/pool_3/conformer_791.pdb,3.4670191672197617,2.750926783544704,2.78636599221761,2.1793503182988414
WT,outputs/Tau5_joint_refinement/WT/pool_3/conformer_792.pdb,3.742176683711879,3.9794454552738006,2.764844447401032,1.7677583324451362
WT,outputs/Tau5_joint_refinement/WT/pool_3/conformer_793.pdb,9.906559119164614,3.341306145456174,7.108300827956834,1.753117258637279
WT,outputs/Tau5_joint_refinement/WT/pool_3/conformer_794.pdb,7.549395010298853,2.5451449653607923,6.371673839760637,1.6098598621580786
WT,outputs/Tau5_joint_refinement/WT/pool_3/conformer_795.pdb,3.139616823880179,3.5900354091269655,2.4945133351516895,1.705150356488664
WT,outputs/Tau5_joint_refinement/WT/pool_3/conformer_796.pdb,8.745136934442613,3.4961073083857017,8.091052571202788,2.084351456727638
WT,outputs/Tau5_joint_refinement/WT/pool_3/conformer_797.pdb,5.136339205100943,2.766840354489691,4.373803891500996,1.5541248428382173
WT,outputs/Tau5_joint_refinement/WT/pool_3/conformer_798.pdb,2.6060409312068016,2.611229229129932,1.1492436390416307,2.4652284015679604
WT,outputs/Tau5_joint_refinement/WT/pool_3/conformer_799.pdb,4.610239614398987,2.3603583206732672,3.26697174480558,1.3275411590793502
WT,outputs/Tau5_joint_refinement/WT/pool_3/conformer_800.pdb,2.3917376988448176,3.568608670514634,0.7617447965735786,1.9437476123303796
WT,outputs/Tau5_joint_refinement/WT/pool_3/conformer_801.pdb,13.37927749992243,2.4188571854209373,5.604769079231582,2.0749697251932977
WT,outputs/Tau5_joint_refinement/WT/pool_3/conformer_802.pdb,6.186320043657632,3.2764756537062594,5.38229091513821,2.0135965237146416
WT,outputs/Tau5_joint_refinement/WT/pool_3/conformer_803.pdb,9.796718732821367,3.2365868503846205,6.4242173336326935,1.3554266045018177
WT,outputs/Tau5_joint_refinement/WT/pool_3/conformer_804.pdb,4.368744924462516,3.5353653877689535,3.563412351420361,2.0580420436515623
WT,outputs/Tau5_joint_refinement/WT/pool_3/conformer_805.pdb,1.6979082673422727,4.012480669923152,0.6585597205130184,2.5435558208873705
WT,outputs/Tau5_joint_refinement/WT/pool_3/conformer_806.pdb,5.183923247783013,3.358963200303075,3.0696310305027596,1.6530108446089429
WT,outputs/Tau5_joint_refinement/WT/pool_3/conformer_807.pdb,2.9513245980271976,4.464231258241492,1.9250921841793227,2.5146450933641424
WT,outputs/Tau5_joint_refinement/WT/pool_3/conformer_808.pdb,2.359511749999697,2.2791450333132355,0.9572310729777382,1.5174061275663038
WT,outputs/Tau5_joint_refinement/WT/pool_3/conformer_809.pdb,4.366145201015312,3.8860867810207615,3.6004074267774864,2.0278358445431186
WT,outputs/Tau5_joint_refinement/WT/pool_3/conformer_810.pdb,5.803435901891145,2.063354070253563,1.2342701606197601,1.6845443604899653
WT,outputs/Tau5_joint_refinement/WT/pool_3/conformer_811.pdb,1.6984221221787879,3.325882703913395,0.6068610852686659,2.6812222296543657
WT,outputs/Tau5_joint_refinement/WT/pool_3/conformer_812.pdb,6.331416839935701,3.983961621141595,4.1922635636726815,2.2326073381986458
WT,outputs/Tau5_joint_refinement/WT/pool_3/conformer_813.pdb,2.860867532764353,2.987626268589027,1.3657251783576971,2.0182946302887554
WT,outputs/Tau5_joint_refinement/WT/pool_3/conformer_814.pdb,8.996050861653323,3.4597053373071627,7.691060224829604,1.4268407823339566
WT,outputs/Tau5_joint_refinement/WT/pool_3/conformer_815.pdb,1.530726849508553,5.0126909567759865,0.6795617130893711,2.372052900503484
WT,outputs/Tau5_joint_refinement/WT/pool_3/conformer_816.pdb,1.8130131612837586,2.553007533776204,1.0495714103061144,1.562583582343049
WT,outputs/Tau5_joint_refinement/WT/pool_3/conformer_817.pdb,2.1601021963077853,2.915429251376535,0.886402776452561,1.4418741115192366
WT,outputs/Tau5_joint_refinement/WT/pool_3/conformer_818.pdb,4.251475263671169,3.817751378922673,3.2058315560500144,2.4398052870070703
WT,outputs/Tau5_joint_refinement/WT/pool_3/conformer_819.pdb,5.002088808427929,3.544420198654479,3.7393396448646166,1.4994834295752624
WT,outputs/Tau5_joint_refinement/WT/pool_3/conformer_820.pdb,3.580135774082502,2.3872574534877127,2.1767493937333136,1.693906131839112
WT,outputs/Tau5_joint_refinement/WT/pool_3/conformer_821.pdb,5.238401493162049,3.283931063469745,4.372443899371057,2.052908696336557
WT,outputs/Tau5_joint_refinement/WT/pool_3/conformer_822.pdb,3.0501554836080587,2.2845697444735387,0.7149955630069911,1.7451413332058583
WT,outputs/Tau5_joint_refinement/WT/pool_3/conformer_823.pdb,1.2313445078899474,2.8121474400218647,0.6137874384049685,1.925528472328759
WT,outputs/Tau5_joint_refinement/WT/pool_3/conformer_824.pdb,9.370052315125259,2.7300198997185037,8.597682290347196,2.2450070285693746
WT,outputs/Tau5_joint_refinement/WT/pool_3/conformer_825.pdb,7.4481674403471985,2.801142115373433,6.786363852067473,1.6579563209345756
WT,outputs/Tau5_joint_refinement/WT/pool_3/conformer_826.pdb,1.4565318791354918,2.44689360410183,0.49000265186940284,2.323943205920298
WT,outputs/Tau5_joint_refinement/WT/pool_3/conformer_827.pdb,2.175774314803034,3.2180500063890918,0.9007930969376674,2.5969186454030164
WT,outputs/Tau5_joint_refinement/WT/pool_3/conformer_828.pdb,7.024068935668545,2.879561075863434,6.0517412716276295,2.161700881069985
WT,outputs/Tau5_joint_refinement/WT/pool_3/conformer_829.pdb,7.007691629416719,3.4322204770401754,5.883323973310891,1.5549334599942102
WT,outputs/Tau5_joint_refinement/WT/pool_3/conformer_830.pdb,4.147150499196513,2.793429552910474,3.500892351585673,1.780602584339858
WT,outputs/Tau5_joint_refinement/WT/pool_3/conformer_831.pdb,2.6645482269660503,2.693310133611277,1.891385074825928,1.9045376892801025
WT,outputs/Tau5_joint_refinement/WT/pool_3/conformer_832.pdb,6.839679270264128,4.942165681965962,4.044202503587295,2.484492092510806
WT,outputs/Tau5_joint_refinement/WT/pool_3/conformer_833.pdb,3.5411682038231476,2.7031118235786757,2.7359286896681874,2.047194237133734
WT,outputs/Tau5_joint_refinement/WT/pool_3/conformer_834.pdb,6.073212244356087,3.873684256494749,5.2745902575472865,1.9453029157431305
WT,outputs/Tau5_joint_refinement/WT/pool_3/conformer_835.pdb,7.847192605687905,2.779964977312739,6.435102712462414,1.5188538825089883
WT,outputs/Tau5_joint_refinement/WT/pool_3/conformer_836.pdb,1.5398815371789132,4.5358318467226875,0.8398285828376807,2.203400025102526
WT,outputs/Tau5_joint_refinement/WT/pool_3/conformer_837.pdb,1.2985382304642572,3.4581895195349728,0.6219598005580866,2.291513464028936
WT,outputs/Tau5_joint_refinement/WT/pool_3/conformer_838.pdb,10.649706338173397,2.8633458028123906,6.745066124562251,2.381503935230261
WT,outputs/Tau5_joint_refinement/WT/pool_3/conformer_839.pdb,2.1527757325706145,4.336952557545688,1.0641305878770713,1.957675590075068
WT,outputs/Tau5_joint_refinement/WT/pool_3/conformer_840.pdb,1.5285837035879968,3.9654352052457096,0.6706770933959646,2.208443634238614
WT,outputs/Tau5_joint_refinement/WT/pool_3/conformer_841.pdb,1.2130254996123564,2.4341483938899624,0.5131914116653612,2.0397129603575377
WT,outputs/Tau5_joint_refinement/WT/pool_3/conformer_842.pdb,1.213637779579285,2.9165145543614357,0.5274711262991533,2.2548496637929984
WT,outputs/Tau5_joint_refinement/WT/pool_3/conformer_843.pdb,5.710877970995355,3.8359880935244193,2.5691292641126404,2.349783564224369
WT,outputs/Tau5_joint_refinement/WT/pool_3/conformer_844.pdb,4.600086407440063,3.1097619656582816,3.845188732228719,1.8445604888832556
WT,outputs/Tau5_joint_refinement/WT/pool_3/conformer_845.pdb,6.989492924416785,3.4603449837817233,5.166395114205167,1.8312262562758614
WT,outputs/Tau5_joint_refinement/WT/pool_3/conformer_846.pdb,5.9702555803963415,5.033794809211687,4.294186438383645,1.5231958753021975
WT,outputs/Tau5_joint_refinement/WT/pool_3/conformer_847.pdb,2.1693186307027683,3.8603569322148577,1.0773373088374487,1.993509878139828
WT,outputs/Tau5_joint_refinement/WT/pool_3/conformer_848.pdb,5.245539051541255,3.488143466052277,3.188000565154307,1.5281097726360386
WT,outputs/Tau5_joint_refinement/WT/pool_3/conformer_849.pdb,5.826531251405071,3.155329704870396,4.148549238768444,1.9523495458434112
WT,outputs/Tau5_joint_refinement/WT/pool_3/conformer_850.pdb,7.394075457765225,3.8363545492818876,5.42926913878378,2.307038895831923
WT,outputs/Tau5_joint_refinement/WT/pool_3/conformer_851.pdb,1.6505333028958669,4.352923215001456,0.569217087054814,1.5950436429287997
WT,outputs/Tau5_joint_refinement/WT/pool_3/conformer_852.pdb,2.1960884876780953,3.4849405968957865,1.127171445762643,1.8384083843608139
WT,outputs/Tau5_joint_refinement/WT/pool_3/conformer_853.pdb,5.5213690537372635,2.6928970389089484,4.511304865916935,1.8680257350753227
WT,outputs/Tau5_joint_refinement/WT/pool_3/conformer_854.pdb,5.265898450757029,3.638378782301928,4.247316596179213,1.6293625949266703
WT,outputs/Tau5_joint_refinement/WT/pool_3/conformer_855.pdb,6.471564514784811,2.7903837375430007,5.490018769293967,1.997506131823907
WT,outputs/Tau5_joint_refinement/WT/pool_3/conformer_856.pdb,2.4408085573335807,2.974971069203167,0.6541935209130101,1.8481222206598813
WT,outputs/Tau5_joint_refinement/WT/pool_3/conformer_857.pdb,1.362088743339541,2.991451204951695,0.47599537277141696,1.840861690872044
WT,outputs/Tau5_joint_refinement/WT/pool_3/conformer_858.pdb,1.8649395466704681,2.8030933239279254,1.0045591549363364,1.8591347378255476
WT,outputs/Tau5_joint_refinement/WT/pool_3/conformer_859.pdb,1.886210084860926,2.2418962574003807,0.8604864478565665,1.5218323838248113
WT,outputs/Tau5_joint_refinement/WT/pool_3/conformer_860.pdb,2.9572617254746074,3.177250226254134,2.3931387535609705,1.5564317402230823
WT,outputs/Tau5_joint_refinement/WT/pool_3/conformer_861.pdb,6.3114509201301106,4.036878530013165,3.6904250180563074,2.2478391777449525
WT,outputs/Tau5_joint_refinement/WT/pool_3/conformer_862.pdb,1.4905168786012855,3.5859339276395668,0.669837373494199,1.4351252034272541
WT,outputs/Tau5_joint_refinement/WT/pool_3/conformer_863.pdb,8.701204051109496,4.086645775645946,7.582255878378746,1.9116542091723672
WT,outputs/Tau5_joint_refinement/WT/pool_3/conformer_864.pdb,7.821887704730953,2.414053847460366,6.815995572542286,1.7709514807115523
WT,outputs/Tau5_joint_refinement/WT/pool_3/conformer_865.pdb,6.21929351810663,2.4058605973121767,1.5406174514059132,2.4415764632662573
WT,outputs/Tau5_joint_refinement/WT/pool_3/conformer_866.pdb,3.6250089104863723,2.787159723645651,2.3899420221450973,1.4269140175851505
WT,outputs/Tau5_joint_refinement/WT/pool_3/conformer_867.pdb,7.447630498796938,3.745072450761782,6.212797861760554,2.211273633536214
WT,outputs/Tau5_joint_refinement/WT/pool_3/conformer_868.pdb,6.664050872182749,3.7619213689504427,5.597864151755318,2.1504005211387422
WT,outputs/Tau5_joint_refinement/WT/pool_3/conformer_869.pdb,4.030954035581051,3.3408293573116983,3.2918689852749403,2.049957946137996
WT,outputs/Tau5_joint_refinement/WT/pool_3/conformer_870.pdb,4.650360598619789,3.6504501635150346,3.891444119918449,1.6064790613085598
WT,outputs/Tau5_joint_refinement/WT/pool_3/conformer_871.pdb,4.693161570946251,2.4769518250011218,3.6545650489460817,2.0860585744866835
WT,outputs/Tau5_joint_refinement/WT/pool_3/conformer_872.pdb,2.744361271250844,3.1367330552234196,1.572613558460676,1.6937216604499004
WT,outputs/Tau5_joint_refinement/WT/pool_3/conformer_873.pdb,2.49832045983996,3.0120724952211986,1.7241426747169557,2.0527532408854117
WT,outputs/Tau5_joint_refinement/WT/pool_3/conformer_874.pdb,6.825320895068513,3.542624015607307,5.936012731263192,2.4752167126140088
WT,outputs/Tau5_joint_refinement/WT/pool_3/conformer_875.pdb,1.7228474755760093,3.458255519667354,0.7067868231851124,2.0517507439477582
WT,outputs/Tau5_joint_refinement/WT/pool_3/conformer_876.pdb,2.254851516463119,3.156557964462086,1.623601331578233,2.5738118908566934
WT,outputs/Tau5_joint_refinement/WT/pool_3/conformer_877.pdb,8.520874737917454,2.745686826777642,4.102985819292805,2.24726569730757
WT,outputs/Tau5_joint_refinement/WT/pool_3/conformer_878.pdb,4.208247320691418,3.8900906791575887,3.2427915867984374,1.957746031836661
WT,outputs/Tau5_joint_refinement/WT/pool_3/conformer_879.pdb,3.118722906689473,2.810239691647019,2.4611425758284757,1.8154783798152294
WT,outputs/Tau5_joint_refinement/WT/pool_3/conformer_880.pdb,7.6151056239529975,3.305427582700892,5.8460085282503895,1.5328348096641438
WT,outputs/Tau5_joint_refinement/WT/pool_3/conformer_881.pdb,7.78308634274203,2.5356334715269435,6.942759597277324,1.6842319053639607
WT,outputs/Tau5_joint_refinement/WT/pool_3/conformer_882.pdb,1.525547583140824,2.9920554046608854,0.46728246397292506,2.2404170997889628
WT,outputs/Tau5_joint_refinement/WT/pool_3/conformer_883.pdb,3.8050519168305255,4.611849562265077,2.5515682321858217,2.1446295094371717
WT,outputs/Tau5_joint_refinement/WT/pool_3/conformer_884.pdb,6.971219644648585,3.040635377231921,3.1865712252357645,1.5531281126185292
WT,outputs/Tau5_joint_refinement/WT/pool_3/conformer_885.pdb,5.292651186865491,2.774832665281493,4.653038622571101,2.1241394780032965
WT,outputs/Tau5_joint_refinement/WT/pool_3/conformer_886.pdb,4.153210948232905,3.648211050236167,3.3913779566643236,1.8267573927632828
WT,outputs/Tau5_joint_refinement/WT/pool_3/conformer_887.pdb,1.9482685222403304,4.3419680008419475,0.9086342346710614,2.138395671962806
WT,outputs/Tau5_joint_refinement/WT/pool_3/conformer_888.pdb,4.945024431999896,2.546045111326666,4.1462880272092795,1.6699557606511282
WT,outputs/Tau5_joint_refinement/WT/pool_3/conformer_889.pdb,1.6003697243092834,3.194843323050161,0.9224208057461561,2.833323771608328
WT,outputs/Tau5_joint_refinement/WT/pool_3/conformer_890.pdb,1.6716496353001744,2.4955886641821494,1.0839360438253438,1.4842331568587885
WT,outputs/Tau5_joint_refinement/WT/pool_3/conformer_891.pdb,3.653993896935498,3.051288199898232,2.9277048387082023,1.8030061216913562
WT,outputs/Tau5_joint_refinement/WT/pool_3/conformer_892.pdb,2.1556702602537077,3.647799340201188,1.4271691735678862,1.5716926135383131
WT,outputs/Tau5_joint_refinement/WT/pool_3/conformer_893.pdb,5.71305549849725,4.310746926972411,4.702975679482009,1.8706897716536994
WT,outputs/Tau5_joint_refinement/WT/pool_3/conformer_894.pdb,2.2932174951860542,2.8269481147213136,1.0287733422461633,2.0313109081872875
WT,outputs/Tau5_joint_refinement/WT/pool_3/conformer_895.pdb,9.645725131823044,2.6501675524779458,7.95553249108785,1.425629482204032
WT,outputs/Tau5_joint_refinement/WT/pool_3/conformer_896.pdb,3.5376917041602187,4.415580405867371,1.2646917363634829,2.2256201235783797
WT,outputs/Tau5_joint_refinement/WT/pool_3/conformer_897.pdb,8.490010215410354,3.4694429189291527,2.4020161321636198,1.7017030448881219
WT,outputs/Tau5_joint_refinement/WT/pool_3/conformer_898.pdb,1.3628023573305927,2.997180928787616,0.5707842953462016,2.4866315540607355
WT,outputs/Tau5_joint_refinement/WT/pool_3/conformer_899.pdb,2.480957416156099,3.194924130376573,0.8744921659007653,2.3425204888099187
WT,outputs/Tau5_joint_refinement/WT/pool_3/conformer_900.pdb,4.489946020811657,4.209300627842947,3.7879497815022947,1.7285726131701593
WT,outputs/Tau5_joint_refinement/WT/pool_3/conformer_901.pdb,1.6457701621359138,4.21220605589239,0.9263481702415818,2.04876256018597
WT,outputs/Tau5_joint_refinement/WT/pool_3/conformer_902.pdb,1.5087034940917121,4.1083163444572675,0.8926026387991695,1.6909449880642005
WT,outputs/Tau5_joint_refinement/WT/pool_3/conformer_903.pdb,7.704450387471163,3.8782915884508493,6.952418829231474,3.176113647177875
WT,outputs/Tau5_joint_refinement/WT/pool_3/conformer_904.pdb,7.267011055726549,2.603638779620371,6.12739714369306,1.9202411947738505
WT,outputs/Tau5_joint_refinement/WT/pool_3/conformer_905.pdb,8.124577985562857,3.201210647186207,7.32039702536204,2.2710802298869908
WT,outputs/Tau5_joint_refinement/WT/pool_3/conformer_906.pdb,5.011426105808328,4.520629459373424,0.6535501465796457,2.288919027839225
WT,outputs/Tau5_joint_refinement/WT/pool_3/conformer_907.pdb,4.5942116598256435,3.0487956968378427,0.9690165496178442,1.8149175221691993
WT,outputs/Tau5_joint_refinement/WT/pool_3/conformer_908.pdb,3.6892539722906093,3.603123146244295,2.9095339083262726,2.2453539074988336
WT,outputs/Tau5_joint_refinement/WT/pool_3/conformer_909.pdb,4.069795350277756,2.413529013670617,2.83043408689703,1.7415301057091146
WT,outputs/Tau5_joint_refinement/WT/pool_3/conformer_910.pdb,1.2396525073084088,3.5511467490530046,0.6046453737758697,2.1172760839544726
WT,outputs/Tau5_joint_refinement/WT/pool_3/conformer_911.pdb,6.835143943163355,2.6377633382746515,6.0780722079787,1.530810576065089
WT,outputs/Tau5_joint_refinement/WT/pool_3/conformer_912.pdb,8.57703164740924,3.8947975771564316,7.852452459461852,1.9869496792006036
WT,outputs/Tau5_joint_refinement/WT/pool_3/conformer_913.pdb,2.852619636551046,4.373341868318336,1.965393540966413,1.9826707291712609
WT,outputs/Tau5_joint_refinement/WT/pool_3/conformer_914.pdb,3.452705864182429,3.830509626942427,2.442832715323358,1.3096955549509066
WT,outputs/Tau5_joint_refinement/WT/pool_3/conformer_915.pdb,1.450259733051431,3.966211648997798,0.6973082739969082,2.357936773933108
WT,outputs/Tau5_joint_refinement/WT/pool_3/conformer_916.pdb,6.1022265317063775,4.564639741955729,2.6915347784179096,2.0011689477605
WT,outputs/Tau5_joint_refinement/WT/pool_3/conformer_917.pdb,2.0699315952613655,4.142220199155732,1.2978506553436868,1.8692134302938954
WT,outputs/Tau5_joint_refinement/WT/pool_3/conformer_918.pdb,7.904839731504629,3.015312286705811,6.9979762697316055,1.9206234269246167
WT,outputs/Tau5_joint_refinement/WT/pool_3/conformer_919.pdb,6.250392836356766,4.273261799123547,5.638673397419528,2.2713219579033885
WT,outputs/Tau5_joint_refinement/WT/pool_3/conformer_920.pdb,3.5084974246764196,3.2181092351107132,2.8713416521931943,1.5951856317959965
WT,outputs/Tau5_joint_refinement/WT/pool_3/conformer_921.pdb,1.8991733348866524,5.574879404255892,0.7578892403669623,2.393562343559569
WT,outputs/Tau5_joint_refinement/WT/pool_3/conformer_922.pdb,1.379380728192468,4.537132951801874,0.6464840695701362,2.2701771351684115
WT,outputs/Tau5_joint_refinement/WT/pool_3/conformer_923.pdb,2.1517387177912264,2.531327170888793,1.1297424795682498,1.7981904932299586
WT,outputs/Tau5_joint_refinement/WT/pool_3/conformer_924.pdb,3.2982361852272377,2.6496753554384838,2.0329386833367957,1.985661366624474
WT,outputs/Tau5_joint_refinement/WT/pool_3/conformer_925.pdb,1.5797272504413797,3.775928806551645,1.00095917960613,1.9616538050305452
WT,outputs/Tau5_joint_refinement/WT/pool_3/conformer_926.pdb,6.804383143736949,3.2992443230473882,5.931079434284683,2.4281163659664475
WT,outputs/Tau5_joint_refinement/WT/pool_3/conformer_927.pdb,5.198325038342837,4.827216820616015,3.9401200184368657,1.986789196321998
WT,outputs/Tau5_joint_refinement/WT/pool_3/conformer_928.pdb,2.2618277396205766,2.2741387597747242,1.3330718410646794,1.323469655812518
WT,outputs/Tau5_joint_refinement/WT/pool_3/conformer_929.pdb,1.469000129649874,4.825296731394552,0.7056048222698819,1.8483627439573007
WT,outputs/Tau5_joint_refinement/WT/pool_3/conformer_930.pdb,1.7992253781302756,2.727251592654682,0.5473430716311615,1.427455560750572
WT,outputs/Tau5_joint_refinement/WT/pool_3/conformer_931.pdb,1.786197933932645,3.406588162805109,0.6715586827785245,1.8547472796307944
WT,outputs/Tau5_joint_refinement/WT/pool_3/conformer_932.pdb,1.7043826829752693,3.199441811560434,1.0079876576552338,2.3405114136344896
WT,outputs/Tau5_joint_refinement/WT/pool_3/conformer_933.pdb,4.707193030899789,4.955030077073967,4.0248687011987805,2.5239679881887938
WT,outputs/Tau5_joint_refinement/WT/pool_3/conformer_934.pdb,10.479574497653683,3.022932925377251,8.122881560666185,1.5515781784583027
WT,outputs/Tau5_joint_refinement/WT/pool_3/conformer_935.pdb,5.391184554933484,3.1749365660387827,4.556445748597613,1.931402141246544
WT,outputs/Tau5_joint_refinement/WT/pool_3/conformer_936.pdb,4.63045227600301,3.520630550906526,3.214935700398035,2.5456243577528164
WT,outputs/Tau5_joint_refinement/WT/pool_3/conformer_937.pdb,5.890732664376609,4.516851777698249,4.890654449676066,2.022044158673819
WT,outputs/Tau5_joint_refinement/WT/pool_3/conformer_938.pdb,1.7804432540546806,3.4714977267050107,0.9466683275467027,1.8757450197227417
WT,outputs/Tau5_joint_refinement/WT/pool_3/conformer_939.pdb,1.9368050884850683,3.898682210729725,1.2472561744344983,1.5070584718611346
WT,outputs/Tau5_joint_refinement/WT/pool_3/conformer_940.pdb,6.654307991866532,2.796715848013995,5.666439034940701,1.7799090203456773
WT,outputs/Tau5_joint_refinement/WT/pool_3/conformer_941.pdb,3.8326722733711427,2.518615294927563,0.655969919518902,1.747977481521319
WT,outputs/Tau5_joint_refinement/WT/pool_3/conformer_942.pdb,4.0067366503696045,4.658325643579745,3.339895868976817,2.204901041088173
WT,outputs/Tau5_joint_refinement/WT/pool_3/conformer_943.pdb,2.3355148101195145,2.8234390366647726,1.4985086326960748,1.4746986094860715
WT,outputs/Tau5_joint_refinement/WT/pool_3/conformer_944.pdb,3.899688030396755,5.138049745558188,2.6869877443909305,1.5788248970167815
WT,outputs/Tau5_joint_refinement/WT/pool_3/conformer_945.pdb,1.6390116410695974,3.2882329786572555,0.5861700754343119,2.2785862100855634
WT,outputs/Tau5_joint_refinement/WT/pool_3/conformer_946.pdb,3.5993582677003246,3.0247000596808493,2.9093990691798544,2.1744515989222397
WT,outputs/Tau5_joint_refinement/WT/pool_3/conformer_947.pdb,1.3623476809692914,2.629845462154758,0.6386810946731564,1.8624879045748193
WT,outputs/Tau5_joint_refinement/WT/pool_3/conformer_948.pdb,1.884243838672865,2.597107154183365,0.6479179670540649,1.411708139872092
WT,outputs/Tau5_joint_refinement/WT/pool_3/conformer_949.pdb,7.5415759082633755,2.6600392300645943,6.9908055027738305,2.2674356576462515
WT,outputs/Tau5_joint_refinement/WT/pool_3/conformer_950.pdb,1.9640930284178935,3.6051280504457006,1.2633713945494918,2.8985258357334924
WT,outputs/Tau5_joint_refinement/WT/pool_3/conformer_951.pdb,4.13537571997068,3.449979750346571,3.3926275173781293,2.0316032594341893
WT,outputs/Tau5_joint_refinement/WT/pool_3/conformer_952.pdb,4.241893354125181,2.3302576988119195,0.7633950799001866,1.6747381234575123
WT,outputs/Tau5_joint_refinement/WT/pool_3/conformer_953.pdb,4.39593530471374,3.1350680645516342,3.593547398881324,2.614365717284354
WT,outputs/Tau5_joint_refinement/WT/pool_3/conformer_954.pdb,5.971761670051041,4.268070940260626,4.420451343640887,1.6906598259427472
WT,outputs/Tau5_joint_refinement/WT/pool_3/conformer_955.pdb,3.78421967081344,3.175717748638137,2.4725732533811584,1.6708655600699316
WT,outputs/Tau5_joint_refinement/WT/pool_3/conformer_956.pdb,1.7904966035328391,3.6355170512572133,0.5405160909857086,2.440389629240867
WT,outputs/Tau5_joint_refinement/WT/pool_3/conformer_957.pdb,4.786489302026762,2.6994740292677335,2.125491202785116,1.918038519761172
WT,outputs/Tau5_joint_refinement/WT/pool_3/conformer_958.pdb,1.6524565522799664,2.8835108085696843,0.754644114034779,1.8178775015892679
WT,outputs/Tau5_joint_refinement/WT/pool_3/conformer_959.pdb,6.026722289617037,2.07067270163889,3.3452440667266967,1.5164793455926315
WT,outputs/Tau5_joint_refinement/WT/pool_3/conformer_960.pdb,2.820550652083734,2.4535313587059515,1.615972008782011,2.1405233433101682
WT,outputs/Tau5_joint_refinement/WT/pool_3/conformer_961.pdb,2.3687067407735953,4.108827526554869,0.7990104530879787,1.9557356929314011
WT,outputs/Tau5_joint_refinement/WT/pool_3/conformer_962.pdb,1.815681040168615,4.279783988281986,1.0198673269372927,2.2819307533169524
WT,outputs/Tau5_joint_refinement/WT/pool_3/conformer_963.pdb,1.982679467604067,3.2984194049010473,1.2840209969440108,1.85582923396721
WT,outputs/Tau5_joint_refinement/WT/pool_3/conformer_964.pdb,4.733860378236373,4.246683435401548,0.8583901456213422,1.9927007630080482
WT,outputs/Tau5_joint_refinement/WT/pool_3/conformer_965.pdb,3.677802914357343,3.453871711630197,2.9131058994090058,1.9035277405617208
WT,outputs/Tau5_joint_refinement/WT/pool_3/conformer_966.pdb,5.044681639390048,2.8920801911902445,2.7970196059634005,2.043841755647172
WT,outputs/Tau5_joint_refinement/WT/pool_3/conformer_967.pdb,2.2932779115522877,2.5368009586207245,1.6077589180033314,1.8107619059055848
WT,outputs/Tau5_joint_refinement/WT/pool_3/conformer_968.pdb,6.159728657814458,2.6223448335726705,5.041919300540568,1.7592925403329887
WT,outputs/Tau5_joint_refinement/WT/pool_3/conformer_969.pdb,5.020691135845874,2.418755256884612,4.306373692528601,2.130158751816411
WT,outputs/Tau5_joint_refinement/WT/pool_3/conformer_970.pdb,4.775511770037418,3.3048525373530073,3.8742507620603863,2.57250131293847
WT,outputs/Tau5_joint_refinement/WT/pool_3/conformer_971.pdb,1.6217021565553182,4.172393244701564,0.8087279317360364,1.8713165048864553
WT,outputs/Tau5_joint_refinement/WT/pool_3/conformer_972.pdb,1.4309638350295546,3.8932038495614734,0.7000776130221736,1.606262410033057
WT,outputs/Tau5_joint_refinement/WT/pool_3/conformer_973.pdb,3.364300076762624,3.1190860714899324,0.9694439317966155,1.6663261429517067
WT,outputs/Tau5_joint_refinement/WT/pool_3/conformer_974.pdb,3.482704803436042,3.2804905995718334,1.8783481838303573,1.8747188900973273
WT,outputs/Tau5_joint_refinement/WT/pool_3/conformer_975.pdb,1.3254773671053046,4.066857130135424,0.6910980892904112,1.5287967691149724
WT,outputs/Tau5_joint_refinement/WT/pool_3/conformer_976.pdb,1.6201298714623218,4.157194687584555,0.5958366012521334,1.990374912303565
WT,outputs/Tau5_joint_refinement/WT/pool_3/conformer_977.pdb,1.687121871169742,3.5562984726954276,0.5679193370674448,2.6084515207867374
WT,outputs/Tau5_joint_refinement/WT/pool_3/conformer_978.pdb,4.260200430094893,3.544110352859982,1.8418764949602582,2.3060930386599745
WT,outputs/Tau5_joint_refinement/WT/pool_3/conformer_979.pdb,3.1256251164036604,2.676987021156486,1.7957439992371131,2.046735640683571
WT,outputs/Tau5_joint_refinement/WT/pool_3/conformer_980.pdb,1.5711648396702609,3.4979598360773694,0.8440616362745683,1.6324124891400014
WT,outputs/Tau5_joint_refinement/WT/pool_3/conformer_981.pdb,3.2496947430246075,3.320222706869705,1.0256016054742478,1.9753284274320817
WT,outputs/Tau5_joint_refinement/WT/pool_3/conformer_982.pdb,2.2336186625706143,3.678241680592308,0.902941671631785,2.477629815684385
WT,outputs/Tau5_joint_refinement/WT/pool_3/conformer_983.pdb,6.14378661050276,2.9707562879123612,5.499714600690741,2.4755443824385037
WT,outputs/Tau5_joint_refinement/WT/pool_3/conformer_984.pdb,5.145681517073611,4.567655725212363,4.476269601046355,1.7034914429738344
WT,outputs/Tau5_joint_refinement/WT/pool_3/conformer_985.pdb,1.4847614741781967,3.944223385279115,0.6151915263580785,2.4484461676096534
WT,outputs/Tau5_joint_refinement/WT/pool_3/conformer_986.pdb,3.007346716835263,4.457723759118439,2.278266876902294,2.3535909709043974
WT,outputs/Tau5_joint_refinement/WT/pool_3/conformer_987.pdb,3.288269109378172,2.6345334294484193,2.6066119663180953,1.4995000898333006
WT,outputs/Tau5_joint_refinement/WT/pool_3/conformer_988.pdb,8.11563215475824,3.3374735207042594,6.980358131648707,1.8143557867496631
WT,outputs/Tau5_joint_refinement/WT/pool_3/conformer_989.pdb,1.641162909241799,2.693600775342238,0.7083226746466509,2.298688019994298
WT,outputs/Tau5_joint_refinement/WT/pool_3/conformer_990.pdb,8.144599466436405,4.182713103150972,6.6668046536360475,2.5162275212746863
WT,outputs/Tau5_joint_refinement/WT/pool_3/conformer_991.pdb,1.7215408687438636,5.259527366463631,1.0474276834589102,2.9164248512640936
WT,outputs/Tau5_joint_refinement/WT/pool_3/conformer_992.pdb,2.3941306365426605,3.5555844100480005,1.7760119899845255,2.022712860778514
WT,outputs/Tau5_joint_refinement/WT/pool_3/conformer_993.pdb,7.65272316429258,5.064238568519101,7.008723193022797,2.2068766836280345
WT,outputs/Tau5_joint_refinement/WT/pool_3/conformer_994.pdb,2.732428613064893,3.229883807631261,0.6841554323930152,2.0405669227546626
WT,outputs/Tau5_joint_refinement/WT/pool_3/conformer_995.pdb,1.676603071177876,4.929577133978015,0.799930452945068,2.2064329398101963
WT,outputs/Tau5_joint_refinement/WT/pool_3/conformer_996.pdb,6.698864924703681,3.431487282821138,5.735861661194513,1.72283630708979
WT,outputs/Tau5_joint_refinement/WT/pool_3/conformer_997.pdb,5.480844273369447,3.810518892352002,4.2231036323612345,2.04431298704604
WT,outputs/Tau5_joint_refinement/WT/pool_3/conformer_998.pdb,5.2918364931356665,2.6868832381585213,4.515699588172341,1.7992266892203455
WT,outputs/Tau5_joint_refinement/WT/pool_3/conformer_999.pdb,3.3574654007880738,3.1167355198225613,2.7520956802061742,2.3604106000994536
WT,outputs/Tau5_joint_refinement/WT/pool_3/conformer_1000.pdb,3.771286945362474,4.509702604485365,0.8605018101808172,2.796305933017697
WT,outputs/Tau5_joint_refinement/WT/pool_3/conformer_1001.pdb,2.9289317372909336,3.4560478552297558,2.2322334825242085,1.630476786287315
WT,outputs/Tau5_joint_refinement/WT/pool_3/conformer_1002.pdb,3.8415731001306437,3.239463891445599,0.913807753762892,1.6568646465151613
WT,outputs/Tau5_joint_refinement/WT/pool_3/conformer_1003.pdb,4.356452376024534,3.9298269524517195,2.8731121392027212,2.2075424914540727
WT,outputs/Tau5_joint_refinement/WT/pool_3/conformer_1004.pdb,7.333859101143395,3.5431999137069665,6.4177110646272135,1.7530254194289092
WT,outputs/Tau5_joint_refinement/WT/pool_3/conformer_1005.pdb,3.7154184822675647,2.7786361539886393,2.9961638054846786,1.9454644360689117
WT,outputs/Tau5_joint_refinement/WT/pool_3/conformer_1006.pdb,1.7303857242336742,1.9730091508537861,0.9477723155626442,1.7158084844830752
WT,outputs/Tau5_joint_refinement/WT/pool_3/conformer_1007.pdb,4.121821862049196,3.421822253382915,3.251171878488509,1.653608564364321
WT,outputs/Tau5_joint_refinement/WT/pool_3/conformer_1008.pdb,1.4219291058415886,2.7720336817046185,0.5628519745194638,1.500120855054821
WT,outputs/Tau5_joint_refinement/WT/pool_3/conformer_1009.pdb,3.749960228019085,3.271659556103349,3.1342795414541342,1.7714498208951948
WT,outputs/Tau5_joint_refinement/WT/pool_3/conformer_1010.pdb,12.916250720577889,3.183546911614465,8.686233401210378,2.0140443989497077
WT,outputs/Tau5_joint_refinement/WT/pool_3/conformer_1011.pdb,1.8037968852902406,2.6236823770720292,0.7257545338490932,1.7363992498984304
WT,outputs/Tau5_joint_refinement/WT/pool_3/conformer_1012.pdb,7.066994687813824,3.51997596384855,6.198186806909817,2.342851914627632
WT,outputs/Tau5_joint_refinement/WT/pool_3/conformer_1013.pdb,4.655571159369665,3.430469248051812,1.607835470766055,2.0580779515320287
WT,outputs/Tau5_joint_refinement/WT/pool_3/conformer_1014.pdb,3.176407918053023,2.4462840365539344,1.71862698759646,1.8348654957768633
WT,outputs/Tau5_joint_refinement/WT/pool_3/conformer_1015.pdb,2.040879272370989,2.7289554035573502,0.7576615116784631,1.8212197577775342
WT,outputs/Tau5_joint_refinement/WT/pool_3/conformer_1016.pdb,2.528490339892245,3.579531190484113,1.7889508143042794,1.7839214704188
WT,outputs/Tau5_joint_refinement/WT/pool_3/conformer_1017.pdb,2.0274920309401554,2.3396167366802127,1.3062789003239699,1.3730384917827656
WT,outputs/Tau5_joint_refinement/WT/pool_3/conformer_1018.pdb,12.726198419949924,4.138911736296736,11.913005384113035,2.1070436748979113
WT,outputs/Tau5_joint_refinement/WT/pool_3/conformer_1019.pdb,6.27257442510503,2.631516249148905,5.236786289138462,1.597361099773871
WT,outputs/Tau5_joint_refinement/WT/pool_3/conformer_1020.pdb,3.1159237370184933,3.557265183962526,1.5910417862875026,2.182314990333531
WT,outputs/Tau5_joint_refinement/WT/pool_3/conformer_1021.pdb,4.41811955552587,5.039329231698332,3.136072276097582,1.5848444259920953
WT,outputs/Tau5_joint_refinement/WT/pool_3/conformer_1022.pdb,3.4486014009779975,4.057159935906349,1.9173736730772322,2.641059814357975
WT,outputs/Tau5_joint_refinement/WT/pool_3/conformer_1023.pdb,2.854675500304075,3.506479007636158,1.6713385646019248,1.269613557431413
WT,outputs/Tau5_joint_refinement/WT/pool_3/conformer_1024.pdb,4.456233250792294,3.616596003430843,2.8323189846721597,2.8181272241126867
WT,outputs/Tau5_joint_refinement/WT/pool_3/conformer_1025.pdb,3.057211743040191,4.2598429950088175,1.6238888611011646,2.0535568880447954
WT,outputs/Tau5_joint_refinement/WT/pool_3/conformer_1026.pdb,2.8660153312297245,2.560494554869967,2.267245394252436,1.7825956678770225
WT,outputs/Tau5_joint_refinement/WT/pool_3/conformer_1027.pdb,1.6348673955913988,4.359761505428079,0.773069810798033,2.4849649637076556
WT,outputs/Tau5_joint_refinement/WT/pool_3/conformer_1028.pdb,4.543064716290398,4.129154003168775,3.720687423178589,1.6542086254263546
WT,outputs/Tau5_joint_refinement/WT/pool_3/conformer_1029.pdb,1.8643430240895438,2.014016959939934,0.6602183292539949,1.6207191638293865
WT,outputs/Tau5_joint_refinement/WT/pool_3/conformer_1030.pdb,4.114655463141054,3.3874634385094393,3.341939768901183,1.5108984730740513
WT,outputs/Tau5_joint_refinement/WT/pool_3/conformer_1031.pdb,10.876140518008663,2.394397257151404,9.879987702296175,1.7607041776930228
WT,outputs/Tau5_joint_refinement/WT/pool_3/conformer_1032.pdb,5.7847163602290985,2.851869511994013,1.0957086573325712,1.3296898032594742
WT,outputs/Tau5_joint_refinement/WT/pool_3/conformer_1033.pdb,1.824402433147901,3.987472142199624,0.7801011448055918,1.9598058156740612
WT,outputs/Tau5_joint_refinement/WT/pool_3/conformer_1034.pdb,2.1802116341798956,2.813660483418847,1.2516923616581268,1.5758934935075608
WT,outputs/Tau5_joint_refinement/WT/pool_3/conformer_1035.pdb,8.100765447869271,3.253566027243223,6.858560177029223,1.1422805747568487
WT,outputs/Tau5_joint_refinement/WT/pool_3/conformer_1036.pdb,2.145466724716932,3.769915934706893,0.9962611556452301,1.7303776286197041
WT,outputs/Tau5_joint_refinement/WT/pool_3/conformer_1037.pdb,2.084850600476175,4.225362695061004,1.026695313954253,2.0781765886568886
WT,outputs/Tau5_joint_refinement/WT/pool_3/conformer_1038.pdb,2.339808457081082,2.3901466671465013,1.6844139047404127,2.058226901881836
WT,outputs/Tau5_joint_refinement/WT/pool_3/conformer_1039.pdb,2.0635247779103096,1.9064339119446285,1.2251154545589562,1.3123486846631567
WT,outputs/Tau5_joint_refinement/WT/pool_3/conformer_1040.pdb,6.413043121984509,4.418647951985159,5.810936447191558,2.6463512104957063
WT,outputs/Tau5_joint_refinement/WT/pool_3/conformer_1041.pdb,11.006796854655011,3.1150447290835124,5.904274675455019,2.1116172727860314
WT,outputs/Tau5_joint_refinement/WT/pool_3/conformer_1042.pdb,2.296028757149095,3.119154591945415,1.5776821984473262,2.170082218837496
WT,outputs/Tau5_joint_refinement/WT/pool_3/conformer_1043.pdb,6.034193644940809,3.3866179251371737,5.3623949992168,1.9578874891024907
WT,outputs/Tau5_joint_refinement/WT/pool_3/conformer_1044.pdb,4.686420863994607,3.1704689498325136,3.9287362711493263,2.2289937021887973
WT,outputs/Tau5_joint_refinement/WT/pool_3/conformer_1045.pdb,3.73519441541925,4.361580747376826,1.276645320745308,2.377709563590863
WT,outputs/Tau5_joint_refinement/WT/pool_3/conformer_1046.pdb,1.5078207166752138,2.772229446250246,0.7942747876083422,1.6834084634206277
WT,outputs/Tau5_joint_refinement/WT/pool_3/conformer_1047.pdb,7.266331957895071,3.1950770434745692,5.873535461333661,2.300586874978639
WT,outputs/Tau5_joint_refinement/WT/pool_3/conformer_1048.pdb,2.75524113626649,2.6310296923436174,0.823069139173512,1.5107447144457482
WT,outputs/Tau5_joint_refinement/WT/pool_3/conformer_1049.pdb,2.5329206466902363,3.5716005065171372,0.6895286937798483,1.808897988167817
WT,outputs/Tau5_joint_refinement/WT/pool_3/conformer_1050.pdb,1.3820144981258935,3.6194221595691016,0.6196887723322221,2.1486861791336285
WT,outputs/Tau5_joint_refinement/WT/pool_3/conformer_1051.pdb,6.754072287222157,2.368176468797306,5.132307808513792,1.563113053031073
WT,outputs/Tau5_joint_refinement/WT/pool_3/conformer_1052.pdb,2.2516791146553814,2.456977160663813,1.1051685819330082,1.8902201679966477
WT,outputs/Tau5_joint_refinement/WT/pool_3/conformer_1053.pdb,1.6007129901669919,3.529918177397829,0.7949244741370197,2.055584538899459
WT,outputs/Tau5_joint_refinement/WT/pool_3/conformer_1054.pdb,2.3668870082894027,3.3888711913698533,1.6826348184495024,2.2057956602591817
WT,outputs/Tau5_joint_refinement/WT/pool_3/conformer_1055.pdb,7.682606679516833,3.6013990800859257,6.9566113620753995,1.7744335509888782
WT,outputs/Tau5_joint_refinement/WT/pool_3/conformer_1056.pdb,7.593462255634012,3.2695399141212427,3.883339766579546,1.9380229031369949
WT,outputs/Tau5_joint_refinement/WT/pool_3/conformer_1057.pdb,6.3954205506398525,4.3471972265455605,4.7783302806254895,2.230186530679951
WT,outputs/Tau5_joint_refinement/WT/pool_3/conformer_1058.pdb,1.9861275001439542,2.7998522844477143,1.3491453714289954,1.797198327490725
WT,outputs/Tau5_joint_refinement/WT/pool_3/conformer_1059.pdb,1.2867401546218566,2.447387811400203,0.5322903026145491,1.4353118267259604
WT,outputs/Tau5_joint_refinement/WT/pool_3/conformer_1060.pdb,5.962522204175116,4.5549894803615265,4.880645123835509,2.0125702954757894
WT,outputs/Tau5_joint_refinement/WT/pool_3/conformer_1061.pdb,2.4539085122458526,3.7162938795281053,0.653905093162456,1.8969114540650382
WT,outputs/Tau5_joint_refinement/WT/pool_3/conformer_1062.pdb,2.017640754388176,4.8890404705526915,1.133086628386811,2.0057844432762537
WT,outputs/Tau5_joint_refinement/WT/pool_3/conformer_1063.pdb,2.5958686592750033,2.4133138390781483,1.2783749122367638,1.2581771341023733
WT,outputs/Tau5_joint_refinement/WT/pool_3/conformer_1064.pdb,4.443446827561061,2.8948864653488093,3.41813800836997,2.224684367086728
WT,outputs/Tau5_joint_refinement/WT/pool_3/conformer_1065.pdb,5.284367392566633,2.820068285390124,2.1231915628330675,2.0397226663749786
WT,outputs/Tau5_joint_refinement/WT/pool_3/conformer_1066.pdb,2.1296128060841384,2.941550138843558,1.341539818263496,2.111013973765459
WT,outputs/Tau5_joint_refinement/WT/pool_3/conformer_1067.pdb,1.492437564903112,3.3925224817348507,0.6318946902836241,1.892641121484824
WT,outputs/Tau5_joint_refinement/WT/pool_3/conformer_1068.pdb,1.3452754652471046,3.0398609026591945,0.559717801142166,1.6871894967971672
WT,outputs/Tau5_joint_refinement/WT/pool_3/conformer_1069.pdb,2.401438774786614,2.112266705262152,1.1298843407859585,1.7226585875899267
WT,outputs/Tau5_joint_refinement/WT/pool_3/conformer_1070.pdb,1.9846699741300695,2.8139001774399404,1.1026136771595796,2.0695512869818766
WT,outputs/Tau5_joint_refinement/WT/pool_3/conformer_1071.pdb,2.018531196908896,2.954072684313462,0.9537098765688167,1.6236347153924198
WT,outputs/Tau5_joint_refinement/WT/pool_3/conformer_1072.pdb,3.8703574277680017,2.176067901526551,2.249947444195214,1.2319959510547016
WT,outputs/Tau5_joint_refinement/WT/pool_3/conformer_1073.pdb,2.4213655711408677,4.582395125879255,1.73787820151901,1.675089620164708
WT,outputs/Tau5_joint_refinement/WT/pool_3/conformer_1074.pdb,1.6982752264806176,3.878071088841057,0.8440248317082197,2.041291082242462
WT,outputs/Tau5_joint_refinement/WT/pool_3/conformer_1075.pdb,2.5657412423821544,3.6856434671688905,1.631920661431699,2.2855794698627383
WT,outputs/Tau5_joint_refinement/WT/pool_3/conformer_1076.pdb,2.5317766623225415,3.670480675862003,1.050069123628342,1.6332633101124383
WT,outputs/Tau5_joint_refinement/WT/pool_3/conformer_1077.pdb,7.503472139844424,2.865438449617896,6.685418216115094,1.2663990168865817
WT,outputs/Tau5_joint_refinement/WT/pool_3/conformer_1078.pdb,6.40728391774821,2.7549846770572315,1.7204921705605851,2.287001696720746
WT,outputs/Tau5_joint_refinement/WT/pool_3/conformer_1079.pdb,3.624653920772552,3.1428665643572686,2.857974523683704,2.287575024700177
WT,outputs/Tau5_joint_refinement/WT/pool_3/conformer_1080.pdb,2.145553183371483,3.5946796556394363,1.089104563992785,1.7437951666915796
WT,outputs/Tau5_joint_refinement/WT/pool_3/conformer_1081.pdb,3.9136966480102795,3.437841309282372,0.9326149695654784,2.3119907140594926
WT,outputs/Tau5_joint_refinement/WT/pool_3/conformer_1082.pdb,6.256688075716778,3.2020725326755604,5.50471816988728,1.744907900681937
WT,outputs/Tau5_joint_refinement/WT/pool_3/conformer_1083.pdb,3.9406600326403294,2.915230714420625,2.4811262438746646,2.437148296344913
WT,outputs/Tau5_joint_refinement/WT/pool_3/conformer_1084.pdb,3.494397112435339,3.157336990695904,2.434749203263541,1.7174326735803211
WT,outputs/Tau5_joint_refinement/WT/pool_3/conformer_1085.pdb,2.6443245008818876,4.486789408471986,1.2301832341026138,2.463573747044507
WT,outputs/Tau5_joint_refinement/WT/pool_3/conformer_1086.pdb,4.4207188599739595,3.0183495388233745,3.2596726435135905,2.2373423889527895
WT,outputs/Tau5_joint_refinement/WT/pool_3/conformer_1087.pdb,3.914297484900601,4.2556667171394835,3.2939898627710416,1.3941605889256976
WT,outputs/Tau5_joint_refinement/WT/pool_3/conformer_1088.pdb,4.202221208571318,2.2495030636656117,3.1450928923530332,1.6432892097812295
WT,outputs/Tau5_joint_refinement/WT/pool_3/conformer_1089.pdb,6.877407292793215,3.803991134180926,4.321858808766432,2.6103046853378165
WT,outputs/Tau5_joint_refinement/WT/pool_3/conformer_1090.pdb,3.842610998260279,4.754916435158777,2.222771595179725,2.5805921067738247
WT,outputs/Tau5_joint_refinement/WT/pool_3/conformer_1091.pdb,2.8735433528327445,3.221894126274731,1.1042233228365732,1.6848272462065508
WT,outputs/Tau5_joint_refinement/WT/pool_3/conformer_1092.pdb,1.8570311888453586,3.3176259887312285,0.9538918451501015,1.5203780656919244
WT,outputs/Tau5_joint_refinement/WT/pool_3/conformer_1093.pdb,1.412342013115504,2.931020547928988,0.6797376230848376,1.9919608613780837
WT,outputs/Tau5_joint_refinement/WT/pool_3/conformer_1094.pdb,1.1217966272236415,3.678137326788274,0.4952679660431651,1.840113138988833
WT,outputs/Tau5_joint_refinement/WT/pool_3/conformer_1095.pdb,3.0027643626493883,3.664927653889277,2.108602088288386,1.7732947243758896
WT,outputs/Tau5_joint_refinement/WT/pool_3/conformer_1096.pdb,2.062589361864712,4.111752121955923,1.4063040953319892,1.5924520026076314
WT,outputs/Tau5_joint_refinement/WT/pool_3/conformer_1097.pdb,2.670733424579998,2.5818678586903308,1.3414768533022907,1.66685214920863
WT,outputs/Tau5_joint_refinement/WT/pool_3/conformer_1098.pdb,7.559212575001584,3.638304725788242,6.412632021355234,2.0834758264926143
WT,outputs/Tau5_joint_refinement/WT/pool_3/conformer_1099.pdb,3.5913516466666873,3.6762552433281774,2.3186495596015413,1.8849977541322285
WT,outputs/Tau5_joint_refinement/WT/pool_3/conformer_1100.pdb,1.4740851804763826,2.7235993277827433,0.72622768233914,2.032566917091626
WT,outputs/Tau5_joint_refinement/WT/pool_3/conformer_1101.pdb,2.4386754789141585,3.1403499686667975,1.368866944302808,1.7946160945285963
WT,outputs/Tau5_joint_refinement/WT/pool_3/conformer_1102.pdb,5.1427098060598935,3.2145060104233614,3.9731077493274407,1.6054538222388084
WT,outputs/Tau5_joint_refinement/WT/pool_3/conformer_1103.pdb,5.841045466685002,3.776586492211842,4.89932322301356,2.0320065681748836
WT,outputs/Tau5_joint_refinement/WT/pool_3/conformer_1104.pdb,8.719999876360307,3.8524035286310583,6.383208757579423,1.530898184462119
WT,outputs/Tau5_joint_refinement/WT/pool_3/conformer_1105.pdb,2.2527015738342713,3.358988817910314,1.3977846803402658,1.529228968842991
WT,outputs/Tau5_joint_refinement/WT/pool_3/conformer_1106.pdb,3.2508338589941985,2.821132034870931,1.2121389223750543,1.5755258409751194
WT,outputs/Tau5_joint_refinement/WT/pool_3/conformer_1107.pdb,1.8010628749857076,2.4793960079530404,0.7620662624387664,1.6031447828094738
WT,outputs/Tau5_joint_refinement/WT/pool_3/conformer_1108.pdb,3.2839859395671485,3.695319079318268,1.1120956254311498,1.7328428587070261
WT,outputs/Tau5_joint_refinement/WT/pool_3/conformer_1109.pdb,1.9863423885169864,3.6396507240428573,0.6697553792425065,2.1814473441823097
WT,outputs/Tau5_joint_refinement/WT/pool_3/conformer_1110.pdb,2.4411072394215725,4.920211669975227,1.8991450940829055,2.5583949079745043
WT,outputs/Tau5_joint_refinement/WT/pool_3/conformer_1111.pdb,2.3199433948627255,2.8113556072890202,0.7677560140289212,1.9271043390058513
WT,outputs/Tau5_joint_refinement/WT/pool_3/conformer_1112.pdb,5.742596083366793,1.8249698337997717,3.3575538721414717,1.8819161064592218
WT,outputs/Tau5_joint_refinement/WT/pool_3/conformer_1113.pdb,3.556789967291932,3.5282372041930636,2.9757435607384553,1.5628706629593603
WT,outputs/Tau5_joint_refinement/WT/pool_3/conformer_1114.pdb,5.295743470752454,3.1137609456364554,3.9133177463577122,2.0474510236333607
WT,outputs/Tau5_joint_refinement/WT/pool_3/conformer_1115.pdb,2.470499913621562,3.6217898472562142,0.5385708914183509,1.706150016885381
WT,outputs/Tau5_joint_refinement/WT/pool_3/conformer_1116.pdb,2.22786806991301,2.442683988895321,0.5336205039976724,1.3473984219255732
WT,outputs/Tau5_joint_refinement/WT/pool_3/conformer_1117.pdb,3.196976966700808,4.5592723208508925,1.8710365925659085,1.463148955486313
WT,outputs/Tau5_joint_refinement/WT/pool_3/conformer_1118.pdb,1.824913140095449,2.359637604015062,1.2232181890717924,1.6623704366691963
WT,outputs/Tau5_joint_refinement/WT/pool_3/conformer_1119.pdb,1.7162441158074973,4.936220048561252,0.8035230897495741,1.9848789925445438
WT,outputs/Tau5_joint_refinement/WT/pool_3/conformer_1120.pdb,2.3047322934327026,3.187981076457324,0.5818982123269809,2.572937392824546
WT,outputs/Tau5_joint_refinement/WT/pool_3/conformer_1121.pdb,2.44164637373511,3.1953711947274215,1.2964956892202908,1.590137521928456
WT,outputs/Tau5_joint_refinement/WT/pool_3/conformer_1122.pdb,5.138950871605383,3.7346303055785635,4.446000394403113,1.7932825245235284
WT,outputs/Tau5_joint_refinement/WT/pool_3/conformer_1123.pdb,1.6033188385154287,2.738805043826646,0.5917549606606093,1.7131147545288117
WT,outputs/Tau5_joint_refinement/WT/pool_3/conformer_1124.pdb,11.766526195046847,5.8421334626695876,9.112740261959853,2.155168895339624
WT,outputs/Tau5_joint_refinement/WT/pool_3/conformer_1125.pdb,1.4475101161104982,2.700609044400654,0.7070316229544079,1.6449164151534263
WT,outputs/Tau5_joint_refinement/WT/pool_3/conformer_1126.pdb,10.575165713844935,3.046300983829724,8.070954315468201,1.7335453378514447
WT,outputs/Tau5_joint_refinement/WT/pool_3/conformer_1127.pdb,4.118315146213121,3.123691747737274,3.3458967229840315,1.854623288088625
WT,outputs/Tau5_joint_refinement/WT/pool_3/conformer_1128.pdb,1.8798192307072832,2.6716002841808906,0.652919892018722,2.8733338496220604
WT,outputs/Tau5_joint_refinement/WT/pool_3/conformer_1129.pdb,3.999119061054655,3.156861537338812,2.1488547434547143,1.433677967878546
WT,outputs/Tau5_joint_refinement/WT/pool_3/conformer_1130.pdb,2.6229102678190075,4.100039597911677,1.9414145414662352,1.8890992336572983
WT,outputs/Tau5_joint_refinement/WT/pool_3/conformer_1131.pdb,2.3135473149318417,2.4420008377090143,1.0605717859688764,1.9188454032562334
WT,outputs/Tau5_joint_refinement/WT/pool_3/conformer_1132.pdb,1.7974934843848571,2.914507091522105,0.9869755818531043,2.386662940873438
WT,outputs/Tau5_joint_refinement/WT/pool_3/conformer_1133.pdb,5.966913524120354,2.4273856137265026,5.030737293884041,2.1098923240930048
WT,outputs/Tau5_joint_refinement/WT/pool_3/conformer_1134.pdb,2.1371301649459524,4.431926100667729,1.03876058195771,2.5950791783152067
WT,outputs/Tau5_joint_refinement/WT/pool_3/conformer_1135.pdb,5.410411624069012,3.7203344781450762,4.601195733370235,1.8261940776282626
WT,outputs/Tau5_joint_refinement/WT/pool_3/conformer_1136.pdb,2.139566959625304,3.7402761804043294,1.3165838502631835,1.8009433886157344
WT,outputs/Tau5_joint_refinement/WT/pool_3/conformer_1137.pdb,3.961629730244939,3.644342808233171,2.6360339799858212,1.528355250113163
WT,outputs/Tau5_joint_refinement/WT/pool_3/conformer_1138.pdb,2.03090371944527,3.6506408308039067,1.3440975528715928,1.7199601994794433
WT,outputs/Tau5_joint_refinement/WT/pool_3/conformer_1139.pdb,1.5888557381931105,3.0972607450911585,0.5467976972083807,2.676736957767387
WT,outputs/Tau5_joint_refinement/WT/pool_3/conformer_1140.pdb,2.7627171138709725,2.185557530921108,1.7193400117403126,1.2805908116209626
WT,outputs/Tau5_joint_refinement/WT/pool_3/conformer_1141.pdb,4.429089513093128,2.3484372621899783,3.6093844101885146,1.5567640689082025
WT,outputs/Tau5_joint_refinement/WT/pool_3/conformer_1142.pdb,6.453441550905729,2.6489041124142787,5.565716477365865,2.239236162271436
WT,outputs/Tau5_joint_refinement/WT/pool_3/conformer_1143.pdb,1.8285143593461166,2.749230694645802,0.5264268748004102,2.4268812125262764
WT,outputs/Tau5_joint_refinement/WT/pool_3/conformer_1144.pdb,2.384780172785733,3.982732866125728,1.231602775396706,1.3686908165415141
WT,outputs/Tau5_joint_refinement/WT/pool_3/conformer_1145.pdb,1.3272972954624023,4.9040016727126785,0.7871193879184805,2.0163089500235705
WT,outputs/Tau5_joint_refinement/WT/pool_3/conformer_1146.pdb,1.289810615421649,2.2937653339653967,0.6513806703776893,1.641187325876017
WT,outputs/Tau5_joint_refinement/WT/pool_3/conformer_1147.pdb,5.229193805890021,3.0688233715961664,4.51650861426834,1.7965575991676173
WT,outputs/Tau5_joint_refinement/WT/pool_3/conformer_1148.pdb,2.5472897571380524,3.002341956757929,1.7911708548961214,1.8532202361106396
WT,outputs/Tau5_joint_refinement/WT/pool_3/conformer_1149.pdb,2.4486413786960948,2.2945914542116146,1.5330170635620408,1.9239866085249044
WT,outputs/Tau5_joint_refinement/WT/pool_3/conformer_1150.pdb,1.3365618022168602,3.6439769256139565,0.43039398759495423,1.5444883243776983
WT,outputs/Tau5_joint_refinement/WT/pool_3/conformer_1151.pdb,6.5875389730017,4.144865699743446,5.725278673280643,2.1073119426908296
WT,outputs/Tau5_joint_refinement/WT/pool_3/conformer_1152.pdb,1.90950616459528,3.4556243534156668,0.961371311956727,1.875524043848261
WT,outputs/Tau5_joint_refinement/WT/pool_3/conformer_1153.pdb,3.708631705474812,2.609254811307616,2.4730081532701225,1.65459401594435
WT,outputs/Tau5_joint_refinement/WT/pool_3/conformer_1154.pdb,4.46690025281208,3.2201048321108017,3.9232070006342803,1.40133944692235
WT,outputs/Tau5_joint_refinement/WT/pool_3/conformer_1155.pdb,1.7965725647967876,4.5277463459284855,0.6883861230529713,1.734952877626049
WT,outputs/Tau5_joint_refinement/WT/pool_3/conformer_1156.pdb,1.867974575689361,4.647037307551372,0.9757414298305676,1.9703393661482194
WT,outputs/Tau5_joint_refinement/WT/pool_3/conformer_1157.pdb,1.9716115721050576,4.276043530642062,1.1708316631128204,1.7595565405632112
WT,outputs/Tau5_joint_refinement/WT/pool_3/conformer_1158.pdb,4.263011529983376,4.58544652417108,2.8185706502579126,1.6693035295885177
WT,outputs/Tau5_joint_refinement/WT/pool_3/conformer_1159.pdb,1.651217047090435,2.9797427470036464,0.798332006076295,1.483138934468025
WT,outputs/Tau5_joint_refinement/WT/pool_3/conformer_1160.pdb,2.304218963154875,3.687371811959008,1.0746919429148607,1.5647359043606714
WT,outputs/Tau5_joint_refinement/WT/pool_3/conformer_1161.pdb,2.99551609472632,3.408676266199649,2.0785103822315976,2.097811979931503
WT,outputs/Tau5_joint_refinement/WT/pool_3/conformer_1162.pdb,5.366199681562465,2.6406084320229746,3.1643120333722794,2.1229375667236736
WT,outputs/Tau5_joint_refinement/WT/pool_3/conformer_1163.pdb,8.13333746345947,2.5161914861276182,7.197994686954194,1.5685778677160558
WT,outputs/Tau5_joint_refinement/WT/pool_3/conformer_1164.pdb,1.869283357001152,2.5195375708041645,0.568355245834548,2.1319271233262427
WT,outputs/Tau5_joint_refinement/WT/pool_3/conformer_1165.pdb,1.6812517975434635,2.7270752040549833,0.9625512813483043,1.9068441861820475
WT,outputs/Tau5_joint_refinement/WT/pool_3/conformer_1166.pdb,1.7436302647579447,4.411305464239645,1.1849626210970905,2.62138222594785
WT,outputs/Tau5_joint_refinement/WT/pool_3/conformer_1167.pdb,3.3713781015454,3.6433955792405883,2.711195092827467,1.4874682027460233
WT,outputs/Tau5_joint_refinement/WT/pool_3/conformer_1168.pdb,5.106152506969394,4.029559553522275,4.491387026110426,1.3970644832939907
WT,outputs/Tau5_joint_refinement/WT/pool_3/conformer_1169.pdb,3.7209237318657826,2.1709591554213175,2.356894546310697,1.6600811444823846
WT,outputs/Tau5_joint_refinement/WT/pool_3/conformer_1170.pdb,1.853618984184369,4.335755381213226,1.2114743459963586,1.394800395079582
WT,outputs/Tau5_joint_refinement/WT/pool_3/conformer_1171.pdb,1.7505555252438323,2.9859067853302537,1.0429818890610718,1.7503647302882304
WT,outputs/Tau5_joint_refinement/WT/pool_3/conformer_1172.pdb,1.417063962357063,4.4246438963317525,0.5916214751554599,1.9832236742810816
WT,outputs/Tau5_joint_refinement/WT/pool_3/conformer_1173.pdb,2.102687425800524,4.678032307863043,1.4938749191700385,2.056980565261655
WT,outputs/Tau5_joint_refinement/WT/pool_3/conformer_1174.pdb,1.4808002458236593,4.382973470546596,0.9348502791782953,2.52831686230861
WT,outputs/Tau5_joint_refinement/WT/pool_3/conformer_1175.pdb,9.059360848832672,2.795862576990502,6.0865338033374226,1.792453215702297
WT,outputs/Tau5_joint_refinement/WT/pool_3/conformer_1176.pdb,2.712532874258496,3.217730049062257,1.582871561062789,2.128726786638535
WT,outputs/Tau5_joint_refinement/WT/pool_3/conformer_1177.pdb,9.028947486979288,3.199621401055717,6.939419889856836,1.4280855112010262
WT,outputs/Tau5_joint_refinement/WT/pool_3/conformer_1178.pdb,6.053159309511098,3.7216630198098453,2.9680025556117786,1.4430129865833994
WT,outputs/Tau5_joint_refinement/WT/pool_3/conformer_1179.pdb,4.85024934284768,4.10614992705158,0.4282547182430996,2.7378267759709
WT,outputs/Tau5_joint_refinement/WT/pool_3/conformer_1180.pdb,2.2999098299538128,3.037552807155741,1.3261494070745896,1.540956093695633
WT,outputs/Tau5_joint_refinement/WT/pool_3/conformer_1181.pdb,8.237441266688327,4.476814814588077,7.4665685978838,1.887496683139233
WT,outputs/Tau5_joint_refinement/WT/pool_3/conformer_1182.pdb,3.560618443444715,4.3375217420535765,2.9803228540621496,2.052832314768403
WT,outputs/Tau5_joint_refinement/WT/pool_3/conformer_1183.pdb,4.931475397912509,2.458281730161927,4.1374076028583895,1.8314051687759834
WT,outputs/Tau5_joint_refinement/WT/pool_3/conformer_1184.pdb,4.459091062016041,2.736832917622474,3.503148759359888,1.858415811502872
WT,outputs/Tau5_joint_refinement/WT/pool_3/conformer_1185.pdb,5.589052540135086,3.999811080300995,4.978845790206282,2.3535283429640708
WT,outputs/Tau5_joint_refinement/WT/pool_3/conformer_1186.pdb,2.285535015519027,2.154860348463413,1.1160232150946676,1.7328231803244585
WT,outputs/Tau5_joint_refinement/WT/pool_3/conformer_1187.pdb,3.4468533853608294,3.192205320985117,2.683312078226435,1.3446849695478142
WT,outputs/Tau5_joint_refinement/WT/pool_3/conformer_1188.pdb,3.8803156783612294,3.6368378685576563,3.18508589563141,1.8232256572726735
WT,outputs/Tau5_joint_refinement/WT/pool_3/conformer_1189.pdb,3.4029728244451927,2.603380465616612,1.2875975204018204,1.7066148723488617
WT,outputs/Tau5_joint_refinement/WT/pool_3/conformer_1190.pdb,4.1965746659700605,4.414277146211515,3.2396359247435904,1.6663388489237108
WT,outputs/Tau5_joint_refinement/WT/pool_3/conformer_1191.pdb,4.715197378450127,3.658625367782543,4.081066398983611,1.519009814861867
WT,outputs/Tau5_joint_refinement/WT/pool_3/conformer_1192.pdb,6.3784339243312465,3.4793477350997484,4.545962932564455,1.866897596053888
WT,outputs/Tau5_joint_refinement/WT/pool_3/conformer_1193.pdb,3.8499062543784897,3.4869668747756464,0.787363167875715,2.271933113889834
WT,outputs/Tau5_joint_refinement/WT/pool_3/conformer_1194.pdb,2.605481575530415,3.792502586777848,1.7513671335518304,1.812957002932893
WT,outputs/Tau5_joint_refinement/WT/pool_3/conformer_1195.pdb,3.8423872451368966,3.667880228983974,2.7078107881057503,2.2682056329757696
WT,outputs/Tau5_joint_refinement/WT/pool_3/conformer_1196.pdb,4.35562996687835,2.8580915916855933,2.6946852900921576,1.6452399961756168
WT,outputs/Tau5_joint_refinement/WT/pool_3/conformer_1197.pdb,3.0321925626995117,4.890212479694205,1.8833665170685792,2.083633052594319
WT,outputs/Tau5_joint_refinement/WT/pool_3/conformer_1198.pdb,1.3471228698661162,3.42160035138469,0.5221838752239019,2.1981822440524814
WT,outputs/Tau5_joint_refinement/WT/pool_3/conformer_1199.pdb,1.4987876574372678,3.093255864749238,0.7015171541041275,1.970069105537446
WT,outputs/Tau5_joint_refinement/WT/pool_3/conformer_1200.pdb,2.8822590849181835,2.8909800082553225,1.7449708630890521,1.8086135875292808
WT,outputs/Tau5_joint_refinement/WT/pool_3/conformer_1201.pdb,7.268412380532288,2.887099823730988,6.54427251902348,1.8960789177327002
WT,outputs/Tau5_joint_refinement/WT/pool_3/conformer_1202.pdb,1.6999437072607706,3.1882246014955173,0.8497496641176596,2.1819146089996737
WT,outputs/Tau5_joint_refinement/WT/pool_3/conformer_1203.pdb,1.337744554537392,4.137212051712868,0.6413024160146615,1.9472480843117725
WT,outputs/Tau5_joint_refinement/WT/pool_3/conformer_1204.pdb,9.451488257437715,2.460257112058136,8.672288675758235,1.6957880020815768
WT,outputs/Tau5_joint_refinement/WT/pool_3/conformer_1205.pdb,7.353484807645845,3.960980461344574,6.665912662363734,1.7184669114205608
WT,outputs/Tau5_joint_refinement/WT/pool_3/conformer_1206.pdb,1.3285515371191772,2.9853917660843385,0.7279434037062875,1.5791361236557278
WT,outputs/Tau5_joint_refinement/WT/pool_3/conformer_1207.pdb,2.506151347091006,3.4923310645997967,1.5593224506504753,1.698989477262544
WT,outputs/Tau5_joint_refinement/WT/pool_3/conformer_1208.pdb,3.9011532113474847,2.942786621219027,1.6568433078659588,2.171341468149908
WT,outputs/Tau5_joint_refinement/WT/pool_3/conformer_1209.pdb,1.6191270259318329,2.963640732416498,1.0398167592506697,1.8113954476836445
WT,outputs/Tau5_joint_refinement/WT/pool_3/conformer_1210.pdb,6.269111598287664,2.397672676093945,5.469170591946577,1.549931968625098
WT,outputs/Tau5_joint_refinement/WT/pool_3/conformer_1211.pdb,2.271096783577487,4.394150427204805,0.9659661290497277,2.771120294467463
WT,outputs/Tau5_joint_refinement/WT/pool_3/conformer_1212.pdb,4.069664103057082,3.3956499321729225,2.9196250204860306,2.2580276331592954
WT,outputs/Tau5_joint_refinement/WT/pool_3/conformer_1213.pdb,2.7821654488934757,2.5529692441943133,1.9203249650480396,1.822330953848382
WT,outputs/Tau5_joint_refinement/WT/pool_3/conformer_1214.pdb,3.4972410558511036,2.940293694497673,2.220474979620237,2.2489460926332034
WT,outputs/Tau5_joint_refinement/WT/pool_3/conformer_1215.pdb,4.17111609898431,2.4469400314285674,0.794545119762313,1.5054173093922263
WT,outputs/Tau5_joint_refinement/WT/pool_3/conformer_1216.pdb,4.150260538402352,4.78838717446228,2.8394335916842106,2.0816522655390175
WT,outputs/Tau5_joint_refinement/WT/pool_3/conformer_1217.pdb,1.8158653857781644,3.315196457039726,0.5236198396230092,1.9684038615897472
WT,outputs/Tau5_joint_refinement/WT/pool_3/conformer_1218.pdb,1.773450705032671,4.591073708211387,0.6334550027867676,2.490074716562236
WT,outputs/Tau5_joint_refinement/WT/pool_3/conformer_1219.pdb,1.5236536582699474,3.085743047248597,0.8080501040460005,2.1723158784982823
WT,outputs/Tau5_joint_refinement/WT/pool_3/conformer_1220.pdb,5.2675433526784525,2.643367548777348,4.140816864658688,1.710040543642876
WT,outputs/Tau5_joint_refinement/WT/pool_3/conformer_1221.pdb,3.087189823846148,2.7081100035299066,1.7932564332998702,1.6034624856476887
WT,outputs/Tau5_joint_refinement/WT/pool_3/conformer_1222.pdb,9.253684193713543,3.9347539066959487,6.579914206378797,1.7255476171290063
WT,outputs/Tau5_joint_refinement/WT/pool_3/conformer_1223.pdb,3.5492427588674023,4.869208376901547,2.2352741062021644,2.2557018124895456
WT,outputs/Tau5_joint_refinement/WT/pool_3/conformer_1224.pdb,3.3224024618260066,4.019120275210612,2.6659502421923804,2.064166556251782
WT,outputs/Tau5_joint_refinement/WT/pool_3/conformer_1225.pdb,5.104560441622369,3.4859017693907655,4.04181837959715,1.5587139608178906
WT,outputs/Tau5_joint_refinement/WT/pool_3/conformer_1226.pdb,1.7607411515951585,2.7282868778733103,0.6104882767706238,2.6635023242715357
WT,outputs/Tau5_joint_refinement/WT/pool_3/conformer_1227.pdb,3.851246704017784,3.505252558823726,0.8076095130547088,1.8352658403253679
WT,outputs/Tau5_joint_refinement/WT/pool_3/conformer_1228.pdb,5.348505409525371,2.193937815655334,4.621944949733101,1.7432645429644393
WT,outputs/Tau5_joint_refinement/WT/pool_3/conformer_1229.pdb,2.5472255862899083,2.7567897607129073,1.2559595800599919,1.8170524950429223
WT,outputs/Tau5_joint_refinement/WT/pool_3/conformer_1230.pdb,3.8816610436806744,3.57481577311403,2.712637258416652,1.8620199893433707
WT,outputs/Tau5_joint_refinement/WT/pool_3/conformer_1231.pdb,1.303099170469078,3.112063196014534,0.6096123409895835,1.4726277246013904
WT,outputs/Tau5_joint_refinement/WT/pool_3/conformer_1232.pdb,2.227025506574063,2.784936683453778,0.7135149164110912,2.0633554427049283
WT,outputs/Tau5_joint_refinement/WT/pool_3/conformer_1233.pdb,7.892017309571528,3.227866399859567,6.866695957628204,2.098104930516562
WT,outputs/Tau5_joint_refinement/WT/pool_3/conformer_1234.pdb,9.81048562256462,2.9560947851822923,7.551746527877116,1.7791013800988529
WT,outputs/Tau5_joint_refinement/WT/pool_3/conformer_1235.pdb,1.664614678800426,3.300019612929512,1.0617373078426493,2.47309855693844
WT,outputs/Tau5_joint_refinement/WT/pool_3/conformer_1236.pdb,4.035006106776974,3.1583642414954207,3.3851811517127235,2.01930448845118
WT,outputs/Tau5_joint_refinement/WT/pool_3/conformer_1237.pdb,6.6207144485430565,3.6240877960500857,2.2471820037036383,2.334200168510427
WT,outputs/Tau5_joint_refinement/WT/pool_3/conformer_1238.pdb,4.27832142521743,2.960039879017797,0.9324533329705916,1.562564118204842
WT,outputs/Tau5_joint_refinement/WT/pool_3/conformer_1239.pdb,4.603382344030208,3.075239085384031,3.717383474063368,2.531444448219167
WT,outputs/Tau5_joint_refinement/WT/pool_3/conformer_1240.pdb,10.33433845039489,3.73063416131328,9.573057701000824,1.8193044367034343
WT,outputs/Tau5_joint_refinement/WT/pool_3/conformer_1241.pdb,8.43154308760523,3.4972648327922515,6.195487339281604,2.4046713607493038
WT,outputs/Tau5_joint_refinement/WT/pool_3/conformer_1242.pdb,4.916338547479082,3.8328867782363685,3.6296606655852925,1.390816017188144
WT,outputs/Tau5_joint_refinement/WT/pool_3/conformer_1243.pdb,5.381585284507382,2.750123787712665,4.548169579013118,1.3294570311132776
WT,outputs/Tau5_joint_refinement/WT/pool_3/conformer_1244.pdb,8.007900594143477,3.580012450005315,6.932191298007445,1.41135659312337
WT,outputs/Tau5_joint_refinement/WT/pool_3/conformer_1245.pdb,3.0879230574311496,3.6569197687078083,1.8778584614565235,2.067599782892279
WT,outputs/Tau5_joint_refinement/WT/pool_3/conformer_1246.pdb,1.368171874220731,3.1466454837822044,0.7608117122782476,1.8688527323256836
WT,outputs/Tau5_joint_refinement/WT/pool_3/conformer_1247.pdb,2.0689115813207923,3.588986098822669,1.1240532429262546,1.8663983144330747
WT,outputs/Tau5_joint_refinement/WT/pool_3/conformer_1248.pdb,5.232758994987109,4.91292561675541,4.58496647920202,2.048130883454211
WT,outputs/Tau5_joint_refinement/WT/pool_3/conformer_1249.pdb,9.693461369899234,3.2025014139875663,8.034013289826984,2.2733416472653922
WT,outputs/Tau5_joint_refinement/WT/pool_3/conformer_1250.pdb,2.428523396983143,2.9910739731376172,1.744754239398237,1.8316299798547409
WT,outputs/Tau5_joint_refinement/WT/pool_3/conformer_1251.pdb,2.519588969032553,2.370752065428172,1.4132817020375557,1.6734468418611559
WT,outputs/Tau5_joint_refinement/WT/pool_3/conformer_1252.pdb,1.6521181934138462,3.162774325249094,1.0243447383314288,1.9383623496727405
WT,outputs/Tau5_joint_refinement/WT/pool_3/conformer_1253.pdb,3.8739785298240252,3.40159889790724,3.256020151553032,1.952617390734348
WT,outputs/Tau5_joint_refinement/WT/pool_3/conformer_1254.pdb,1.5934848923462945,3.5769435284986058,1.0235836314485482,1.5942892456658118
WT,outputs/Tau5_joint_refinement/WT/pool_3/conformer_1255.pdb,5.213282862305405,2.7724114398999644,1.0449616702889328,2.4898533093335766
WT,outputs/Tau5_joint_refinement/WT/pool_3/conformer_1256.pdb,6.068924335444994,2.8834259646125964,4.40261774843759,1.4470153047214858
WT,outputs/Tau5_joint_refinement/WT/pool_3/conformer_1257.pdb,3.417114394562973,2.607703626135934,1.16705004880618,2.6234397703816557
WT,outputs/Tau5_joint_refinement/WT/pool_3/conformer_1258.pdb,5.471995872950505,4.098899567201102,4.666177530650627,2.3638529563897155
WT,outputs/Tau5_joint_refinement/WT/pool_3/conformer_1259.pdb,1.2703205057343279,2.9824544137164155,0.7015290177980491,2.045464491292945
WT,outputs/Tau5_joint_refinement/WT/pool_3/conformer_1260.pdb,8.821178100325842,2.880837985349392,7.648606987039542,1.9457339690003388
WT,outputs/Tau5_joint_refinement/WT/pool_3/conformer_1261.pdb,4.825743583378983,3.0858502268196997,0.7546772794736409,1.6705939050623217
WT,outputs/Tau5_joint_refinement/WT/pool_3/conformer_1262.pdb,1.3277037539169452,3.3014825917498163,0.606363595136828,1.3502804939613284
WT,outputs/Tau5_joint_refinement/WT/pool_3/conformer_1263.pdb,2.7265997750104725,4.343707185172768,2.106218634966215,1.5605564359187718
WT,outputs/Tau5_joint_refinement/WT/pool_3/conformer_1264.pdb,5.570654963358689,3.6969043040193887,4.04760399410896,1.7122064879241468
WT,outputs/Tau5_joint_refinement/WT/pool_3/conformer_1265.pdb,1.8988813546985537,3.6794518136347056,0.6463825874573187,1.4325069946393592
WT,outputs/Tau5_joint_refinement/WT/pool_3/conformer_1266.pdb,8.038286293300171,2.755312580019028,7.349922408420272,2.1280628424131574
WT,outputs/Tau5_joint_refinement/WT/pool_3/conformer_1267.pdb,7.471089111933533,2.832697785689098,5.692458489612117,2.086761948152146
WT,outputs/Tau5_joint_refinement/WT/pool_3/conformer_1268.pdb,4.924438001472332,3.2304904293248917,4.148729344084521,1.3523443088496117
WT,outputs/Tau5_joint_refinement/WT/pool_3/conformer_1269.pdb,5.56223012772539,3.2407161895641945,2.751317894572768,1.318526578906366
WT,outputs/Tau5_joint_refinement/WT/pool_3/conformer_1270.pdb,3.2406087562637866,2.5326925354777243,1.6189104692931473,1.2842994095711269
WT,outputs/Tau5_joint_refinement/WT/pool_3/conformer_1271.pdb,3.1782007287175897,2.6368806318269633,2.5104735809334144,1.8610745324176698
WT,outputs/Tau5_joint_refinement/WT/pool_3/conformer_1272.pdb,7.018270392492889,4.018399072676518,3.1149530499135714,1.572801024785097
WT,outputs/Tau5_joint_refinement/WT/pool_3/conformer_1273.pdb,4.86286143937387,3.16520502611304,2.448517887526168,1.7407757514748508
WT,outputs/Tau5_joint_refinement/WT/pool_3/conformer_1274.pdb,5.055180833872698,2.9822845064373236,4.151003115682274,2.01193902818514
WT,outputs/Tau5_joint_refinement/WT/pool_3/conformer_1275.pdb,1.731389767992926,2.6121515763854886,1.0513296697976222,2.1505712188606037
WT,outputs/Tau5_joint_refinement/WT/pool_3/conformer_1276.pdb,2.9702392648189546,3.4655707865191556,2.1321117675896337,2.23354107827928
WT,outputs/Tau5_joint_refinement/WT/pool_3/conformer_1277.pdb,1.787632582821317,3.3184212878865473,0.7530671776269579,2.450503249149284
WT,outputs/Tau5_joint_refinement/WT/pool_3/conformer_1278.pdb,5.506890051264329,4.019945315554678,3.2276080210049622,2.01035473717514
WT,outputs/Tau5_joint_refinement/WT/pool_3/conformer_1279.pdb,2.615876419228485,3.029239960627156,1.8404126431987777,2.5400826170390456
WT,outputs/Tau5_joint_refinement/WT/pool_3/conformer_1280.pdb,4.91740817933689,2.1657667813043466,4.091606654234542,1.5565872692636111
WT,outputs/Tau5_joint_refinement/WT/pool_3/conformer_1281.pdb,3.033417753974179,4.827526397550677,2.264773312459086,2.112082200305711
WT,outputs/Tau5_joint_refinement/WT/pool_3/conformer_1282.pdb,1.547784138516439,4.344245121438598,0.8330278229094684,2.341372360403314
WT,outputs/Tau5_joint_refinement/WT/pool_3/conformer_1283.pdb,1.7176356326172526,3.4999687023750456,0.769363138475027,1.2157870277701324
WT,outputs/Tau5_joint_refinement/WT/pool_3/conformer_1284.pdb,2.152205079375555,3.151402335814279,1.3921870727363064,1.4184319263607217
WT,outputs/Tau5_joint_refinement/WT/pool_3/conformer_1285.pdb,4.975646694660207,2.9450450639513424,4.134556957101856,1.9480975034331964
WT,outputs/Tau5_joint_refinement/WT/pool_3/conformer_1286.pdb,4.221213657785776,3.354146980707758,3.2252647270933292,2.0541382347701536
WT,outputs/Tau5_joint_refinement/WT/pool_3/conformer_1287.pdb,4.551731533528689,2.453249524266941,2.9166061551019764,2.1226598442844367
WT,outputs/Tau5_joint_refinement/WT/pool_3/conformer_1288.pdb,5.02134608801441,4.046628628732795,4.406813271631546,2.3393523115574717
WT,outputs/Tau5_joint_refinement/WT/pool_3/conformer_1289.pdb,3.6745861055591615,2.984131578442485,2.1786205551228726,2.023059601448764
WT,outputs/Tau5_joint_refinement/WT/pool_3/conformer_1290.pdb,2.6184988799748905,4.327846756155212,0.7150344971250362,1.6769632584861542
WT,outputs/Tau5_joint_refinement/WT/pool_3/conformer_1291.pdb,2.2575837671955674,2.7440884848591898,1.0269837895723246,1.5721191351673824
WT,outputs/Tau5_joint_refinement/WT/pool_3/conformer_1292.pdb,1.8233749539281543,2.796454959465545,0.5658126209657263,2.0828292385230003
WT,outputs/Tau5_joint_refinement/WT/pool_3/conformer_1293.pdb,6.307874212079013,3.0193471317510334,5.380813569657887,2.2976714847410395
WT,outputs/Tau5_joint_refinement/WT/pool_3/conformer_1294.pdb,5.476087351891234,2.7767864241143636,4.655735982410726,2.186643858416888
WT,outputs/Tau5_joint_refinement/WT/pool_3/conformer_1295.pdb,1.5523939343497413,3.788936954475618,0.48291080279750404,2.3908206177288847
WT,outputs/Tau5_joint_refinement/WT/pool_3/conformer_1296.pdb,1.2145242374706284,3.2602530322173826,0.4014820258911871,2.303613979547481
WT,outputs/Tau5_joint_refinement/WT/pool_3/conformer_1297.pdb,1.4292865116631015,5.237691415589068,0.6732077874860424,2.4981676561549926
WT,outputs/Tau5_joint_refinement/WT/pool_3/conformer_1298.pdb,4.998580272583992,4.146787779172506,0.6060938101260863,1.6269966494068517
WT,outputs/Tau5_joint_refinement/WT/pool_3/conformer_1299.pdb,1.1054172126149284,3.803113484853835,0.4783027674876727,2.0691203403255027
WT,outputs/Tau5_joint_refinement/WT/pool_3/conformer_1300.pdb,9.70536973096134,2.8747092876572853,8.723747008355218,1.555528683768572
WT,outputs/Tau5_joint_refinement/WT/pool_3/conformer_1301.pdb,2.1230497828493227,2.601919245859412,1.0219669266763505,1.480552701221321
WT,outputs/Tau5_joint_refinement/WT/pool_3/conformer_1302.pdb,1.8221559171465402,3.5578426641034286,1.020890884001863,2.242279387723931
WT,outputs/Tau5_joint_refinement/WT/pool_3/conformer_1303.pdb,1.7290587484236797,3.5097322534971513,0.9292093471086452,2.407767452250468
WT,outputs/Tau5_joint_refinement/WT/pool_3/conformer_1304.pdb,3.670630267341867,3.5810607810085795,3.043546416159252,1.8383126838273212
WT,outputs/Tau5_joint_refinement/WT/pool_3/conformer_1305.pdb,4.73239086823086,2.6774217723118086,3.4797056101442285,1.51985584134253
WT,outputs/Tau5_joint_refinement/WT/pool_3/conformer_1306.pdb,2.058887020448426,3.1725454197862866,1.257113654645235,2.051795312184595
WT,outputs/Tau5_joint_refinement/WT/pool_3/conformer_1307.pdb,1.6223700501999132,3.0871706654590434,1.0406965986550027,1.9656106434836347
WT,outputs/Tau5_joint_refinement/WT/pool_3/conformer_1308.pdb,3.1639393038807904,3.4092045393504593,0.9179858897684782,1.7008455955544852
WT,outputs/Tau5_joint_refinement/WT/pool_3/conformer_1309.pdb,1.7715140258722313,3.11899054549015,1.0791912335636598,1.8405453414400537
WT,outputs/Tau5_joint_refinement/WT/pool_3/conformer_1310.pdb,8.412213294684534,3.6697931295596478,7.262877445676113,2.660913515748082
WT,outputs/Tau5_joint_refinement/WT/pool_3/conformer_1311.pdb,5.6631268034026085,2.7781645142126763,4.713611170682078,1.6217768803151908
WT,outputs/Tau5_joint_refinement/WT/pool_3/conformer_1312.pdb,1.9618324176462612,2.2965985411282706,0.4268948409677522,1.7958665802519098
WT,outputs/Tau5_joint_refinement/WT/pool_3/conformer_1313.pdb,9.261554109651213,3.052771735693078,4.200150224305,1.6957686301392314
WT,outputs/Tau5_joint_refinement/WT/pool_3/conformer_1314.pdb,2.9579307710728906,3.9886433303920836,1.8463921525828342,2.3937505347417742
WT,outputs/Tau5_joint_refinement/WT/pool_3/conformer_1315.pdb,3.061138937432531,2.3658473257672985,2.144055530816461,1.3745531660499102
WT,outputs/Tau5_joint_refinement/WT/pool_3/conformer_1316.pdb,1.8177770346052535,3.220237268246144,1.0622118010375294,1.6849900479649935
WT,outputs/Tau5_joint_refinement/WT/pool_3/conformer_1317.pdb,4.211448403051048,3.5871141813335554,0.8901438511961053,1.603332065262441
WT,outputs/Tau5_joint_refinement/WT/pool_3/conformer_1318.pdb,2.4872390263786777,2.9928469493322045,1.7370002930233661,1.737640942080311
WT,outputs/Tau5_joint_refinement/WT/pool_3/conformer_1319.pdb,2.1390734579733794,2.7107009384770606,0.9688427302121393,1.8791397083059764
WT,outputs/Tau5_joint_refinement/WT/pool_3/conformer_1320.pdb,2.332439063230329,3.5747501640269097,1.8250768251385519,1.9733143919871776
WT,outputs/Tau5_joint_refinement/WT/pool_3/conformer_1321.pdb,6.726922296226823,4.630443809968661,4.0374775345862775,1.9359544713459462
WT,outputs/Tau5_joint_refinement/WT/pool_3/conformer_1322.pdb,1.5674744933372633,3.568398413659111,0.8366061973858742,2.3238231221986982
WT,outputs/Tau5_joint_refinement/WT/pool_3/conformer_1323.pdb,7.685882216179693,3.8287309319214486,6.956371225766756,1.7614088034740814
WT,outputs/Tau5_joint_refinement/WT/pool_3/conformer_1324.pdb,8.23374690874492,5.097612483831075,7.430840896350606,1.8325512934325263
WT,outputs/Tau5_joint_refinement/WT/pool_3/conformer_1325.pdb,1.0660201218491596,4.133162476461309,0.4654372312569628,1.9616452042100414
WT,outputs/Tau5_joint_refinement/WT/pool_3/conformer_1326.pdb,4.173089524431842,4.2286681775667825,2.820017623173941,1.7732269617704377
WT,outputs/Tau5_joint_refinement/WT/pool_3/conformer_1327.pdb,2.133926137845862,2.620962137420203,0.8074783248206326,2.203970204618832
WT,outputs/Tau5_joint_refinement/WT/pool_3/conformer_1328.pdb,1.2522422209338109,2.6877042959567126,0.5856489702205425,1.7938375809762799
WT,outputs/Tau5_joint_refinement/WT/pool_3/conformer_1329.pdb,8.775436866765395,2.2628236932369044,7.64514045635189,1.7310997206021972
WT,outputs/Tau5_joint_refinement/WT/pool_3/conformer_1330.pdb,1.7894633550916657,3.7234896800457156,1.0314320198317426,1.563185222994101
WT,outputs/Tau5_joint_refinement/WT/pool_3/conformer_1331.pdb,5.3214630607490205,4.115535945930051,3.5961615702218306,2.035396614231675
WT,outputs/Tau5_joint_refinement/WT/pool_3/conformer_1332.pdb,4.953263795551656,2.4327433761350923,1.492376704780863,1.3807851824441766
WT,outputs/Tau5_joint_refinement/WT/pool_3/conformer_1333.pdb,10.759928097162952,3.8010823347126514,9.148239482237406,2.2235378906674956
WT,outputs/Tau5_joint_refinement/WT/pool_3/conformer_1334.pdb,5.609441945508972,4.3959848724226465,4.542635612338354,1.8996726287962293
WT,outputs/Tau5_joint_refinement/WT/pool_3/conformer_1335.pdb,2.6751131597578666,4.23267664601115,1.8447726343119935,2.5367156702628333
WT,outputs/Tau5_joint_refinement/WT/pool_3/conformer_1336.pdb,3.756287638121294,2.871604315013019,3.153082226093889,1.918620310107205
WT,outputs/Tau5_joint_refinement/WT/pool_3/conformer_1337.pdb,7.854693612502574,2.377294801837532,5.848753455987872,1.330442970932261
WT,outputs/Tau5_joint_refinement/WT/pool_3/conformer_1338.pdb,2.4211120676586537,4.112473833409832,0.7032077642578929,1.475759529111931
WT,outputs/Tau5_joint_refinement/WT/pool_3/conformer_1339.pdb,3.0515197883667247,3.8008754770659237,1.1014311485397155,1.9219255302068066
WT,outputs/Tau5_joint_refinement/WT/pool_3/conformer_1340.pdb,8.151746994771505,3.1913325041876663,5.487969501844648,2.0077400677032613
WT,outputs/Tau5_joint_refinement/WT/pool_3/conformer_1341.pdb,3.7754296654035295,3.067207539383792,2.976614036505262,2.178027670181417
WT,outputs/Tau5_joint_refinement/WT/pool_3/conformer_1342.pdb,4.15424343975953,2.9997733073576436,3.1278777589654823,1.5721109050409658
WT,outputs/Tau5_joint_refinement/WT/pool_3/conformer_1343.pdb,1.2852711631026283,2.7416382517928493,0.5602804460304986,1.7933121025206944
WT,outputs/Tau5_joint_refinement/WT/pool_3/conformer_1344.pdb,9.91197403374189,2.9189342724087437,7.607948171283407,2.1473945376706465
WT,outputs/Tau5_joint_refinement/WT/pool_3/conformer_1345.pdb,1.5312127960343103,2.608773433271212,0.85771556175852,1.7227454452203388
WT,outputs/Tau5_joint_refinement/WT/pool_3/conformer_1346.pdb,5.404571007881244,2.351085866735305,4.294086222776741,1.7264070989996545
WT,outputs/Tau5_joint_refinement/WT/pool_3/conformer_1347.pdb,2.968972538610119,3.441002424798441,2.168996276457554,1.9109967501377363
WT,outputs/Tau5_joint_refinement/WT/pool_3/conformer_1348.pdb,3.3716651166395715,3.499888555280388,2.618172127682082,2.2208111809045965
WT,outputs/Tau5_joint_refinement/WT/pool_3/conformer_1349.pdb,1.4542139823481701,2.973904087967159,0.703984236779785,1.3174954129342078
WT,outputs/Tau5_joint_refinement/WT/pool_3/conformer_1350.pdb,5.09010030800467,3.2419446140287254,4.237749613070818,1.6631831351342217
WT,outputs/Tau5_joint_refinement/WT/pool_3/conformer_1351.pdb,2.0600734968166288,2.363572353045691,0.5548685459755749,1.677636017496124
WT,outputs/Tau5_joint_refinement/WT/pool_3/conformer_1352.pdb,3.273215909303702,3.7588004786332583,2.301713926109569,1.752409327543869
WT,outputs/Tau5_joint_refinement/WT/pool_3/conformer_1353.pdb,4.369432831283077,3.70164015534124,3.5028604915658197,1.7847203915936751
WT,outputs/Tau5_joint_refinement/WT/pool_3/conformer_1354.pdb,1.515910169403617,3.449570020104458,0.6415781901620031,1.7073494058746248
WT,outputs/Tau5_joint_refinement/WT/pool_3/conformer_1355.pdb,1.9257417060049553,3.1886788666044534,0.9557403750556249,2.3463767653568297
WT,outputs/Tau5_joint_refinement/WT/pool_3/conformer_1356.pdb,1.712426253298137,3.2378982975847284,1.0770697821170452,2.1079881503089886
WT,outputs/Tau5_joint_refinement/WT/pool_3/conformer_1357.pdb,6.870435248604404,2.9991782911355487,6.161180497626639,1.7824327315953967
WT,outputs/Tau5_joint_refinement/WT/pool_3/conformer_1358.pdb,6.21064409720873,4.369194889477955,5.54528136599469,2.0945244168476638
WT,outputs/Tau5_joint_refinement/WT/pool_3/conformer_1359.pdb,6.604927117674672,3.0711927995195665,5.229582503110797,1.8463379335984633
WT,outputs/Tau5_joint_refinement/WT/pool_3/conformer_1360.pdb,1.8404010210016228,3.7722750086442085,0.8240631503114075,2.473197835774974
WT,outputs/Tau5_joint_refinement/WT/pool_3/conformer_1361.pdb,3.3150552587768374,2.972050366946006,2.0058512471637715,1.5579268939259001
WT,outputs/Tau5_joint_refinement/WT/pool_3/conformer_1362.pdb,4.245013185895944,2.9549066354336584,3.4043597755535218,1.6313223588103585
WT,outputs/Tau5_joint_refinement/WT/pool_3/conformer_1363.pdb,1.5074423299916937,3.8777418893738735,0.7592696561343312,1.866542209963454
WT,outputs/Tau5_joint_refinement/WT/pool_3/conformer_1364.pdb,2.616524723341772,2.6239635069005502,0.47266631215969085,1.7186737552133202
WT,outputs/Tau5_joint_refinement/WT/pool_3/conformer_1365.pdb,3.672159523674688,2.8797568127174142,2.6735247942883995,1.445983767205677
WT,outputs/Tau5_joint_refinement/WT/pool_3/conformer_1366.pdb,4.981273346979449,3.2362995830575714,4.105281227608348,2.0455281313181763
WT,outputs/Tau5_joint_refinement/WT/pool_3/conformer_1367.pdb,8.884007259174524,3.716790932288733,7.9805646648861535,2.4456781100116545
WT,outputs/Tau5_joint_refinement/WT/pool_3/conformer_1368.pdb,6.4553869673644595,3.11932921736589,5.720465206676489,1.5870230566274768
WT,outputs/Tau5_joint_refinement/WT/pool_3/conformer_1369.pdb,5.602452743814111,4.492580397321556,4.997976087151421,2.458053686075393
WT,outputs/Tau5_joint_refinement/WT/pool_3/conformer_1370.pdb,3.714148860557717,3.8220954152089286,3.1247392298126484,1.5199862656447671
WT,outputs/Tau5_joint_refinement/WT/pool_3/conformer_1371.pdb,4.808214861599066,3.1470020528532388,4.0455820487353416,2.0106483801952764
WT,outputs/Tau5_joint_refinement/WT/pool_3/conformer_1372.pdb,3.560768982824584,3.748277661494732,0.949465429856439,2.3680372909580596
WT,outputs/Tau5_joint_refinement/WT/pool_3/conformer_1373.pdb,3.1750743817521916,1.9649852952964433,0.8432925493828715,1.845085296371547
WT,outputs/Tau5_joint_refinement/WT/pool_3/conformer_1374.pdb,7.298496300640681,4.308660023086337,6.387373160931929,2.095327869066585
WT,outputs/Tau5_joint_refinement/WT/pool_3/conformer_1375.pdb,4.298999391776551,4.064269846079196,3.6259443538971476,2.2716114299535892
WT,outputs/Tau5_joint_refinement/WT/pool_3/conformer_1376.pdb,2.7156480291670344,2.7692766572221377,1.8848425030121336,1.4726466966866552
WT,outputs/Tau5_joint_refinement/WT/pool_3/conformer_1377.pdb,4.017183977919996,2.806305224747999,2.175144971257376,2.09113236171896
WT,outputs/Tau5_joint_refinement/WT/pool_3/conformer_1378.pdb,5.498820568735057,3.339385726158871,4.78932177035603,2.3592551733134175
WT,outputs/Tau5_joint_refinement/WT/pool_3/conformer_1379.pdb,3.319692906850069,2.8346984995240967,2.348596463526722,1.679953894633157
WT,outputs/Tau5_joint_refinement/WT/pool_3/conformer_1380.pdb,6.285787115315061,2.9441827752883922,5.579212749491331,2.64734459634948
WT,outputs/Tau5_joint_refinement/WT/pool_3/conformer_1381.pdb,2.7957942877518094,3.490183062117269,1.1235888479344425,2.3551234708989695
WT,outputs/Tau5_joint_refinement/WT/pool_3/conformer_1382.pdb,2.3432989541179,4.555306341501253,1.6625572671754183,2.630120517267368
WT,outputs/Tau5_joint_refinement/WT/pool_3/conformer_1383.pdb,2.542345168423629,3.443779719058193,1.8559654165563764,2.413198136065383
WT,outputs/Tau5_joint_refinement/WT/pool_3/conformer_1384.pdb,1.5077391877058606,2.4973801184862543,0.8011929193717127,1.6851875136477652
WT,outputs/Tau5_joint_refinement/WT/pool_3/conformer_1385.pdb,2.0752134081304776,4.0556239950639155,1.1156420735976964,1.6693679418311733
WT,outputs/Tau5_joint_refinement/WT/pool_3/conformer_1386.pdb,5.749075005017071,3.2563980385486038,3.450445812521502,1.9092097920803208
WT,outputs/Tau5_joint_refinement/WT/pool_3/conformer_1387.pdb,1.4100626869809538,3.3941948460908757,0.7171694738739112,2.738807993035227
WT,outputs/Tau5_joint_refinement/WT/pool_3/conformer_1388.pdb,1.3403974374635537,3.243682373220759,0.7257456513677075,1.974594233411788
WT,outputs/Tau5_joint_refinement/WT/pool_3/conformer_1389.pdb,2.013727352532112,3.4604696310758047,1.0959627566893617,1.6036502681850155
WT,outputs/Tau5_joint_refinement/WT/pool_3/conformer_1390.pdb,3.927235617112935,2.9468692364727422,3.088115644853061,2.2730413165887775
WT,outputs/Tau5_joint_refinement/WT/pool_3/conformer_1391.pdb,4.4205673007500135,4.093557824120911,3.8061371879270007,1.4916676498882766
WT,outputs/Tau5_joint_refinement/WT/pool_3/conformer_1392.pdb,2.9566543748208787,3.3208919292428676,2.4710534917605593,2.2116238211832915
WT,outputs/Tau5_joint_refinement/WT/pool_3/conformer_1393.pdb,5.1458039520998895,2.8358032975014575,3.687776313339717,2.1344340461422076
WT,outputs/Tau5_joint_refinement/WT/pool_3/conformer_1394.pdb,5.1806093597810525,3.152920634573843,4.341261357993839,2.1067079982896058
WT,outputs/Tau5_joint_refinement/WT/pool_3/conformer_1395.pdb,1.8527710885560427,2.7893775723735246,1.0666643124655366,2.021754824737375
WT,outputs/Tau5_joint_refinement/WT/pool_3/conformer_1396.pdb,7.288590157665229,3.1713817107562825,6.220593167300451,1.9917755684033263
WT,outputs/Tau5_joint_refinement/WT/pool_3/conformer_1397.pdb,1.8674896187687433,4.1684563483102535,1.096885836963001,1.8513764681933897
WT,outputs/Tau5_joint_refinement/WT/pool_3/conformer_1398.pdb,3.174288543231662,4.289124616293369,2.2788515798261586,1.9854793333548475
WT,outputs/Tau5_joint_refinement/WT/pool_3/conformer_1399.pdb,5.414533586446667,4.375519547898077,4.70468622751255,1.7838520073936979
WT,outputs/Tau5_joint_refinement/WT/pool_3/conformer_1400.pdb,6.79534405284419,2.9810093807158626,5.510472990573524,1.5929400842054993
WT,outputs/Tau5_joint_refinement/WT/pool_3/conformer_1401.pdb,6.4516319343130295,2.782400384961148,4.352844477495775,1.995250265623664
WT,outputs/Tau5_joint_refinement/WT/pool_3/conformer_1402.pdb,2.7455043598206816,4.038089764088561,1.848477094858722,1.9597560832256131
WT,outputs/Tau5_joint_refinement/WT/pool_3/conformer_1403.pdb,2.2596525000783667,3.332852306974859,0.652256785737047,2.1577330280470877
WT,outputs/Tau5_joint_refinement/WT/pool_3/conformer_1404.pdb,2.11550182436837,3.740022132432749,0.8458262707539562,1.4080692778758552
WT,outputs/Tau5_joint_refinement/WT/pool_3/conformer_1405.pdb,4.1178696074561785,2.808535070763711,3.3356324905489405,1.2276173850246128
WT,outputs/Tau5_joint_refinement/WT/pool_3/conformer_1406.pdb,1.4157655885580576,3.749769374495102,0.7170372173942597,1.7122238231412752
WT,outputs/Tau5_joint_refinement/WT/pool_3/conformer_1407.pdb,3.8499045813373147,2.929989207473842,2.247314103056712,1.4867875444240393
WT,outputs/Tau5_joint_refinement/WT/pool_3/conformer_1408.pdb,2.5320568367268277,4.664486673027674,1.1099324646207047,2.014176008697224
WT,outputs/Tau5_joint_refinement/WT/pool_3/conformer_1409.pdb,8.992233741316891,3.409686278474409,8.390695760346013,1.9838884419409686
WT,outputs/Tau5_joint_refinement/WT/pool_3/conformer_1410.pdb,5.5241709970068555,3.144239411849845,0.727391687363315,2.147632215058604
WT,outputs/Tau5_joint_refinement/WT/pool_3/conformer_1411.pdb,2.918608775927317,3.3140622275118545,1.8737819656815948,2.0774823853097577
WT,outputs/Tau5_joint_refinement/WT/pool_3/conformer_1412.pdb,4.8456793349819955,2.818701660738258,4.031748562070968,2.041774057407409
WT,outputs/Tau5_joint_refinement/WT/pool_3/conformer_1413.pdb,9.751418886868102,2.58436285620941,7.042807701961173,1.6417531156196061
WT,outputs/Tau5_joint_refinement/WT/pool_3/conformer_1414.pdb,1.5972136048404568,2.3195141876777114,0.8051100155459151,1.7890316349873001
WT,outputs/Tau5_joint_refinement/WT/pool_3/conformer_1415.pdb,2.058778152125763,3.030297519086066,0.7256486960378312,2.2312814288381313
WT,outputs/Tau5_joint_refinement/WT/pool_3/conformer_1416.pdb,4.485151886727043,2.928788223612189,3.6524384077304477,2.014453267422569
WT,outputs/Tau5_joint_refinement/WT/pool_3/conformer_1417.pdb,2.867007461332331,3.308668435519668,2.1579319421272602,1.5540053176916426
WT,outputs/Tau5_joint_refinement/WT/pool_3/conformer_1418.pdb,4.97737368463869,3.721444196647747,3.012548624023526,2.2702933813133783
WT,outputs/Tau5_joint_refinement/WT/pool_3/conformer_1419.pdb,4.288804396637873,2.619856974644428,0.9563470374530045,1.5309538890389613
WT,outputs/Tau5_joint_refinement/WT/pool_3/conformer_1420.pdb,1.4340136240538226,2.496840332001433,0.6971030266225053,1.777638574417302
WT,outputs/Tau5_joint_refinement/WT/pool_3/conformer_1421.pdb,1.2319736891941806,3.6253963898437864,0.6078357419261476,1.999872154407977
WT,outputs/Tau5_joint_refinement/WT/pool_3/conformer_1422.pdb,1.8073054837564062,3.240039926828213,0.8802278844793291,2.232280550320949
WT,outputs/Tau5_joint_refinement/WT/pool_3/conformer_1423.pdb,6.39154190278264,4.380389755600696,5.424302862965121,2.733507545285714
WT,outputs/Tau5_joint_refinement/WT/pool_3/conformer_1424.pdb,4.389099151791585,3.0412546868049697,3.760237383837784,1.464784072351987
WT,outputs/Tau5_joint_refinement/WT/pool_3/conformer_1425.pdb,4.024727108258837,3.6695511461842987,3.223368119190837,1.8510318517464377
WT,outputs/Tau5_joint_refinement/WT/pool_3/conformer_1426.pdb,11.550982333257586,3.6915231557661454,7.706798552572459,2.3688765093620106
WT,outputs/Tau5_joint_refinement/WT/pool_3/conformer_1427.pdb,1.9661092692092283,4.011677363784987,1.0551892077656213,1.7523890738552017
WT,outputs/Tau5_joint_refinement/WT/pool_3/conformer_1428.pdb,1.816079909610389,3.212897723213294,0.690113536736039,1.8916247166779172
WT,outputs/Tau5_joint_refinement/WT/pool_3/conformer_1429.pdb,5.18529701034147,3.8090091830021158,3.991467458282441,2.4603678647131226
WT,outputs/Tau5_joint_refinement/WT/pool_3/conformer_1430.pdb,8.650321597917209,2.835512133813602,7.698153061250788,2.01501631175745
WT,outputs/Tau5_joint_refinement/WT/pool_3/conformer_1431.pdb,3.0715320873246523,2.4889118093880125,2.4747779889814,1.8252537808897764
WT,outputs/Tau5_joint_refinement/WT/pool_3/conformer_1432.pdb,5.5209439203444886,2.4550947949872755,4.6521801893518,1.6936122038975419
WT,outputs/Tau5_joint_refinement/WT/pool_3/conformer_1433.pdb,5.750030197264356,3.207640265211956,4.78468446845803,1.6346015923093788
WT,outputs/Tau5_joint_refinement/WT/pool_3/conformer_1434.pdb,5.870741614189878,2.914081503604881,5.258849397698946,1.5461409976737246
WT,outputs/Tau5_joint_refinement/WT/pool_3/conformer_1435.pdb,1.1163297613096657,3.161755900091795,0.44119446121219114,2.533476044807639
WT,outputs/Tau5_joint_refinement/WT/pool_3/conformer_1436.pdb,9.533334390438345,3.8787408700517387,8.585267626591218,2.314874890742379
WT,outputs/Tau5_joint_refinement/WT/pool_3/conformer_1437.pdb,2.6593612512150835,2.489300744008412,1.7973032559600182,1.8602289466515833
WT,outputs/Tau5_joint_refinement/WT/pool_3/conformer_1438.pdb,7.071335283528937,2.193250819440492,6.105885159733125,1.4242470828680098
WT,outputs/Tau5_joint_refinement/WT/pool_3/conformer_1439.pdb,9.162619125477388,2.758927101384678,6.860641651586585,1.8024392905988935
WT,outputs/Tau5_joint_refinement/WT/pool_3/conformer_1440.pdb,1.3074657910898297,3.5652736508528036,0.4799101332596446,2.2545468059862173
WT,outputs/Tau5_joint_refinement/WT/pool_3/conformer_1441.pdb,7.680663590745618,2.6668755644498527,4.058111500012099,1.3820265219116525
WT,outputs/Tau5_joint_refinement/WT/pool_3/conformer_1442.pdb,8.06823554183919,3.1288310252532816,6.750929170339648,2.0580613139638086
WT,outputs/Tau5_joint_refinement/WT/pool_3/conformer_1443.pdb,4.247118773089948,4.1244310096598475,3.421698759454986,2.8962497838464287
WT,outputs/Tau5_joint_refinement/WT/pool_3/conformer_1444.pdb,9.726759688927984,3.0868145324883467,8.745357826511398,1.7407921018991437
WT,outputs/Tau5_joint_refinement/WT/pool_3/conformer_1445.pdb,1.5135122535801258,2.6315779722687034,0.9094379158077412,1.5647403241308435
WT,outputs/Tau5_joint_refinement/WT/pool_3/conformer_1446.pdb,2.3751623499863683,2.993742448657491,1.1781441884700816,1.7060193311036924
WT,outputs/Tau5_joint_refinement/WT/pool_3/conformer_1447.pdb,9.763455178809089,2.815689530595333,5.783566289170856,2.0599214231526255
WT,outputs/Tau5_joint_refinement/WT/pool_3/conformer_1448.pdb,7.255944278802637,2.7508745851995013,6.535243828390879,2.1719829786173968
WT,outputs/Tau5_joint_refinement/WT/pool_3/conformer_1449.pdb,4.0394180079260735,3.5759750452749484,0.6647553626920237,1.9899816806703772
WT,outputs/Tau5_joint_refinement/WT/pool_3/conformer_1450.pdb,1.5099177584593872,2.497515650240143,0.6057608125098511,1.7447154935365476
WT,outputs/Tau5_joint_refinement/WT/pool_3/conformer_1451.pdb,3.142462618957242,4.231927903711312,2.4961527751859776,2.5271171448291456
WT,outputs/Tau5_joint_refinement/WT/pool_3/conformer_1452.pdb,3.4525735762403036,3.5248234945777193,2.233769940724675,1.8511892652598052
WT,outputs/Tau5_joint_refinement/WT/pool_3/conformer_1453.pdb,2.0003255531918787,2.9073014240522994,1.1715008316081008,2.1671353783868095
WT,outputs/Tau5_joint_refinement/WT/pool_3/conformer_1454.pdb,2.5430751338890385,3.431726776806596,1.7887042775532906,1.624217459653609
WT,outputs/Tau5_joint_refinement/WT/pool_3/conformer_1455.pdb,6.833598319472771,2.7464731221359653,5.741709228623164,1.9451290345769703
WT,outputs/Tau5_joint_refinement/WT/pool_3/conformer_1456.pdb,10.247071928483573,3.70788228727844,9.445331966422753,2.3638864422667174
WT,outputs/Tau5_joint_refinement/WT/pool_3/conformer_1457.pdb,6.88872432329479,3.893588606160328,5.4699203996210315,1.917614472627743
WT,outputs/Tau5_joint_refinement/WT/pool_3/conformer_1458.pdb,1.7984609079495573,2.9643066579193054,0.6949435058697228,1.8434788480189057
WT,outputs/Tau5_joint_refinement/WT/pool_3/conformer_1459.pdb,1.846691905527214,3.4818460160136118,1.0950289680211083,1.9675799107786562
WT,outputs/Tau5_joint_refinement/WT/pool_3/conformer_1460.pdb,4.758737356900401,2.1946593514697788,3.9368501051422173,1.5776517964853474
WT,outputs/Tau5_joint_refinement/WT/pool_3/conformer_1461.pdb,5.721413968783165,3.5874741191576134,4.429675568520551,2.0455436410817915
WT,outputs/Tau5_joint_refinement/WT/pool_3/conformer_1462.pdb,3.334212527679152,2.0894587550087316,2.724309170290546,2.1804680127677734
WT,outputs/Tau5_joint_refinement/WT/pool_3/conformer_1463.pdb,1.8653597371367023,3.5946331766552224,1.0415235471250985,1.8102941102006866
WT,outputs/Tau5_joint_refinement/WT/pool_3/conformer_1464.pdb,4.446502444037162,3.615343200348804,3.531235597977414,1.950961985615712
WT,outputs/Tau5_joint_refinement/WT/pool_3/conformer_1465.pdb,7.094338713463219,2.7719698021190133,6.467822282611603,1.889957171667286
WT,outputs/Tau5_joint_refinement/WT/pool_3/conformer_1466.pdb,1.3998064720322658,3.4671358863195514,0.7413151213786081,1.588288734131408
WT,outputs/Tau5_joint_refinement/WT/pool_3/conformer_1467.pdb,1.5573589549748343,3.1045110408919694,0.6631511480892507,1.4268959852681045
WT,outputs/Tau5_joint_refinement/WT/pool_3/conformer_1468.pdb,2.0899488289981822,3.006624772893994,0.568221939464425,1.8423205099175213
WT,outputs/Tau5_joint_refinement/WT/pool_3/conformer_1469.pdb,1.6251686239263392,4.211087298288112,0.6610586578237989,1.5205924578530121
WT,outputs/Tau5_joint_refinement/WT/pool_3/conformer_1470.pdb,3.654027332613721,2.3302825095085633,2.412161718245565,1.3192459535675916
WT,outputs/Tau5_joint_refinement/WT/pool_3/conformer_1471.pdb,1.4097539946429813,2.9660675047829184,0.6932862952412813,1.4896815922231657
WT,outputs/Tau5_joint_refinement/WT/pool_3/conformer_1472.pdb,3.567764319628838,3.3795190626798757,2.7877522288860654,2.57743291928461
WT,outputs/Tau5_joint_refinement/WT/pool_3/conformer_1473.pdb,4.843116363504389,3.068738253946857,1.159938106396842,1.7053870555398287
WT,outputs/Tau5_joint_refinement/WT/pool_3/conformer_1474.pdb,3.9260075969031876,4.05189346937827,3.035637049096805,1.5306796927316542
WT,outputs/Tau5_joint_refinement/WT/pool_3/conformer_1475.pdb,2.804424789456963,3.955734326794879,1.2975547832942904,2.052898005767812
WT,outputs/Tau5_joint_refinement/WT/pool_3/conformer_1476.pdb,1.4381425186149333,3.226255512725929,0.6621943663156185,1.9284299145525614
WT,outputs/Tau5_joint_refinement/WT/pool_3/conformer_1477.pdb,1.2527005386151864,3.9338706786584927,0.5960639136669861,1.6252273647346303
WT,outputs/Tau5_joint_refinement/WT/pool_3/conformer_1478.pdb,2.3734680028002773,4.0057982606081115,1.5720384209510507,2.1034751313356006
WT,outputs/Tau5_joint_refinement/WT/pool_3/conformer_1479.pdb,3.2720296630670798,5.046167536596117,1.8972280344598953,2.8077716732026636
WT,outputs/Tau5_joint_refinement/WT/pool_3/conformer_1480.pdb,8.827576828546201,4.667878529086149,6.202227399163142,2.284599175855754
WT,outputs/Tau5_joint_refinement/WT/pool_3/conformer_1481.pdb,3.021074279439105,2.8638615286138234,2.3897171673974853,1.7400569802202643
WT,outputs/Tau5_joint_refinement/WT/pool_3/conformer_1482.pdb,1.6386451649091647,2.2209181581847766,1.042678762812169,1.7912935515617505
WT,outputs/Tau5_joint_refinement/WT/pool_3/conformer_1483.pdb,2.289320754335918,4.282022968663909,0.6395025371352374,2.1915120280129385
WT,outputs/Tau5_joint_refinement/WT/pool_3/conformer_1484.pdb,1.7964035909398266,3.7812001290204367,0.6637948565616384,2.2131851408484096
WT,outputs/Tau5_joint_refinement/WT/pool_3/conformer_1485.pdb,8.648446212367386,2.9983381927787423,7.975928764292777,1.8358422287395346
WT,outputs/Tau5_joint_refinement/WT/pool_3/conformer_1486.pdb,6.0609333414990605,3.559668972994832,5.386794580377961,1.67138933097443
WT,outputs/Tau5_joint_refinement/WT/pool_3/conformer_1487.pdb,5.5424414690335855,3.1247985195723462,4.6578033267547445,2.110412220233579
WT,outputs/Tau5_joint_refinement/WT/pool_3/conformer_1488.pdb,5.598593401827246,2.77772931335948,3.0161873324193973,1.7095439348460761
WT,outputs/Tau5_joint_refinement/WT/pool_3/conformer_1489.pdb,3.2251630234798276,2.066277550550681,2.1796992655051963,1.414542652756302
WT,outputs/Tau5_joint_refinement/WT/pool_3/conformer_1490.pdb,1.3401836421352598,3.3012114556846783,0.6412488126357486,2.5674834998470013
WT,outputs/Tau5_joint_refinement/WT/pool_3/conformer_1491.pdb,6.640478457032064,3.2741657992783275,5.4343859598511095,1.6307379545312766
WT,outputs/Tau5_joint_refinement/WT/pool_3/conformer_1492.pdb,5.507406579349264,3.245165379167802,4.844946812756677,1.5123282888752265
WT,outputs/Tau5_joint_refinement/WT/pool_3/conformer_1493.pdb,6.077405147867391,2.6479664663595313,2.8734340906491735,1.8180965965625693
WT,outputs/Tau5_joint_refinement/WT/pool_3/conformer_1494.pdb,2.2724808825694045,3.331201233941786,1.5756909908590786,1.5815234423670037
WT,outputs/Tau5_joint_refinement/WT/pool_3/conformer_1495.pdb,4.769427882826437,3.5659087052237157,3.9646652877177067,2.189819467828452
WT,outputs/Tau5_joint_refinement/WT/pool_3/conformer_1496.pdb,5.720329601458552,3.3017686780814492,2.9346184750255735,2.2208753956895486
WT,outputs/Tau5_joint_refinement/WT/pool_3/conformer_1497.pdb,1.418501023270318,3.4628710546455648,0.8173491365746122,2.2249693718347405
WT,outputs/Tau5_joint_refinement/WT/pool_3/conformer_1498.pdb,6.703588668683288,3.402581210092363,5.552927465085247,1.906953018617304
WT,outputs/Tau5_joint_refinement/WT/pool_3/conformer_1499.pdb,4.629156782218182,3.0861699966861567,3.5623660156068713,1.5793406982648777
WT,outputs/Tau5_joint_refinement/WT/pool_3/conformer_1500.pdb,8.133705167969298,3.003357958656559,6.609729031186558,1.551130417586762
WT,outputs/Tau5_joint_refinement/WT/pool_3/conformer_1501.pdb,1.440718635450537,3.235779012935229,0.8419366830828546,1.7517901146242243
WT,outputs/Tau5_joint_refinement/WT/pool_3/conformer_1502.pdb,4.935108879185176,3.116353341709844,3.7396987147310883,1.8075328875670504
WT,outputs/Tau5_joint_refinement/WT/pool_3/conformer_1503.pdb,2.59137139289731,2.330036724296154,1.6395220622914275,1.6817969604474499
WT,outputs/Tau5_joint_refinement/WT/pool_3/conformer_1504.pdb,4.758587541714872,3.613106763910427,3.3096835397481454,1.958943663028695
WT,outputs/Tau5_joint_refinement/WT/pool_3/conformer_1505.pdb,1.0306529845228554,2.5908801506905643,0.4607968031088871,1.9848435819196182
WT,outputs/Tau5_joint_refinement/WT/pool_3/conformer_1506.pdb,6.883750428147121,3.6075738652443072,4.866276057325057,1.54174921348757
WT,outputs/Tau5_joint_refinement/WT/pool_3/conformer_1507.pdb,2.6630609295539918,3.1733102039460395,1.7336130138906471,1.787133792778486
WT,outputs/Tau5_joint_refinement/WT/pool_3/conformer_1508.pdb,7.5263616966985385,3.44163149645115,6.279330175420075,1.607653480178796
WT,outputs/Tau5_joint_refinement/WT/pool_3/conformer_1509.pdb,3.5648722125463457,2.7997470983299446,2.834514034641428,1.5548571696606992
WT,outputs/Tau5_joint_refinement/WT/pool_3/conformer_1510.pdb,6.70422942495525,3.8316905298954245,5.4867611275668295,1.8485492102519785
WT,outputs/Tau5_joint_refinement/WT/pool_3/conformer_1511.pdb,2.5130627724811645,4.335129422359893,1.0668549246174406,2.165222298113689
WT,outputs/Tau5_joint_refinement/WT/pool_3/conformer_1512.pdb,4.744864581731519,3.305824568990672,3.7161458541432326,1.5980589140179389
WT,outputs/Tau5_joint_refinement/WT/pool_3/conformer_1513.pdb,6.648212682436958,3.7020443251888806,6.012844724135193,2.375598198109606
WT,outputs/Tau5_joint_refinement/WT/pool_3/conformer_1514.pdb,2.683056967413095,2.860056930873492,1.939709041698659,2.005913950552636
WT,outputs/Tau5_joint_refinement/WT/pool_3/conformer_1515.pdb,4.782069812510257,3.7291256703998883,4.2533029928392345,2.529352325567294
WT,outputs/Tau5_joint_refinement/WT/pool_3/conformer_1516.pdb,1.6146026021172513,2.481036798428062,0.9543387090006339,2.338395756210361
WT,outputs/Tau5_joint_refinement/WT/pool_3/conformer_1517.pdb,1.4175567415880834,4.988428721469512,0.5494848804417118,2.9817876021913885
WT,outputs/Tau5_joint_refinement/WT/pool_3/conformer_1518.pdb,1.0687525693023414,3.047432719127191,0.4526070326519555,2.135561168410831
WT,outputs/Tau5_joint_refinement/WT/pool_3/conformer_1519.pdb,10.834435436561513,2.12522317477009,8.390111570539414,1.416348415955433
WT,outputs/Tau5_joint_refinement/WT/pool_3/conformer_1520.pdb,3.7351022279243535,3.1203762678105473,2.9802770852766693,2.6308777025360817
WT,outputs/Tau5_joint_refinement/WT/pool_3/conformer_1521.pdb,3.0166944132319373,4.248450134366404,1.148381758214667,2.519882258575876
WT,outputs/Tau5_joint_refinement/WT/pool_3/conformer_1522.pdb,1.6077100803709734,2.766742019823863,0.8013416016742941,2.0147472905305657
WT,outputs/Tau5_joint_refinement/WT/pool_3/conformer_1523.pdb,5.745702654962094,2.97664398719267,3.5859042723305965,1.3629460516622471
WT,outputs/Tau5_joint_refinement/WT/pool_3/conformer_1524.pdb,3.155617358603625,3.7899234941583733,2.293306514927197,2.188967851827182
WT,outputs/Tau5_joint_refinement/WT/pool_3/conformer_1525.pdb,7.554169127035149,3.3587278508410408,6.588927138793413,2.2845172655761568
WT,outputs/Tau5_joint_refinement/WT/pool_3/conformer_1526.pdb,3.2091622931448636,4.959552046023509,2.522270234229995,2.321694155719244
WT,outputs/Tau5_joint_refinement/WT/pool_3/conformer_1527.pdb,8.025964753073143,3.3262526067837084,7.287604779781826,2.0450920373153285
WT,outputs/Tau5_joint_refinement/WT/pool_3/conformer_1528.pdb,1.613056569472702,3.599558658767342,0.9002955781800339,1.940004534849331
WT,outputs/Tau5_joint_refinement/WT/pool_3/conformer_1529.pdb,3.8365178792490404,3.8036146637826445,3.2007174991141643,1.905059888023135
WT,outputs/Tau5_joint_refinement/WT/pool_3/conformer_1530.pdb,4.392849545170812,2.6240518302371307,3.722596185179577,2.175523565796981
WT,outputs/Tau5_joint_refinement/WT/pool_3/conformer_1531.pdb,4.682329688954645,3.2630015451888563,3.8084553984852514,1.4418179500027923
WT,outputs/Tau5_joint_refinement/WT/pool_3/conformer_1532.pdb,1.800018643378995,4.588342324881007,0.8095673422017563,2.0381657220819025
WT,outputs/Tau5_joint_refinement/WT/pool_3/conformer_1533.pdb,2.235195753946541,4.156701647189335,1.2923548252880426,1.8608976427336097
WT,outputs/Tau5_joint_refinement/WT/pool_3/conformer_1534.pdb,6.6680812388716495,3.153440513566866,5.027040826471134,2.9008780502925324
WT,outputs/Tau5_joint_refinement/WT/pool_3/conformer_1535.pdb,3.394263568580223,3.4962510404563862,2.14608339548,1.9666014405903436
WT,outputs/Tau5_joint_refinement/WT/pool_3/conformer_1536.pdb,3.069944275358915,3.6721400251914678,2.066094972210507,2.1968332011431295
WT,outputs/Tau5_joint_refinement/WT/pool_3/conformer_1537.pdb,5.038289791250587,2.931029063154602,4.233973471402208,1.6972200547749716
WT,outputs/Tau5_joint_refinement/WT/pool_3/conformer_1538.pdb,5.07230796988957,3.0388472550333314,2.249595329053534,1.5792337040474287
WT,outputs/Tau5_joint_refinement/WT/pool_3/conformer_1539.pdb,1.452980506081759,2.955803557483941,0.48664818269394156,1.7919597061858699
WT,outputs/Tau5_joint_refinement/WT/pool_3/conformer_1540.pdb,5.504991774504012,4.09885617431008,4.899299758724618,2.2879818988086744
WT,outputs/Tau5_joint_refinement/WT/pool_3/conformer_1541.pdb,2.9014068944297438,3.628708212636305,2.206908345756071,2.250190772205804
WT,outputs/Tau5_joint_refinement/WT/pool_3/conformer_1542.pdb,7.598794063527432,4.25774845254467,6.391620684739707,1.4445811643800097
WT,outputs/Tau5_joint_refinement/WT/pool_3/conformer_1543.pdb,1.8196392131688963,2.8871282043285103,0.520320090894839,1.8160083711538242
WT,outputs/Tau5_joint_refinement/WT/pool_3/conformer_1544.pdb,1.654246932841519,4.130285405014235,0.8480986421496384,1.7334428358683232
WT,outputs/Tau5_joint_refinement/WT/pool_3/conformer_1545.pdb,2.459838789563789,3.516977855587529,0.9971438296732649,1.635978656026761
WT,outputs/Tau5_joint_refinement/WT/pool_3/conformer_1546.pdb,1.773321588396945,3.5897635562213566,1.082486517711729,1.5625685176946429
WT,outputs/Tau5_joint_refinement/WT/pool_3/conformer_1547.pdb,5.168337004823269,4.864803009983921,0.6203058121185784,2.718170101216735
WT,outputs/Tau5_joint_refinement/WT/pool_3/conformer_1548.pdb,1.713400911876615,6.019683884631571,0.73068353538751,2.351829238922279
WT,outputs/Tau5_joint_refinement/WT/pool_3/conformer_1549.pdb,3.999705242021853,2.8934453745633326,2.9851947655677336,1.885436329254032
WT,outputs/Tau5_joint_refinement/WT/pool_3/conformer_1550.pdb,4.2499909031413505,2.5310090822573996,3.5965403788119943,2.0118272648507722
WT,outputs/Tau5_joint_refinement/WT/pool_3/conformer_1551.pdb,3.9779361877893065,3.2559141475780056,2.542310158337465,2.1827322991401905
WT,outputs/Tau5_joint_refinement/WT/pool_3/conformer_1552.pdb,6.391064904987979,2.832153704045911,5.744537436991636,1.9469247094466253
WT,outputs/Tau5_joint_refinement/WT/pool_3/conformer_1553.pdb,8.349357888732234,2.6444687884292355,6.317078403685262,1.6704497387960375
WT,outputs/Tau5_joint_refinement/WT/pool_3/conformer_1554.pdb,2.8979200598346533,2.7418069506510108,2.1255716068240216,2.0624466808653814
WT,outputs/Tau5_joint_refinement/WT/pool_3/conformer_1555.pdb,2.815517257574697,3.06858687770731,1.5122123496163196,2.218827278770608
WT,outputs/Tau5_joint_refinement/WT/pool_3/conformer_1556.pdb,1.8551012064372947,2.614609679503249,0.643865586707888,1.7613155754248175
WT,outputs/Tau5_joint_refinement/WT/pool_3/conformer_1557.pdb,3.680180495399653,3.2441722456993514,2.7193756183022577,2.182287550971311
WT,outputs/Tau5_joint_refinement/WT/pool_3/conformer_1558.pdb,4.324623210722225,3.717538644181101,3.773879287868563,2.451576632802879
WT,outputs/Tau5_joint_refinement/WT/pool_3/conformer_1559.pdb,2.090543646433064,3.171825353095311,0.9046992447965709,3.1459731652115006
WT,outputs/Tau5_joint_refinement/WT/pool_3/conformer_1560.pdb,6.136029276591368,2.5689693958298565,5.346030070241566,2.4576640120006825
WT,outputs/Tau5_joint_refinement/WT/pool_3/conformer_1561.pdb,2.303263153682165,4.142138278790165,1.1282103036328297,1.412094324649028
WT,outputs/Tau5_joint_refinement/WT/pool_3/conformer_1562.pdb,2.0757724196037297,3.1147657383096914,1.3597004357021665,1.9175840210900932
WT,outputs/Tau5_joint_refinement/WT/pool_3/conformer_1563.pdb,3.3289803186764733,3.0816454678284297,2.6179111666638466,1.6020293158160548
WT,outputs/Tau5_joint_refinement/WT/pool_3/conformer_1564.pdb,1.3307041456673285,3.7247130582199626,0.6295046869870354,2.162873947488943
WT,outputs/Tau5_joint_refinement/WT/pool_3/conformer_1565.pdb,6.070550856112733,3.7145897844957068,2.5917840657116398,2.1000987415417227
WT,outputs/Tau5_joint_refinement/WT/pool_3/conformer_1566.pdb,1.6413578065396714,2.8501806781241226,0.7279611271221107,1.9763790112363278
WT,outputs/Tau5_joint_refinement/WT/pool_3/conformer_1567.pdb,5.786495850833738,3.0962413530768997,4.996366211583535,1.482398080954549
WT,outputs/Tau5_joint_refinement/WT/pool_3/conformer_1568.pdb,4.926987385266912,1.9179096004450176,4.161319447018598,1.1708297510690955
WT,outputs/Tau5_joint_refinement/WT/pool_3/conformer_1569.pdb,2.0854096202102514,3.968241757669135,1.3471843798355068,1.6731986802310075
WT,outputs/Tau5_joint_refinement/WT/pool_3/conformer_1570.pdb,3.2045290901430885,4.104340704310126,2.11470549748121,1.7171771926442245
WT,outputs/Tau5_joint_refinement/WT/pool_3/conformer_1571.pdb,1.2966720103836353,3.34685477933429,0.6458206181334498,1.76351909599041
WT,outputs/Tau5_joint_refinement/WT/pool_3/conformer_1572.pdb,1.6608772864609793,2.411687487385648,0.6038950467965175,1.764391118354087
WT,outputs/Tau5_joint_refinement/WT/pool_3/conformer_1573.pdb,3.9824636404425484,3.3613478480747787,3.1285720197128697,1.9817135075037218
WT,outputs/Tau5_joint_refinement/WT/pool_3/conformer_1574.pdb,5.376433954406434,3.5979163674976715,4.616887783378432,1.8870190828424285
WT,outputs/Tau5_joint_refinement/WT/pool_3/conformer_1575.pdb,10.002178748834346,4.248415265834671,8.916853383290912,1.700677282371794
WT,outputs/Tau5_joint_refinement/WT/pool_3/conformer_1576.pdb,5.955657873389406,3.1063467380525505,4.748273859007025,2.3089126238752926
WT,outputs/Tau5_joint_refinement/WT/pool_3/conformer_1577.pdb,4.489296699494043,3.513535684209059,2.9029050422188876,1.85516458255094
WT,outputs/Tau5_joint_refinement/WT/pool_3/conformer_1578.pdb,6.551110748380401,3.4024651232325493,5.682665826159328,2.1040468142364905
WT,outputs/Tau5_joint_refinement/WT/pool_3/conformer_1579.pdb,1.410340182202269,3.2122989650722373,0.6625854353257111,1.4610602912535589
WT,outputs/Tau5_joint_refinement/WT/pool_3/conformer_1580.pdb,6.442499294671752,3.1719631992654715,4.0994259088359915,1.6633271741824351
WT,outputs/Tau5_joint_refinement/WT/pool_3/conformer_1581.pdb,2.8334164120498584,2.8747665363271,0.5250417675977969,1.7717342883299056
WT,outputs/Tau5_joint_refinement/WT/pool_3/conformer_1582.pdb,8.727101286857183,3.470699639464222,6.989795245543036,2.386873022955025
WT,outputs/Tau5_joint_refinement/WT/pool_3/conformer_1583.pdb,6.106837937815762,3.30024424503734,4.847086280187235,1.5078370831907382
WT,outputs/Tau5_joint_refinement/WT/pool_3/conformer_1584.pdb,1.6550270902589777,3.150090507712305,0.8334976183125847,2.2394203711677316
WT,outputs/Tau5_joint_refinement/WT/pool_3/conformer_1585.pdb,2.9120484236373367,2.6711648083390562,2.1544099449612943,1.999829577412983
WT,outputs/Tau5_joint_refinement/WT/pool_3/conformer_1586.pdb,1.2713796907405828,4.21560148460281,0.5875795179170483,2.127965792007644
WT,outputs/Tau5_joint_refinement/WT/pool_3/conformer_1587.pdb,3.0586784644492444,2.2622404729547,2.0195491371716687,1.806095061897797
WT,outputs/Tau5_joint_refinement/WT/pool_3/conformer_1588.pdb,3.239872643661994,2.8980475887701345,2.0313012441553613,1.329524430043656
WT,outputs/Tau5_joint_refinement/WT/pool_3/conformer_1589.pdb,5.454120811849185,2.770960027605129,4.467071200413718,1.6866668026580638
WT,outputs/Tau5_joint_refinement/WT/pool_3/conformer_1590.pdb,6.118083780309787,3.5364449131072804,3.9914998668002815,1.837836568425416
WT,outputs/Tau5_joint_refinement/WT/pool_3/conformer_1591.pdb,7.891124668787692,2.3979402056369996,4.021318069532596,1.5810209359414582
WT,outputs/Tau5_joint_refinement/WT/pool_3/conformer_1592.pdb,3.3933640579752127,4.661430920619657,2.668883639279982,2.070226964915382
WT,outputs/Tau5_joint_refinement/WT/pool_3/conformer_1593.pdb,8.135510940294367,4.441150125821623,7.306048231613159,2.1279078854650253
WT,outputs/Tau5_joint_refinement/WT/pool_3/conformer_1594.pdb,5.1172935000178565,4.216255509458633,4.45845712808028,1.8963323381934372
WT,outputs/Tau5_joint_refinement/WT/pool_3/conformer_1595.pdb,6.770961120059884,3.0124472936230675,5.094072572100321,2.4139634347092995
WT,outputs/Tau5_joint_refinement/WT/pool_3/conformer_1596.pdb,5.131723296184672,2.484394007381797,4.407480064545165,1.618057947548936
WT,outputs/Tau5_joint_refinement/WT/pool_3/conformer_1597.pdb,10.784404680689711,4.21989662904792,8.616942426457847,2.0805888587408874
WT,outputs/Tau5_joint_refinement/WT/pool_3/conformer_1598.pdb,1.985805685595869,3.378525230861956,1.0717513997156094,1.9078770160061995
WT,outputs/Tau5_joint_refinement/WT/pool_3/conformer_1599.pdb,2.5759077362968856,3.017735751582035,1.1155278672066777,2.141274182706677
WT,outputs/Tau5_joint_refinement/WT/pool_3/conformer_1600.pdb,4.785374903414123,3.868969399518035,3.959604907794009,1.97957085867984
WT,outputs/Tau5_joint_refinement/WT/pool_3/conformer_1601.pdb,7.461193211981176,3.520038831062253,6.856208196574379,1.7408274768643774
WT,outputs/Tau5_joint_refinement/WT/pool_3/conformer_1602.pdb,5.910361803156045,3.123498820715721,4.966686833283139,1.837454180837524
WT,outputs/Tau5_joint_refinement/WT/pool_3/conformer_1603.pdb,7.3318738331612,3.295851350147658,4.5711970145267316,1.3110977409922377
WT,outputs/Tau5_joint_refinement/WT/pool_3/conformer_1604.pdb,6.448371908451516,4.88070226981007,3.283002841655717,1.619495502414428
WT,outputs/Tau5_joint_refinement/WT/pool_3/conformer_1605.pdb,3.1585676087577106,2.7674056586010196,2.2053440975510377,1.5683498828122162
WT,outputs/Tau5_joint_refinement/WT/pool_3/conformer_1606.pdb,1.8579962553702931,4.364681214196407,0.9869894653745623,2.4626871593721003
WT,outputs/Tau5_joint_refinement/WT/pool_3/conformer_1607.pdb,6.977602751036881,2.620768970804551,4.515819533541121,1.3760862748853844
WT,outputs/Tau5_joint_refinement/WT/pool_3/conformer_1608.pdb,4.6149854952527685,4.027341741933436,3.560910928750381,2.441086015891988
WT,outputs/Tau5_joint_refinement/WT/pool_3/conformer_1609.pdb,4.529717620063219,3.5191503393996295,3.7536150794883634,2.540314631986874
WT,outputs/Tau5_joint_refinement/WT/pool_3/conformer_1610.pdb,2.4533980812848393,2.6558038386470155,1.6540925269067135,1.7341486582175796
WT,outputs/Tau5_joint_refinement/WT/pool_3/conformer_1611.pdb,1.9502461124892843,1.996557418175999,0.8179749961204632,1.8346742956701065
WT,outputs/Tau5_joint_refinement/WT/pool_3/conformer_1612.pdb,1.4068146519916493,3.3373808591273253,0.61184025139734,1.4859516984267684
WT,outputs/Tau5_joint_refinement/WT/pool_3/conformer_1613.pdb,5.076531797416313,2.4091799669486145,4.411699502552287,1.6786974711065012
WT,outputs/Tau5_joint_refinement/WT/pool_3/conformer_1614.pdb,2.214950712962065,2.3804578149538798,1.4645646854560934,1.602972447869528
WT,outputs/Tau5_joint_refinement/WT/pool_3/conformer_1615.pdb,3.821611017051375,5.392865157586495,0.4787450676214508,2.599057959309758
WT,outputs/Tau5_joint_refinement/WT/pool_3/conformer_1616.pdb,8.822681457908878,2.3944134033400424,7.769503124302658,2.0973866263523724
WT,outputs/Tau5_joint_refinement/WT/pool_3/conformer_1617.pdb,3.5660826880576253,2.7955707211679317,0.9083172448210171,1.7279437527558985
WT,outputs/Tau5_joint_refinement/WT/pool_3/conformer_1618.pdb,2.7342646917335798,2.9689638031029304,1.9142420255325936,2.4380983098045257
WT,outputs/Tau5_joint_refinement/WT/pool_3/conformer_1619.pdb,5.711526186121139,3.2881164325865706,4.88100649091203,1.8014725371736002
WT,outputs/Tau5_joint_refinement/WT/pool_3/conformer_1620.pdb,3.285531344186783,2.744217382638825,2.5590492027906553,2.2087813630089994
WT,outputs/Tau5_joint_refinement/WT/pool_3/conformer_1621.pdb,5.820391535683639,2.4790449233993206,5.014125956829588,1.4850544122448195
WT,outputs/Tau5_joint_refinement/WT/pool_3/conformer_1622.pdb,1.3723766555865067,3.74232194129193,0.7876399202170798,1.9149719390270037
WT,outputs/Tau5_joint_refinement/WT/pool_3/conformer_1623.pdb,4.454457336144568,2.132207836004443,3.751040342715408,1.769753638555335
WT,outputs/Tau5_joint_refinement/WT/pool_3/conformer_1624.pdb,1.742816774969785,4.489696856974542,0.6983015623500465,2.1885683862278076
WT,outputs/Tau5_joint_refinement/WT/pool_3/conformer_1625.pdb,4.4785034391189535,2.8136016491927704,2.9489934899650154,1.598532597777576
WT,outputs/Tau5_joint_refinement/WT/pool_3/conformer_1626.pdb,6.225786957515045,3.0976273122117868,4.8250417013414975,1.7038830394981752
WT,outputs/Tau5_joint_refinement/WT/pool_3/conformer_1627.pdb,4.189819448369036,3.4551631205854045,2.904171797429954,1.7284652364942528
WT,outputs/Tau5_joint_refinement/WT/pool_3/conformer_1628.pdb,6.831445261418124,3.741132406826898,6.099090578561192,2.8824226513668814
WT,outputs/Tau5_joint_refinement/WT/pool_3/conformer_1629.pdb,1.8197594028599395,2.7142848420593837,0.48410869953099855,1.688553680652703
WT,outputs/Tau5_joint_refinement/WT/pool_3/conformer_1630.pdb,1.6646894446080915,2.9084960155920077,0.9701909649935385,2.1260384813626243
WT,outputs/Tau5_joint_refinement/WT/pool_3/conformer_1631.pdb,2.0557294138767106,3.296776014564372,1.0351774171055101,2.1036423441819503
WT,outputs/Tau5_joint_refinement/WT/pool_3/conformer_1632.pdb,4.34739626357325,3.1213636429148104,3.336557523310679,1.227686803199675
WT,outputs/Tau5_joint_refinement/WT/pool_3/conformer_1633.pdb,5.9551790600427195,4.229570684851708,5.4560315445072165,1.5019370659612934
WT,outputs/Tau5_joint_refinement/WT/pool_3/conformer_1634.pdb,8.211117011601743,3.137922094649734,7.514185655642535,2.1040725678679886
WT,outputs/Tau5_joint_refinement/WT/pool_3/conformer_1635.pdb,6.042267651993507,2.488003429479985,5.29246627580867,1.2947315312329233
WT,outputs/Tau5_joint_refinement/WT/pool_3/conformer_1636.pdb,3.2498063109379745,3.2838238071794614,2.334887252372477,1.5479410440520562
WT,outputs/Tau5_joint_refinement/WT/pool_3/conformer_1637.pdb,9.05012141913922,2.969011610743174,8.100442527417906,2.3303249548940133
WT,outputs/Tau5_joint_refinement/WT/pool_3/conformer_1638.pdb,2.5492061295369646,2.2130220556224756,1.5747654629107708,1.8634480618131688
WT,outputs/Tau5_joint_refinement/WT/pool_3/conformer_1639.pdb,4.244879193169418,3.592646940350101,2.2960402854314896,1.9566925568880569
WT,outputs/Tau5_joint_refinement/WT/pool_3/conformer_1640.pdb,1.2845196284533622,2.7214878567638685,0.4891083596550021,1.2843563390049086
WT,outputs/Tau5_joint_refinement/WT/pool_3/conformer_1641.pdb,4.435679631521105,4.093304808352615,2.7531675365068216,1.7671304770929597
WT,outputs/Tau5_joint_refinement/WT/pool_3/conformer_1642.pdb,1.4674877756342242,2.4181091237833554,0.5687867126626138,1.3924937619430768
WT,outputs/Tau5_joint_refinement/WT/pool_3/conformer_1643.pdb,8.839130319576057,2.7079220035079734,8.091762021283929,1.7545465839003906
WT,outputs/Tau5_joint_refinement/WT/pool_3/conformer_1644.pdb,4.064087830069726,4.196835921140969,2.66907395107965,2.0897495571916087
WT,outputs/Tau5_joint_refinement/WT/pool_3/conformer_1645.pdb,7.844334286886593,4.948530802254594,6.947488490596203,2.2730617165814904
WT,outputs/Tau5_joint_refinement/WT/pool_3/conformer_1646.pdb,1.3606984792927999,4.182245768830011,0.6348262824471977,2.0552113541622483
WT,outputs/Tau5_joint_refinement/WT/pool_3/conformer_1647.pdb,2.7817220470286763,2.836411128908472,1.7081571514286722,1.6988739768004408
WT,outputs/Tau5_joint_refinement/WT/pool_3/conformer_1648.pdb,4.539529341696005,4.151331022030347,3.793827522432975,2.1039628953348464
WT,outputs/Tau5_joint_refinement/WT/pool_3/conformer_1649.pdb,2.850282662503209,2.996672097411537,2.0198015931528044,1.8962905837132304
WT,outputs/Tau5_joint_refinement/WT/pool_3/conformer_1650.pdb,4.6002460206675595,2.538597515345032,1.8567169954221954,1.5362078566063186
WT,outputs/Tau5_joint_refinement/WT/pool_3/conformer_1651.pdb,2.006010402656289,2.706925573589488,0.6320491545219169,1.9127389808254374
WT,outputs/Tau5_joint_refinement/WT/pool_3/conformer_1652.pdb,7.168457906217819,3.43670207099994,6.557301294293682,1.7726281929092056
WT,outputs/Tau5_joint_refinement/WT/pool_3/conformer_1653.pdb,3.212234958125552,3.7291443608224886,1.9070396297114598,2.3687231809578373
WT,outputs/Tau5_joint_refinement/WT/pool_3/conformer_1654.pdb,5.351289325292667,2.906829047627663,4.410821745222466,1.6969608752436753
WT,outputs/Tau5_joint_refinement/WT/pool_3/conformer_1655.pdb,3.5070851697965675,2.9061377696962096,0.8256505201731775,2.5240426833164777
WT,outputs/Tau5_joint_refinement/WT/pool_3/conformer_1656.pdb,4.131443174154952,3.279350082660985,3.107943376147102,1.691529063551085
WT,outputs/Tau5_joint_refinement/WT/pool_3/conformer_1657.pdb,2.6212123284466555,4.495222500054225,1.8362366492206632,1.6173559337140833
WT,outputs/Tau5_joint_refinement/WT/pool_3/conformer_1658.pdb,1.3891190884849212,3.3704468287197593,0.8583439110948597,1.74281719882048
WT,outputs/Tau5_joint_refinement/WT/pool_3/conformer_1659.pdb,6.91962885565865,3.2873015088943647,3.0808311569124367,2.1312598753721175
WT,outputs/Tau5_joint_refinement/WT/pool_3/conformer_1660.pdb,2.6129229105998166,2.507218892614412,1.9101735334973609,1.65178904006615
WT,outputs/Tau5_joint_refinement/WT/pool_3/conformer_1661.pdb,9.595990308624176,3.0457134688860945,8.625124727416706,1.6815905341939483
WT,outputs/Tau5_joint_refinement/WT/pool_3/conformer_1662.pdb,3.6073072764224707,2.1526103190156456,0.9902193451214435,1.6263425902097717
WT,outputs/Tau5_joint_refinement/WT/pool_3/conformer_1663.pdb,1.8557457921181328,3.4139441255718275,1.2551732956788153,1.9584787684249154
WT,outputs/Tau5_joint_refinement/WT/pool_3/conformer_1664.pdb,1.6361986751007476,2.904591373282637,0.9462710211462981,2.4894140850751736
WT,outputs/Tau5_joint_refinement/WT/pool_3/conformer_1665.pdb,7.743050128561637,2.900059131106209,6.125797678463328,1.7998987472106478
WT,outputs/Tau5_joint_refinement/WT/pool_3/conformer_1666.pdb,2.71771628393986,3.002930336509518,1.752975370866371,2.2677023399450986
WT,outputs/Tau5_joint_refinement/WT/pool_3/conformer_1667.pdb,2.455087591971412,3.7495458607571175,1.3667463393067154,1.8279654974016029
WT,outputs/Tau5_joint_refinement/WT/pool_3/conformer_1668.pdb,2.2149730436699837,3.357828390781798,1.3622683728519631,2.667384255769554
WT,outputs/Tau5_joint_refinement/WT/pool_3/conformer_1669.pdb,10.429980432131451,3.17087376232187,9.397125087208797,1.8768403355294112
WT,outputs/Tau5_joint_refinement/WT/pool_3/conformer_1670.pdb,1.7567556141095022,2.3636191807273192,0.8218028366005448,1.7080036857369691
WT,outputs/Tau5_joint_refinement/WT/pool_3/conformer_1671.pdb,6.392436843848122,5.005518111061003,5.390806714117586,2.7169628922265336
WT,outputs/Tau5_joint_refinement/WT/pool_3/conformer_1672.pdb,2.633243148085734,2.7112221565292027,1.3678225727115023,1.8576853428334725
WT,outputs/Tau5_joint_refinement/WT/pool_3/conformer_1673.pdb,1.6802594392408976,3.652103155374235,0.9509431475450707,2.314448931630103
WT,outputs/Tau5_joint_refinement/WT/pool_3/conformer_1674.pdb,2.5745390173572575,4.557768911344535,0.84094938566436,1.7195548664765954
WT,outputs/Tau5_joint_refinement/WT/pool_3/conformer_1675.pdb,1.7822025392788483,2.8808908517372904,0.5868902572859697,1.8888944586448537
WT,outputs/Tau5_joint_refinement/WT/pool_3/conformer_1676.pdb,6.3547581684841195,2.3532558749814525,5.420124662420324,1.534630713600804
WT,outputs/Tau5_joint_refinement/WT/pool_3/conformer_1677.pdb,11.010992184694768,2.76595319802397,9.588939694780162,1.9770637581575747
WT,outputs/Tau5_joint_refinement/WT/pool_3/conformer_1678.pdb,2.9340800664827316,2.736436568263399,1.8209152545795013,1.8946389811408448
WT,outputs/Tau5_joint_refinement/WT/pool_3/conformer_1679.pdb,8.670659070695834,3.5276345118409376,7.420586425885928,1.649475535883741
WT,outputs/Tau5_joint_refinement/WT/pool_3/conformer_1680.pdb,1.7491589910644914,2.7244228378457875,0.8467808176345469,1.5451885265689447
WT,outputs/Tau5_joint_refinement/WT/pool_3/conformer_1681.pdb,1.6760444561644694,3.2646186605422107,0.5033088770670433,2.080433802369001
WT,outputs/Tau5_joint_refinement/WT/pool_3/conformer_1682.pdb,5.162567039703382,3.67601270164852,4.248550183828556,1.3838753904747376
WT,outputs/Tau5_joint_refinement/WT/pool_3/conformer_1683.pdb,1.7483385828777396,3.524348613281254,0.7825111837473278,1.3262036442458005
WT,outputs/Tau5_joint_refinement/WT/pool_3/conformer_1684.pdb,3.7768644789161403,3.2117495556416884,0.7031518888850126,1.832146429271093
WT,outputs/Tau5_joint_refinement/WT/pool_3/conformer_1685.pdb,8.454514607484718,2.919674230470994,7.59749677252566,2.5741338996813123
WT,outputs/Tau5_joint_refinement/WT/pool_3/conformer_1686.pdb,2.659602575953283,2.206609794493549,1.1741564563583902,1.3814136857370358
WT,outputs/Tau5_joint_refinement/WT/pool_3/conformer_1687.pdb,3.1602135671728373,2.4870940508517054,0.8799791315649687,1.9573357568437595
WT,outputs/Tau5_joint_refinement/WT/pool_3/conformer_1688.pdb,4.189343957676849,3.5086132792835096,2.149138205436061,1.82700197774749
WT,outputs/Tau5_joint_refinement/WT/pool_3/conformer_1689.pdb,1.8382131141540736,2.8670892501639282,0.950113590616307,1.3512309281406725
WT,outputs/Tau5_joint_refinement/WT/pool_3/conformer_1690.pdb,3.2683402779520114,3.144948433813034,1.8249753072909825,2.1129413000813075
WT,outputs/Tau5_joint_refinement/WT/pool_3/conformer_1691.pdb,8.924335219863739,3.047889989046726,8.297483947270345,2.106007010499178
WT,outputs/Tau5_joint_refinement/WT/pool_3/conformer_1692.pdb,3.9781995222111592,2.4358342800929,3.091070620222119,1.794041634685942
WT,outputs/Tau5_joint_refinement/WT/pool_3/conformer_1693.pdb,1.8598827767457566,2.631873887660917,1.275762073733191,1.5890059466538429
WT,outputs/Tau5_joint_refinement/WT/pool_3/conformer_1694.pdb,2.107019015114803,3.2357604106010687,1.3742675743213775,2.058130653380375
WT,outputs/Tau5_joint_refinement/WT/pool_3/conformer_1695.pdb,2.049734632750821,3.5283219873795097,0.7701022679967241,2.1390937854035093
WT,outputs/Tau5_joint_refinement/WT/pool_3/conformer_1696.pdb,2.184092400617181,3.4168337458166427,0.9514494713925712,1.449154426228852
WT,outputs/Tau5_joint_refinement/WT/pool_3/conformer_1697.pdb,3.6700519705092263,2.5533715714934853,1.880323923425946,1.6724388156439998
WT,outputs/Tau5_joint_refinement/WT/pool_3/conformer_1698.pdb,8.181151326062855,3.8105021821567733,6.939582605760066,1.5645243657188384
WT,outputs/Tau5_joint_refinement/WT/pool_3/conformer_1699.pdb,5.688204049539561,3.8425713125004446,4.966420263958873,1.6170903000543833
WT,outputs/Tau5_joint_refinement/WT/pool_3/conformer_1700.pdb,1.52827053789029,3.4495077826757075,0.6603216233192248,1.5678401562606903
WT,outputs/Tau5_joint_refinement/WT/pool_3/conformer_1701.pdb,8.745868518452697,3.198744825084499,7.694849300682256,1.9746221088965958
WT,outputs/Tau5_joint_refinement/WT/pool_3/conformer_1702.pdb,2.455711257735135,4.6674896572330065,1.1931548820699178,1.9925103617866502
WT,outputs/Tau5_joint_refinement/WT/pool_3/conformer_1703.pdb,5.060248178743082,2.647365266384229,0.8240899157957886,1.8742402089508736
WT,outputs/Tau5_joint_refinement/WT/pool_3/conformer_1704.pdb,5.658876337970214,3.6831690962028354,4.7379586646847915,2.0080397824690417
WT,outputs/Tau5_joint_refinement/WT/pool_3/conformer_1705.pdb,2.4826124386052175,2.5144268842195654,1.7546601609905954,1.5615591699137057
WT,outputs/Tau5_joint_refinement/WT/pool_3/conformer_1706.pdb,8.047533537867439,3.151161921576508,3.8691742491161283,1.8130049324309994
WT,outputs/Tau5_joint_refinement/WT/pool_3/conformer_1707.pdb,1.7580249076531271,2.8800375976341197,0.48149306580203444,2.1619372317538192
WT,outputs/Tau5_joint_refinement/WT/pool_3/conformer_1708.pdb,7.826888002549956,2.6750997002990897,5.2786856964265265,1.9856782459642186
WT,outputs/Tau5_joint_refinement/WT/pool_3/conformer_1709.pdb,5.429690271346946,3.423673586339476,4.005898252139633,2.1759236025745645
WT,outputs/Tau5_joint_refinement/WT/pool_3/conformer_1710.pdb,11.28374404730794,3.2088122992232697,10.402510821399645,1.4830513103570575
WT,outputs/Tau5_joint_refinement/WT/pool_3/conformer_1711.pdb,7.707406471961723,2.204177495304844,6.865217909377261,1.5912255778481612
WT,outputs/Tau5_joint_refinement/WT/pool_3/conformer_1712.pdb,1.5129069476685075,4.5493192181683435,0.848039575793009,2.0892504964545506
WT,outputs/Tau5_joint_refinement/WT/pool_3/conformer_1713.pdb,1.4749344533915103,5.703059472250095,0.7039436623914129,1.8311772766320151
WT,outputs/Tau5_joint_refinement/WT/pool_3/conformer_1714.pdb,2.390508947156653,2.652309210833762,1.4704654408039508,1.360611377921086
WT,outputs/Tau5_joint_refinement/WT/pool_3/conformer_1715.pdb,8.198112562515911,2.997354664588288,7.500220490643341,1.9999208819164278
WT,outputs/Tau5_joint_refinement/WT/pool_3/conformer_1716.pdb,5.361045830369415,3.0798092453165826,4.585931745494605,1.9346820951264334
WT,outputs/Tau5_joint_refinement/WT/pool_3/conformer_1717.pdb,1.168598108025103,3.8507555349652205,0.5029192411708379,2.312619697438571
WT,outputs/Tau5_joint_refinement/WT/pool_3/conformer_1718.pdb,1.5266423877813986,5.105089952227622,0.6387883814190218,2.1674865908882768
WT,outputs/Tau5_joint_refinement/WT/pool_3/conformer_1719.pdb,4.244803312851014,2.0667978118554022,1.2308947151900176,1.619115266710228
WT,outputs/Tau5_joint_refinement/WT/pool_3/conformer_1720.pdb,6.313411406147285,4.191241495349011,4.060035507817861,1.85481788925208
WT,outputs/Tau5_joint_refinement/WT/pool_3/conformer_1721.pdb,1.8538058971143292,2.6283128447766746,0.9404391956202796,1.7622636662309081
WT,outputs/Tau5_joint_refinement/WT/pool_3/conformer_1722.pdb,3.742483303885063,2.8067142220253642,2.0010818167387523,1.572962561203446
WT,outputs/Tau5_joint_refinement/WT/pool_3/conformer_1723.pdb,5.17142528259251,3.6385458529525496,4.539116336143609,2.1572234345035226
WT,outputs/Tau5_joint_refinement/WT/pool_3/conformer_1724.pdb,6.934582623383805,4.231123543775866,6.264289016779805,2.54561887165306
WT,outputs/Tau5_joint_refinement/WT/pool_3/conformer_1725.pdb,2.8743921672880424,3.668362649297424,1.6350762029999228,1.4894434785870905
WT,outputs/Tau5_joint_refinement/WT/pool_3/conformer_1726.pdb,1.885031480764217,3.2644146429478536,0.7610012445839683,1.969502241081325
WT,outputs/Tau5_joint_refinement/WT/pool_3/conformer_1727.pdb,2.481496530796791,2.948638527762761,1.1950195756506974,1.76089867567798
WT,outputs/Tau5_joint_refinement/WT/pool_3/conformer_1728.pdb,8.215978534318706,2.3868985361627986,4.957525737409378,1.7097178005514015
WT,outputs/Tau5_joint_refinement/WT/pool_3/conformer_1729.pdb,7.2796052987214175,1.9499968908326353,3.139160964856074,1.4900828304827947
WT,outputs/Tau5_joint_refinement/WT/pool_3/conformer_1730.pdb,3.8502495825632033,3.2748430667196353,2.296789825317323,1.9857891254075128
WT,outputs/Tau5_joint_refinement/WT/pool_3/conformer_1731.pdb,1.4817681454342053,2.620160535674002,0.6541485915639129,1.8302452304828873
WT,outputs/Tau5_joint_refinement/WT/pool_3/conformer_1732.pdb,7.520561490763013,4.1772723549078155,6.246846246139652,2.536836031850859
WT,outputs/Tau5_joint_refinement/WT/pool_3/conformer_1733.pdb,2.9217407575763312,2.53814632918642,2.2175800612775833,2.030500248147338
WT,outputs/Tau5_joint_refinement/WT/pool_3/conformer_1734.pdb,2.349310547804726,3.279336996088793,1.0719768744445983,1.5114776797272846
WT,outputs/Tau5_joint_refinement/WT/pool_3/conformer_1735.pdb,3.1623254438962043,3.577101087358775,2.280890867503421,1.6260723296862207
WT,outputs/Tau5_joint_refinement/WT/pool_3/conformer_1736.pdb,12.316880329458527,5.060555057424738,11.139261479287589,2.235877739702536
WT,outputs/Tau5_joint_refinement/WT/pool_3/conformer_1737.pdb,8.088117835442139,4.173096954878805,6.859733904206535,2.535600062004177
WT,outputs/Tau5_joint_refinement/WT/pool_3/conformer_1738.pdb,4.969411169955388,3.107513718959504,4.059732831204425,2.0388326939366053
WT,outputs/Tau5_joint_refinement/WT/pool_3/conformer_1739.pdb,9.916439257973447,3.167198985740178,7.671439919891316,2.309865407152149
WT,outputs/Tau5_joint_refinement/WT/pool_3/conformer_1740.pdb,9.581446159221915,3.2246739148687142,8.93700807640999,1.788977037216381
WT,outputs/Tau5_joint_refinement/WT/pool_3/conformer_1741.pdb,3.765478328923612,3.5665165729597454,1.5670020068147001,2.1232116841252235
WT,outputs/Tau5_joint_refinement/WT/pool_3/conformer_1742.pdb,6.32447932168573,2.5738981537891448,3.3941989001120816,1.4805105683192452
WT,outputs/Tau5_joint_refinement/WT/pool_3/conformer_1743.pdb,4.228425119862482,2.9012805416187684,3.357287738065784,1.7679746951086837
WT,outputs/Tau5_joint_refinement/WT/pool_3/conformer_1744.pdb,3.915179276455784,3.502117687663641,2.4034663977726467,2.6117042826030707
WT,outputs/Tau5_joint_refinement/WT/pool_3/conformer_1745.pdb,5.456220353899668,3.1188679395260506,4.807922200166573,1.82992792323313
WT,outputs/Tau5_joint_refinement/WT/pool_3/conformer_1746.pdb,8.754435119953495,3.0913152949430134,7.866396160149786,1.3752213727119165
WT,outputs/Tau5_joint_refinement/WT/pool_3/conformer_1747.pdb,4.077913960011363,4.007019139012243,2.9893583357323283,1.3540804640864823
WT,outputs/Tau5_joint_refinement/WT/pool_3/conformer_1748.pdb,2.6338043021081443,4.138143057551347,1.1880814215992275,2.678980718809642
WT,outputs/Tau5_joint_refinement/WT/pool_3/conformer_1749.pdb,2.8104345377807016,3.87848643674791,0.9444953317635121,1.781164147621348
WT,outputs/Tau5_joint_refinement/WT/pool_3/conformer_1750.pdb,1.593743604879847,2.686403930940177,0.884193528995902,1.8443242617511857
AA,outputs/Tau5_joint_refinement/AA/pool_1/conformer_1.pdb,2.216736477925888,4.208902696790954,0.6923704503192587,1.8771666972811385
AA,outputs/Tau5_joint_refinement/AA/pool_1/conformer_2.pdb,3.3531263428790905,3.9124382525921773,1.4950807415710698,2.2114473522794293
AA,outputs/Tau5_joint_refinement/AA/pool_1/conformer_3.pdb,3.3727220873315282,3.608228320404647,2.125496720254699,2.645439033380574
AA,outputs/Tau5_joint_refinement/AA/pool_1/conformer_4.pdb,2.6024425059046306,2.566361273148283,1.5363601029452492,1.566467230695794
AA,outputs/Tau5_joint_refinement/AA/pool_1/conformer_5.pdb,4.3053175841005515,3.4898596021854478,3.0156669886112133,1.9541424579247435
AA,outputs/Tau5_joint_refinement/AA/pool_1/conformer_6.pdb,8.614943062641679,3.8506612544032617,7.567219174393226,2.133112111324726
AA,outputs/Tau5_joint_refinement/AA/pool_1/conformer_7.pdb,2.592847662545171,2.0153657497415325,1.4207363278183027,1.5625855295591022
AA,outputs/Tau5_joint_refinement/AA/pool_1/conformer_8.pdb,1.4047212317372995,3.3944161470046414,0.5822007349485461,1.9373194065225874
AA,outputs/Tau5_joint_refinement/AA/pool_1/conformer_9.pdb,5.516825778183721,2.6025539185846425,3.02469838237872,1.4499372390743208
AA,outputs/Tau5_joint_refinement/AA/pool_1/conformer_10.pdb,4.109420139141561,2.8566760577981576,3.4588957272755794,1.6609656839008748
AA,outputs/Tau5_joint_refinement/AA/pool_1/conformer_11.pdb,6.935153674174997,3.524737505457952,5.357352084079973,2.0766339856301674
AA,outputs/Tau5_joint_refinement/AA/pool_1/conformer_12.pdb,2.4178592656562046,3.4352016273182366,1.777447690663993,1.6292311365001533
AA,outputs/Tau5_joint_refinement/AA/pool_1/conformer_13.pdb,11.125449137724072,3.0050946073391813,8.855403611314408,1.2634211905833506
AA,outputs/Tau5_joint_refinement/AA/pool_1/conformer_14.pdb,3.363762630699065,2.84072360189877,1.9223832559819016,1.6452083117301497
AA,outputs/Tau5_joint_refinement/AA/pool_1/conformer_15.pdb,9.196521283618438,2.4590192763734873,8.481746183502791,1.773074214168965
AA,outputs/Tau5_joint_refinement/AA/pool_1/conformer_16.pdb,3.3428599482836865,4.386875944180535,0.7664435654195371,1.846960366500621
AA,outputs/Tau5_joint_refinement/AA/pool_1/conformer_17.pdb,1.5849086472257474,3.6696244545440204,0.7695571880933836,1.7254350419870084
AA,outputs/Tau5_joint_refinement/AA/pool_1/conformer_18.pdb,1.9533895851735688,4.152276378727062,0.7987465736993195,1.5124046638827136
AA,outputs/Tau5_joint_refinement/AA/pool_1/conformer_19.pdb,4.436515603127277,3.9523325877848356,3.2512219608705704,1.8642626038036294
AA,outputs/Tau5_joint_refinement/AA/pool_1/conformer_20.pdb,6.2210612899286755,3.650099158538463,5.669821112410389,2.186620127937149
AA,outputs/Tau5_joint_refinement/AA/pool_1/conformer_21.pdb,6.881586527275442,3.5597671224263587,4.640049411696305,2.06493478497713
AA,outputs/Tau5_joint_refinement/AA/pool_1/conformer_22.pdb,3.8150495820560026,2.7117223404155943,2.9784104065344557,1.7703327413040284
AA,outputs/Tau5_joint_refinement/AA/pool_1/conformer_23.pdb,6.585458178125772,4.188890190068082,5.847599614567912,1.6713179877318594
AA,outputs/Tau5_joint_refinement/AA/pool_1/conformer_24.pdb,4.719667716084808,3.2967332352018905,4.012091749766962,2.49799596472005
AA,outputs/Tau5_joint_refinement/AA/pool_1/conformer_25.pdb,1.6274835653903996,2.4974315602366306,0.7476096572421574,1.879989985663698
AA,outputs/Tau5_joint_refinement/AA/pool_1/conformer_26.pdb,3.5400087686671404,3.702328708574942,1.0973697655979051,1.5548055066269544
AA,outputs/Tau5_joint_refinement/AA/pool_1/conformer_27.pdb,1.5007527613935745,2.9896769375021015,0.7500015991152639,1.7296366275790445
AA,outputs/Tau5_joint_refinement/AA/pool_1/conformer_28.pdb,2.4715212041489125,3.3762439168870286,1.5294538313530717,1.6855323879899224
AA,outputs/Tau5_joint_refinement/AA/pool_1/conformer_29.pdb,4.652525267851671,3.898300449262758,3.9217061981463504,1.473373030471117
AA,outputs/Tau5_joint_refinement/AA/pool_1/conformer_30.pdb,4.266026745269945,3.1549201106070024,3.6434854513745387,1.6511169569108655
AA,outputs/Tau5_joint_refinement/AA/pool_1/conformer_31.pdb,2.7325045937912615,4.245110811762931,2.0870638468963985,2.299717525011224
AA,outputs/Tau5_joint_refinement/AA/pool_1/conformer_32.pdb,5.913268376887009,4.299720317110269,5.168033246762735,2.215656754079323
AA,outputs/Tau5_joint_refinement/AA/pool_1/conformer_33.pdb,2.691407600209889,3.1868471634173563,1.0307757879282748,2.0855772912652264
AA,outputs/Tau5_joint_refinement/AA/pool_1/conformer_34.pdb,1.819942812942923,4.846003654847051,0.93689307995244,2.8294903143615264
AA,outputs/Tau5_joint_refinement/AA/pool_1/conformer_35.pdb,10.774932315853464,2.4080683238517535,8.536064630854812,1.6367796207484138
AA,outputs/Tau5_joint_refinement/AA/pool_1/conformer_36.pdb,7.898239649841405,2.9736680467735606,6.5953257823367455,1.2882925181376863
AA,outputs/Tau5_joint_refinement/AA/pool_1/conformer_37.pdb,5.137597555098542,1.9341450390610073,4.110232668445151,1.30232995861881
AA,outputs/Tau5_joint_refinement/AA/pool_1/conformer_38.pdb,2.4011860618324063,2.7788008425728052,1.6359003412769042,2.056608940111037
AA,outputs/Tau5_joint_refinement/AA/pool_1/conformer_39.pdb,2.0110569678493264,3.4466180888909257,0.6508963566854397,2.6411776312094957
AA,outputs/Tau5_joint_refinement/AA/pool_1/conformer_40.pdb,1.963557105596885,3.2079175684742425,1.3426252036522541,2.017443717599833
AA,outputs/Tau5_joint_refinement/AA/pool_1/conformer_41.pdb,8.35418891350962,3.8607727759863337,7.717463405377221,1.757228197678979
AA,outputs/Tau5_joint_refinement/AA/pool_1/conformer_42.pdb,6.319945492393549,2.0865380474314783,5.51359775800231,1.6790421039138839
AA,outputs/Tau5_joint_refinement/AA/pool_1/conformer_43.pdb,2.523486134720321,2.7886402304057616,1.3618928617242843,2.429053358733131
AA,outputs/Tau5_joint_refinement/AA/pool_1/conformer_44.pdb,1.516245196395653,3.501262289818765,0.7942707500001843,1.8582404218846784
AA,outputs/Tau5_joint_refinement/AA/pool_1/conformer_45.pdb,2.5435753565005372,2.414636574928542,1.7668966260149364,1.537737977403574
AA,outputs/Tau5_joint_refinement/AA/pool_1/conformer_46.pdb,2.2542800398659355,3.6742842606686303,1.5010764468345208,1.8666890026381344
AA,outputs/Tau5_joint_refinement/AA/pool_1/conformer_47.pdb,1.6930667902608405,2.828519865977586,0.8045775382297996,1.7306718945065667
AA,outputs/Tau5_joint_refinement/AA/pool_1/conformer_48.pdb,2.070809466514051,2.646309507961827,1.305148960651883,1.946740713290592
AA,outputs/Tau5_joint_refinement/AA/pool_1/conformer_49.pdb,2.830755689461366,4.543669082522421,1.5144867915236069,2.5409420957442896
AA,outputs/Tau5_joint_refinement/AA/pool_1/conformer_50.pdb,1.6704109499314939,4.559750162557414,0.7533197704432764,2.390524365324174
AA,outputs/Tau5_joint_refinement/AA/pool_1/conformer_51.pdb,8.858265636406728,4.055899259562562,8.05326777538504,1.8965728425743864
AA,outputs/Tau5_joint_refinement/AA/pool_1/conformer_52.pdb,1.422101977177732,2.9236009796861007,0.5171325972801886,1.8886583894207043
AA,outputs/Tau5_joint_refinement/AA/pool_1/conformer_53.pdb,7.566983686853426,3.1783162539537386,6.754913353694862,1.6682845096840986
AA,outputs/Tau5_joint_refinement/AA/pool_1/conformer_54.pdb,6.661256329511371,2.211347671934658,4.759777453741173,1.6921028747405866
AA,outputs/Tau5_joint_refinement/AA/pool_1/conformer_55.pdb,2.341264540557116,3.5662407587357388,1.2589854925799218,1.74373139392641
AA,outputs/Tau5_joint_refinement/AA/pool_1/conformer_56.pdb,4.939433749844206,4.046290028103075,4.204312034397212,1.8640139156181172
AA,outputs/Tau5_joint_refinement/AA/pool_1/conformer_57.pdb,2.4312992191695684,3.8268939337180194,1.2969657475609881,1.326357588528329
AA,outputs/Tau5_joint_refinement/AA/pool_1/conformer_58.pdb,3.679159299407368,3.2197330094334555,2.840510984355263,1.7279096958010023
AA,outputs/Tau5_joint_refinement/AA/pool_1/conformer_59.pdb,5.609883880250128,3.6627529078108836,3.938108846147601,1.778972491891566
AA,outputs/Tau5_joint_refinement/AA/pool_1/conformer_60.pdb,8.413123743106068,3.0844078982931995,7.581299822485528,2.0671708842800225
AA,outputs/Tau5_joint_refinement/AA/pool_1/conformer_61.pdb,1.7642670840683605,2.5501644117008526,1.1487047587470969,1.6886360778174676
AA,outputs/Tau5_joint_refinement/AA/pool_1/conformer_62.pdb,7.063594747633555,2.767075605716761,6.028630791049794,1.2861548596113088
AA,outputs/Tau5_joint_refinement/AA/pool_1/conformer_63.pdb,3.5000998920492252,4.234525635050027,2.6688028331097,2.178056148865682
AA,outputs/Tau5_joint_refinement/AA/pool_1/conformer_64.pdb,2.7781748470019587,2.810713238425263,1.1987601544504205,1.8444452274811345
AA,outputs/Tau5_joint_refinement/AA/pool_1/conformer_65.pdb,4.271137463932828,3.9190762669886396,2.448623411464612,1.7726974532346798
AA,outputs/Tau5_joint_refinement/AA/pool_1/conformer_66.pdb,6.237473285583741,3.921568548055562,5.018306053759484,2.222856561876617
AA,outputs/Tau5_joint_refinement/AA/pool_1/conformer_67.pdb,2.4682008764322845,2.917610783122801,0.785851034165527,1.7294853141532631
AA,outputs/Tau5_joint_refinement/AA/pool_1/conformer_68.pdb,3.4638545319441603,2.4504123103713473,1.8021855857841353,2.10404453608544
AA,outputs/Tau5_joint_refinement/AA/pool_1/conformer_69.pdb,1.770250520363333,3.048555677464102,0.7905176684048627,2.0117778537497646
AA,outputs/Tau5_joint_refinement/AA/pool_1/conformer_70.pdb,5.31335304530974,2.1249183632402016,4.6616259994972005,1.3772326296283002
AA,outputs/Tau5_joint_refinement/AA/pool_1/conformer_71.pdb,5.774746430190761,3.528222310258954,5.160884864460616,2.0780686933073107
AA,outputs/Tau5_joint_refinement/AA/pool_1/conformer_72.pdb,5.33756984053731,2.646171889183872,4.124634311635734,1.3639940135354185
AA,outputs/Tau5_joint_refinement/AA/pool_1/conformer_73.pdb,8.386495816363244,2.8442200058415255,7.417759276131257,1.5487008577859338
AA,outputs/Tau5_joint_refinement/AA/pool_1/conformer_74.pdb,1.3550512227313183,3.4948476465952707,0.6422108798404741,1.887429859716849
AA,outputs/Tau5_joint_refinement/AA/pool_1/conformer_75.pdb,3.376030062507378,3.4734170876929085,0.9199924420150534,2.0319271211111425
AA,outputs/Tau5_joint_refinement/AA/pool_1/conformer_76.pdb,10.293112297930142,2.889704981632833,6.891362125901728,2.4300325192529653
AA,outputs/Tau5_joint_refinement/AA/pool_1/conformer_77.pdb,1.8038623707078059,2.614847347862512,0.9895151279248343,1.424405507184202
AA,outputs/Tau5_joint_refinement/AA/pool_1/conformer_78.pdb,2.9327892637263275,2.9892638748150535,2.105016508207489,2.174306976875046
AA,outputs/Tau5_joint_refinement/AA/pool_1/conformer_79.pdb,4.4563470237362575,3.3819017472402724,3.7213567425113094,1.933225723220039
AA,outputs/Tau5_joint_refinement/AA/pool_1/conformer_80.pdb,3.4166448589551983,3.385117616513371,2.7313861038885223,1.5484785401005032
AA,outputs/Tau5_joint_refinement/AA/pool_1/conformer_81.pdb,3.0432750278929377,2.9286699597993713,0.7419344900142286,1.3353725372708523
AA,outputs/Tau5_joint_refinement/AA/pool_1/conformer_82.pdb,6.244687600936733,3.4706937675552028,3.8990190733995846,2.4022719386932523
AA,outputs/Tau5_joint_refinement/AA/pool_1/conformer_83.pdb,4.547838526642017,2.7097443431881683,3.774482251828437,2.0737354577941294
AA,outputs/Tau5_joint_refinement/AA/pool_1/conformer_84.pdb,6.205614114757679,3.187461151802917,5.628607889720193,2.164860384240919
AA,outputs/Tau5_joint_refinement/AA/pool_1/conformer_85.pdb,10.901390086025955,2.37650917295726,5.045397674325291,1.6714192366259093
AA,outputs/Tau5_joint_refinement/AA/pool_1/conformer_86.pdb,2.0662924238852427,2.343831891489933,1.0791524617462314,1.7119025256093
AA,outputs/Tau5_joint_refinement/AA/pool_1/conformer_87.pdb,3.915557985713378,4.060264676906253,1.2776245403482733,1.9926737619072257
AA,outputs/Tau5_joint_refinement/AA/pool_1/conformer_88.pdb,6.516451619094704,2.3967391935139073,5.818124342861778,1.4363119809575562
AA,outputs/Tau5_joint_refinement/AA/pool_1/conformer_89.pdb,2.6408243482303386,4.240368039607038,1.1945045253296689,1.5682433489250653
AA,outputs/Tau5_joint_refinement/AA/pool_1/conformer_90.pdb,1.998094210286955,2.821506425754935,0.5810327896758226,1.6524781271891764
AA,outputs/Tau5_joint_refinement/AA/pool_1/conformer_91.pdb,5.587094291125547,2.878015071888016,3.1851786165121667,2.14719640605304
AA,outputs/Tau5_joint_refinement/AA/pool_1/conformer_92.pdb,7.10894562445679,3.4344063128722158,5.931065688525987,2.1372771402185458
AA,outputs/Tau5_joint_refinement/AA/pool_1/conformer_93.pdb,7.354910574829098,2.377904759203146,5.035504023769744,2.0023032512034673
AA,outputs/Tau5_joint_refinement/AA/pool_1/conformer_94.pdb,4.861481331977833,1.9194225985664284,4.274090793211554,1.2510673642462324
AA,outputs/Tau5_joint_refinement/AA/pool_1/conformer_95.pdb,1.418738726418397,2.2308139370117743,0.6777845268677085,2.136127904781625
AA,outputs/Tau5_joint_refinement/AA/pool_1/conformer_96.pdb,1.9871874413195176,2.8344922051280976,1.1730909780489822,1.678776669146096
AA,outputs/Tau5_joint_refinement/AA/pool_1/conformer_97.pdb,1.7142155783309638,3.758585709132326,0.8921611443217847,1.703476149698749
AA,outputs/Tau5_joint_refinement/AA/pool_1/conformer_98.pdb,1.829119646504407,3.6166869003825326,0.7655523851691478,3.116384054915182
AA,outputs/Tau5_joint_refinement/AA/pool_1/conformer_99.pdb,2.0950138296322645,4.242554636984164,0.6125459501264016,1.8847455656638485
AA,outputs/Tau5_joint_refinement/AA/pool_1/conformer_100.pdb,4.823518398644184,4.06924395346342,3.873525407863242,1.7324274102261275
AA,outputs/Tau5_joint_refinement/AA/pool_1/conformer_101.pdb,10.233407192712848,3.679819122526703,9.309195340240187,1.9600130844312191
AA,outputs/Tau5_joint_refinement/AA/pool_1/conformer_102.pdb,8.006032286771113,2.3878285511506636,7.297117596385662,1.5918369924961566
AA,outputs/Tau5_joint_refinement/AA/pool_1/conformer_103.pdb,6.005714852018692,4.05908323061147,5.261591355618427,2.279789069812822
AA,outputs/Tau5_joint_refinement/AA/pool_1/conformer_104.pdb,2.8351047610644353,3.4297200069260794,0.8498282426295525,2.124589968842908
AA,outputs/Tau5_joint_refinement/AA/pool_1/conformer_105.pdb,5.053190924065299,3.266997867769812,4.228699647713592,1.7829967493623222
AA,outputs/Tau5_joint_refinement/AA/pool_1/conformer_106.pdb,8.447643315282251,2.2884901812146743,7.339874258369515,1.5800111322576293
AA,outputs/Tau5_joint_refinement/AA/pool_1/conformer_107.pdb,2.956621126968262,3.5422330262108908,2.172776510765126,1.5044022753858837
AA,outputs/Tau5_joint_refinement/AA/pool_1/conformer_108.pdb,6.536964520586387,3.7212352227370538,5.143956490683534,1.7441107126777153
AA,outputs/Tau5_joint_refinement/AA/pool_1/conformer_109.pdb,4.0809061856881605,2.942090487923369,3.358139646701967,2.0112077344590635
AA,outputs/Tau5_joint_refinement/AA/pool_1/conformer_110.pdb,1.329074902825083,2.581895803563811,0.6617087468425413,1.6533912679990974
AA,outputs/Tau5_joint_refinement/AA/pool_1/conformer_111.pdb,10.852018728431487,3.3926672739214347,8.146492497429408,1.6074425326299873
AA,outputs/Tau5_joint_refinement/AA/pool_1/conformer_112.pdb,2.869401353751795,2.6402108196199396,1.2771872505554323,1.8144154601130695
AA,outputs/Tau5_joint_refinement/AA/pool_1/conformer_113.pdb,7.389231270662481,2.5567137428340563,6.2126690926137345,1.9498875022379953
AA,outputs/Tau5_joint_refinement/AA/pool_1/conformer_114.pdb,8.397501763516876,4.152875529129886,4.7339633146444795,1.8492057896774308
AA,outputs/Tau5_joint_refinement/AA/pool_1/conformer_115.pdb,2.6453078524759017,2.7734233901279888,1.852096086792397,2.1139546863438627
AA,outputs/Tau5_joint_refinement/AA/pool_1/conformer_116.pdb,1.5302207235224667,3.7777065616186403,0.8168882724695752,1.3444435569942088
AA,outputs/Tau5_joint_refinement/AA/pool_1/conformer_117.pdb,2.2509180843969903,4.551697466493956,0.7028793209183046,2.5658521954806623
AA,outputs/Tau5_joint_refinement/AA/pool_1/conformer_118.pdb,12.033137077497916,3.0611213453700032,8.946196464734887,1.4198306426161307
AA,outputs/Tau5_joint_refinement/AA/pool_1/conformer_119.pdb,5.134909111928326,2.868501932685325,3.6346023325756316,1.7230623017978524
AA,outputs/Tau5_joint_refinement/AA/pool_1/conformer_120.pdb,2.6191165001132983,2.365976558929561,1.183227330843141,1.7959630207985613
AA,outputs/Tau5_joint_refinement/AA/pool_1/conformer_121.pdb,5.562143679888805,2.7827103837619407,2.809807885528828,1.5130794101254776
AA,outputs/Tau5_joint_refinement/AA/pool_1/conformer_122.pdb,1.5381936532341962,3.635016997556736,0.7957499029809774,1.5589062267616027
AA,outputs/Tau5_joint_refinement/AA/pool_1/conformer_123.pdb,5.147879935665889,3.6915252354034958,4.049013922551476,2.505279518150757
AA,outputs/Tau5_joint_refinement/AA/pool_1/conformer_124.pdb,5.592054544947251,3.534451858997198,4.5996597424732215,1.5107578384858893
AA,outputs/Tau5_joint_refinement/AA/pool_1/conformer_125.pdb,3.38472618076619,3.365213752508276,2.5419900400644297,1.8221098310509793
AA,outputs/Tau5_joint_refinement/AA/pool_1/conformer_126.pdb,5.877405817141647,3.648369539335916,4.763618667328416,1.6293556172326302
AA,outputs/Tau5_joint_refinement/AA/pool_1/conformer_127.pdb,7.914174601383461,2.2821052518640363,4.791319054305182,1.775927393264702
AA,outputs/Tau5_joint_refinement/AA/pool_1/conformer_128.pdb,6.927229433908755,4.115289014522131,5.706397547669131,1.6778141353567546
AA,outputs/Tau5_joint_refinement/AA/pool_1/conformer_129.pdb,8.763325177125676,2.5180852738812285,8.033396880959614,1.9815033896863885
AA,outputs/Tau5_joint_refinement/AA/pool_1/conformer_130.pdb,1.8027089804407452,3.6012904222419975,0.6376139065240538,1.6925277899174527
AA,outputs/Tau5_joint_refinement/AA/pool_1/conformer_131.pdb,2.5179550198138756,2.187255478697054,1.299373933472716,1.3579886833525234
AA,outputs/Tau5_joint_refinement/AA/pool_1/conformer_132.pdb,1.3317274883840995,4.418960737108001,0.5410383093034092,2.4436246984728665
AA,outputs/Tau5_joint_refinement/AA/pool_1/conformer_133.pdb,4.996117201129913,3.3274651431317723,4.133391544428482,2.071160536912863
AA,outputs/Tau5_joint_refinement/AA/pool_1/conformer_134.pdb,2.3917285102361587,3.1663782288345623,0.9560588201684326,2.282118856806367
AA,outputs/Tau5_joint_refinement/AA/pool_1/conformer_135.pdb,2.3306164062420343,2.234071555790695,1.651694150163274,1.5093988028735386
AA,outputs/Tau5_joint_refinement/AA/pool_1/conformer_136.pdb,2.640882585231564,3.576351913320099,0.5672293115120225,1.450337863320341
AA,outputs/Tau5_joint_refinement/AA/pool_1/conformer_137.pdb,2.697308300348464,2.392815803051861,1.7170915933839355,1.5978375680637305
AA,outputs/Tau5_joint_refinement/AA/pool_1/conformer_138.pdb,6.231688583163792,2.9366169918761442,5.168926010555265,1.704173012856595
AA,outputs/Tau5_joint_refinement/AA/pool_1/conformer_139.pdb,2.280296364259304,3.521431843965723,1.513989494818176,1.6055640793171
AA,outputs/Tau5_joint_refinement/AA/pool_1/conformer_140.pdb,2.5361175163277148,3.0437075721404083,0.7942619901869411,1.3212670875497579
AA,outputs/Tau5_joint_refinement/AA/pool_1/conformer_141.pdb,3.9315126444712973,4.578173742143409,3.3963957436381973,2.035323705251683
AA,outputs/Tau5_joint_refinement/AA/pool_1/conformer_142.pdb,4.216201815623309,2.5397424927421834,3.030253791340428,1.9401117604185953
AA,outputs/Tau5_joint_refinement/AA/pool_1/conformer_143.pdb,2.1107666870312762,2.8281706554502684,1.3733072194883276,1.8568333619738284
AA,outputs/Tau5_joint_refinement/AA/pool_1/conformer_144.pdb,5.540046572717194,3.1007233198911295,3.9881503608267104,2.208087664806076
AA,outputs/Tau5_joint_refinement/AA/pool_1/conformer_145.pdb,5.132999441815808,4.0376654324199555,4.339052812519187,2.448684097596386
AA,outputs/Tau5_joint_refinement/AA/pool_1/conformer_146.pdb,3.4367595548704637,3.4233228659815427,1.9592395575178143,1.4206904510845892
AA,outputs/Tau5_joint_refinement/AA/pool_1/conformer_147.pdb,7.343419502157581,2.545640667708966,2.1689837760007684,1.8999391510354002
AA,outputs/Tau5_joint_refinement/AA/pool_1/conformer_148.pdb,6.242745429752503,2.926520877694764,5.177649862691235,1.9001014301714036
AA,outputs/Tau5_joint_refinement/AA/pool_1/conformer_149.pdb,1.8990243221947918,3.6867908538295535,0.5573021107827326,2.309892426801053
AA,outputs/Tau5_joint_refinement/AA/pool_1/conformer_150.pdb,3.044384758972488,2.284997907690812,1.2332565746005755,1.5467783981246228
AA,outputs/Tau5_joint_refinement/AA/pool_1/conformer_151.pdb,1.854735959743981,2.2999417256082273,0.9366485253532055,1.8424646190208782
AA,outputs/Tau5_joint_refinement/AA/pool_1/conformer_152.pdb,3.8306294468437,3.705866320787894,2.84134644993244,2.3186787119927463
AA,outputs/Tau5_joint_refinement/AA/pool_1/conformer_153.pdb,5.56405870534456,2.3183094386891665,3.651434095444515,1.458043701801015
AA,outputs/Tau5_joint_refinement/AA/pool_1/conformer_154.pdb,1.7941388357194468,2.8457233163678164,0.6049648453325238,1.4677080963160587
AA,outputs/Tau5_joint_refinement/AA/pool_1/conformer_155.pdb,4.476842674972127,3.2396305748116045,3.186780559075446,1.9255840297508124
AA,outputs/Tau5_joint_refinement/AA/pool_1/conformer_156.pdb,1.5128208842395772,4.22054284408564,0.47307822614095285,1.924378403576041
AA,outputs/Tau5_joint_refinement/AA/pool_1/conformer_157.pdb,1.9793944850256662,3.710921342934745,0.8489207932815699,1.718491288994729
AA,outputs/Tau5_joint_refinement/AA/pool_1/conformer_158.pdb,4.0001760432090885,3.3033100852416246,0.571286184631207,2.200165100888361
AA,outputs/Tau5_joint_refinement/AA/pool_1/conformer_159.pdb,9.287593891694517,2.1802666591381215,6.953416079325202,1.6713752904377788
AA,outputs/Tau5_joint_refinement/AA/pool_1/conformer_160.pdb,7.002249763480693,3.7790574347414987,6.175262330360709,1.5512637406642014
AA,outputs/Tau5_joint_refinement/AA/pool_1/conformer_161.pdb,2.8996360440147195,3.3369592374003507,2.2242152165715807,1.9060527625017856
AA,outputs/Tau5_joint_refinement/AA/pool_1/conformer_162.pdb,3.498322121304641,4.270654126242938,2.911458678585604,1.8778596062166297
AA,outputs/Tau5_joint_refinement/AA/pool_1/conformer_163.pdb,3.587557231295923,2.738332908900606,0.6655537990419782,1.2611108601941452
AA,outputs/Tau5_joint_refinement/AA/pool_1/conformer_164.pdb,6.2849555368156835,1.848219631556497,5.717327645508693,1.34835191664227
AA,outputs/Tau5_joint_refinement/AA/pool_1/conformer_165.pdb,1.4512463449412103,3.0223561731111466,0.5427716572663771,1.383307803405897
AA,outputs/Tau5_joint_refinement/AA/pool_1/conformer_166.pdb,8.55702517964346,2.524837581698051,7.789996357490272,2.0701201235164177
AA,outputs/Tau5_joint_refinement/AA/pool_1/conformer_167.pdb,10.482919876419237,2.8523213726200036,4.328051545284124,2.027943516516926
AA,outputs/Tau5_joint_refinement/AA/pool_1/conformer_168.pdb,7.063236755794093,3.185213652687363,5.917561227877324,1.851033533127403
AA,outputs/Tau5_joint_refinement/AA/pool_1/conformer_169.pdb,1.646055240168705,4.007877803831924,0.7296661586701335,1.9843356239946752
AA,outputs/Tau5_joint_refinement/AA/pool_1/conformer_170.pdb,2.957490060141619,2.338116742204373,0.6814482910208041,1.7036755567663742
AA,outputs/Tau5_joint_refinement/AA/pool_1/conformer_171.pdb,4.893502330025002,4.097445787248476,3.0209396029473345,1.456145609287213
AA,outputs/Tau5_joint_refinement/AA/pool_1/conformer_172.pdb,9.141599052442796,3.0684465027416556,8.319578307095426,1.9020104791366255
AA,outputs/Tau5_joint_refinement/AA/pool_1/conformer_173.pdb,6.149025904167082,3.2123657652892024,5.49305606144776,2.168944080667039
AA,outputs/Tau5_joint_refinement/AA/pool_1/conformer_174.pdb,5.388449674650453,2.075803645948225,3.873437188168756,2.1621737348027015
AA,outputs/Tau5_joint_refinement/AA/pool_1/conformer_175.pdb,7.148757136634022,3.4115724751813903,6.427322981304827,2.235120790512763
AA,outputs/Tau5_joint_refinement/AA/pool_1/conformer_176.pdb,3.576075154176541,2.6172199314007845,2.5366727384696452,1.852352206687803
AA,outputs/Tau5_joint_refinement/AA/pool_1/conformer_177.pdb,2.172257622954939,2.8514799248118265,1.6300703046793148,1.8087474963092485
AA,outputs/Tau5_joint_refinement/AA/pool_1/conformer_178.pdb,2.9103171464477677,4.180625483484548,2.132568842100083,1.7423617701829757
AA,outputs/Tau5_joint_refinement/AA/pool_1/conformer_179.pdb,4.017788504303407,2.273895162728454,3.0869792233196063,1.725262310397446
AA,outputs/Tau5_joint_refinement/AA/pool_1/conformer_180.pdb,10.052982775350056,2.8171765021986603,7.433949933213033,2.0458629527726004
AA,outputs/Tau5_joint_refinement/AA/pool_1/conformer_181.pdb,1.7969547007738023,3.8699320303256335,0.8030296987495275,1.6442084317955248
AA,outputs/Tau5_joint_refinement/AA/pool_1/conformer_182.pdb,4.9086076839436465,2.965687478689244,3.9701683746191523,1.660471796388233
AA,outputs/Tau5_joint_refinement/AA/pool_1/conformer_183.pdb,8.727564944836393,3.0661761873760525,7.663598579559727,2.2543504843964977
AA,outputs/Tau5_joint_refinement/AA/pool_1/conformer_184.pdb,3.4391322450344486,3.0455361860988455,0.8694752581038055,1.5618676220028105
AA,outputs/Tau5_joint_refinement/AA/pool_1/conformer_185.pdb,3.54785021895237,3.6880018226596594,1.547843560666324,1.842593405613078
AA,outputs/Tau5_joint_refinement/AA/pool_1/conformer_186.pdb,10.664648115922741,2.9144529921748985,7.949411502487031,2.220738511707764
AA,outputs/Tau5_joint_refinement/AA/pool_1/conformer_187.pdb,1.4337402484774346,2.626244965402784,0.512188730173225,1.5167803994302085
AA,outputs/Tau5_joint_refinement/AA/pool_1/conformer_188.pdb,2.2593597630174003,3.8033310933484676,0.7378748556729531,2.2154010902481813
AA,outputs/Tau5_joint_refinement/AA/pool_1/conformer_189.pdb,3.771471980446418,2.704703818088909,2.9450759619103857,1.7111130375416168
AA,outputs/Tau5_joint_refinement/AA/pool_1/conformer_190.pdb,1.8358592022645774,2.252158847010124,0.6797129634404214,1.6045334953472696
AA,outputs/Tau5_joint_refinement/AA/pool_1/conformer_191.pdb,10.550175865590095,2.945547423846806,9.843855167957777,1.954847719423486
AA,outputs/Tau5_joint_refinement/AA/pool_1/conformer_192.pdb,8.787819974732265,2.2178078076946903,5.708078110693054,1.5537324137732642
AA,outputs/Tau5_joint_refinement/AA/pool_1/conformer_193.pdb,7.760713246920192,2.3543924942076355,7.008888932252719,1.7133760381795669
AA,outputs/Tau5_joint_refinement/AA/pool_1/conformer_194.pdb,3.2137204862426527,2.8226769152843487,2.5330864326978437,1.7516824235657948
AA,outputs/Tau5_joint_refinement/AA/pool_1/conformer_195.pdb,2.0268056220338515,2.6629557924490963,1.3259543178510516,2.081172769788818
AA,outputs/Tau5_joint_refinement/AA/pool_1/conformer_196.pdb,2.522713429222625,3.8114524453552954,1.1038643794851162,1.6598275015968973
AA,outputs/Tau5_joint_refinement/AA/pool_1/conformer_197.pdb,14.268795433647242,3.3386611076592554,10.408767416941156,1.262490964989645
AA,outputs/Tau5_joint_refinement/AA/pool_1/conformer_198.pdb,12.748672173861342,4.6352554355317235,12.190828648970715,2.433408655545142
AA,outputs/Tau5_joint_refinement/AA/pool_1/conformer_199.pdb,5.477655050100093,4.408084379300214,4.474793994093709,1.774842178409708
AA,outputs/Tau5_joint_refinement/AA/pool_1/conformer_200.pdb,4.428528847921133,2.6002451028208378,3.521268814011444,1.9732305114935655
AA,outputs/Tau5_joint_refinement/AA/pool_1/conformer_201.pdb,2.339566146980459,2.8136639007157505,1.3032375590599694,1.9283591888431446
AA,outputs/Tau5_joint_refinement/AA/pool_1/conformer_202.pdb,4.224935516350132,2.2120670657708494,3.572743577226132,1.701990933524543
AA,outputs/Tau5_joint_refinement/AA/pool_1/conformer_203.pdb,1.6510098745546342,3.2014166821380075,0.7214045313020978,1.5012374158846564
AA,outputs/Tau5_joint_refinement/AA/pool_1/conformer_204.pdb,2.7416599459439843,2.62393599316929,1.750838101431093,1.470384100733347
AA,outputs/Tau5_joint_refinement/AA/pool_1/conformer_205.pdb,2.222284173626083,2.845053320503804,1.5008453168317875,1.8436063049348859
AA,outputs/Tau5_joint_refinement/AA/pool_1/conformer_206.pdb,2.38972025749508,3.1701644714441777,1.3508416136637869,1.8408252164926961
AA,outputs/Tau5_joint_refinement/AA/pool_1/conformer_207.pdb,4.693876533432274,4.031795886638949,4.146300988792489,2.247157987641057
AA,outputs/Tau5_joint_refinement/AA/pool_1/conformer_208.pdb,2.9356632321610827,3.2527183511631854,2.151118470782926,2.4412427872011953
AA,outputs/Tau5_joint_refinement/AA/pool_1/conformer_209.pdb,9.392088734431253,5.069024186341928,7.279053833500205,2.414892207840978
AA,outputs/Tau5_joint_refinement/AA/pool_1/conformer_210.pdb,1.76531069775815,4.774407468662632,0.9270585459188725,2.0632765330087337
AA,outputs/Tau5_joint_refinement/AA/pool_1/conformer_211.pdb,4.6524556425447905,4.302776237886596,3.7762839205156262,2.2143585315323895
AA,outputs/Tau5_joint_refinement/AA/pool_1/conformer_212.pdb,3.9304474138213465,3.189790353694786,3.283425232683369,2.366520442910976
AA,outputs/Tau5_joint_refinement/AA/pool_1/conformer_213.pdb,3.1207152341765534,3.89877608932714,2.1634526577731497,2.0708768272201077
AA,outputs/Tau5_joint_refinement/AA/pool_1/conformer_214.pdb,1.5010514251276155,3.1641534937929205,0.7361518330969384,2.6081130842872753
AA,outputs/Tau5_joint_refinement/AA/pool_1/conformer_215.pdb,1.6601916291385488,3.62090461184953,0.6925610609736342,1.7469643403626545
AA,outputs/Tau5_joint_refinement/AA/pool_1/conformer_216.pdb,1.4715417549888488,4.301079107026757,0.6375207353965465,2.670057430435529
AA,outputs/Tau5_joint_refinement/AA/pool_1/conformer_217.pdb,10.945204223662955,3.2793036329135914,6.692357128152272,1.4216501231984535
AA,outputs/Tau5_joint_refinement/AA/pool_1/conformer_218.pdb,1.3191887080554192,2.4143302055156575,0.5193586852943357,1.993345759872688
AA,outputs/Tau5_joint_refinement/AA/pool_1/conformer_219.pdb,2.103321834544786,3.346884744863394,1.094583481329696,2.4778885081116977
AA,outputs/Tau5_joint_refinement/AA/pool_1/conformer_220.pdb,6.431667344481562,4.791283863326356,4.7924165545553095,2.3337779333307194
AA,outputs/Tau5_joint_refinement/AA/pool_1/conformer_221.pdb,3.004230394039336,3.638865436880227,1.8705731838004274,1.5666744223617102
AA,outputs/Tau5_joint_refinement/AA/pool_1/conformer_222.pdb,2.6626945711461794,2.514929959642404,1.8327744733793006,1.5737826609700674
AA,outputs/Tau5_joint_refinement/AA/pool_1/conformer_223.pdb,2.267810727326533,3.1281742689091474,1.6295815229229424,1.4324919889688115
AA,outputs/Tau5_joint_refinement/AA/pool_1/conformer_224.pdb,1.9587851247252257,2.603607258591887,0.5850383506191319,1.383374079890867
AA,outputs/Tau5_joint_refinement/AA/pool_1/conformer_225.pdb,1.723389081938339,2.7245102995332022,0.5933956809214683,2.170093061105541
AA,outputs/Tau5_joint_refinement/AA/pool_1/conformer_226.pdb,5.147816771031625,4.742888011924187,1.3898305465548988,1.7983590494024275
AA,outputs/Tau5_joint_refinement/AA/pool_1/conformer_227.pdb,5.780316212442591,4.001962702409195,2.712021619939263,2.3939614999260512
AA,outputs/Tau5_joint_refinement/AA/pool_1/conformer_228.pdb,2.762305358554079,3.21893995626612,0.6366372587585949,1.4773525781076955
AA,outputs/Tau5_joint_refinement/AA/pool_1/conformer_229.pdb,1.9852417254951635,3.1804623443371445,1.3357344129375908,1.5180128321939037
AA,outputs/Tau5_joint_refinement/AA/pool_1/conformer_230.pdb,1.6740356102872278,3.2473808016464725,0.6103733290143141,1.920545207126038
AA,outputs/Tau5_joint_refinement/AA/pool_1/conformer_231.pdb,6.078285413160129,3.80994764564277,4.064104847369583,2.079769351703471
AA,outputs/Tau5_joint_refinement/AA/pool_1/conformer_232.pdb,1.8967842542015276,3.3713933243038277,0.8914881084444553,1.6330721658959946
AA,outputs/Tau5_joint_refinement/AA/pool_1/conformer_233.pdb,8.172656282973287,3.9521489902515734,2.9322735719483237,2.445543106316737
AA,outputs/Tau5_joint_refinement/AA/pool_1/conformer_234.pdb,1.211339092490687,2.4447479725704855,0.6437801779753065,2.0373324148175227
AA,outputs/Tau5_joint_refinement/AA/pool_1/conformer_235.pdb,1.4026053224104835,3.4411862647856344,0.6427260347554823,2.4623106550987854
AA,outputs/Tau5_joint_refinement/AA/pool_1/conformer_236.pdb,1.8109353999113158,2.8886508212853452,0.6231391457355913,1.9219207812035175
AA,outputs/Tau5_joint_refinement/AA/pool_1/conformer_237.pdb,1.295344018529252,2.1132398524966023,0.6140957032134016,1.6583553112933602
AA,outputs/Tau5_joint_refinement/AA/pool_1/conformer_238.pdb,5.789556274889761,2.4077766705849597,4.708833351577448,1.478329158924667
AA,outputs/Tau5_joint_refinement/AA/pool_1/conformer_239.pdb,1.837578803075932,2.520399764095525,0.6421865004778112,1.7654991501581596
AA,outputs/Tau5_joint_refinement/AA/pool_1/conformer_240.pdb,2.3887532764827903,2.695012574407121,1.5519872360862212,1.542065497730914
AA,outputs/Tau5_joint_refinement/AA/pool_1/conformer_241.pdb,6.366686571117202,2.365331300476361,5.723225905837496,1.8595689347584354
AA,outputs/Tau5_joint_refinement/AA/pool_1/conformer_242.pdb,2.583523321789528,2.6278912039810765,1.5938083037400652,1.6667686394427534
AA,outputs/Tau5_joint_refinement/AA/pool_1/conformer_243.pdb,8.62695778742101,5.607089372857773,7.854523010182463,1.7515039983494345
AA,outputs/Tau5_joint_refinement/AA/pool_1/conformer_244.pdb,6.759321311168795,2.6471050385422363,4.358195057373068,1.7539048916446265
AA,outputs/Tau5_joint_refinement/AA/pool_1/conformer_245.pdb,4.653810684942472,3.2782195155025127,0.8048804018983211,2.2128007466608537
AA,outputs/Tau5_joint_refinement/AA/pool_1/conformer_246.pdb,5.754905862496278,2.7835871957150204,4.142937696437429,2.4091005087083173
AA,outputs/Tau5_joint_refinement/AA/pool_1/conformer_247.pdb,7.645279457802228,3.575222901608044,6.2050667380730715,1.560422373826561
AA,outputs/Tau5_joint_refinement/AA/pool_1/conformer_248.pdb,1.6241667072954813,2.6366724796974217,0.8555902907118706,1.8375787362339213
AA,outputs/Tau5_joint_refinement/AA/pool_1/conformer_249.pdb,8.108872334141338,3.338869191006661,5.784183932352178,1.6905897370629281
AA,outputs/Tau5_joint_refinement/AA/pool_1/conformer_250.pdb,10.664023452300711,4.70565066216826,9.680364546538755,2.011486004914961
AA,outputs/Tau5_joint_refinement/AA/pool_3/conformer_1.pdb,8.442873005261562,3.1349890276042927,7.160101760148676,2.118542313033695
AA,outputs/Tau5_joint_refinement/AA/pool_3/conformer_2.pdb,5.480843185127541,3.5141016066445103,4.33735075509477,1.5651739425834088
AA,outputs/Tau5_joint_refinement/AA/pool_3/conformer_3.pdb,1.9077024538588219,2.0148983577069783,1.068075360004064,1.9114391849055712
AA,outputs/Tau5_joint_refinement/AA/pool_3/conformer_4.pdb,2.8063485681907743,2.787084050150653,1.593273054799972,1.9474528274967933
AA,outputs/Tau5_joint_refinement/AA/pool_3/conformer_5.pdb,3.6795993762733135,3.6042175949082944,3.0370484861968072,1.3776789608855111
AA,outputs/Tau5_joint_refinement/AA/pool_3/conformer_6.pdb,2.4062840524802964,2.521099556799875,0.9599136666670417,2.0110893997939643
AA,outputs/Tau5_joint_refinement/AA/pool_3/conformer_7.pdb,1.5148786109529357,3.8834843772912593,0.5654149872741233,2.6112995902216163
AA,outputs/Tau5_joint_refinement/AA/pool_3/conformer_8.pdb,2.3606079986359196,3.765063857068677,1.7624662334209398,1.9118863747776924
AA,outputs/Tau5_joint_refinement/AA/pool_3/conformer_9.pdb,7.297821344853778,2.093522312382093,4.499438739648143,1.9326221359375166
AA,outputs/Tau5_joint_refinement/AA/pool_3/conformer_10.pdb,6.372824604438976,3.5369124080309557,5.103225620778837,1.9201281292571777
AA,outputs/Tau5_joint_refinement/AA/pool_3/conformer_11.pdb,6.219533379763109,3.6113350813505325,5.370663579673315,1.4160852603573708
AA,outputs/Tau5_joint_refinement/AA/pool_3/conformer_12.pdb,1.9208331536950405,2.800599379966997,0.5225235607434244,1.759151257803499
AA,outputs/Tau5_joint_refinement/AA/pool_3/conformer_13.pdb,2.3626963991293874,4.429481107922581,1.7306810143088314,1.8434418871107212
AA,outputs/Tau5_joint_refinement/AA/pool_3/conformer_14.pdb,1.8125892928467746,2.661849620133892,0.8635256366624403,2.0111354683804703
AA,outputs/Tau5_joint_refinement/AA/pool_3/conformer_15.pdb,2.3589787234988453,2.568772810506318,1.4104913532264118,2.5962854644537208
AA,outputs/Tau5_joint_refinement/AA/pool_3/conformer_16.pdb,7.0376054956833185,4.417226417980188,6.2793530193899425,2.393684554043532
AA,outputs/Tau5_joint_refinement/AA/pool_3/conformer_17.pdb,1.8724827881102117,2.9015116900577302,0.8318001028181383,1.4295972117224727
AA,outputs/Tau5_joint_refinement/AA/pool_3/conformer_18.pdb,3.238946957302994,2.8432365209944575,2.216803202859755,1.459618831781503
AA,outputs/Tau5_joint_refinement/AA/pool_3/conformer_19.pdb,8.376018927673833,3.275942751480311,7.500985641004687,1.7823736408221058
AA,outputs/Tau5_joint_refinement/AA/pool_3/conformer_20.pdb,3.812204394925798,3.273397903519942,3.140035979222617,1.912322855617406
AA,outputs/Tau5_joint_refinement/AA/pool_3/conformer_21.pdb,2.4406718622239203,2.69771360097537,1.3762549651118194,1.250941467849448
AA,outputs/Tau5_joint_refinement/AA/pool_3/conformer_22.pdb,3.0373288753433916,2.7351375340343185,2.218379578657171,1.5128431393218662
AA,outputs/Tau5_joint_refinement/AA/pool_3/conformer_23.pdb,4.079188151946211,3.1859030013641956,0.7297168627455286,2.2588223609044182
AA,outputs/Tau5_joint_refinement/AA/pool_3/conformer_24.pdb,1.9614998938258625,4.364021126597929,1.359346693616544,1.7583996814470282
AA,outputs/Tau5_joint_refinement/AA/pool_3/conformer_25.pdb,6.757271617446547,3.3870161466501383,6.096922892834822,2.377987891562338
AA,outputs/Tau5_joint_refinement/AA/pool_3/conformer_26.pdb,12.703810010906682,3.3874420748519203,11.668185298019182,2.2331995802551803
AA,outputs/Tau5_joint_refinement/AA/pool_3/conformer_27.pdb,2.339854479735308,3.4328867498760145,1.5931690165024008,1.35293925927313
AA,outputs/Tau5_joint_refinement/AA/pool_3/conformer_28.pdb,3.868026113424231,3.9008253301786273,3.0811085798205466,1.893837802384637
AA,outputs/Tau5_joint_refinement/AA/pool_3/conformer_29.pdb,1.9875207472847027,3.9702645586537537,1.0537072601357533,1.4752709649200804
AA,outputs/Tau5_joint_refinement/AA/pool_3/conformer_30.pdb,3.3216372092672413,3.4800937577435205,2.1031473770029527,2.0737568773689334
AA,outputs/Tau5_joint_refinement/AA/pool_3/conformer_31.pdb,5.723249073373995,4.910123845926931,4.820017126786076,2.449278407913372
AA,outputs/Tau5_joint_refinement/AA/pool_3/conformer_32.pdb,4.491657214444506,3.100444549751428,2.3769867453987987,1.6953651953063078
AA,outputs/Tau5_joint_refinement/AA/pool_3/conformer_33.pdb,3.021029729431849,2.6992580198843017,0.7264312370500098,1.9079547501063656
AA,outputs/Tau5_joint_refinement/AA/pool_3/conformer_34.pdb,5.525484652354959,3.120715387100435,3.9884871141797826,1.8564508047566208
AA,outputs/Tau5_joint_refinement/AA/pool_3/conformer_35.pdb,11.270265917952386,2.2810248292199833,6.490543006399236,1.5394489967124452
AA,outputs/Tau5_joint_refinement/AA/pool_3/conformer_36.pdb,8.297581858418862,3.1379942651189543,3.9788750719420305,1.3655316227205696
AA,outputs/Tau5_joint_refinement/AA/pool_3/conformer_37.pdb,7.832443881354578,3.657715522347362,7.022181881832155,1.7898135992100104
AA,outputs/Tau5_joint_refinement/AA/pool_3/conformer_38.pdb,3.948888402678794,2.894706985608364,3.2276061248638173,1.2962818345012432
AA,outputs/Tau5_joint_refinement/AA/pool_3/conformer_39.pdb,1.6930701605175233,2.7903241125532054,0.7289323357671562,1.937940296435324
AA,outputs/Tau5_joint_refinement/AA/pool_3/conformer_40.pdb,9.388917160366393,2.1897612667643767,8.471712252758646,1.4297323616603752
AA,outputs/Tau5_joint_refinement/AA/pool_3/conformer_41.pdb,1.4137458852407727,2.890529818256484,0.7600588942826892,1.7928599320793257
AA,outputs/Tau5_joint_refinement/AA/pool_3/conformer_42.pdb,3.686036138029429,2.775124331787902,3.086429257023333,2.072131920888958
AA,outputs/Tau5_joint_refinement/AA/pool_3/conformer_43.pdb,4.643475260922904,2.814405593855847,1.5745044689870347,1.6812690409199815
AA,outputs/Tau5_joint_refinement/AA/pool_3/conformer_44.pdb,1.1927468287096799,2.2199947511487,0.5610111629390105,1.6315333438394535
AA,outputs/Tau5_joint_refinement/AA/pool_3/conformer_45.pdb,10.44059365837534,3.304907295483953,7.484974674622768,1.70052745684191
AA,outputs/Tau5_joint_refinement/AA/pool_3/conformer_46.pdb,1.8009843643840677,4.295723323805447,0.831154997271193,2.194792959500586
AA,outputs/Tau5_joint_refinement/AA/pool_3/conformer_47.pdb,8.535574712550817,2.116323838547439,6.844935803402244,1.8248428844786955
AA,outputs/Tau5_joint_refinement/AA/pool_3/conformer_48.pdb,2.215466105071811,3.615839911695925,0.8164353252121715,2.2219269719997263
AA,outputs/Tau5_joint_refinement/AA/pool_3/conformer_49.pdb,3.304117036834198,2.79129532520982,2.2523652101299083,1.7197433355705025
AA,outputs/Tau5_joint_refinement/AA/pool_3/conformer_50.pdb,6.464981005484151,2.7156250069709755,4.104287519582103,1.750508221622177
AA,outputs/Tau5_joint_refinement/AA/pool_3/conformer_51.pdb,6.5432618621742495,3.6054419957125807,4.309778759054982,2.1491968260769854
AA,outputs/Tau5_joint_refinement/AA/pool_3/conformer_52.pdb,3.8034326864765307,2.940456288384863,2.986813285601056,1.8572845069468753
AA,outputs/Tau5_joint_refinement/AA/pool_3/conformer_53.pdb,9.908377181823012,2.7161681345292203,8.985961296098129,1.7461683912889407
AA,outputs/Tau5_joint_refinement/AA/pool_3/conformer_54.pdb,3.0647390228033355,2.991358039667955,2.2517855438725425,2.239064764392093
AA,outputs/Tau5_joint_refinement/AA/pool_3/conformer_55.pdb,6.530364397999598,3.3766883841875233,5.866684774177749,1.7223992184582342
AA,outputs/Tau5_joint_refinement/AA/pool_3/conformer_56.pdb,6.100910495380657,3.756907406835404,4.710293056435699,1.53493109858532
AA,outputs/Tau5_joint_refinement/AA/pool_3/conformer_57.pdb,2.654136135405044,3.4448628897467266,2.0276831130227584,1.4700912112498778
AA,outputs/Tau5_joint_refinement/AA/pool_3/conformer_58.pdb,4.905456522762419,2.832628893545343,3.9345216904195937,1.869393138354541
AA,outputs/Tau5_joint_refinement/AA/pool_3/conformer_59.pdb,2.0118731082353043,2.3105943971145355,1.0186484590545868,1.5529957043849187
AA,outputs/Tau5_joint_refinement/AA/pool_3/conformer_60.pdb,2.6686008976096534,4.93814989140466,1.2862339094418973,2.271314104342142
AA,outputs/Tau5_joint_refinement/AA/pool_3/conformer_61.pdb,2.2032338996415737,3.4434571330126698,1.1729171724166585,1.5194971364726966
AA,outputs/Tau5_joint_refinement/AA/pool_3/conformer_62.pdb,3.8595911543501855,3.4035399784165694,2.916641048987104,1.4574976691465418
AA,outputs/Tau5_joint_refinement/AA/pool_3/conformer_63.pdb,4.2715312721193595,4.281910858225679,3.241112183394348,1.7160329069381262
AA,outputs/Tau5_joint_refinement/AA/pool_3/conformer_64.pdb,7.823660457098485,2.3124816569289015,5.89963582289245,1.772549985445382
AA,outputs/Tau5_joint_refinement/AA/pool_3/conformer_65.pdb,1.9253836758954719,2.992070982651481,1.1957319205664596,1.5486236410358893
AA,outputs/Tau5_joint_refinement/AA/pool_3/conformer_66.pdb,3.82749729489382,1.9910604378751358,2.7704120562125274,1.3196018081838135
AA,outputs/Tau5_joint_refinement/AA/pool_3/conformer_67.pdb,2.2341935353419227,2.899302336348326,1.3902866720651206,1.7277828342948822
AA,outputs/Tau5_joint_refinement/AA/pool_3/conformer_68.pdb,2.4018925227519436,2.5188635599773845,1.540946772577826,1.620656591845602
AA,outputs/Tau5_joint_refinement/AA/pool_3/conformer_69.pdb,8.166786345465173,3.077986776227708,1.541205589680456,1.924695742941052
AA,outputs/Tau5_joint_refinement/AA/pool_3/conformer_70.pdb,2.0899451862739244,2.515162217123132,0.9612149002700316,1.7277542094701541
AA,outputs/Tau5_joint_refinement/AA/pool_3/conformer_71.pdb,1.7372038925508038,3.0742663184242702,0.4464639161149623,1.9408996633606328
AA,outputs/Tau5_joint_refinement/AA/pool_3/conformer_72.pdb,2.475683833949606,3.1159362139553166,1.7309620756057276,1.8155693992663284
AA,outputs/Tau5_joint_refinement/AA/pool_3/conformer_73.pdb,4.425871165258124,3.658640640649828,3.5102143097458933,1.7835543248132224
AA,outputs/Tau5_joint_refinement/AA/pool_3/conformer_74.pdb,7.8001279453924095,5.062174699923594,6.954148169122581,2.1757021995358303
AA,outputs/Tau5_joint_refinement/AA/pool_3/conformer_75.pdb,9.824767810362289,2.8509724598145163,8.915679826505395,1.42184501603954
AA,outputs/Tau5_joint_refinement/AA/pool_3/conformer_76.pdb,8.499974457778317,3.9679674774141818,7.673095674931258,1.9815130855384417
AA,outputs/Tau5_joint_refinement/AA/pool_3/conformer_77.pdb,2.0635243666457073,3.27168278542111,0.7908989789250905,1.7698156879690545
AA,outputs/Tau5_joint_refinement/AA/pool_3/conformer_78.pdb,1.30984919286551,2.794300000653488,0.5181796961903595,1.6726128564305642
AA,outputs/Tau5_joint_refinement/AA/pool_3/conformer_79.pdb,1.4838201894518845,3.334540409321384,0.5185633219842207,1.6877007327427402
AA,outputs/Tau5_joint_refinement/AA/pool_3/conformer_80.pdb,3.095279518455053,3.886034401193998,2.186244459313335,1.945810087724502
AA,outputs/Tau5_joint_refinement/AA/pool_3/conformer_81.pdb,1.8905500750363815,3.636277700226508,0.5728861468148727,1.7966459206620278
AA,outputs/Tau5_joint_refinement/AA/pool_3/conformer_82.pdb,1.628128421386747,3.953612507874479,0.8293264026901033,1.8042045140532086
AA,outputs/Tau5_joint_refinement/AA/pool_3/conformer_83.pdb,2.6903329486453638,2.718484615710408,1.9585623901903784,1.8119420259952033
AA,outputs/Tau5_joint_refinement/AA/pool_3/conformer_84.pdb,1.8214792570243459,3.531329856064418,1.0766015437224807,2.028783545077548
AA,outputs/Tau5_joint_refinement/AA/pool_3/conformer_85.pdb,5.418440169625119,2.3625726171893753,4.448325140778926,1.7031241256981466
AA,outputs/Tau5_joint_refinement/AA/pool_3/conformer_86.pdb,7.289304526995487,3.1169474060509104,6.486017081067917,1.642070376287934
AA,outputs/Tau5_joint_refinement/AA/pool_3/conformer_87.pdb,5.1655531617014905,2.4222289996913657,4.494585385041897,1.2049805460563925
AA,outputs/Tau5_joint_refinement/AA/pool_3/conformer_88.pdb,3.2542145929204467,4.049278986142506,2.1114050155503508,1.3326844545808678
AA,outputs/Tau5_joint_refinement/AA/pool_3/conformer_89.pdb,1.4515585645967501,3.832701168795554,0.7157060799186913,2.132322620555196
AA,outputs/Tau5_joint_refinement/AA/pool_3/conformer_90.pdb,6.5264698379747665,4.673522768762665,5.64160602481209,1.8479584297593445
AA,outputs/Tau5_joint_refinement/AA/pool_3/conformer_91.pdb,7.713748254941928,5.362409412024158,6.5903213196007,1.4909148629146538
AA,outputs/Tau5_joint_refinement/AA/pool_3/conformer_92.pdb,3.818708001115581,2.5019734236682774,2.3080301894100637,1.5658274230011586
AA,outputs/Tau5_joint_refinement/AA/pool_3/conformer_93.pdb,1.6088174974896188,3.3895636324539136,0.8390142731791626,1.630408372535561
AA,outputs/Tau5_joint_refinement/AA/pool_3/conformer_94.pdb,1.7911442997753526,3.694986098206633,0.7432538840942722,2.141142837849893
AA,outputs/Tau5_joint_refinement/AA/pool_3/conformer_95.pdb,2.6690273104828903,4.6414543499948495,2.111096807299001,1.7021223125389997
AA,outputs/Tau5_joint_refinement/AA/pool_3/conformer_96.pdb,2.1955789819976044,3.7454914010916363,1.3098722955419582,2.4448142139816023
AA,outputs/Tau5_joint_refinement/AA/pool_3/conformer_97.pdb,3.276695254428681,2.537047644344702,0.9391828961148249,1.8095443156584017
AA,outputs/Tau5_joint_refinement/AA/pool_3/conformer_98.pdb,3.734281156182858,4.08399520105126,1.886178288399218,2.3430842739960998
AA,outputs/Tau5_joint_refinement/AA/pool_3/conformer_99.pdb,3.78743073462476,2.515545828526833,0.6055156488112039,1.9615222117074493
AA,outputs/Tau5_joint_refinement/AA/pool_3/conformer_100.pdb,1.9005157935465247,3.986131449050013,1.2158352071610756,1.5155195874398664
AA,outputs/Tau5_joint_refinement/AA/pool_3/conformer_101.pdb,3.6734711089823398,4.206134502850998,0.8047820851597122,2.092445946381883
AA,outputs/Tau5_joint_refinement/AA/pool_3/conformer_102.pdb,7.692939094459934,3.3983742688611622,4.88654030559531,1.6449879101309652
AA,outputs/Tau5_joint_refinement/AA/pool_3/conformer_103.pdb,6.000903810452839,2.95524772162671,4.813560934729946,1.7737360745541442
AA,outputs/Tau5_joint_refinement/AA/pool_3/conformer_104.pdb,7.760180700487598,3.3641935918056984,5.510417283166069,2.0140713497984826
AA,outputs/Tau5_joint_refinement/AA/pool_3/conformer_105.pdb,6.660280696768981,3.7466967722494866,5.936797416642984,1.3028230886105898
AA,outputs/Tau5_joint_refinement/AA/pool_3/conformer_106.pdb,4.306905133373881,4.226795616911429,2.6633662422312323,2.5576497712426094
AA,outputs/Tau5_joint_refinement/AA/pool_3/conformer_107.pdb,2.6591779385059118,4.165154402104707,1.407159971928733,2.122126327195864
AA,outputs/Tau5_joint_refinement/AA/pool_3/conformer_108.pdb,1.6268413747974055,3.557957466792843,0.8732435310411013,2.06963663731578
AA,outputs/Tau5_joint_refinement/AA/pool_3/conformer_109.pdb,3.7354435666556713,3.741432279870497,2.790428856538125,2.409073526085912
AA,outputs/Tau5_joint_refinement/AA/pool_3/conformer_110.pdb,11.576254726136506,3.26724351346894,10.94703204613081,3.0001706185846535
AA,outputs/Tau5_joint_refinement/AA/pool_3/conformer_111.pdb,4.990134432016479,2.3155087751450245,4.176467600081768,1.9377147164615285
AA,outputs/Tau5_joint_refinement/AA/pool_3/conformer_112.pdb,4.3076378566074585,2.8226049151874366,2.1364104242706334,1.8467635819762225
AA,outputs/Tau5_joint_refinement/AA/pool_3/conformer_113.pdb,6.01386083264559,2.636507823520748,3.9806017672986402,1.9564819720600988
AA,outputs/Tau5_joint_refinement/AA/pool_3/conformer_114.pdb,2.096030538324791,2.3541400249020517,1.499917208662253,1.3395008171297242
AA,outputs/Tau5_joint_refinement/AA/pool_3/conformer_115.pdb,4.144721399335172,3.6788569161583293,2.993756036791691,2.2223723167730145
AA,outputs/Tau5_joint_refinement/AA/pool_3/conformer_116.pdb,3.117206004188597,3.326690498204864,2.0989774041651703,1.9016734609275519
AA,outputs/Tau5_joint_refinement/AA/pool_3/conformer_117.pdb,6.061195504082615,2.525552147561279,5.245721611267097,1.4156049422983232
AA,outputs/Tau5_joint_refinement/AA/pool_3/conformer_118.pdb,1.4638301002434164,3.632059228167687,0.9627586173644488,1.3540228564530192
AA,outputs/Tau5_joint_refinement/AA/pool_3/conformer_119.pdb,4.754037427717412,3.2889092718386306,1.7187529716712016,2.185694227232745
AA,outputs/Tau5_joint_refinement/AA/pool_3/conformer_120.pdb,2.153263639210247,2.9840560081342216,1.4801540081758033,1.429465037158498
AA,outputs/Tau5_joint_refinement/AA/pool_3/conformer_121.pdb,3.6104756974710828,3.334256498225195,2.8873372064493323,1.5338756597112817
AA,outputs/Tau5_joint_refinement/AA/pool_3/conformer_122.pdb,6.96521556327533,2.110059723718673,5.748290998351551,1.9273755490591264
AA,outputs/Tau5_joint_refinement/AA/pool_3/conformer_123.pdb,2.639481115102764,4.564711236367091,1.7859465944356918,2.1509917410881876
AA,outputs/Tau5_joint_refinement/AA/pool_3/conformer_124.pdb,9.520806037152518,4.145670729525997,7.53292812242161,1.7815795963931667
AA,outputs/Tau5_joint_refinement/AA/pool_3/conformer_125.pdb,6.572809827622322,3.9351421786596186,6.0795015669632075,2.3301722486277434
AA,outputs/Tau5_joint_refinement/AA/pool_3/conformer_126.pdb,1.8608711314917212,3.0349256264680293,1.0392631468858964,2.0214403582860863
AA,outputs/Tau5_joint_refinement/AA/pool_3/conformer_127.pdb,2.7355841688621245,4.203828313911139,0.6213646438191625,1.375962906734011
AA,outputs/Tau5_joint_refinement/AA/pool_3/conformer_128.pdb,4.914916563447475,4.147627438887837,3.846474223007786,1.650960220521651
AA,outputs/Tau5_joint_refinement/AA/pool_3/conformer_129.pdb,2.30905329843936,3.743504346007042,1.0466452933970087,2.4030240469175035
AA,outputs/Tau5_joint_refinement/AA/pool_3/conformer_130.pdb,1.631526160752346,3.6197609203566157,0.7900353753915982,1.9167832076254936
AA,outputs/Tau5_joint_refinement/AA/pool_3/conformer_131.pdb,5.7286337162381935,2.5741586877688745,4.730213690425481,1.5352761293030999
AA,outputs/Tau5_joint_refinement/AA/pool_3/conformer_132.pdb,10.17992619761599,2.6808499007386217,5.249211842817094,2.029952560693745
AA,outputs/Tau5_joint_refinement/AA/pool_3/conformer_133.pdb,2.5882708309100053,3.643084359814306,1.1311964065505906,2.3972833025380105
AA,outputs/Tau5_joint_refinement/AA/pool_3/conformer_134.pdb,3.2663146774879226,2.9556877476995753,0.6633185062576794,1.7190269911626352
AA,outputs/Tau5_joint_refinement/AA/pool_3/conformer_135.pdb,3.3944927734083015,3.325040003044972,1.93649854363889,1.9167228586276406
AA,outputs/Tau5_joint_refinement/AA/pool_3/conformer_136.pdb,10.239732698941115,2.639546746936131,9.370045161572301,1.7746995803274819
AA,outputs/Tau5_joint_refinement/AA/pool_3/conformer_137.pdb,1.1950460372146032,2.6486315439243024,0.5826548646493251,2.0623504541416673
AA,outputs/Tau5_joint_refinement/AA/pool_3/conformer_138.pdb,3.2725084970639764,4.691692890554745,2.3643173117051077,2.0729234503976617
AA,outputs/Tau5_joint_refinement/AA/pool_3/conformer_139.pdb,1.7134608695851223,3.696794184861204,0.9434983781937444,2.1382879436946447
AA,outputs/Tau5_joint_refinement/AA/pool_3/conformer_140.pdb,2.040581110810749,3.242574076641097,0.9366826052092748,1.795219805797838
AA,outputs/Tau5_joint_refinement/AA/pool_3/conformer_141.pdb,1.4204214537026418,4.172252663177491,0.6254090824414231,2.1273803080029734
AA,outputs/Tau5_joint_refinement/AA/pool_3/conformer_142.pdb,4.634605985805925,4.054219603180175,3.2551365265170533,1.8613739101703908
AA,outputs/Tau5_joint_refinement/AA/pool_3/conformer_143.pdb,3.618999577885825,2.3331108103479568,1.9532606638656296,2.2303578453354436
AA,outputs/Tau5_joint_refinement/AA/pool_3/conformer_144.pdb,2.959965152774261,4.006942587890337,2.1624360657637913,1.8108596084206634
AA,outputs/Tau5_joint_refinement/AA/pool_3/conformer_145.pdb,2.1368364049693667,3.725008003315973,0.7530632277739568,2.1786704030905946
AA,outputs/Tau5_joint_refinement/AA/pool_3/conformer_146.pdb,4.687969379861351,2.3747950947344907,1.7068964622647507,1.4061288454873568
AA,outputs/Tau5_joint_refinement/AA/pool_3/conformer_147.pdb,2.19395120289888,3.7129034616069934,0.8382268029262365,2.1687493371558415
AA,outputs/Tau5_joint_refinement/AA/pool_3/conformer_148.pdb,9.76912678903712,3.433961511777736,8.00524166864398,1.8783404712513354
AA,outputs/Tau5_joint_refinement/AA/pool_3/conformer_149.pdb,5.541305062703751,3.8319112551691954,4.5265433860224125,1.85326740022273
AA,outputs/Tau5_joint_refinement/AA/pool_3/conformer_150.pdb,7.835218457212165,2.87324834271562,7.011170173558795,1.6239317036438108
AA,outputs/Tau5_joint_refinement/AA/pool_3/conformer_151.pdb,3.5261321342394756,3.8266405534004844,2.830736269382457,1.9119663134737543
AA,outputs/Tau5_joint_refinement/AA/pool_3/conformer_152.pdb,6.881663131709769,3.3660017210496234,5.4342313208518185,2.1141628509351484
AA,outputs/Tau5_joint_refinement/AA/pool_3/conformer_153.pdb,7.51221669217315,2.615463430310386,6.032616940890149,1.6640953465954367
AA,outputs/Tau5_joint_refinement/AA/pool_3/conformer_154.pdb,3.41866990138406,4.16752245787282,1.127294147489067,1.767185738153004
AA,outputs/Tau5_joint_refinement/AA/pool_3/conformer_155.pdb,2.3731323231092265,2.630512064419181,1.2935633402901923,2.0202872261302476
AA,outputs/Tau5_joint_refinement/AA/pool_3/conformer_156.pdb,2.99586615796783,3.1928527705654766,1.7064865599044237,1.9590318084814802
AA,outputs/Tau5_joint_refinement/AA/pool_3/conformer_157.pdb,1.2693862721106095,3.04418061528924,0.5279603809958432,1.7609056599144153
AA,outputs/Tau5_joint_refinement/AA/pool_3/conformer_158.pdb,3.417335050435982,2.698536807626033,0.7105784017106441,1.4818447190019797
AA,outputs/Tau5_joint_refinement/AA/pool_3/conformer_159.pdb,2.2314347275016515,2.6664968707419083,1.300077042378547,1.5048899089018242
AA,outputs/Tau5_joint_refinement/AA/pool_3/conformer_160.pdb,2.8626200193052624,2.761037013485352,1.514356268633399,2.1523792920731126
AA,outputs/Tau5_joint_refinement/AA/pool_3/conformer_161.pdb,3.191951701857967,4.681569613443037,2.435837638943824,2.0615677608539755
AA,outputs/Tau5_joint_refinement/AA/pool_3/conformer_162.pdb,6.657419299144859,2.9924800231271846,5.918138672352859,1.8301208905734943
AA,outputs/Tau5_joint_refinement/AA/pool_3/conformer_163.pdb,7.119279169731437,3.454795481825669,5.023379260230786,1.8959904090917719
AA,outputs/Tau5_joint_refinement/AA/pool_3/conformer_164.pdb,1.6495177723047674,4.142904311974773,0.8350638011833147,1.6819205291314379
AA,outputs/Tau5_joint_refinement/AA/pool_3/conformer_165.pdb,1.9291497483116298,4.1779949996687336,1.2728234816843005,2.0976309155193023
AA,outputs/Tau5_joint_refinement/AA/pool_3/conformer_166.pdb,3.2813298998083105,3.3994188796906486,2.476757563787108,1.4454210047478204
AA,outputs/Tau5_joint_refinement/AA/pool_3/conformer_167.pdb,1.7477383348496296,3.545193735928009,1.0962239953183461,2.3483173711281213
AA,outputs/Tau5_joint_refinement/AA/pool_3/conformer_168.pdb,4.042353496615372,3.2089332823396224,0.6926654953026941,1.8315505330706348
AA,outputs/Tau5_joint_refinement/AA/pool_3/conformer_169.pdb,1.7130129718606673,2.7127558445797124,0.9073780847933091,1.556571746362902
AA,outputs/Tau5_joint_refinement/AA/pool_3/conformer_170.pdb,2.9051411412947927,3.583164241776995,1.2474557613982842,1.9140825826493304
AA,outputs/Tau5_joint_refinement/AA/pool_3/conformer_171.pdb,3.2519630771947936,3.248035763203556,0.8228792716888643,2.242522713023158
AA,outputs/Tau5_joint_refinement/AA/pool_3/conformer_172.pdb,2.404342640913297,3.3883003239600704,1.308605631517369,2.314993482983565
AA,outputs/Tau5_joint_refinement/AA/pool_3/conformer_173.pdb,2.329061168028846,3.3158079344747478,1.3250547455825292,2.2409735119374696
AA,outputs/Tau5_joint_refinement/AA/pool_3/conformer_174.pdb,2.712400286104517,3.373299741054641,1.9352729552815402,2.7569132885904772
AA,outputs/Tau5_joint_refinement/AA/pool_3/conformer_175.pdb,5.8786414478568005,4.486918685264421,5.1590657885533995,2.4444990871151675
AA,outputs/Tau5_joint_refinement/AA/pool_3/conformer_176.pdb,6.099909321846891,4.017570210448343,4.749975607957507,1.856886628198089
AA,outputs/Tau5_joint_refinement/AA/pool_3/conformer_177.pdb,4.318838845131219,3.532179354657413,3.652928841052554,1.7947021886869714
AA,outputs/Tau5_joint_refinement/AA/pool_3/conformer_178.pdb,5.104753976778189,2.7268161750068827,4.344001424884384,1.4645162052957896
AA,outputs/Tau5_joint_refinement/AA/pool_3/conformer_179.pdb,1.548610128663452,3.1250523573558375,0.7968423122873887,1.582586951687781
AA,outputs/Tau5_joint_refinement/AA/pool_3/conformer_180.pdb,2.2440219865666284,2.219374761335761,0.6292699099356494,1.6687350135352819
AA,outputs/Tau5_joint_refinement/AA/pool_3/conformer_181.pdb,7.315818282754793,3.4766829627026,2.857024142049414,2.428760320966811
AA,outputs/Tau5_joint_refinement/AA/pool_3/conformer_182.pdb,4.493416891123708,3.2135222812002002,0.6747700780730879,1.8702854270379592
AA,outputs/Tau5_joint_refinement/AA/pool_3/conformer_183.pdb,1.3941332177195027,4.03618466682878,0.7471996210288911,1.573334444302554
AA,outputs/Tau5_joint_refinement/AA/pool_3/conformer_184.pdb,3.199316143868177,2.5193907283009143,1.9548142577156618,1.892486127472374
AA,outputs/Tau5_joint_refinement/AA/pool_3/conformer_185.pdb,2.6900987884971106,3.579737700440378,1.1269806901945463,1.5632321969980996
AA,outputs/Tau5_joint_refinement/AA/pool_3/conformer_186.pdb,1.2492850273573244,4.558768826364106,0.4264182223030173,2.1286613455278682
AA,outputs/Tau5_joint_refinement/AA/pool_3/conformer_187.pdb,5.194649383995683,3.637281622656293,3.085321634293934,2.376346478661855
AA,outputs/Tau5_joint_refinement/AA/pool_3/conformer_188.pdb,10.255370568604198,5.101634601810305,8.24832026029166,1.856149617753195
AA,outputs/Tau5_joint_refinement/AA/pool_3/conformer_189.pdb,2.279883032602177,4.278694542532642,1.2469551754270993,2.0578428737705385
AA,outputs/Tau5_joint_refinement/AA/pool_3/conformer_190.pdb,1.9719959880554527,4.361944406289837,1.3190360127837428,1.799681913875012
AA,outputs/Tau5_joint_refinement/AA/pool_3/conformer_191.pdb,3.879069972157887,2.60332698547815,3.207553623717398,2.3490883701820895
AA,outputs/Tau5_joint_refinement/AA/pool_3/conformer_192.pdb,10.199093185463582,3.238597275926767,4.768853394832975,1.501416046330029
AA,outputs/Tau5_joint_refinement/AA/pool_3/conformer_193.pdb,2.788828973379988,3.8836750099835635,1.8330940152109494,2.177121617275764
AA,outputs/Tau5_joint_refinement/AA/pool_3/conformer_194.pdb,6.282314091976863,4.13663948984341,5.651795165489553,1.2767905998745188
AA,outputs/Tau5_joint_refinement/AA/pool_3/conformer_195.pdb,7.02668520246216,3.1369369511836527,4.625759139159181,2.2419605268031866
AA,outputs/Tau5_joint_refinement/AA/pool_3/conformer_196.pdb,5.894776931755487,2.8899393352750744,5.028888586752558,1.716625047010812
AA,outputs/Tau5_joint_refinement/AA/pool_3/conformer_197.pdb,3.100696211470608,2.617985392099397,2.385651430701574,1.4576052135445645
AA,outputs/Tau5_joint_refinement/AA/pool_3/conformer_198.pdb,2.1664085346250053,2.1789731553643823,1.6291473630771864,1.5979763023682436
AA,outputs/Tau5_joint_refinement/AA/pool_3/conformer_199.pdb,5.278948638504089,2.5984544347034184,3.764411248320927,1.71379837978757
AA,outputs/Tau5_joint_refinement/AA/pool_3/conformer_200.pdb,5.141930957680095,2.5955230486416148,3.8220888225067813,1.9217083783852644
AA,outputs/Tau5_joint_refinement/AA/pool_3/conformer_201.pdb,2.632432955185467,2.6692954702978797,1.6380876149038217,1.6857473604040007
AA,outputs/Tau5_joint_refinement/AA/pool_3/conformer_202.pdb,2.31658610811991,3.641180663620757,1.647249316720944,2.0558573815867542
AA,outputs/Tau5_joint_refinement/AA/pool_3/conformer_203.pdb,4.21082161574217,3.3499190279478315,2.1598909675028866,2.529756483770312
AA,outputs/Tau5_joint_refinement/AA/pool_3/conformer_204.pdb,1.8770163200429644,4.7128636513975115,0.639383716811685,1.9739593964652604
AA,outputs/Tau5_joint_refinement/AA/pool_3/conformer_205.pdb,5.496120651915152,3.2346277284584852,4.640834057358734,1.7822786745385593
AA,outputs/Tau5_joint_refinement/AA/pool_3/conformer_206.pdb,8.199661342336626,3.5214666386999025,6.061157463297656,1.5065612937092225
AA,outputs/Tau5_joint_refinement/AA/pool_3/conformer_207.pdb,6.896606189175592,3.772638624553223,5.1238426394408645,2.233136152465769
AA,outputs/Tau5_joint_refinement/AA/pool_3/conformer_208.pdb,2.004445469096375,3.213302509142226,0.6555076122690129,2.1258389571570517
AA,outputs/Tau5_joint_refinement/AA/pool_3/conformer_209.pdb,4.254018444160222,3.170321906049789,3.125808313595171,2.730898257952315
AA,outputs/Tau5_joint_refinement/AA/pool_3/conformer_210.pdb,3.522944470391882,2.633450756443435,2.6563634873132678,1.612044664061319
AA,outputs/Tau5_joint_refinement/AA/pool_3/conformer_211.pdb,4.5254202300134025,3.6420544552997485,1.8560588522574186,1.9530843438650154
AA,outputs/Tau5_joint_refinement/AA/pool_3/conformer_212.pdb,3.003965674922458,4.930643707449898,1.7482059094681233,2.258890449437641
AA,outputs/Tau5_joint_refinement/AA/pool_3/conformer_213.pdb,4.026565320438455,2.573004123594042,3.3898622328599126,1.2685000698199786
AA,outputs/Tau5_joint_refinement/AA/pool_3/conformer_214.pdb,3.130632682236274,2.984168379600411,1.100739513800774,1.5479335379111658
AA,outputs/Tau5_joint_refinement/AA/pool_3/conformer_215.pdb,5.796184970187728,2.1013799358363103,4.933459488478854,1.732832123743799
AA,outputs/Tau5_joint_refinement/AA/pool_3/conformer_216.pdb,6.845346023386447,2.2450205522031603,5.1705194309271185,1.852576038681699
AA,outputs/Tau5_joint_refinement/AA/pool_3/conformer_217.pdb,4.318386181312529,2.837224790212162,2.4472688518249015,1.793033096589564
AA,outputs/Tau5_joint_refinement/AA/pool_3/conformer_218.pdb,1.1656496436057298,3.841139431572609,0.5526058419449024,2.1699580320454697
AA,outputs/Tau5_joint_refinement/AA/pool_3/conformer_219.pdb,4.38146160585743,2.2791947099571215,3.1851811214775214,1.851787682866773
AA,outputs/Tau5_joint_refinement/AA/pool_3/conformer_220.pdb,2.5377262883986407,3.20137810983248,0.5619761480666821,2.4554871137061927
AA,outputs/Tau5_joint_refinement/AA/pool_3/conformer_221.pdb,2.852733722052081,2.9006695965892226,1.4715146814655915,1.8372504591992367
AA,outputs/Tau5_joint_refinement/AA/pool_3/conformer_222.pdb,3.790421065382201,3.0046560436843035,2.935321998514286,1.6690094790467664
AA,outputs/Tau5_joint_refinement/AA/pool_3/conformer_223.pdb,7.360442051561065,2.849137928941304,6.653777450543681,1.7134727372477958
AA,outputs/Tau5_joint_refinement/AA/pool_3/conformer_224.pdb,1.6858195572507428,2.9348714253049533,0.6411452946159057,1.5745653030902815
AA,outputs/Tau5_joint_refinement/AA/pool_3/conformer_225.pdb,4.1320055748288755,3.530681629371775,3.2497406402376146,1.8897009410277188
AA,outputs/Tau5_joint_refinement/AA/pool_3/conformer_226.pdb,5.936950070751465,3.49565193791933,5.163105566551916,1.186041838193389
AA,outputs/Tau5_joint_refinement/AA/pool_3/conformer_227.pdb,4.651949286169623,3.0103762437243393,3.8756454008574033,1.9302265885067267
AA,outputs/Tau5_joint_refinement/AA/pool_3/conformer_228.pdb,1.3420304281505184,2.3715656779709606,0.6423346511337525,2.2788690718006244
AA,outputs/Tau5_joint_refinement/AA/pool_3/conformer_229.pdb,7.09690505726957,3.40642011608819,6.095090885376331,2.107715075988627
AA,outputs/Tau5_joint_refinement/AA/pool_3/conformer_230.pdb,6.725511409727773,2.404243618556312,5.553064129329385,1.4877715368039046
AA,outputs/Tau5_joint_refinement/AA/pool_3/conformer_231.pdb,2.8330549157353295,2.2733802435346684,0.6754047448950337,1.7564564236620992
AA,outputs/Tau5_joint_refinement/AA/pool_3/conformer_232.pdb,7.443175881879774,3.9976388043661855,5.791318948611654,2.1731018691328825
AA,outputs/Tau5_joint_refinement/AA/pool_3/conformer_233.pdb,4.7074949261816545,2.853450342771814,3.4495604716976116,2.0381769764148303
AA,outputs/Tau5_joint_refinement/AA/pool_3/conformer_234.pdb,6.400260850319445,2.7751774860688343,4.699451248801215,1.9492366213480763
AA,outputs/Tau5_joint_refinement/AA/pool_3/conformer_235.pdb,3.1106715876307454,3.493470570127438,1.604113714395977,2.433961118602477
AA,outputs/Tau5_joint_refinement/AA/pool_3/conformer_236.pdb,6.455696211010054,3.0988989375213305,5.553451272664584,1.9389932738025173
AA,outputs/Tau5_joint_refinement/AA/pool_3/conformer_237.pdb,6.2057573779166075,3.565958403891154,5.3489206724964475,1.7857902383115225
AA,outputs/Tau5_joint_refinement/AA/pool_3/conformer_238.pdb,3.8395670864430365,2.1576943599082474,2.5741361961800506,1.294516955602296
AA,outputs/Tau5_joint_refinement/AA/pool_3/conformer_239.pdb,2.142557681923285,3.1610606959869014,1.3975622300181778,1.930800382285558
AA,outputs/Tau5_joint_refinement/AA/pool_3/conformer_240.pdb,4.784881139656345,2.6098742444807885,3.400899425164765,1.5055446284853098
AA,outputs/Tau5_joint_refinement/AA/pool_3/conformer_241.pdb,5.874147935677261,3.385581899109176,2.8691217577534767,1.692411981458432
AA,outputs/Tau5_joint_refinement/AA/pool_3/conformer_242.pdb,1.717790224861164,4.32695822930176,0.7381001149007156,2.258761807084045
AA,outputs/Tau5_joint_refinement/AA/pool_3/conformer_243.pdb,1.3370689400372,3.642091159827422,0.6630359076640141,2.318263563324968
AA,outputs/Tau5_joint_refinement/AA/pool_3/conformer_244.pdb,1.9384836224107107,2.89869052626378,0.8666020578701593,1.9978760875479216
AA,outputs/Tau5_joint_refinement/AA/pool_3/conformer_245.pdb,8.92523120246014,3.420408542710334,7.902584680953267,2.074445835954891
AA,outputs/Tau5_joint_refinement/AA/pool_3/conformer_246.pdb,2.292348907494044,3.3204968205433048,0.9339577377263651,1.9423527039232955
AA,outputs/Tau5_joint_refinement/AA/pool_3/conformer_247.pdb,2.021939611738249,3.656666583130696,1.103131758906137,1.62268473756178
AA,outputs/Tau5_joint_refinement/AA/pool_3/conformer_248.pdb,7.518319036139074,3.3151129438998757,6.22019706835354,1.8193742620661506
AA,outputs/Tau5_joint_refinement/AA/pool_3/conformer_249.pdb,3.9664101743483156,2.9784139908425304,0.6331912189876915,1.544675673853502
AA,outputs/Tau5_joint_refinement/AA/pool_3/conformer_250.pdb,6.067114594910687,2.428043323337716,2.241254191301891,1.9220805275253408
AA,outputs/Tau5_joint_refinement/AA/pool_3/conformer_251.pdb,5.652304678028373,3.6389424852873353,4.801095001980631,2.0433567116486393
AA,outputs/Tau5_joint_refinement/AA/pool_3/conformer_252.pdb,1.556680694878804,4.265434011823595,0.4680550650520507,2.5780850601995975
AA,outputs/Tau5_joint_refinement/AA/pool_3/conformer_253.pdb,2.159542070609459,3.4074548584874695,1.4900191963535998,1.9922157662908673
AA,outputs/Tau5_joint_refinement/AA/pool_3/conformer_254.pdb,10.824575212385664,2.7814274261675074,8.74987455315492,1.2990812570187333
AA,outputs/Tau5_joint_refinement/AA/pool_3/conformer_255.pdb,2.1637600752794315,2.660609533041854,0.5800308738157894,1.5158671684123275
AA,outputs/Tau5_joint_refinement/AA/pool_3/conformer_256.pdb,2.4248522855715438,2.2743307603091054,0.6241516759030804,1.7846563808576623
AA,outputs/Tau5_joint_refinement/AA/pool_3/conformer_257.pdb,2.8857073400837603,3.147098207825963,2.1352406556841856,1.9527285120361073
AA,outputs/Tau5_joint_refinement/AA/pool_3/conformer_258.pdb,3.1723770482565,3.8941296818571454,2.335481641860362,1.8319264926110863
AA,outputs/Tau5_joint_refinement/AA/pool_3/conformer_259.pdb,5.699006877768907,3.8868411934987988,2.9516138716725284,2.0438738096633573
AA,outputs/Tau5_joint_refinement/AA/pool_3/conformer_260.pdb,4.267028808729745,3.0750598481560756,3.3689644132984315,2.173342636052363
AA,outputs/Tau5_joint_refinement/AA/pool_3/conformer_261.pdb,2.5267524199818014,3.8110601609750963,0.8307142452954601,2.353652572058025
AA,outputs/Tau5_joint_refinement/AA/pool_3/conformer_262.pdb,2.10581118899777,3.5582859788126333,0.5939509353465364,1.711499982172481
AA,outputs/Tau5_joint_refinement/AA/pool_3/conformer_263.pdb,8.87695808891199,3.2999024817980733,8.011530148085052,1.8054000341971177
AA,outputs/Tau5_joint_refinement/AA/pool_3/conformer_264.pdb,6.413824438164533,4.580884839259208,4.9672381739204905,2.6347591908531367
AA,outputs/Tau5_joint_refinement/AA/pool_3/conformer_265.pdb,1.3054247661831844,4.021716512389589,0.5777964258423663,2.094630979126138
AA,outputs/Tau5_joint_refinement/AA/pool_3/conformer_266.pdb,11.984123698872336,3.176854654855941,7.720281063064925,1.6325927531146038
AA,outputs/Tau5_joint_refinement/AA/pool_3/conformer_267.pdb,4.906186675451949,2.905172388406653,4.148266568433687,2.024928055182184
AA,outputs/Tau5_joint_refinement/AA/pool_3/conformer_268.pdb,1.4991198143423603,2.915262987080882,0.6865858508499414,1.764817076686573
AA,outputs/Tau5_joint_refinement/AA/pool_3/conformer_269.pdb,1.6412770809413908,3.182070752816452,0.985233133377306,2.3048961945082356
AA,outputs/Tau5_joint_refinement/AA/pool_3/conformer_270.pdb,2.501361558448479,2.8926676835811476,1.5972607462391484,1.506468249175824
AA,outputs/Tau5_joint_refinement/AA/pool_3/conformer_271.pdb,7.463717330324512,2.8289555833658726,6.31778134431284,1.3944423627445421
AA,outputs/Tau5_joint_refinement/AA/pool_3/conformer_272.pdb,6.568008234764747,3.3791192530326555,4.034870950388916,1.9878148916910818
AA,outputs/Tau5_joint_refinement/AA/pool_3/conformer_273.pdb,3.6226787993213017,2.6158836513473056,2.861741222908266,1.8257639351962065
AA,outputs/Tau5_joint_refinement/AA/pool_3/conformer_274.pdb,3.2102053186052992,4.017978257530805,2.5151396989757338,1.8371808489201684
AA,outputs/Tau5_joint_refinement/AA/pool_3/conformer_275.pdb,2.069651478909881,2.7154037734711296,0.56293944830077,2.1463132966898915
AA,outputs/Tau5_joint_refinement/AA/pool_3/conformer_276.pdb,2.010680996342328,3.0454738700669255,1.303032430118006,1.3468454274145851
AA,outputs/Tau5_joint_refinement/AA/pool_3/conformer_277.pdb,4.286763705288989,2.4502379444214473,3.559330097003371,1.5785652931391352
AA,outputs/Tau5_joint_refinement/AA/pool_3/conformer_278.pdb,1.5149757177655103,5.0663772109978895,0.556647288783384,2.0710959856824784
AA,outputs/Tau5_joint_refinement/AA/pool_3/conformer_279.pdb,8.568625981407022,3.4841437311932464,4.886012540626126,1.5111437870501623
AA,outputs/Tau5_joint_refinement/AA/pool_3/conformer_280.pdb,6.6112915258918195,2.9649954065041944,6.092126822090354,1.9913304223201584
AA,outputs/Tau5_joint_refinement/AA/pool_3/conformer_281.pdb,3.897354994897433,2.6858470788982736,2.30105202017101,1.8408729440153258
AA,outputs/Tau5_joint_refinement/AA/pool_3/conformer_282.pdb,6.844128304931452,2.541043821570374,5.5838290314981665,1.9082520638414031
AA,outputs/Tau5_joint_refinement/AA/pool_3/conformer_283.pdb,6.74302205495689,2.6480466711373363,5.842293982452437,1.8969338371283808
AA,outputs/Tau5_joint_refinement/AA/pool_3/conformer_284.pdb,5.309268260432131,3.7638774499919148,4.430434281926342,1.818031102986245
AA,outputs/Tau5_joint_refinement/AA/pool_3/conformer_285.pdb,3.8051015736066867,3.4737672739237055,2.3408401190261205,2.0437857401699278
AA,outputs/Tau5_joint_refinement/AA/pool_3/conformer_286.pdb,2.704485208664751,4.4649516619075325,1.2849224498307221,2.1890628007399755
AA,outputs/Tau5_joint_refinement/AA/pool_3/conformer_287.pdb,1.2731476073724346,3.590086635523519,0.5816052128843147,1.9385956417897134
AA,outputs/Tau5_joint_refinement/AA/pool_3/conformer_288.pdb,4.653426780898765,2.993906427388759,3.3068884087502766,2.0069790640733713
AA,outputs/Tau5_joint_refinement/AA/pool_3/conformer_289.pdb,5.219355673169725,3.678736330191218,4.0057574934848965,1.3384122435458627
AA,outputs/Tau5_joint_refinement/AA/pool_3/conformer_290.pdb,3.3568627265395947,4.199479504012885,2.577639977236022,2.0681425727932474
AA,outputs/Tau5_joint_refinement/AA/pool_3/conformer_291.pdb,3.333413750777422,3.3650289144353738,2.5755237121321173,2.5025742942376774
AA,outputs/Tau5_joint_refinement/AA/pool_3/conformer_292.pdb,1.9417616117907235,2.606519892686575,1.0986577396371937,1.458951679339204
AA,outputs/Tau5_joint_refinement/AA/pool_3/conformer_293.pdb,5.121015225581053,2.5191363540594125,3.928351444878506,1.4709585015139008
AA,outputs/Tau5_joint_refinement/AA/pool_3/conformer_294.pdb,1.442843463713521,3.1508435599900158,0.7602899821070938,2.0045434071649697
AA,outputs/Tau5_joint_refinement/AA/pool_3/conformer_295.pdb,1.3866958500183941,5.037828601812037,0.6222841167954164,1.771943446651551
AA,outputs/Tau5_joint_refinement/AA/pool_3/conformer_296.pdb,9.556885989165973,3.2565848494489464,8.637574828970829,1.6900631856489772
AA,outputs/Tau5_joint_refinement/AA/pool_3/conformer_297.pdb,2.4175859188492534,2.775879681810845,1.6735243561031554,2.0874271919418326
AA,outputs/Tau5_joint_refinement/AA/pool_3/conformer_298.pdb,9.186320015682574,2.6700411327244153,8.00667842394811,1.19754210847555
AA,outputs/Tau5_joint_refinement/AA/pool_3/conformer_299.pdb,6.6681522233109005,3.193093564394858,3.5044829715444212,1.7238504505248917
AA,outputs/Tau5_joint_refinement/AA/pool_3/conformer_300.pdb,1.5162277047075787,3.620990503646278,0.8190565391738989,1.3685111276535094
AA,outputs/Tau5_joint_refinement/AA/pool_3/conformer_301.pdb,5.766166432990756,3.929724360745523,4.68737937182066,1.8003426294243838
AA,outputs/Tau5_joint_refinement/AA/pool_3/conformer_302.pdb,5.991136584208098,3.9198000663493135,4.4861846088984665,2.222410489349983
AA,outputs/Tau5_joint_refinement/AA/pool_3/conformer_303.pdb,5.407042988349853,2.576926675311358,4.515444620170444,2.089763293837312
AA,outputs/Tau5_joint_refinement/AA/pool_3/conformer_304.pdb,3.0799115274477473,2.7306748994368744,2.294333414633314,1.302885194026617
AA,outputs/Tau5_joint_refinement/AA/pool_3/conformer_305.pdb,9.241182708518197,3.4330955028894437,8.243966733560848,2.3988815028813053
AA,outputs/Tau5_joint_refinement/AA/pool_3/conformer_306.pdb,5.177038429425945,3.5899842305670564,2.9268821203277766,1.9813710149218196
AA,outputs/Tau5_joint_refinement/AA/pool_3/conformer_307.pdb,3.2636437739427784,2.667916411453603,2.2739601155605453,2.27670042880882
AA,outputs/Tau5_joint_refinement/AA/pool_3/conformer_308.pdb,2.833891642388536,2.236522325570127,1.030684730227923,1.9071303400655981
AA,outputs/Tau5_joint_refinement/AA/pool_3/conformer_309.pdb,4.513085836479665,3.818456393404532,3.2887788173909733,1.351515825174956
AA,outputs/Tau5_joint_refinement/AA/pool_3/conformer_310.pdb,1.9540604309521157,2.872261341934285,0.9551935749693147,2.1332531798843304
AA,outputs/Tau5_joint_refinement/AA/pool_3/conformer_311.pdb,1.838089180030883,3.3566485003586126,1.1846659254615308,2.346281632350126
AA,outputs/Tau5_joint_refinement/AA/pool_3/conformer_312.pdb,3.172262475915547,3.7350337241291336,1.5890908625921834,2.0278444390633563
AA,outputs/Tau5_joint_refinement/AA/pool_3/conformer_313.pdb,1.6048884079222465,3.157733144273115,0.6268722001409913,1.430312084554255
AA,outputs/Tau5_joint_refinement/AA/pool_3/conformer_314.pdb,2.3191861460721825,3.7198349629578664,1.1379296137090338,1.5782583358937916
AA,outputs/Tau5_joint_refinement/AA/pool_3/conformer_315.pdb,9.04214117411507,2.58258587009034,8.143855462199642,1.8458008997275273
AA,outputs/Tau5_joint_refinement/AA/pool_3/conformer_316.pdb,2.7361595661997686,3.1693940649280883,1.7439274171830754,1.2183358656846315
AA,outputs/Tau5_joint_refinement/AA/pool_3/conformer_317.pdb,6.20690535066258,4.123275948226725,3.4883423068519095,1.8843583309666498
AA,outputs/Tau5_joint_refinement/AA/pool_3/conformer_318.pdb,1.8964285980145075,2.996620175330288,0.6992763822671053,2.591094773520781
AA,outputs/Tau5_joint_refinement/AA/pool_3/conformer_319.pdb,1.798567996282747,2.8038343123097373,0.8576988651571589,1.847722599305959
AA,outputs/Tau5_joint_refinement/AA/pool_3/conformer_320.pdb,3.9969411514700766,3.470228188665256,3.2827636323328515,1.6466993855036542
AA,outputs/Tau5_joint_refinement/AA/pool_3/conformer_321.pdb,3.6489237394121767,3.3558981102016285,2.7883609928465014,1.5464659754941166
AA,outputs/Tau5_joint_refinement/AA/pool_3/conformer_322.pdb,3.6428722317494633,4.996064336037974,1.0938485077286773,1.9657717099162395
AA,outputs/Tau5_joint_refinement/AA/pool_3/conformer_323.pdb,7.513855872714907,3.2369444231308937,6.742790724496888,2.138490357883086
AA,outputs/Tau5_joint_refinement/AA/pool_3/conformer_324.pdb,2.286744190007462,2.959648752216356,1.2542311764879808,1.3221664597554637
AA,outputs/Tau5_joint_refinement/AA/pool_3/conformer_325.pdb,2.020288994791914,2.8388640972586496,1.2285564961388264,1.8742325529076764
AA,outputs/Tau5_joint_refinement/AA/pool_3/conformer_326.pdb,1.6528631530182654,2.796564322266947,0.6333903902286533,1.8137073362452238
AA,outputs/Tau5_joint_refinement/AA/pool_3/conformer_327.pdb,2.0108613531748905,3.9546271848193855,1.3990800912468149,2.7006546866829915
AA,outputs/Tau5_joint_refinement/AA/pool_3/conformer_328.pdb,4.193245162036649,3.4065233595981983,3.2143649741261786,1.4136364641634356
AA,outputs/Tau5_joint_refinement/AA/pool_3/conformer_329.pdb,5.066506214672215,2.632585547821233,1.7207375160460636,1.4440403480617696
AA,outputs/Tau5_joint_refinement/AA/pool_3/conformer_330.pdb,2.5075223468220145,4.6982247842599785,1.08102690561679,2.0172928625694695
AA,outputs/Tau5_joint_refinement/AA/pool_3/conformer_331.pdb,3.484169690509021,3.837735344916159,2.3177396528770045,2.4582485451934657
AA,outputs/Tau5_joint_refinement/AA/pool_3/conformer_332.pdb,5.768453339514673,2.2518075765789125,4.685496519582617,1.8918565075980787
AA,outputs/Tau5_joint_refinement/AA/pool_3/conformer_333.pdb,8.396495708118296,3.0150446917295253,6.955898818273031,2.3137760825564904
AA,outputs/Tau5_joint_refinement/AA/pool_3/conformer_334.pdb,6.318280727820011,3.7417507058246,5.563838919342937,1.8564999293385198
AA,outputs/Tau5_joint_refinement/AA/pool_3/conformer_335.pdb,7.291136957649294,2.3376705729044907,5.711389764336161,2.245123462531388
AA,outputs/Tau5_joint_refinement/AA/pool_3/conformer_336.pdb,3.878777374292442,3.5123145859782685,2.765929739406588,2.0455493070368975
AA,outputs/Tau5_joint_refinement/AA/pool_3/conformer_337.pdb,4.94936118261584,2.842149795358969,3.948959885630627,1.9479501340212204
AA,outputs/Tau5_joint_refinement/AA/pool_3/conformer_338.pdb,2.9396763960784216,3.265207761589308,2.0337323880530045,1.7087648524894572
AA,outputs/Tau5_joint_refinement/AA/pool_3/conformer_339.pdb,2.9068439057509563,2.4108566784812773,2.24741446509179,1.7111302461004825
AA,outputs/Tau5_joint_refinement/AA/pool_3/conformer_340.pdb,1.2521668852375591,3.0514939390232834,0.5618803070082348,1.9327112600083691
AA,outputs/Tau5_joint_refinement/AA/pool_3/conformer_341.pdb,4.824255872704073,3.4195596404769963,3.2982353565238247,1.8253704850499053
AA,outputs/Tau5_joint_refinement/AA/pool_3/conformer_342.pdb,2.617571581984809,3.0290803468466754,1.4076301294997826,2.3849499221608244
AA,outputs/Tau5_joint_refinement/AA/pool_3/conformer_343.pdb,2.0759668155476243,4.565574615192819,0.9259778529375624,2.0386262914221938
AA,outputs/Tau5_joint_refinement/AA/pool_3/conformer_344.pdb,2.4294635752481684,2.6850254643094686,1.4836406073776882,2.3337590952834524
AA,outputs/Tau5_joint_refinement/AA/pool_3/conformer_345.pdb,1.5420692488305028,4.246235772920758,0.4967796191101478,2.6713443857605075
AA,outputs/Tau5_joint_refinement/AA/pool_3/conformer_346.pdb,3.677901724061645,2.6196781834733005,1.8105236388539958,1.4654416039743108
AA,outputs/Tau5_joint_refinement/AA/pool_3/conformer_347.pdb,5.916980692185329,2.5454671245030243,5.251402666011444,1.5470189518950055
AA,outputs/Tau5_joint_refinement/AA/pool_3/conformer_348.pdb,2.9200643972380345,3.692545738770262,2.0546210606540978,1.9545022799446088
AA,outputs/Tau5_joint_refinement/AA/pool_3/conformer_349.pdb,2.589922984212371,4.582905787981603,1.6810077675203892,2.1060490355846397
AA,outputs/Tau5_joint_refinement/AA/pool_3/conformer_350.pdb,3.22819766548836,2.446740268043581,2.312318490350192,1.5911000720996737
AA,outputs/Tau5_joint_refinement/AA/pool_3/conformer_351.pdb,2.8384199781070523,3.687833473570277,1.8814244760561074,2.576657765852463
AA,outputs/Tau5_joint_refinement/AA/pool_3/conformer_352.pdb,5.85059122394368,3.0426779657446135,2.8537053658374134,2.366559187130675
AA,outputs/Tau5_joint_refinement/AA/pool_3/conformer_353.pdb,4.632053248125821,2.4569853791426666,3.3161335889444308,1.5707146340483114
AA,outputs/Tau5_joint_refinement/AA/pool_3/conformer_354.pdb,2.1456722356730906,3.6891731691772187,1.4716030849229667,1.8264496733785378
AA,outputs/Tau5_joint_refinement/AA/pool_3/conformer_355.pdb,5.199807220296827,3.3819584186026947,4.110075941492889,2.0428302348908445
AA,outputs/Tau5_joint_refinement/AA/pool_3/conformer_356.pdb,6.689543209256702,4.301111379410817,5.560046580308029,2.20312575153555
AA,outputs/Tau5_joint_refinement/AA/pool_3/conformer_357.pdb,1.6029332915760943,2.4373385805461556,0.9139305000444807,1.6384900491170171
AA,outputs/Tau5_joint_refinement/AA/pool_3/conformer_358.pdb,6.854944758248148,4.170076846393158,1.909804428767481,1.9105706383227619
AA,outputs/Tau5_joint_refinement/AA/pool_3/conformer_359.pdb,4.394618873411114,2.635940373083464,3.6106639435911982,1.6281009006550078
AA,outputs/Tau5_joint_refinement/AA/pool_3/conformer_360.pdb,1.452149007117742,2.7152318212474205,0.5162708761538696,2.141228735227904
AA,outputs/Tau5_joint_refinement/AA/pool_3/conformer_361.pdb,4.768393139691561,3.3376526758964524,1.953015642477932,1.6171433268156186
AA,outputs/Tau5_joint_refinement/AA/pool_3/conformer_362.pdb,8.766752171301452,2.8226068965997793,5.2204236238148045,1.450284503440055
AA,outputs/Tau5_joint_refinement/AA/pool_3/conformer_363.pdb,3.395905522810152,3.5608038280725283,1.334706305072471,1.7589897656351092
AA,outputs/Tau5_joint_refinement/AA/pool_3/conformer_364.pdb,3.700577831624239,2.6650124379091396,2.7343440081876436,1.9443347839486655
AA,outputs/Tau5_joint_refinement/AA/pool_3/conformer_365.pdb,1.597024596756228,3.7693763287061715,0.9585881173755654,2.0659228016819906
AA,outputs/Tau5_joint_refinement/AA/pool_3/conformer_366.pdb,3.330346482823124,2.9259386397515192,2.107139860714324,1.8784182205509592
AA,outputs/Tau5_joint_refinement/AA/pool_3/conformer_367.pdb,1.515728491229293,3.2451752560773883,0.6638603577758745,2.532479465797798
AA,outputs/Tau5_joint_refinement/AA/pool_3/conformer_368.pdb,3.2443069506229363,3.746358162945549,2.4498393492053645,1.342974684169969
AA,outputs/Tau5_joint_refinement/AA/pool_3/conformer_369.pdb,2.3872810239088165,2.6618982568652174,0.7860047920072434,1.8496510842273175
AA,outputs/Tau5_joint_refinement/AA/pool_3/conformer_370.pdb,5.379187490556767,3.4326265020149536,3.9971571635865746,2.233334708168871
AA,outputs/Tau5_joint_refinement/AA/pool_3/conformer_371.pdb,2.26626726199214,3.3926363439106777,1.0281782336554701,2.0801291184467554
AA,outputs/Tau5_joint_refinement/AA/pool_3/conformer_372.pdb,5.390173941496095,2.63736045305916,2.4800867773854414,1.9387816208999766
AA,outputs/Tau5_joint_refinement/AA/pool_3/conformer_373.pdb,8.12426006267505,3.386078242765392,5.274049370039246,1.714984659235361
AA,outputs/Tau5_joint_refinement/AA/pool_3/conformer_374.pdb,3.8118056766771744,2.4315897321996753,3.2615841900280653,2.1760619775606
AA,outputs/Tau5_joint_refinement/AA/pool_3/conformer_375.pdb,1.5298335708009774,2.7009547248718624,0.7399556047324788,1.900420034044367
AA,outputs/Tau5_joint_refinement/AA/pool_3/conformer_376.pdb,11.128428422647112,2.7844148471477213,10.02697156781526,1.7029209814911572
AA,outputs/Tau5_joint_refinement/AA/pool_3/conformer_377.pdb,3.252635117453349,3.337686446096911,2.0620596794362758,1.3846276120955034
AA,outputs/Tau5_joint_refinement/AA/pool_3/conformer_378.pdb,5.923229400492079,2.8282449241019303,4.7812037837140835,2.0539516378146554
AA,outputs/Tau5_joint_refinement/AA/pool_3/conformer_379.pdb,5.601229026933344,2.66513356711814,4.867780046575084,1.3548930275287119
AA,outputs/Tau5_joint_refinement/AA/pool_3/conformer_380.pdb,9.178654893270004,4.199021222884947,8.524239699292513,1.7736696443044047
AA,outputs/Tau5_joint_refinement/AA/pool_3/conformer_381.pdb,2.2296244163435004,4.313268066378713,0.7676096461954481,2.077663996966808
AA,outputs/Tau5_joint_refinement/AA/pool_3/conformer_382.pdb,1.593761216477117,3.668665169079344,0.6428720930299626,1.6391603592584099
AA,outputs/Tau5_joint_refinement/AA/pool_3/conformer_383.pdb,2.3779032630239834,2.809620487412031,0.750291492399566,1.605865078449914
AA,outputs/Tau5_joint_refinement/AA/pool_3/conformer_384.pdb,7.006854217830799,2.6832677576850106,6.251096268140201,1.7674548435818
AA,outputs/Tau5_joint_refinement/AA/pool_3/conformer_385.pdb,10.56967049967062,2.7441859650432363,4.660086502519697,1.6158087537186292
AA,outputs/Tau5_joint_refinement/AA/pool_3/conformer_386.pdb,2.0328816513823296,3.199998533303158,0.90192660553161,1.8887988821344701
AA,outputs/Tau5_joint_refinement/AA/pool_3/conformer_387.pdb,8.519494072303985,3.02019968289511,5.834810450570343,1.4396634081422026
AA,outputs/Tau5_joint_refinement/AA/pool_3/conformer_388.pdb,6.3278909257167655,3.4205511850726755,4.711697121112521,2.4070406026388325
AA,outputs/Tau5_joint_refinement/AA/pool_3/conformer_389.pdb,3.2285949762819666,3.162219806279724,2.289830654523572,1.4500353543873385
AA,outputs/Tau5_joint_refinement/AA/pool_3/conformer_390.pdb,4.491759110610603,3.571113038809352,3.8217800221522276,2.0839792317642574
AA,outputs/Tau5_joint_refinement/AA/pool_3/conformer_391.pdb,10.298591620322485,4.478660492779901,7.531085611665186,2.1667547543520045
AA,outputs/Tau5_joint_refinement/AA/pool_3/conformer_392.pdb,1.5984543301066567,4.345919115159055,0.9265102566090397,1.8045953918247584
AA,outputs/Tau5_joint_refinement/AA/pool_3/conformer_393.pdb,5.8791872038924335,3.234430079963212,4.765683375852301,1.988446132147614
AA,outputs/Tau5_joint_refinement/AA/pool_3/conformer_394.pdb,2.851481021544681,2.156898402361691,1.547867277569822,1.5623942201724623
AA,outputs/Tau5_joint_refinement/AA/pool_3/conformer_395.pdb,8.515149177200193,4.288455166880383,4.953176786473137,3.0335430651314343
AA,outputs/Tau5_joint_refinement/AA/pool_3/conformer_396.pdb,6.049562891348315,2.6713038027217,4.073889126440856,1.941325059609113
AA,outputs/Tau5_joint_refinement/AA/pool_3/conformer_397.pdb,4.743168281255344,2.824307020897019,3.9838093403002395,1.6126971090907436
AA,outputs/Tau5_joint_refinement/AA/pool_3/conformer_398.pdb,4.37757295172769,4.5976201627202835,3.6365154574400536,2.3341531740559267
AA,outputs/Tau5_joint_refinement/AA/pool_3/conformer_399.pdb,3.7275671560734662,3.185076606479623,1.8384645625947416,2.659164841815989
AA,outputs/Tau5_joint_refinement/AA/pool_3/conformer_400.pdb,3.2670456706769673,3.915046230224154,2.473552699441213,2.19872833349464
AA,outputs/Tau5_joint_refinement/AA/pool_3/conformer_401.pdb,1.9558732559217373,2.955372689024037,0.863743293108827,1.411375378432564
AA,outputs/Tau5_joint_refinement/AA/pool_3/conformer_402.pdb,3.777097769262517,2.7212195357698645,2.561065524635983,2.021121199796435
AA,outputs/Tau5_joint_refinement/AA/pool_3/conformer_403.pdb,8.942567302866768,3.4003302537010613,5.691983956630163,2.1763648644049973
AA,outputs/Tau5_joint_refinement/AA/pool_3/conformer_404.pdb,5.033573283340295,2.4563735137545755,3.691300143355048,1.8831062654762458
AA,outputs/Tau5_joint_refinement/AA/pool_3/conformer_405.pdb,10.625867138806013,2.533355187555132,9.894158980744201,1.8092457523768357
AA,outputs/Tau5_joint_refinement/AA/pool_3/conformer_406.pdb,6.211461172008932,3.48729129442169,4.337845751783257,1.3468335832450247
AA,outputs/Tau5_joint_refinement/AA/pool_3/conformer_407.pdb,5.533272274486087,2.8825553357502955,4.6031744358643385,1.772063690473991
AA,outputs/Tau5_joint_refinement/AA/pool_3/conformer_408.pdb,4.114591513061194,3.548459086721364,3.2394586973897197,1.7158453140890582
AA,outputs/Tau5_joint_refinement/AA/pool_3/conformer_409.pdb,1.212075969407546,2.641998762740742,0.5058533906449131,1.52108413932925
AA,outputs/Tau5_joint_refinement/AA/pool_3/conformer_410.pdb,1.969260693992275,2.864264079827535,1.1246721356878489,1.738400158880219
AA,outputs/Tau5_joint_refinement/AA/pool_3/conformer_411.pdb,7.289612318739063,3.333962182228818,6.297216105944639,1.662444486004437
AA,outputs/Tau5_joint_refinement/AA/pool_3/conformer_412.pdb,3.122563186871007,4.454378468386003,1.196868496215108,2.1018259421163883
AA,outputs/Tau5_joint_refinement/AA/pool_3/conformer_413.pdb,5.817522808856177,3.6633632589680407,5.007610848989633,1.3215954358327782
AA,outputs/Tau5_joint_refinement/AA/pool_3/conformer_414.pdb,9.446116746757099,2.3909625703828006,6.875536646253408,1.617515677334286
AA,outputs/Tau5_joint_refinement/AA/pool_3/conformer_415.pdb,4.450878120658671,3.725719067075807,2.707585419108309,1.9485192425057494
AA,outputs/Tau5_joint_refinement/AA/pool_3/conformer_416.pdb,4.041727524311053,4.632154599909849,2.988153015282915,2.494834044474835
AA,outputs/Tau5_joint_refinement/AA/pool_3/conformer_417.pdb,6.04571283764054,2.877634963699333,4.689008698298648,1.5522008713549533
AA,outputs/Tau5_joint_refinement/AA/pool_3/conformer_418.pdb,3.4798715660384363,2.2817207697473694,2.710730938431726,1.6116371351690788
AA,outputs/Tau5_joint_refinement/AA/pool_3/conformer_419.pdb,7.14778317913525,3.1372697413018527,5.022184227567493,1.9547073887656825
AA,outputs/Tau5_joint_refinement/AA/pool_3/conformer_420.pdb,1.188169378484113,3.1523796510100244,0.6224391620357385,2.377487398507211
AA,outputs/Tau5_joint_refinement/AA/pool_3/conformer_421.pdb,2.443637540452995,4.307876759146326,1.038103193998824,1.9379695668469288
AA,outputs/Tau5_joint_refinement/AA/pool_3/conformer_422.pdb,3.466347676894917,2.6744104828991704,2.2726505015936,1.8179809293517375
AA,outputs/Tau5_joint_refinement/AA/pool_3/conformer_423.pdb,1.7286607396716502,3.1540880105386426,0.8817594286420147,1.6545132593611287
AA,outputs/Tau5_joint_refinement/AA/pool_3/conformer_424.pdb,1.7760270040940875,3.0157376674262193,0.6618240442660892,1.4248445373463967
AA,outputs/Tau5_joint_refinement/AA/pool_3/conformer_425.pdb,3.3700305668776056,3.175689934578849,2.678085819323569,2.043895138669368
AA,outputs/Tau5_joint_refinement/AA/pool_3/conformer_426.pdb,7.741405618654357,3.1321234672794493,3.091766237171414,2.287829987905977
AA,outputs/Tau5_joint_refinement/AA/pool_3/conformer_427.pdb,4.168192465704494,3.1051389819579733,3.20215330191718,1.9923835076461003
AA,outputs/Tau5_joint_refinement/AA/pool_3/conformer_428.pdb,1.8464195914743124,3.2963324746575466,1.2095296535088336,1.8537157317676318
AA,outputs/Tau5_joint_refinement/AA/pool_3/conformer_429.pdb,7.314881158785441,3.918881041059248,4.4749376717503475,2.373629158874993
AA,outputs/Tau5_joint_refinement/AA/pool_3/conformer_430.pdb,3.0377914540010296,4.2266775442980755,2.0281214127197886,2.0777528276665334
AA,outputs/Tau5_joint_refinement/AA/pool_3/conformer_431.pdb,7.119358198196607,3.389518113613378,6.442360938640372,2.300702585005811
AA,outputs/Tau5_joint_refinement/AA/pool_3/conformer_432.pdb,1.4236580819367188,3.105973029691697,0.7339835801175009,1.5805196520218583
AA,outputs/Tau5_joint_refinement/AA/pool_3/conformer_433.pdb,1.8556657459374846,2.3399794497822994,0.9324126728762732,1.7114110871654886
AA,outputs/Tau5_joint_refinement/AA/pool_3/conformer_434.pdb,3.6179498949229414,3.7602645837001765,2.758230684288268,2.182986400233979
AA,outputs/Tau5_joint_refinement/AA/pool_3/conformer_435.pdb,6.404047469906125,3.9422105099588305,5.626039562768825,1.9363015910324892
AA,outputs/Tau5_joint_refinement/AA/pool_3/conformer_436.pdb,3.8606335026304515,3.3751929084195815,3.2144658116127354,1.6840102247700584
AA,outputs/Tau5_joint_refinement/AA/pool_3/conformer_437.pdb,5.289430977147731,3.3940872227802688,0.9090802098573916,1.9763063729503154
AA,outputs/Tau5_joint_refinement/AA/pool_3/conformer_438.pdb,7.137283579111727,3.435262550564225,2.477341965919443,1.6079787553755671
AA,outputs/Tau5_joint_refinement/AA/pool_3/conformer_439.pdb,7.130146589240073,3.450656207718062,6.4565218174027645,1.5850186608679864
AA,outputs/Tau5_joint_refinement/AA/pool_3/conformer_440.pdb,1.6503480285989185,2.81770509808699,0.6020819405014898,1.6506257242723028
AA,outputs/Tau5_joint_refinement/AA/pool_3/conformer_441.pdb,4.147551178293684,3.7100720214545513,3.359605486294036,1.6500749330261952
AA,outputs/Tau5_joint_refinement/AA/pool_3/conformer_442.pdb,1.665118399508638,4.326521237977555,0.6742101704735144,2.674656886499173
AA,outputs/Tau5_joint_refinement/AA/pool_3/conformer_443.pdb,7.365033132081695,3.2904730147918873,5.348149080068405,2.0503337508012556
AA,outputs/Tau5_joint_refinement/AA/pool_3/conformer_444.pdb,4.198713265950305,2.313117628533242,2.939917969124164,1.1541252159208006
AA,outputs/Tau5_joint_refinement/AA/pool_3/conformer_445.pdb,8.442582521670678,4.779028046519952,6.704959286347849,1.7740511065607478
AA,outputs/Tau5_joint_refinement/AA/pool_3/conformer_446.pdb,6.295863373533376,2.1699721252990787,3.9938646724672107,1.6807160435728241
AA,outputs/Tau5_joint_refinement/AA/pool_3/conformer_447.pdb,4.012639721667642,3.7136449172932773,2.6920273832576687,1.838302435588521
AA,outputs/Tau5_joint_refinement/AA/pool_3/conformer_448.pdb,1.9563610585743292,3.073857040605477,1.1206584215794955,2.1876607311984655
AA,outputs/Tau5_joint_refinement/AA/pool_3/conformer_449.pdb,4.55293042974814,2.689172481811061,1.1475476531348285,1.9678874041351946
AA,outputs/Tau5_joint_refinement/AA/pool_3/conformer_450.pdb,9.29278355047882,3.650292254449844,8.319489789528973,2.0557031936088555
AA,outputs/Tau5_joint_refinement/AA/pool_3/conformer_451.pdb,1.8006089896520392,2.7039467862095172,0.8470637453905653,1.9450813003393577
AA,outputs/Tau5_joint_refinement/AA/pool_3/conformer_452.pdb,7.811397113882078,2.0162909909350124,7.042978827875353,1.5937027113082445
AA,outputs/Tau5_joint_refinement/AA/pool_3/conformer_453.pdb,6.697731766228308,3.5204257152079235,3.684189001971619,1.82703202243193
AA,outputs/Tau5_joint_refinement/AA/pool_3/conformer_454.pdb,6.00649230797371,2.8345333063477036,5.303104873305925,1.3505682728633819
AA,outputs/Tau5_joint_refinement/AA/pool_3/conformer_455.pdb,1.4022753232502383,3.532179688178274,0.5680827649037204,1.63947499745497
AA,outputs/Tau5_joint_refinement/AA/pool_3/conformer_456.pdb,1.516959111494573,3.5268735471918955,0.6502034367612275,2.1280625927399925
AA,outputs/Tau5_joint_refinement/AA/pool_3/conformer_457.pdb,2.47145288556451,2.5129638535035235,1.8345145673817993,2.276956169169043
AA,outputs/Tau5_joint_refinement/AA/pool_3/conformer_458.pdb,6.642299365914967,3.8977055045210394,5.708680458074742,1.9145149074208345
AA,outputs/Tau5_joint_refinement/AA/pool_3/conformer_459.pdb,3.7640996871366283,3.753118415534052,1.421199556210526,1.7140455227286029
AA,outputs/Tau5_joint_refinement/AA/pool_3/conformer_460.pdb,7.424728176855679,3.4843144316961965,6.675924893271818,1.7092229304200564
AA,outputs/Tau5_joint_refinement/AA/pool_3/conformer_461.pdb,3.780520260853211,4.451125777942618,2.8449878684640315,1.7132275672431814
AA,outputs/Tau5_joint_refinement/AA/pool_3/conformer_462.pdb,4.481023286195826,4.300468594189281,3.8685724095785643,1.7243673775896506
AA,outputs/Tau5_joint_refinement/AA/pool_3/conformer_463.pdb,2.943118361588153,3.435612831886867,2.079857340731044,2.145538702842577
AA,outputs/Tau5_joint_refinement/AA/pool_3/conformer_464.pdb,4.688542955971193,3.6322417605533417,3.89490414495209,2.1202522787012894
AA,outputs/Tau5_joint_refinement/AA/pool_3/conformer_465.pdb,4.5727061887878,3.115278600486417,3.9174177346104986,1.257355686020106
AA,outputs/Tau5_joint_refinement/AA/pool_3/conformer_466.pdb,4.070078009159994,2.6530318626145286,3.2246695193083674,1.9637055536440864
AA,outputs/Tau5_joint_refinement/AA/pool_3/conformer_467.pdb,6.984398347717522,3.584834136496939,6.232486653133812,2.343709746905354
AA,outputs/Tau5_joint_refinement/AA/pool_3/conformer_468.pdb,2.6304901486525383,2.398881039230988,0.8000308122224576,1.3787996135563398
AA,outputs/Tau5_joint_refinement/AA/pool_3/conformer_469.pdb,9.021919655433534,3.4968139738068866,5.884221096735114,1.6785420911446516
AA,outputs/Tau5_joint_refinement/AA/pool_3/conformer_470.pdb,1.9571766146822482,3.0192660339823854,1.0287872950897328,2.2452909958210716
AA,outputs/Tau5_joint_refinement/AA/pool_3/conformer_471.pdb,7.688856588414364,3.085565086798774,6.694573596528372,1.9927853491900296
AA,outputs/Tau5_joint_refinement/AA/pool_3/conformer_472.pdb,4.475873008511274,2.6142506543468205,3.067026657619326,2.175445966756276
AA,outputs/Tau5_joint_refinement/AA/pool_3/conformer_473.pdb,1.1710235678514873,4.140711470282513,0.49305703195425465,2.147358872792776
AA,outputs/Tau5_joint_refinement/AA/pool_3/conformer_474.pdb,1.6058471257341078,3.7294799491735438,0.8695223095343471,2.173016549001717
AA,outputs/Tau5_joint_refinement/AA/pool_3/conformer_475.pdb,7.442675626588847,4.227819132550624,6.6843181281729,1.8870695946428446
AA,outputs/Tau5_joint_refinement/AA/pool_3/conformer_476.pdb,9.534103878245404,4.05437576185218,7.733758408126002,2.0752000709092266
AA,outputs/Tau5_joint_refinement/AA/pool_3/conformer_477.pdb,5.493662609695029,3.90164799176641,4.29540381390542,2.396081895340909
AA,outputs/Tau5_joint_refinement/AA/pool_3/conformer_478.pdb,5.487092973462196,3.5919241009324967,4.634137104595353,1.9962476822049278
AA,outputs/Tau5_joint_refinement/AA/pool_3/conformer_479.pdb,1.8470691625849431,3.129708509479047,0.578796870923372,1.7984338761058545
AA,outputs/Tau5_joint_refinement/AA/pool_3/conformer_480.pdb,5.150869872739741,3.7264044147089694,4.275443756352852,1.735009417109471
AA,outputs/Tau5_joint_refinement/AA/pool_3/conformer_481.pdb,8.164691654576611,4.190232191788919,7.343062375575667,1.9950827304418728
AA,outputs/Tau5_joint_refinement/AA/pool_3/conformer_482.pdb,8.125339985037991,3.6127140579651127,7.142190717155197,1.8341832457106524
AA,outputs/Tau5_joint_refinement/AA/pool_3/conformer_483.pdb,2.9562757034736595,3.084825912040842,1.958996390636976,2.420228677711487
AA,outputs/Tau5_joint_refinement/AA/pool_3/conformer_484.pdb,3.608260579436756,3.8553359354002072,2.4035982699000256,1.5505218600732629
AA,outputs/Tau5_joint_refinement/AA/pool_3/conformer_485.pdb,7.6293530657948825,3.480287802347893,6.875308806905299,2.376713497689373
AA,outputs/Tau5_joint_refinement/AA/pool_3/conformer_486.pdb,3.3264331373940315,4.669185490035605,2.7012742380356354,1.8666632009816968
AA,outputs/Tau5_joint_refinement/AA/pool_3/conformer_487.pdb,1.8640552543905389,3.5789321413417676,1.121503199522558,1.755750578622586
AA,outputs/Tau5_joint_refinement/AA/pool_3/conformer_488.pdb,5.808073494123436,3.6389391131873476,4.228941322743051,2.0947762772832386
AA,outputs/Tau5_joint_refinement/AA/pool_3/conformer_489.pdb,9.97700688714377,3.0083971836671646,8.468991005385135,1.898969085836746
AA,outputs/Tau5_joint_refinement/AA/pool_3/conformer_490.pdb,3.554415826648342,2.527017342551266,2.787361017536333,1.648982249187227
AA,outputs/Tau5_joint_refinement/AA/pool_3/conformer_491.pdb,2.172385427672155,2.2280154545011204,1.5208191324141624,1.5407674695550782
AA,outputs/Tau5_joint_refinement/AA/pool_3/conformer_492.pdb,5.859594342055614,3.5069059050898654,4.945750126381778,1.667264386956679
AA,outputs/Tau5_joint_refinement/AA/pool_3/conformer_493.pdb,7.115054028916161,3.466345943523117,6.364107353740178,1.962306646600721
AA,outputs/Tau5_joint_refinement/AA/pool_3/conformer_494.pdb,8.31150033203025,4.532170655054617,7.485316112899611,2.0741260713106833
AA,outputs/Tau5_joint_refinement/AA/pool_3/conformer_495.pdb,5.704663980805402,3.485657749371184,4.383065383630539,2.0723290687940037
AA,outputs/Tau5_joint_refinement/AA/pool_3/conformer_496.pdb,2.3034926675374456,2.5037190898305552,1.5776930602530157,1.611932300001939
AA,outputs/Tau5_joint_refinement/AA/pool_3/conformer_497.pdb,6.802661806804134,2.357755446638786,5.5449611966530785,1.8494609860503124
AA,outputs/Tau5_joint_refinement/AA/pool_3/conformer_498.pdb,5.339226260124782,4.3466891397200715,4.160809394685878,2.366332481602138
AA,outputs/Tau5_joint_refinement/AA/pool_3/conformer_499.pdb,6.782144663103102,4.201096652544444,6.072730411119005,2.4897290242577617
AA,outputs/Tau5_joint_refinement/AA/pool_3/conformer_500.pdb,1.6943010451095273,4.409382103466835,0.4612067147228852,1.85466922700195
AA,outputs/Tau5_joint_refinement/AA/pool_3/conformer_501.pdb,4.118607724817939,4.122903248984904,2.767721467921977,1.9037034462655527
AA,outputs/Tau5_joint_refinement/AA/pool_3/conformer_502.pdb,3.6920794189949864,4.144019459948594,2.5892923629841844,2.004896014491074
AA,outputs/Tau5_joint_refinement/AA/pool_3/conformer_503.pdb,1.4141389421884734,3.941731794531892,0.5763366406997658,1.6944282507440802
AA,outputs/Tau5_joint_refinement/AA/pool_3/conformer_504.pdb,2.657017046615121,4.53846769593901,1.878019580801565,2.4440443071630833
AA,outputs/Tau5_joint_refinement/AA/pool_3/conformer_505.pdb,3.6733950327276315,3.6371317105453937,3.013587266915936,1.6876089969107424
AA,outputs/Tau5_joint_refinement/AA/pool_3/conformer_506.pdb,1.9880868510483976,3.2722915132172457,1.3072059498645827,2.4002051625651375
AA,outputs/Tau5_joint_refinement/AA/pool_3/conformer_507.pdb,7.389911018503458,2.3243462459577566,6.263446688282113,1.7287973449937382
AA,outputs/Tau5_joint_refinement/AA/pool_3/conformer_508.pdb,1.6228797248956695,4.424744067468135,0.800001461757941,2.2248713257435973
AA,outputs/Tau5_joint_refinement/AA/pool_3/conformer_509.pdb,1.8053561058655743,2.5577292411910513,0.7718976011431042,2.0841769561539487
AA,outputs/Tau5_joint_refinement/AA/pool_3/conformer_510.pdb,3.506209901968711,4.258849133706048,1.3462839665214166,1.755646337846478
AA,outputs/Tau5_joint_refinement/AA/pool_3/conformer_511.pdb,3.333682057591554,3.367533676030369,0.9864079513306824,1.4406719794478102
AA,outputs/Tau5_joint_refinement/AA/pool_3/conformer_512.pdb,2.8189062651146077,3.2141581460207043,1.8647419575559079,1.842568438553247
AA,outputs/Tau5_joint_refinement/AA/pool_3/conformer_513.pdb,11.430334676923477,4.038261996465033,8.537917475769214,1.9632208466407821
AA,outputs/Tau5_joint_refinement/AA/pool_3/conformer_514.pdb,4.698866961849412,2.692257147117297,3.378181062666139,1.6566785609307102
AA,outputs/Tau5_joint_refinement/AA/pool_3/conformer_515.pdb,2.027530910114603,3.287881188520833,1.201500191705389,3.0992896261452407
AA,outputs/Tau5_joint_refinement/AA/pool_3/conformer_516.pdb,6.18894153598949,2.3972061712191652,5.512395257211893,2.4694384464638364
AA,outputs/Tau5_joint_refinement/AA/pool_3/conformer_517.pdb,2.380174563841853,2.5693933316434348,1.6550572947120479,1.744385827581946
AA,outputs/Tau5_joint_refinement/AA/pool_3/conformer_518.pdb,3.803862882050566,2.743293376085956,2.3951360803012283,1.6626647408882862
AA,outputs/Tau5_joint_refinement/AA/pool_3/conformer_519.pdb,5.317461378961366,2.7406641206271622,3.5540001102681784,1.8224786094511198
AA,outputs/Tau5_joint_refinement/AA/pool_3/conformer_520.pdb,3.815201328622211,3.547885543573513,2.6033486002382475,1.706586622098184
AA,outputs/Tau5_joint_refinement/AA/pool_3/conformer_521.pdb,3.1022530467995075,3.0100400779247436,2.3883177425868105,2.09097158936202
AA,outputs/Tau5_joint_refinement/AA/pool_3/conformer_522.pdb,3.811068400163592,4.692799067771133,2.677971560742696,1.9340586866465188
AA,outputs/Tau5_joint_refinement/AA/pool_3/conformer_523.pdb,4.317828225524892,2.3674545479688964,3.414330642045006,2.010534507088411
AA,outputs/Tau5_joint_refinement/AA/pool_3/conformer_524.pdb,8.282143023367425,2.5876162784692993,7.399062611127407,1.630570816211453
AA,outputs/Tau5_joint_refinement/AA/pool_3/conformer_525.pdb,2.5600092132598222,2.530641993557004,1.2105600072087526,1.5022297272926874
AA,outputs/Tau5_joint_refinement/AA/pool_3/conformer_526.pdb,2.210260189228522,3.158669330171924,1.4575757975406525,1.746441235531428
AA,outputs/Tau5_joint_refinement/AA/pool_3/conformer_527.pdb,5.955771447239533,2.794864979190383,5.218561638496093,2.322214771273106
AA,outputs/Tau5_joint_refinement/AA/pool_3/conformer_528.pdb,3.469804825030936,3.233515382626138,0.9675725844719071,1.7125972421910702
AA,outputs/Tau5_joint_refinement/AA/pool_3/conformer_529.pdb,2.7290156121702,2.5719387406742893,2.012715562049058,1.8474527107324987
AA,outputs/Tau5_joint_refinement/AA/pool_3/conformer_530.pdb,5.884281388477269,2.5697988718595113,3.6847788805292314,1.628827778151181
AA,outputs/Tau5_joint_refinement/AA/pool_3/conformer_531.pdb,10.00930271716738,3.3247563218012894,6.739985404988015,2.279649833939297
AA,outputs/Tau5_joint_refinement/AA/pool_3/conformer_532.pdb,4.957717870327328,2.1598077328620144,3.924535140013316,1.6624417612152307
AA,outputs/Tau5_joint_refinement/AA/pool_3/conformer_533.pdb,3.564999577303137,2.67696396883295,1.6718604013107232,2.06783778838324
AA,outputs/Tau5_joint_refinement/AA/pool_3/conformer_534.pdb,7.341274154504786,2.908254524455037,6.508691400567298,2.1095464919215323
AA,outputs/Tau5_joint_refinement/AA/pool_3/conformer_535.pdb,3.039124652952658,2.2120647754005884,2.2692526022592427,1.6492184333232327
AA,outputs/Tau5_joint_refinement/AA/pool_3/conformer_536.pdb,1.455490103726463,3.9390158570564755,0.5916700862042796,1.571892694792277
AA,outputs/Tau5_joint_refinement/AA/pool_3/conformer_537.pdb,1.4902136057094777,3.214723315162165,0.6982016890815327,2.1550628720623104
AA,outputs/Tau5_joint_refinement/AA/pool_3/conformer_538.pdb,2.0036068468856563,2.761994759922291,0.921934428905712,2.118325623075797
AA,outputs/Tau5_joint_refinement/AA/pool_3/conformer_539.pdb,1.5870489204653184,3.5239043435607993,0.6933332726020363,1.5879351904247092
AA,outputs/Tau5_joint_refinement/AA/pool_3/conformer_540.pdb,2.2527716450628996,3.356135937584757,1.4411823598007998,1.7340896691282053
AA,outputs/Tau5_joint_refinement/AA/pool_3/conformer_541.pdb,1.389394957684585,2.53289490903881,0.5507873747220368,1.6756213862535154
AA,outputs/Tau5_joint_refinement/AA/pool_3/conformer_542.pdb,4.068512931887062,3.1000867885373613,3.290260615185873,1.8079745374429619
AA,outputs/Tau5_joint_refinement/AA/pool_3/conformer_543.pdb,2.064551793613109,3.807021321664802,1.0383022872016945,1.6150055935438532
AA,outputs/Tau5_joint_refinement/AA/pool_3/conformer_544.pdb,2.382514450031374,2.9382223901166227,0.8534682991634682,1.3959392195248976
AA,outputs/Tau5_joint_refinement/AA/pool_3/conformer_545.pdb,1.7859261913695175,2.7772375939395193,0.889190322861987,1.583040604833917
AA,outputs/Tau5_joint_refinement/AA/pool_3/conformer_546.pdb,4.293017403310153,2.7953232831704318,3.590633901279982,1.7943631507758524
AA,outputs/Tau5_joint_refinement/AA/pool_3/conformer_547.pdb,10.76741027167982,3.1554734886817872,9.738604170251673,2.5592979762387666
AA,outputs/Tau5_joint_refinement/AA/pool_3/conformer_548.pdb,1.6079552583427215,2.7743695102664017,0.680413350473003,1.6891642717560187
AA,outputs/Tau5_joint_refinement/AA/pool_3/conformer_549.pdb,1.837447633596754,3.3957114889459796,0.774994380903362,1.328689340184539
AA,outputs/Tau5_joint_refinement/AA/pool_3/conformer_550.pdb,2.2003513563564563,3.628423092526157,1.2703653655681266,1.5775601259392442
AA,outputs/Tau5_joint_refinement/AA/pool_3/conformer_551.pdb,7.406640723813254,4.065421793805144,6.435413398434034,2.19906244765061
AA,outputs/Tau5_joint_refinement/AA/pool_3/conformer_552.pdb,1.4110233812452786,3.9210443871647223,0.7607342750330109,1.6927526223290235
AA,outputs/Tau5_joint_refinement/AA/pool_3/conformer_553.pdb,5.929526308530588,3.4999508158740604,5.176721161697956,2.701667937142333
AA,outputs/Tau5_joint_refinement/AA/pool_3/conformer_554.pdb,3.2812686806454465,3.9361171255469025,0.5708711532835108,1.8785580677442786
AA,outputs/Tau5_joint_refinement/AA/pool_3/conformer_555.pdb,5.854583515478126,2.380036364417861,5.007330616664428,2.2712562494024353
AA,outputs/Tau5_joint_refinement/AA/pool_3/conformer_556.pdb,1.3303462425963892,3.8697029142980837,0.6401992429270973,2.759297257955634
AA,outputs/Tau5_joint_refinement/AA/pool_3/conformer_557.pdb,1.5339771501231738,3.2813560547242804,0.9167535375079743,1.5897333179740514
AA,outputs/Tau5_joint_refinement/AA/pool_3/conformer_558.pdb,1.1759781508399152,4.489387828616488,0.4791090674003086,1.979369276251044
AA,outputs/Tau5_joint_refinement/AA/pool_3/conformer_559.pdb,9.964637212101774,4.30185173330383,9.084312160039518,2.1435043030633913
AA,outputs/Tau5_joint_refinement/AA/pool_3/conformer_560.pdb,6.1171404728786865,2.6132909915826072,4.560824550042001,1.4962812438759205
AA,outputs/Tau5_joint_refinement/AA/pool_3/conformer_561.pdb,6.639143040974368,3.7350451491721173,5.870604978675713,1.4099495235957953
AA,outputs/Tau5_joint_refinement/AA/pool_3/conformer_562.pdb,6.516373862541186,3.4448393127150476,5.49871759399876,1.7074998609451044
AA,outputs/Tau5_joint_refinement/AA/pool_3/conformer_563.pdb,1.8940330039718727,3.4287292370767224,1.0635866321335241,2.003295894552778
AA,outputs/Tau5_joint_refinement/AA/pool_3/conformer_564.pdb,4.350702781778613,3.476198175994202,3.477479157467565,1.8470795098465993
AA,outputs/Tau5_joint_refinement/AA/pool_3/conformer_565.pdb,3.2267951592929225,4.346975808788652,0.49730371845535215,1.7676816459184512
AA,outputs/Tau5_joint_refinement/AA/pool_3/conformer_566.pdb,2.4788799406403905,2.8332248262687196,1.623005851605004,1.8114033532978369
AA,outputs/Tau5_joint_refinement/AA/pool_3/conformer_567.pdb,6.266255722192971,3.8554086600622037,5.6026674502552165,1.963767167069574
AA,outputs/Tau5_joint_refinement/AA/pool_3/conformer_568.pdb,3.9798835465161644,2.7954341589657408,2.2635421414949946,2.5644029096266805
AA,outputs/Tau5_joint_refinement/AA/pool_3/conformer_569.pdb,1.1959152679912441,2.142455949035832,0.589812648027817,1.5303678944727752
AA,outputs/Tau5_joint_refinement/AA/pool_3/conformer_570.pdb,1.271925600607816,3.425474962466073,0.5555017374762589,1.8824323064459458
AA,outputs/Tau5_joint_refinement/AA/pool_3/conformer_571.pdb,8.63310793195436,4.615911197213515,7.903426726686056,1.4610800156003119
AA,outputs/Tau5_joint_refinement/AA/pool_3/conformer_572.pdb,2.9073443040361115,4.3856739160999,1.990567835304446,1.3492757515017313
AA,outputs/Tau5_joint_refinement/AA/pool_3/conformer_573.pdb,7.896438576956456,3.9358230430187837,7.091969096730941,1.7062752574885454
AA,outputs/Tau5_joint_refinement/AA/pool_3/conformer_574.pdb,1.9395167863951885,2.3803232729905153,0.5531896175047982,2.13381213403341
AA,outputs/Tau5_joint_refinement/AA/pool_3/conformer_575.pdb,8.326551630338173,2.396280546618754,7.1423838480865625,2.0217977176607933
AA,outputs/Tau5_joint_refinement/AA/pool_3/conformer_576.pdb,2.8467357399879933,3.264070696103746,0.5656486244648712,1.5129230033373886
AA,outputs/Tau5_joint_refinement/AA/pool_3/conformer_577.pdb,3.815887351146108,3.4291969675990144,3.177934422930411,2.159858132615693
AA,outputs/Tau5_joint_refinement/AA/pool_3/conformer_578.pdb,4.640650943600175,3.946328354543098,3.829753163602923,2.1390084359195383
AA,outputs/Tau5_joint_refinement/AA/pool_3/conformer_579.pdb,3.0626457447175817,3.1228427617738284,2.2051406684815693,1.8300583349388995
AA,outputs/Tau5_joint_refinement/AA/pool_3/conformer_580.pdb,3.790124386542335,3.302708877101135,1.0120154284151428,2.0575069453164696
AA,outputs/Tau5_joint_refinement/AA/pool_3/conformer_581.pdb,1.749010323005112,2.4127834221090314,0.7820071256196439,1.9682092071732442
AA,outputs/Tau5_joint_refinement/AA/pool_3/conformer_582.pdb,9.268057190686278,2.164730180066393,6.8509409632464,1.6161870865874535
AA,outputs/Tau5_joint_refinement/AA/pool_3/conformer_583.pdb,2.994192556963715,2.857316752773337,0.9785132045215867,2.232010986582532
AA,outputs/Tau5_joint_refinement/AA/pool_3/conformer_584.pdb,6.337917896431358,2.8562221760243363,5.281419302926561,1.4271198455150886
AA,outputs/Tau5_joint_refinement/AA/pool_3/conformer_585.pdb,5.9338236724715365,3.543026410237185,3.8807068149150643,1.4183619440919664
AA,outputs/Tau5_joint_refinement/AA/pool_3/conformer_586.pdb,10.388501426381119,2.938471927293211,7.203985805165785,2.743368086612072
AA,outputs/Tau5_joint_refinement/AA/pool_3/conformer_587.pdb,5.207921785681334,3.098792737335044,4.14651213601472,2.171190737514116
AA,outputs/Tau5_joint_refinement/AA/pool_3/conformer_588.pdb,7.450529985049992,2.758863116430138,5.848062340114874,2.2826238736832103
AA,outputs/Tau5_joint_refinement/AA/pool_3/conformer_589.pdb,1.4145672123188573,3.216186399061848,0.7330128316325983,1.9536888864720405
AA,outputs/Tau5_joint_refinement/AA/pool_3/conformer_590.pdb,3.9476296990077175,3.592460936448776,0.6451927407490881,1.9178728239515883
AA,outputs/Tau5_joint_refinement/AA/pool_3/conformer_591.pdb,2.210918203442661,3.7733655836437427,1.0243310603071576,2.5534192204781054
AA,outputs/Tau5_joint_refinement/AA/pool_3/conformer_592.pdb,1.6277682432108929,2.138465339350181,0.9484540852486205,1.3845206741006495
AA,outputs/Tau5_joint_refinement/AA/pool_3/conformer_593.pdb,9.132399379652105,3.474300727793412,6.791878150545958,2.392013101558881
AA,outputs/Tau5_joint_refinement/AA/pool_3/conformer_594.pdb,5.045998124060789,2.9519290009579375,2.3379183018642538,1.5951039840212804
AA,outputs/Tau5_joint_refinement/AA/pool_3/conformer_595.pdb,1.9025009371669446,2.737721275899575,0.7101823648298957,2.2843729464115956
AA,outputs/Tau5_joint_refinement/AA/pool_3/conformer_596.pdb,5.502491135612564,3.61895554141642,4.749198167302938,2.424388893015288
AA,outputs/Tau5_joint_refinement/AA/pool_3/conformer_597.pdb,1.6891102495109178,3.503033819745671,0.7233701543949456,2.1563412165459215
AA,outputs/Tau5_joint_refinement/AA/pool_3/conformer_598.pdb,1.720954356644965,3.3175560879122674,0.6152498364765546,1.839183139923247
AA,outputs/Tau5_joint_refinement/AA/pool_3/conformer_599.pdb,4.448069975860341,4.2041988138449655,2.3926626919301937,2.0201881519003235
AA,outputs/Tau5_joint_refinement/AA/pool_3/conformer_600.pdb,3.43496714565007,2.9737998860878037,1.9919640951162172,1.4042076737768348
AA,outputs/Tau5_joint_refinement/AA/pool_3/conformer_601.pdb,5.538227212146562,2.141333713748215,4.027389012223734,2.104489286901465
AA,outputs/Tau5_joint_refinement/AA/pool_3/conformer_602.pdb,3.7768741279869085,2.089020604442526,2.444712638449626,1.4705155378202106
AA,outputs/Tau5_joint_refinement/AA/pool_3/conformer_603.pdb,8.206627886516294,2.4309602843872327,7.576205739648579,1.8029428231953821
AA,outputs/Tau5_joint_refinement/AA/pool_3/conformer_604.pdb,2.2082788754308202,2.044689550694541,1.2250756278819983,1.7015237212153165
AA,outputs/Tau5_joint_refinement/AA/pool_3/conformer_605.pdb,6.854655766423565,3.8323604323958174,5.902658134357998,1.706188271473476
AA,outputs/Tau5_joint_refinement/AA/pool_3/conformer_606.pdb,1.308393232083527,3.3171943894681166,0.5078891529568836,1.5567339220883203
AA,outputs/Tau5_joint_refinement/AA/pool_3/conformer_607.pdb,3.4498257710338316,3.116310662408065,2.7778336897580362,2.167316961876275
AA,outputs/Tau5_joint_refinement/AA/pool_3/conformer_608.pdb,10.005241830300736,3.499199786475692,8.435722096473388,1.3238989009727333
AA,outputs/Tau5_joint_refinement/AA/pool_3/conformer_609.pdb,7.6191957685698535,2.7159393033574086,4.69414383750754,1.3368723553596553
AA,outputs/Tau5_joint_refinement/AA/pool_3/conformer_610.pdb,5.7301309876687405,3.0445365261623656,4.356366051610361,2.0243114292618873
AA,outputs/Tau5_joint_refinement/AA/pool_3/conformer_611.pdb,2.5179113632715273,3.8539476622749897,1.8574985904174863,1.7986524890905078
AA,outputs/Tau5_joint_refinement/AA/pool_3/conformer_612.pdb,4.925525596116805,3.0196212717320243,4.071391469317639,1.4858125116643215
AA,outputs/Tau5_joint_refinement/AA/pool_3/conformer_613.pdb,6.2761111952625175,3.7720802445695956,4.382859377030651,1.588910140484489
AA,outputs/Tau5_joint_refinement/AA/pool_3/conformer_614.pdb,2.587900194554662,2.9998736739908685,1.6176873948601904,1.6256738818789007
AA,outputs/Tau5_joint_refinement/AA/pool_3/conformer_615.pdb,4.6100653689368105,3.4830651259302527,3.6759560967399634,1.4924342398385086
AA,outputs/Tau5_joint_refinement/AA/pool_3/conformer_616.pdb,7.7852449961179016,3.1645104931316435,7.120048266742576,1.5642073285430322
AA,outputs/Tau5_joint_refinement/AA/pool_3/conformer_617.pdb,1.3159800045724392,3.6451921949250305,0.427494843381611,1.3587695307933938
AA,outputs/Tau5_joint_refinement/AA/pool_3/conformer_618.pdb,5.755958142676063,4.047643287524698,4.798228980071713,1.4056530226560326
AA,outputs/Tau5_joint_refinement/AA/pool_3/conformer_619.pdb,9.938873328737763,3.635698232413071,6.221418323139764,2.0243120254978617
AA,outputs/Tau5_joint_refinement/AA/pool_3/conformer_620.pdb,5.083124930296013,2.194542481471239,4.383673749646101,1.8207578332498149
AA,outputs/Tau5_joint_refinement/AA/pool_3/conformer_621.pdb,8.460179054747481,3.1416741051260306,4.228536273688551,2.0899828372783316
AA,outputs/Tau5_joint_refinement/AA/pool_3/conformer_622.pdb,5.044062853174974,4.746972775715052,2.467339878842924,2.41247139640572
AA,outputs/Tau5_joint_refinement/AA/pool_3/conformer_623.pdb,6.132528674584507,2.5784876382336237,5.209184446749817,1.727200239433232
AA,outputs/Tau5_joint_refinement/AA/pool_3/conformer_624.pdb,2.090318742152941,2.8244208516573948,0.9419854884190192,2.166360828001975
AA,outputs/Tau5_joint_refinement/AA/pool_3/conformer_625.pdb,8.990087394584231,2.393758008011844,8.401960782354738,1.516830514228104
AA,outputs/Tau5_joint_refinement/AA/pool_3/conformer_626.pdb,7.438574376094719,2.429828527510709,5.624513109467031,1.1789245511221318
AA,outputs/Tau5_joint_refinement/AA/pool_3/conformer_627.pdb,4.805754143548049,2.9938185416758216,4.016236247803211,1.6843823672958036
AA,outputs/Tau5_joint_refinement/AA/pool_3/conformer_628.pdb,6.324765257000653,5.610787492304321,5.669804067382565,1.8373386765379691
AA,outputs/Tau5_joint_refinement/AA/pool_3/conformer_629.pdb,5.563421598666871,3.2700937432789208,4.997861167942299,2.109183603411186
AA,outputs/Tau5_joint_refinement/AA/pool_3/conformer_630.pdb,9.826833252308196,2.183858380849102,9.024352892681334,1.783012057620804
AA,outputs/Tau5_joint_refinement/AA/pool_3/conformer_631.pdb,1.370727344112873,4.042841576234709,0.7875966485956297,2.230472633906515
AA,outputs/Tau5_joint_refinement/AA/pool_3/conformer_632.pdb,3.8154002156379554,3.561534287041697,0.7501350957644494,1.9000907178858042
AA,outputs/Tau5_joint_refinement/AA/pool_3/conformer_633.pdb,1.9749122329260447,2.553011843754217,0.9562483331615913,1.766172631155316
AA,outputs/Tau5_joint_refinement/AA/pool_3/conformer_634.pdb,3.0423390058023534,2.3228570165725393,2.1010091686709513,1.6603789544014906
AA,outputs/Tau5_joint_refinement/AA/pool_3/conformer_635.pdb,7.938755396675496,2.988874929682758,7.251428648965785,2.2923032315002927
AA,outputs/Tau5_joint_refinement/AA/pool_3/conformer_636.pdb,1.806790799100735,3.2130431865315265,0.5472844413315481,2.8007905826800648
AA,outputs/Tau5_joint_refinement/AA/pool_3/conformer_637.pdb,6.6081296717537645,2.618846244747442,5.507361887057707,1.8183212866819674
AA,outputs/Tau5_joint_refinement/AA/pool_3/conformer_638.pdb,2.1947323542354993,3.1719891609153685,1.2494015655230204,2.3832101990047594
AA,outputs/Tau5_joint_refinement/AA/pool_3/conformer_639.pdb,3.6813823239280032,4.04880903984551,0.42775910996988026,2.0953287786185286
AA,outputs/Tau5_joint_refinement/AA/pool_3/conformer_640.pdb,2.9017947259136414,2.7573698703064142,2.3115384133422414,2.1356676803361214
AA,outputs/Tau5_joint_refinement/AA/pool_3/conformer_641.pdb,2.16191884882096,3.143568717971728,1.5618064849822488,1.5915035987199402
AA,outputs/Tau5_joint_refinement/AA/pool_3/conformer_642.pdb,2.559152989872882,2.6767469146021154,1.124582537037496,1.5467605169045964
AA,outputs/Tau5_joint_refinement/AA/pool_3/conformer_643.pdb,2.664004759648868,2.1416281981053897,0.7064066225779866,1.5729901574882301
AA,outputs/Tau5_joint_refinement/AA/pool_3/conformer_644.pdb,2.8579420238646454,3.393179495386153,2.0873814877195285,1.7199785951991493
AA,outputs/Tau5_joint_refinement/AA/pool_3/conformer_645.pdb,2.354595680918051,4.109473696544482,1.2096723312111624,1.9741687088868467
AA,outputs/Tau5_joint_refinement/AA/pool_3/conformer_646.pdb,5.3755259997757125,3.863956222047014,4.344366313566469,1.8908582444562545
AA,outputs/Tau5_joint_refinement/AA/pool_3/conformer_647.pdb,1.2653998530860828,4.049487180750912,0.6388193330791818,2.210958739285017
AA,outputs/Tau5_joint_refinement/AA/pool_3/conformer_648.pdb,5.717366740917573,2.612285145164388,5.08167200327645,1.532203985953797
AA,outputs/Tau5_joint_refinement/AA/pool_3/conformer_649.pdb,1.8844130698954449,4.011196543531393,1.2139578407549998,1.8565709678243492
AA,outputs/Tau5_joint_refinement/AA/pool_3/conformer_650.pdb,5.631688001591739,2.6165771357630403,4.429671638824543,1.68997784986541
AA,outputs/Tau5_joint_refinement/AA/pool_3/conformer_651.pdb,3.860101027948413,3.7486960945950183,3.027072378299454,2.0396068196304493
AA,outputs/Tau5_joint_refinement/AA/pool_3/conformer_652.pdb,7.749300107916461,3.1668700908687253,7.00981797947324,1.4428289445739513
AA,outputs/Tau5_joint_refinement/AA/pool_3/conformer_653.pdb,3.362506518922446,2.354440562947993,0.9310064922229989,1.5183300420761352
AA,outputs/Tau5_joint_refinement/AA/pool_3/conformer_654.pdb,11.679837066463412,3.2343482435415023,8.818836731826096,1.4978482127060675
AA,outputs/Tau5_joint_refinement/AA/pool_3/conformer_655.pdb,12.78627257719046,3.3810418261078894,11.601304177669363,1.9839058972786525
AA,outputs/Tau5_joint_refinement/AA/pool_3/conformer_656.pdb,8.735238480030134,2.9529973277329455,7.818934722544644,1.4376550060915791
AA,outputs/Tau5_joint_refinement/AA/pool_3/conformer_657.pdb,8.885124177587347,4.2010656794505055,7.879384429532162,2.1758281913561976
AA,outputs/Tau5_joint_refinement/AA/pool_3/conformer_658.pdb,4.146148469095649,1.9278566122755199,3.460476104561136,1.733512808531783
AA,outputs/Tau5_joint_refinement/AA/pool_3/conformer_659.pdb,2.5784551349734977,3.2324968242970136,1.5852733390074492,1.8409947412851058
AA,outputs/Tau5_joint_refinement/AA/pool_3/conformer_660.pdb,4.566615795984894,2.005594095629598,2.8836658337478993,1.346033140496804
AA,outputs/Tau5_joint_refinement/AA/pool_3/conformer_661.pdb,6.343896895954828,4.370083277529668,5.81889834346459,1.9750229733987414
AA,outputs/Tau5_joint_refinement/AA/pool_3/conformer_662.pdb,7.024870798729846,3.3258799655668616,6.153953047715763,1.4579191691348554
AA,outputs/Tau5_joint_refinement/AA/pool_3/conformer_663.pdb,1.698622389943094,2.7256928146902704,0.8043388282123339,2.1617817370371535
AA,outputs/Tau5_joint_refinement/AA/pool_3/conformer_664.pdb,3.351806430195271,2.4131407496339183,1.1365244419582596,2.039975152436274
AA,outputs/Tau5_joint_refinement/AA/pool_3/conformer_665.pdb,1.0569197195347073,2.511780128562405,0.4148144776621921,2.0624395670026954
AA,outputs/Tau5_joint_refinement/AA/pool_3/conformer_666.pdb,8.998407475562958,2.8757395371961376,5.465759521972356,1.6101617817739098
AA,outputs/Tau5_joint_refinement/AA/pool_3/conformer_667.pdb,2.19428213623281,2.5297814249240926,1.3814305521551482,1.9273848499760216
AA,outputs/Tau5_joint_refinement/AA/pool_3/conformer_668.pdb,3.3291386601211728,3.1750830582949368,2.349837728902383,1.6476772401554873
AA,outputs/Tau5_joint_refinement/AA/pool_3/conformer_669.pdb,1.572310521021822,2.8253797217499272,0.6829740102298174,1.8711122159288616
AA,outputs/Tau5_joint_refinement/AA/pool_3/conformer_670.pdb,1.5012184142159593,2.928332606604325,0.5649613412558363,2.0083193100999037
AA,outputs/Tau5_joint_refinement/AA/pool_3/conformer_671.pdb,10.001884721522806,2.429976232783432,9.054074518148884,1.8150900889991757
AA,outputs/Tau5_joint_refinement/AA/pool_3/conformer_672.pdb,2.0679536581535314,3.1238143686326327,1.4949200340524151,2.018200184268619
AA,outputs/Tau5_joint_refinement/AA/pool_3/conformer_673.pdb,9.542468388868393,3.628628719167239,8.067440893698981,2.73939840112207
AA,outputs/Tau5_joint_refinement/AA/pool_3/conformer_674.pdb,3.1146827322310973,2.575043436191228,2.2030734807653025,1.2588630330078505
AA,outputs/Tau5_joint_refinement/AA/pool_3/conformer_675.pdb,1.6127033568965312,4.002648536871659,0.9503479368638951,1.6149194841133736
AA,outputs/Tau5_joint_refinement/AA/pool_3/conformer_676.pdb,1.562295222104399,5.154654714531957,0.8956351870272441,2.149351098957822
AA,outputs/Tau5_joint_refinement/AA/pool_3/conformer_677.pdb,3.6175571328095875,4.201405487972481,2.9163602376526874,2.2785146407633268
AA,outputs/Tau5_joint_refinement/AA/pool_3/conformer_678.pdb,6.136978219361368,3.156659416560884,4.6085878704847625,2.1461579143927976
AA,outputs/Tau5_joint_refinement/AA/pool_3/conformer_679.pdb,6.881704301782873,3.414219070682969,6.012949715802603,1.8841482037842305
AA,outputs/Tau5_joint_refinement/AA/pool_3/conformer_680.pdb,2.1932257436724676,1.9319647414058614,1.048618576232756,1.7203206075843724
AA,outputs/Tau5_joint_refinement/AA/pool_3/conformer_681.pdb,1.544064511275928,3.052931373547898,0.7459706177603638,1.4502717792325661
AA,outputs/Tau5_joint_refinement/AA/pool_3/conformer_682.pdb,1.8045863334250383,2.6529919178170855,0.8483379816367733,1.61894686539292
AA,outputs/Tau5_joint_refinement/AA/pool_3/conformer_683.pdb,2.427864628411527,3.2538468279090447,1.6358467153871679,1.8998908400083687
AA,outputs/Tau5_joint_refinement/AA/pool_3/conformer_684.pdb,2.357744662316818,3.075467711960315,1.4462766587148195,1.2452774569250682
AA,outputs/Tau5_joint_refinement/AA/pool_3/conformer_685.pdb,7.326182399551616,3.0977240747000674,0.6415013888003142,1.4389292862792076
AA,outputs/Tau5_joint_refinement/AA/pool_3/conformer_686.pdb,4.863937255839537,3.154488472225705,4.28049245787075,1.8328480318319298
AA,outputs/Tau5_joint_refinement/AA/pool_3/conformer_687.pdb,1.701197085946858,1.9841516798802272,0.544536719912606,1.6177005535797706
AA,outputs/Tau5_joint_refinement/AA/pool_3/conformer_688.pdb,3.49527147481012,3.2831322250878685,2.945269365522254,1.6973967400562837
AA,outputs/Tau5_joint_refinement/AA/pool_3/conformer_689.pdb,1.5065411760431267,3.231119110476448,0.7202148203745687,2.723480819782042
AA,outputs/Tau5_joint_refinement/AA/pool_3/conformer_690.pdb,1.5375960033568903,3.9497640872994975,0.6970747432722832,2.5886180869410356
AA,outputs/Tau5_joint_refinement/AA/pool_3/conformer_691.pdb,6.126499081492523,2.5471878563719264,5.504612152200557,1.874679299862828
AA,outputs/Tau5_joint_refinement/AA/pool_3/conformer_692.pdb,8.65712241832417,2.1890274149725464,7.761990132477307,1.631649011644433
AA,outputs/Tau5_joint_refinement/AA/pool_3/conformer_693.pdb,5.609912995019413,3.2029532014973223,4.836139214289567,1.3168404044967554
AA,outputs/Tau5_joint_refinement/AA/pool_3/conformer_694.pdb,2.1126441380354186,2.9523825155741688,1.3332872605310202,1.923632224771629
AA,outputs/Tau5_joint_refinement/AA/pool_3/conformer_695.pdb,2.625460507527826,2.216629548150218,1.7521284993008042,1.9455730309957882
AA,outputs/Tau5_joint_refinement/AA/pool_3/conformer_696.pdb,5.836172307957677,2.7978058030587407,5.079040172276807,1.9057299658534819
AA,outputs/Tau5_joint_refinement/AA/pool_3/conformer_697.pdb,4.750147434906902,3.0795940444844847,1.0643746377769603,1.7777302782293187
AA,outputs/Tau5_joint_refinement/AA/pool_3/conformer_698.pdb,6.492049124153702,3.5149985225540203,4.224398615845889,1.5006241442434385
AA,outputs/Tau5_joint_refinement/AA/pool_3/conformer_699.pdb,1.5259058452078365,3.5493659171085676,0.6442394404569175,1.6222454400131612
AA,outputs/Tau5_joint_refinement/AA/pool_3/conformer_700.pdb,1.9672324760035784,2.965255328917614,0.7488118174926741,1.4900789732508255
AA,outputs/Tau5_joint_refinement/AA/pool_3/conformer_701.pdb,4.412959772162188,3.004196084462415,3.772351092941077,2.008935316251376
AA,outputs/Tau5_joint_refinement/AA/pool_3/conformer_702.pdb,4.151909396972358,2.482051540164854,1.4748376385618438,1.8075721606084667
AA,outputs/Tau5_joint_refinement/AA/pool_3/conformer_703.pdb,2.9847387366002756,4.233754051859672,1.7829462414081754,1.8018769818656941
AA,outputs/Tau5_joint_refinement/AA/pool_3/conformer_704.pdb,7.4015055686213005,2.9174971444267426,6.6373558944305024,2.07457420044925
AA,outputs/Tau5_joint_refinement/AA/pool_3/conformer_705.pdb,3.440376885957467,3.217738339149185,2.0308364970317845,2.107084566910915
AA,outputs/Tau5_joint_refinement/AA/pool_3/conformer_706.pdb,1.6061752844863963,3.3728065715943862,0.714173323811661,1.8635824210306584
AA,outputs/Tau5_joint_refinement/AA/pool_3/conformer_707.pdb,3.503224573009652,2.9959318492475946,1.741347145427321,2.4741284008901396
AA,outputs/Tau5_joint_refinement/AA/pool_3/conformer_708.pdb,5.492420406333779,3.690529104971584,4.777769428713384,2.303674562258704
AA,outputs/Tau5_joint_refinement/AA/pool_3/conformer_709.pdb,2.147132937775006,3.5597985787480932,1.1927677069569484,2.049095618348389
AA,outputs/Tau5_joint_refinement/AA/pool_3/conformer_710.pdb,7.0178389061846715,3.5832720001194827,6.262024915249517,1.225639030509822
AA,outputs/Tau5_joint_refinement/AA/pool_3/conformer_711.pdb,2.314712914037302,2.948491763449907,1.4933027681892523,1.2599853531274334
AA,outputs/Tau5_joint_refinement/AA/pool_3/conformer_712.pdb,4.340225199072269,2.608847546023542,3.5322641098910763,1.7864251839874776
AA,outputs/Tau5_joint_refinement/AA/pool_3/conformer_713.pdb,4.790622683710396,3.1041799116082083,1.1646267928702054,1.9723142443112702
AA,outputs/Tau5_joint_refinement/AA/pool_3/conformer_714.pdb,6.6953524873510615,3.138042413119603,4.812261193295758,1.9878288995622708
AA,outputs/Tau5_joint_refinement/AA/pool_3/conformer_715.pdb,4.327828837238321,5.411489301974331,2.72805130006312,2.279777133275866
AA,outputs/Tau5_joint_refinement/AA/pool_3/conformer_716.pdb,4.489816547966001,1.9186301267453456,3.4778803988149,1.318075187214973
AA,outputs/Tau5_joint_refinement/AA/pool_3/conformer_717.pdb,1.7397447904669798,4.262932984875993,0.9370433673739831,1.2252054772146115
AA,outputs/Tau5_joint_refinement/AA/pool_3/conformer_718.pdb,9.110156375003724,2.729859536048487,8.34784882907414,1.4404026637386356
AA,outputs/Tau5_joint_refinement/AA/pool_3/conformer_719.pdb,7.855291590045242,4.07552809246936,6.940545262173279,1.7586745264209678
AA,outputs/Tau5_joint_refinement/AA/pool_3/conformer_720.pdb,5.6659889765507,3.4883304698960016,4.886844385285395,2.487257209138226
AA,outputs/Tau5_joint_refinement/AA/pool_3/conformer_721.pdb,2.4957372674205773,4.609782772762394,1.5701422196569463,1.9883348324965944
AA,outputs/Tau5_joint_refinement/AA/pool_3/conformer_722.pdb,2.8628022764602643,3.240449192754978,1.2586196642794982,2.0239866121889625
AA,outputs/Tau5_joint_refinement/AA/pool_3/conformer_723.pdb,2.471976213930729,2.838076369734584,0.9054909382051299,1.3989859425373408
AA,outputs/Tau5_joint_refinement/AA/pool_3/conformer_724.pdb,1.1909303184452324,3.0059198547966006,0.45210862300156685,2.0484786129430175
AA,outputs/Tau5_joint_refinement/AA/pool_3/conformer_725.pdb,3.5245835113615667,2.861329346803539,2.873640997385958,1.557012067033443
AA,outputs/Tau5_joint_refinement/AA/pool_3/conformer_726.pdb,3.595523955854529,2.768932961496756,1.9633027895882504,1.6645459440777808
AA,outputs/Tau5_joint_refinement/AA/pool_3/conformer_727.pdb,1.5884095970337682,2.262391078585792,1.0004675810933492,1.4944077132170805
AA,outputs/Tau5_joint_refinement/AA/pool_3/conformer_728.pdb,1.9451069625508781,4.080577735759191,1.0414695795424997,2.970472437432564
AA,outputs/Tau5_joint_refinement/AA/pool_3/conformer_729.pdb,3.0620766957421814,3.7881317187241743,1.2599020722936378,1.8095527940157912
AA,outputs/Tau5_joint_refinement/AA/pool_3/conformer_730.pdb,9.168237938933052,4.104114919572422,8.571855076210069,1.4079479890316404
AA,outputs/Tau5_joint_refinement/AA/pool_3/conformer_731.pdb,5.85771819163455,3.2711012326949156,4.477042539058354,1.396004748747935
AA,outputs/Tau5_joint_refinement/AA/pool_3/conformer_732.pdb,1.9143374477500295,2.378643372275641,1.197249217035178,1.8864065952084113
AA,outputs/Tau5_joint_refinement/AA/pool_3/conformer_733.pdb,6.1407527171646255,2.6259735919396796,4.981976336840335,1.501288884575177
AA,outputs/Tau5_joint_refinement/AA/pool_3/conformer_734.pdb,1.455990759395003,2.821157244152113,0.4707905018643822,2.173147279456206
AA,outputs/Tau5_joint_refinement/AA/pool_3/conformer_735.pdb,6.0842092662500225,2.4106540776132097,5.308831421455812,1.5218220357617294
AA,outputs/Tau5_joint_refinement/AA/pool_3/conformer_736.pdb,1.7435516672504938,3.950246050464241,0.6782870815044449,1.631525289605347
AA,outputs/Tau5_joint_refinement/AA/pool_3/conformer_737.pdb,2.897300179619475,3.738332367040576,1.161449741804362,1.5370336505762738
AA,outputs/Tau5_joint_refinement/AA/pool_3/conformer_738.pdb,1.5340914340083727,4.548105441653395,0.8174597541134836,2.234525471541721
AA,outputs/Tau5_joint_refinement/AA/pool_3/conformer_739.pdb,4.173530649494279,4.149716358611737,2.2605406165059763,1.690106393084705
AA,outputs/Tau5_joint_refinement/AA/pool_3/conformer_740.pdb,3.7862049258853725,3.3510377982398145,2.889250261088729,2.404923547602928
AA,outputs/Tau5_joint_refinement/AA/pool_3/conformer_741.pdb,6.6808551031080485,3.895949179425111,5.8146191822131135,2.0418160631802684
AA,outputs/Tau5_joint_refinement/AA/pool_3/conformer_742.pdb,3.654802116911319,2.604821365993208,0.5544371941412352,1.8541086330138756
AA,outputs/Tau5_joint_refinement/AA/pool_3/conformer_743.pdb,1.2628482832021393,3.2078004336381816,0.6971155991385454,1.6775479499537809
AA,outputs/Tau5_joint_refinement/AA/pool_3/conformer_744.pdb,5.49019776484271,3.024094821995294,2.9191286557406046,2.262180037481595
AA,outputs/Tau5_joint_refinement/AA/pool_3/conformer_745.pdb,5.814481506794622,2.951578797597379,5.088116621118147,1.9734607068197754
AA,outputs/Tau5_joint_refinement/AA/pool_3/conformer_746.pdb,4.317364044825398,2.6708761054176535,3.1924441503361356,1.5881071632384287
AA,outputs/Tau5_joint_refinement/AA/pool_3/conformer_747.pdb,5.340620048665515,3.1969807715724796,2.53808630149258,2.019219290966082
AA,outputs/Tau5_joint_refinement/AA/pool_3/conformer_748.pdb,2.693452567062518,2.400920574880978,1.6233981899791334,2.116006234593219
AA,outputs/Tau5_joint_refinement/AA/pool_3/conformer_749.pdb,9.278825397562903,3.0675491808082036,7.213462883656691,1.492699433132934
AA,outputs/Tau5_joint_refinement/AA/pool_3/conformer_750.pdb,2.181361424480499,4.086346175854602,1.54088239685996,2.29545568168884
AA,outputs/Tau5_joint_refinement/AA/pool_3/conformer_751.pdb,8.55468859069287,2.7108551650481174,7.612902830935706,2.307420718890865
AA,outputs/Tau5_joint_refinement/AA/pool_3/conformer_752.pdb,1.1993991500545613,3.366928970827042,0.609092706548647,2.1365493662648207
AA,outputs/Tau5_joint_refinement/AA/pool_3/conformer_753.pdb,2.8861546130701115,2.511458709738946,0.6206878140516834,1.62722303059373
AA,outputs/Tau5_joint_refinement/AA/pool_3/conformer_754.pdb,8.16933944276858,2.931720731033843,4.9856525673854195,1.551878741829758
AA,outputs/Tau5_joint_refinement/AA/pool_3/conformer_755.pdb,2.0289325214437532,5.103019175761024,1.2438570058452083,2.119733697913526
AA,outputs/Tau5_joint_refinement/AA/pool_3/conformer_756.pdb,3.316963779925482,3.4057121123304457,2.5690671606708455,1.9388172131115868
AA,outputs/Tau5_joint_refinement/AA/pool_3/conformer_757.pdb,2.3537471485424533,3.441702445592273,1.4061999027140712,2.07938248344899
AA,outputs/Tau5_joint_refinement/AA/pool_3/conformer_758.pdb,4.162551296066777,3.1296403951691167,3.604089987605359,1.5893370282426291
AA,outputs/Tau5_joint_refinement/AA/pool_3/conformer_759.pdb,3.888306220635467,2.7955377605593514,1.4103705684328236,1.9695827075276864
AA,outputs/Tau5_joint_refinement/AA/pool_3/conformer_760.pdb,1.3327501028951174,3.6112345540262343,0.7231533352451941,1.8341962228278896
AA,outputs/Tau5_joint_refinement/AA/pool_3/conformer_761.pdb,5.598954144958679,3.7333869401381032,4.778943766556025,1.5571822897929357
AA,outputs/Tau5_joint_refinement/AA/pool_3/conformer_762.pdb,3.251832209786629,2.5690465244866787,1.3308759998300153,1.4678667874531082
AA,outputs/Tau5_joint_refinement/AA/pool_3/conformer_763.pdb,5.051246171484877,3.0725686845665745,3.8390983772005645,1.9905322316768417
AA,outputs/Tau5_joint_refinement/AA/pool_3/conformer_764.pdb,5.617932002101518,4.081846353349436,4.8211492392434225,2.2606547053978914
AA,outputs/Tau5_joint_refinement/AA/pool_3/conformer_765.pdb,4.146439125701708,3.2699270421267728,2.630914518972497,2.439330249692144
AA,outputs/Tau5_joint_refinement/AA/pool_3/conformer_766.pdb,2.2345238682632678,2.323379680831204,0.5973588461749716,1.8723900516539083
AA,outputs/Tau5_joint_refinement/AA/pool_3/conformer_767.pdb,5.759585368297706,4.309930253561004,5.1169018914846145,1.7256546729259963
AA,outputs/Tau5_joint_refinement/AA/pool_3/conformer_768.pdb,8.134124458003368,3.094976953788388,5.800544892777372,1.2947905794281533
AA,outputs/Tau5_joint_refinement/AA/pool_3/conformer_769.pdb,4.172527353762689,4.399066184237681,3.1583694408539995,2.4257398791649476
AA,outputs/Tau5_joint_refinement/AA/pool_3/conformer_770.pdb,6.50303264767442,3.18322505388785,5.870385977379941,1.4966547652074316
AA,outputs/Tau5_joint_refinement/AA/pool_3/conformer_771.pdb,3.2412892667412474,2.418392748613822,1.758141142131506,2.061740051193601
AA,outputs/Tau5_joint_refinement/AA/pool_3/conformer_772.pdb,7.534949875143955,3.398527672357015,6.338042104697718,2.068334855332155
AA,outputs/Tau5_joint_refinement/AA/pool_3/conformer_773.pdb,1.7481972393848157,3.822301194260668,0.49733770292622137,1.3636426663741945
AA,outputs/Tau5_joint_refinement/AA/pool_3/conformer_774.pdb,3.1402639216222212,3.0280857646386017,1.2483989716377373,1.6578390066376198
AA,outputs/Tau5_joint_refinement/AA/pool_3/conformer_775.pdb,1.2544191560054758,2.8707020952979283,0.5710238562011819,1.559147352675976
AA,outputs/Tau5_joint_refinement/AA/pool_3/conformer_776.pdb,5.146028260315211,3.0874975772957205,3.8665857834680257,1.7225568765490527
AA,outputs/Tau5_joint_refinement/AA/pool_3/conformer_777.pdb,2.054793629282415,3.6498439631467465,0.9145185520100705,1.4895367647888136
AA,outputs/Tau5_joint_refinement/AA/pool_3/conformer_778.pdb,4.003126941498048,3.889746063701224,3.196395536023037,1.598430605913076
AA,outputs/Tau5_joint_refinement/AA/pool_3/conformer_779.pdb,11.023652744904384,3.12128024098942,8.542844771924987,1.674422673230635
AA,outputs/Tau5_joint_refinement/AA/pool_3/conformer_780.pdb,3.11973575542791,3.4798554915668833,1.7196412231814695,1.5204454334052933
AA,outputs/Tau5_joint_refinement/AA/pool_3/conformer_781.pdb,4.624609603505402,3.4959994361661884,3.9663940818858197,1.742620287797259
AA,outputs/Tau5_joint_refinement/AA/pool_3/conformer_782.pdb,2.0371412192532583,2.7709194305296583,1.3662793659948773,1.7402540549211896
AA,outputs/Tau5_joint_refinement/AA/pool_3/conformer_783.pdb,7.926153618937761,3.753650916601988,6.829193873497682,2.0363842292823255
AA,outputs/Tau5_joint_refinement/AA/pool_3/conformer_784.pdb,6.912520139861746,2.54746687962482,6.149851425393196,1.4476559799191904
AA,outputs/Tau5_joint_refinement/AA/pool_3/conformer_785.pdb,12.581968763547625,3.2270970265214114,9.773598258901531,1.9839942409979767
AA,outputs/Tau5_joint_refinement/AA/pool_3/conformer_786.pdb,1.746206943577382,3.3345599553028027,0.6746545659224524,1.7609555852981804
AA,outputs/Tau5_joint_refinement/AA/pool_3/conformer_787.pdb,3.4691900423907613,2.8050861691355746,2.5100707941271194,1.7782872742880353
AA,outputs/Tau5_joint_refinement/AA/pool_3/conformer_788.pdb,2.99540212494469,4.523687843890326,1.9901436139491575,2.143605932100506
AA,outputs/Tau5_joint_refinement/AA/pool_3/conformer_789.pdb,2.8729541804096566,2.4614914186513923,1.470540423646205,1.8001357032932395
AA,outputs/Tau5_joint_refinement/AA/pool_3/conformer_790.pdb,6.12372737357497,3.3459792631637044,3.480291858219422,1.8846735997468922
AA,outputs/Tau5_joint_refinement/AA/pool_3/conformer_791.pdb,5.522798053451699,4.409468712246078,4.520295956306177,1.6296519944720511
AA,outputs/Tau5_joint_refinement/AA/pool_3/conformer_792.pdb,4.5664900539888915,1.9134568727048407,3.563966271320894,1.7398404611162246
AA,outputs/Tau5_joint_refinement/AA/pool_3/conformer_793.pdb,3.1232714122687097,3.6981597476979085,2.1286979344327013,2.0500870073458195
AA,outputs/Tau5_joint_refinement/AA/pool_3/conformer_794.pdb,6.863022197135773,3.147670054243606,4.088440762968774,1.6418328588568918
AA,outputs/Tau5_joint_refinement/AA/pool_3/conformer_795.pdb,2.0955407959513144,3.100716694490431,1.2035496929940122,1.741320514923991
AA,outputs/Tau5_joint_refinement/AA/pool_3/conformer_796.pdb,2.2901869624153135,3.0006613037373158,1.0999443147616037,2.5578226730495963
AA,outputs/Tau5_joint_refinement/AA/pool_3/conformer_797.pdb,8.68435811544244,3.681525825405518,7.195791464720798,1.4083634165763148
AA,outputs/Tau5_joint_refinement/AA/pool_3/conformer_798.pdb,1.6618792237595976,2.61951821078973,1.0150547648305226,1.3129706273259365
AA,outputs/Tau5_joint_refinement/AA/pool_3/conformer_799.pdb,5.430224108399322,4.006750104722065,4.73776416813767,2.3508446038859945
AA,outputs/Tau5_joint_refinement/AA/pool_3/conformer_800.pdb,1.356334557987738,3.352327568008097,0.6329260475131141,1.5793283008751386
AA,outputs/Tau5_joint_refinement/AA/pool_3/conformer_801.pdb,7.082472043565022,2.8004413036492517,4.496220966298692,1.7474611159535913
AA,outputs/Tau5_joint_refinement/AA/pool_3/conformer_802.pdb,2.592358976666605,3.2056088622052146,1.8290898817994818,2.114132995976822
AA,outputs/Tau5_joint_refinement/AA/pool_3/conformer_803.pdb,1.580477289815073,3.2523281847756556,0.5398134064337613,2.176395101745056
AA,outputs/Tau5_joint_refinement/AA/pool_3/conformer_804.pdb,2.2232687039995596,4.084434236985635,1.5043138146938926,1.7920754467443551
AA,outputs/Tau5_joint_refinement/AA/pool_3/conformer_805.pdb,1.7777108398735013,4.436216970028881,1.1767632294706478,1.4305746934778556
AA,outputs/Tau5_joint_refinement/AA/pool_3/conformer_806.pdb,2.1979966186091335,3.277174258762651,1.2152935027352842,1.840403560740719
AA,outputs/Tau5_joint_refinement/AA/pool_3/conformer_807.pdb,2.275911235604849,2.5745796676062267,1.0988460835570306,1.8399469240374495
AA,outputs/Tau5_joint_refinement/AA/pool_3/conformer_808.pdb,5.564006051670567,2.147863657169672,1.1831783596410481,1.47330650978652
AA,outputs/Tau5_joint_refinement/AA/pool_3/conformer_809.pdb,2.307433266901565,2.8682743738862153,1.356794634799726,1.3870759778272084
AA,outputs/Tau5_joint_refinement/AA/pool_3/conformer_810.pdb,5.259763540472549,4.120392494435704,4.419253392044144,1.6576738657637
AA,outputs/Tau5_joint_refinement/AA/pool_3/conformer_811.pdb,2.321608954019922,3.4706928082577924,1.6252203862090444,1.800715388074654
AA,outputs/Tau5_joint_refinement/AA/pool_3/conformer_812.pdb,3.191855222489362,3.2222956000655936,1.8954161078575515,1.7952133945337154
AA,outputs/Tau5_joint_refinement/AA/pool_3/conformer_813.pdb,5.2243357323653665,2.7369921171356157,4.573032595668506,1.6937173182299536
AA,outputs/Tau5_joint_refinement/AA/pool_3/conformer_814.pdb,4.444339547167366,3.3004973344107973,1.6010581734938034,1.747942584635
AA,outputs/Tau5_joint_refinement/AA/pool_3/conformer_815.pdb,1.802295095947605,3.3247575886215417,1.2276394792511884,2.210807453404745
AA,outputs/Tau5_joint_refinement/AA/pool_3/conformer_816.pdb,1.5336876857969708,3.6571687882895,0.8476344661085113,1.6966310777985254
AA,outputs/Tau5_joint_refinement/AA/pool_3/conformer_817.pdb,4.959193452516466,5.081962311523554,3.702361600604887,2.6381701855311106
AA,outputs/Tau5_joint_refinement/AA/pool_3/conformer_818.pdb,8.065737445248226,5.071046385161862,7.485367796547578,2.761686633763119
AA,outputs/Tau5_joint_refinement/AA/pool_3/conformer_819.pdb,8.3956871794793,2.743849183763619,7.279743940925977,1.4136621373243552
AA,outputs/Tau5_joint_refinement/AA/pool_3/conformer_820.pdb,1.7702530738794655,3.2912282129349144,0.7353706749552109,1.5746421969083766
AA,outputs/Tau5_joint_refinement/AA/pool_3/conformer_821.pdb,8.50540811115139,4.50583068475648,7.622387970861278,1.4770678781085784
AA,outputs/Tau5_joint_refinement/AA/pool_3/conformer_822.pdb,6.536387204155149,2.355196672300485,5.497876880071706,1.5107320209466404
AA,outputs/Tau5_joint_refinement/AA/pool_3/conformer_823.pdb,6.577124551283034,4.035245316016787,5.401234400964137,2.3763675110612734
AA,outputs/Tau5_joint_refinement/AA/pool_3/conformer_824.pdb,3.6044113492293604,2.767616844563658,2.5279454236929046,1.5583858725954154
AA,outputs/Tau5_joint_refinement/AA/pool_3/conformer_825.pdb,5.781755130584878,3.5228069235516744,4.6011168914698,2.2362647388924914
AA,outputs/Tau5_joint_refinement/AA/pool_3/conformer_826.pdb,2.727980691678231,3.3032834816401073,0.9271887090220685,2.527819098721459
AA,outputs/Tau5_joint_refinement/AA/pool_3/conformer_827.pdb,1.2917095109119792,4.503962736874822,0.6608574408901464,1.78734843428797
AA,outputs/Tau5_joint_refinement/AA/pool_3/conformer_828.pdb,3.4314255756265633,3.2376191126715494,2.1289678506674234,2.610834128677675
AA,outputs/Tau5_joint_refinement/AA/pool_3/conformer_829.pdb,1.8006183444711377,3.971081498821179,0.8621095924479811,1.370069568691622
AA,outputs/Tau5_joint_refinement/AA/pool_3/conformer_830.pdb,6.874687939088063,3.4333077266662406,6.172611319626265,1.4680991343930465
AA,outputs/Tau5_joint_refinement/AA/pool_3/conformer_831.pdb,3.626712298769405,3.3182358629196282,2.7992394730534027,2.565007211294414
AA,outputs/Tau5_joint_refinement/AA/pool_3/conformer_832.pdb,4.865930979729866,3.685888349255829,3.600605615624807,1.4519858824205987
AA,outputs/Tau5_joint_refinement/AA/pool_3/conformer_833.pdb,3.8401083505131597,4.418545424918168,0.476843393151956,1.759981859044161
AA,outputs/Tau5_joint_refinement/AA/pool_3/conformer_834.pdb,1.5794855564602914,2.825299157480078,0.8046876226697285,1.6057104033985303
AA,outputs/Tau5_joint_refinement/AA/pool_3/conformer_835.pdb,2.952268800118609,4.058040851160423,1.8018051900541,1.6412856795922028
AA,outputs/Tau5_joint_refinement/AA/pool_3/conformer_836.pdb,5.184698394978823,4.4646720840582175,3.8295779177378884,2.0688578218672746
AA,outputs/Tau5_joint_refinement/AA/pool_3/conformer_837.pdb,5.3547259523291295,3.2008817045259184,4.218646865382062,1.679971845632345
AA,outputs/Tau5_joint_refinement/AA/pool_3/conformer_838.pdb,8.069818592244026,3.033882754971685,7.112635026862648,1.8671654657866494
AA,outputs/Tau5_joint_refinement/AA/pool_3/conformer_839.pdb,6.165335015840809,3.7904568513268733,5.312769040872729,1.951316798466696
AA,outputs/Tau5_joint_refinement/AA/pool_3/conformer_840.pdb,2.159517496538225,2.685828129064019,1.0680420250951945,1.5173983978884849
AA,outputs/Tau5_joint_refinement/AA/pool_3/conformer_841.pdb,6.626831884021604,3.3502569187732747,3.0128602969384874,1.7525801607678584
AA,outputs/Tau5_joint_refinement/AA/pool_3/conformer_842.pdb,2.2705906948347927,4.213149115785206,1.6319011896262736,1.7893589530375644
AA,outputs/Tau5_joint_refinement/AA/pool_3/conformer_843.pdb,2.2559962102316065,2.7225437868419173,1.439683601729153,1.4415740711432328
AA,outputs/Tau5_joint_refinement/AA/pool_3/conformer_844.pdb,4.778216767313484,2.972383057211255,2.1432375737241456,2.093137163313755
AA,outputs/Tau5_joint_refinement/AA/pool_3/conformer_845.pdb,2.512655900918829,3.578724928183027,0.5965525943446035,2.3556170296234304
AA,outputs/Tau5_joint_refinement/AA/pool_3/conformer_846.pdb,5.551444345888526,2.6720565331133006,4.718777377828595,1.7230867153945366
AA,outputs/Tau5_joint_refinement/AA/pool_3/conformer_847.pdb,1.360141187111447,3.508492009393067,0.5203920645610213,2.5404395523816046
AA,outputs/Tau5_joint_refinement/AA/pool_3/conformer_848.pdb,4.098674731745318,3.107605230914465,0.6109775847606387,1.9893148909456266
AA,outputs/Tau5_joint_refinement/AA/pool_3/conformer_849.pdb,4.040640905893505,2.7979897507048355,2.1985895356687766,1.4527453074165009
AA,outputs/Tau5_joint_refinement/AA/pool_3/conformer_850.pdb,7.847231848780419,4.199379218030906,7.055747133511463,1.7210315598222876
AA,outputs/Tau5_joint_refinement/AA/pool_3/conformer_851.pdb,1.8792496433895436,3.2304699790756497,0.7299481229660785,2.266998415471295
AA,outputs/Tau5_joint_refinement/AA/pool_3/conformer_852.pdb,3.164138975048432,3.475828776936097,1.9195343844761985,1.7530523490848797
AA,outputs/Tau5_joint_refinement/AA/pool_3/conformer_853.pdb,4.9551855334232755,2.112168098815074,0.6361075656397968,1.958215034166339
AA,outputs/Tau5_joint_refinement/AA/pool_3/conformer_854.pdb,8.850313820379197,1.9390052026918267,7.36976303553239,1.5314655660395775
AA,outputs/Tau5_joint_refinement/AA/pool_3/conformer_855.pdb,6.036151909266103,3.1519528639856755,4.887099626478416,1.5435423991752408
AA,outputs/Tau5_joint_refinement/AA/pool_3/conformer_856.pdb,3.812190701979605,3.357976827205942,2.859352513730241,1.6095425032258976
AA,outputs/Tau5_joint_refinement/AA/pool_3/conformer_857.pdb,1.5092830492357838,2.972929913853924,0.9070179115412543,1.3946601169649466
AA,outputs/Tau5_joint_refinement/AA/pool_3/conformer_858.pdb,5.926051794343172,4.683017930197363,1.5110466695450024,2.0825036335655636
AA,outputs/Tau5_joint_refinement/AA/pool_3/conformer_859.pdb,2.5187839556927423,3.2313279857154793,1.8188191341057771,1.7355774102354646
AA,outputs/Tau5_joint_refinement/AA/pool_3/conformer_860.pdb,1.4444443898435175,2.8995698492973343,0.5841987970992611,1.805325108775955
AA,outputs/Tau5_joint_refinement/AA/pool_3/conformer_861.pdb,2.532886469621902,2.9189906009281605,1.7476766508172985,1.8725517202129423
AA,outputs/Tau5_joint_refinement/AA/pool_3/conformer_862.pdb,7.7300136643544635,2.955057047991112,6.853214184745057,1.3657568183741888
AA,outputs/Tau5_joint_refinement/AA/pool_3/conformer_863.pdb,10.360086366671826,3.2557181549837773,9.279403573959188,2.0389070435220247
AA,outputs/Tau5_joint_refinement/AA/pool_3/conformer_864.pdb,5.739498757048107,2.8916681339652857,4.665521334051104,1.5520107754072552
AA,outputs/Tau5_joint_refinement/AA/pool_3/conformer_865.pdb,5.651682220345203,2.4033339239384675,4.843845309463973,2.1192676206886873
AA,outputs/Tau5_joint_refinement/AA/pool_3/conformer_866.pdb,8.482617195125485,2.551140238920138,6.81433515856795,2.0570822192343337
AA,outputs/Tau5_joint_refinement/AA/pool_3/conformer_867.pdb,1.7174180362890834,2.7148711785771256,0.7408495665211609,1.6321395816267148
AA,outputs/Tau5_joint_refinement/AA/pool_3/conformer_868.pdb,1.238453763236169,4.541893586538732,0.5831818884287706,2.6565602360360923
AA,outputs/Tau5_joint_refinement/AA/pool_3/conformer_869.pdb,4.090327268850703,3.8870706462968716,0.8482707909132731,2.324611578294192
AA,outputs/Tau5_joint_refinement/AA/pool_3/conformer_870.pdb,1.937644432538993,2.71023165017643,1.2377475585884021,1.870918810935143
AA,outputs/Tau5_joint_refinement/AA/pool_3/conformer_871.pdb,4.630578926840031,3.9092023642309726,2.741047006266036,2.041695227071253
AA,outputs/Tau5_joint_refinement/AA/pool_3/conformer_872.pdb,3.096337724495169,3.978206666808324,1.7466681240820408,1.5091974785526812
AA,outputs/Tau5_joint_refinement/AA/pool_3/conformer_873.pdb,2.268273919380155,2.221166247049653,0.6600716291583301,1.257077244272444
AA,outputs/Tau5_joint_refinement/AA/pool_3/conformer_874.pdb,2.8819680629594475,2.190352842445805,1.0862268099424501,1.7374775972192125
AA,outputs/Tau5_joint_refinement/AA/pool_3/conformer_875.pdb,1.694255411313718,4.102758323115106,0.9468436233096692,1.863292986658154
AA,outputs/Tau5_joint_refinement/AA/pool_3/conformer_876.pdb,1.822504982159741,3.0268557789436064,0.5191830806722589,1.271788060087047
AA,outputs/Tau5_joint_refinement/AA/pool_3/conformer_877.pdb,14.119016702078582,2.6477625804624596,8.677704651706469,1.5717473666058417
AA,outputs/Tau5_joint_refinement/AA/pool_3/conformer_878.pdb,10.575731185701338,2.48978478993988,7.2059017141421435,1.8525088252857203
AA,outputs/Tau5_joint_refinement/AA/pool_3/conformer_879.pdb,1.6925083317898655,2.8896426195852682,0.7131879043884513,1.911122415188378
AA,outputs/Tau5_joint_refinement/AA/pool_3/conformer_880.pdb,13.95809930340139,3.0966064520529297,5.161621927873573,1.5244414983184105
AA,outputs/Tau5_joint_refinement/AA/pool_3/conformer_881.pdb,3.8697692910557406,2.611024408920599,2.5197443364895196,1.406945959061239
AA,outputs/Tau5_joint_refinement/AA/pool_3/conformer_882.pdb,4.551707308857157,3.0118858905078523,1.38298970518353,1.2313461547207332
AA,outputs/Tau5_joint_refinement/AA/pool_3/conformer_883.pdb,7.494798272136321,4.341229132897189,5.1867974018375165,2.80787259450188
AA,outputs/Tau5_joint_refinement/AA/pool_3/conformer_884.pdb,6.894776383676029,3.6430938051233017,6.10679679139127,1.6281081963487123
AA,outputs/Tau5_joint_refinement/AA/pool_3/conformer_885.pdb,2.575486055978437,2.610185223728678,0.8647896144511592,1.5741362345439915
AA,outputs/Tau5_joint_refinement/AA/pool_3/conformer_886.pdb,5.846218923845822,2.9913666238789496,4.591612820724218,2.048266165056324
AA,outputs/Tau5_joint_refinement/AA/pool_3/conformer_887.pdb,1.214480622863818,3.0988581564647637,0.4783068083509672,1.6858654373990176
AA,outputs/Tau5_joint_refinement/AA/pool_3/conformer_888.pdb,3.3911465317567635,3.1756184076432263,1.656362939457846,1.5228821348270047
AA,outputs/Tau5_joint_refinement/AA/pool_3/conformer_889.pdb,7.602448831681908,3.933872464383943,6.909041752650777,2.8673965590868553
AA,outputs/Tau5_joint_refinement/AA/pool_3/conformer_890.pdb,3.459390254117178,3.8233130171977305,2.5555373322001316,2.1365960429141255
AA,outputs/Tau5_joint_refinement/AA/pool_3/conformer_891.pdb,2.916156231103881,2.7892165211815207,2.1829067166484317,2.0417126834702066
AA,outputs/Tau5_joint_refinement/AA/pool_3/conformer_892.pdb,5.7009050207822325,3.17999097152184,4.795243498600478,1.5449395749919397
AA,outputs/Tau5_joint_refinement/AA/pool_3/conformer_893.pdb,8.733673300660291,2.815112716278722,5.749675005491739,1.637595944937078
AA,outputs/Tau5_joint_refinement/AA/pool_3/conformer_894.pdb,2.6411432384357116,2.2160861006304873,0.48474500137916204,1.9399443037310231
AA,outputs/Tau5_joint_refinement/AA/pool_3/conformer_895.pdb,6.656673110586514,2.7475069626165443,5.776235884534928,1.7255535172811292
AA,outputs/Tau5_joint_refinement/AA/pool_3/conformer_896.pdb,10.195874491533221,3.102603732891358,6.465755717937579,1.9894908668210922
AA,outputs/Tau5_joint_refinement/AA/pool_3/conformer_897.pdb,6.822241133308765,3.591206856098212,6.073393043516309,1.6693199413583693
AA,outputs/Tau5_joint_refinement/AA/pool_3/conformer_898.pdb,1.92157902612171,3.715985880656744,1.0259549611853023,2.075011382432821
AA,outputs/Tau5_joint_refinement/AA/pool_3/conformer_899.pdb,3.8921618110880254,4.403148388080224,3.1833353010005667,2.0355976927991466
AA,outputs/Tau5_joint_refinement/AA/pool_3/conformer_900.pdb,6.441890910285706,2.7776025729442266,5.661844544083603,1.6506279206153793
AA,outputs/Tau5_joint_refinement/AA/pool_3/conformer_901.pdb,2.3373281472864353,2.41799995234856,1.5302899039893143,1.37393790390667
AA,outputs/Tau5_joint_refinement/AA/pool_3/conformer_902.pdb,2.145738160104467,3.4361641158898637,1.516486275479272,1.4999822811357808
AA,outputs/Tau5_joint_refinement/AA/pool_3/conformer_903.pdb,3.513495936406209,2.7352000989489373,2.585829312438366,1.2715984404317842
AA,outputs/Tau5_joint_refinement/AA/pool_3/conformer_904.pdb,1.8665856914517305,4.105236078822842,0.6377579779321777,1.8756034835036415
AA,outputs/Tau5_joint_refinement/AA/pool_3/conformer_905.pdb,2.4459927077196095,3.6681449625288387,1.6346474545891956,2.154841685596428
AA,outputs/Tau5_joint_refinement/AA/pool_3/conformer_906.pdb,7.728570708742356,2.5090650907921748,6.8658397409914,1.8090813923733517
AA,outputs/Tau5_joint_refinement/AA/pool_3/conformer_907.pdb,1.3088552289558755,4.3730453053667615,0.6504591013134302,2.0524427004806682
AA,outputs/Tau5_joint_refinement/AA/pool_3/conformer_908.pdb,4.429580309813493,2.646505248961722,3.8536771452487852,2.039478313983237
AA,outputs/Tau5_joint_refinement/AA/pool_3/conformer_909.pdb,4.4354601137354175,3.28830821353748,2.352306493997469,2.1520769692645825
AA,outputs/Tau5_joint_refinement/AA/pool_3/conformer_910.pdb,1.2232671107598627,3.138034895729929,0.603162218503537,2.1555529295374836
AA,outputs/Tau5_joint_refinement/AA/pool_3/conformer_911.pdb,2.9558949608958014,2.7914974971055457,2.1658286716105186,2.106583036390729
AA,outputs/Tau5_joint_refinement/AA/pool_3/conformer_912.pdb,1.5213839758546641,2.220857003863223,0.6473147146475152,2.026013649428109
AA,outputs/Tau5_joint_refinement/AA/pool_3/conformer_913.pdb,3.138682676206815,4.297569689865667,2.4089360280762735,2.3588063806016577
AA,outputs/Tau5_joint_refinement/AA/pool_3/conformer_914.pdb,3.9092883276799717,3.001993705416984,2.3975607905086047,1.7762593023774782
AA,outputs/Tau5_joint_refinement/AA/pool_3/conformer_915.pdb,2.3286674777646557,2.860415271852294,1.4179282105554953,2.1577015036142
AA,outputs/Tau5_joint_refinement/AA/pool_3/conformer_916.pdb,6.095172594106795,3.0517836897095254,4.246579882147269,1.7267906593000548
AA,outputs/Tau5_joint_refinement/AA/pool_3/conformer_917.pdb,4.757726661592085,2.827364573027892,3.9035442495764023,1.5452275864776295
AA,outputs/Tau5_joint_refinement/AA/pool_3/conformer_918.pdb,2.1729324438931528,2.5229296514775954,1.0651714801154477,1.9688956554306913
AA,outputs/Tau5_joint_refinement/AA/pool_3/conformer_919.pdb,6.573255288886127,2.28775179348058,4.805339313429013,1.7206040177533009
AA,outputs/Tau5_joint_refinement/AA/pool_3/conformer_920.pdb,1.3676367995774172,4.067456083580699,0.7722279685758532,1.49216027572665
AA,outputs/Tau5_joint_refinement/AA/pool_3/conformer_921.pdb,8.998836150775947,3.3722173986096173,8.053766156748411,1.8866710021086623
AA,outputs/Tau5_joint_refinement/AA/pool_3/conformer_922.pdb,5.309184484084069,2.830041186175565,4.62902881264244,1.7146626480524605
AA,outputs/Tau5_joint_refinement/AA/pool_3/conformer_923.pdb,1.2041212770007061,3.350295459083816,0.5145531482864742,1.9850451520007055
AA,outputs/Tau5_joint_refinement/AA/pool_3/conformer_924.pdb,1.6626018751335727,4.326349913521051,0.8626594337799108,1.9771352665450586
AA,outputs/Tau5_joint_refinement/AA/pool_3/conformer_925.pdb,8.127594852005236,3.2241156956373107,5.657984303187482,1.88550929709519
AA,outputs/Tau5_joint_refinement/AA/pool_3/conformer_926.pdb,3.410555023187644,2.3477524443176088,0.9379210079059694,1.552393587583923
AA,outputs/Tau5_joint_refinement/AA/pool_3/conformer_927.pdb,7.99209473551614,2.7203115276161385,5.020385912785555,1.7090428415650811
AA,outputs/Tau5_joint_refinement/AA/pool_3/conformer_928.pdb,3.8536515273953675,3.517427360455247,2.885539630591651,2.1724246810284837
AA,outputs/Tau5_joint_refinement/AA/pool_3/conformer_929.pdb,3.9900416084966475,4.418797276380601,1.3258927602043695,1.4206783692063687
AA,outputs/Tau5_joint_refinement/AA/pool_3/conformer_930.pdb,7.218098262055679,2.9381961391013127,2.066141673547937,1.8598922653062242
AA,outputs/Tau5_joint_refinement/AA/pool_3/conformer_931.pdb,5.232050366238646,3.4227254580824265,4.519833146807362,1.5272268488215757
AA,outputs/Tau5_joint_refinement/AA/pool_3/conformer_932.pdb,1.551765171625285,3.157202999910812,0.6391684492477601,2.2784020893915713
AA,outputs/Tau5_joint_refinement/AA/pool_3/conformer_933.pdb,7.277299132426596,2.5309850516113013,6.180978583354875,1.3466297045891598
AA,outputs/Tau5_joint_refinement/AA/pool_3/conformer_934.pdb,6.326071322320987,2.8639246886163003,4.2274638305331775,1.3597988333398523
AA,outputs/Tau5_joint_refinement/AA/pool_3/conformer_935.pdb,5.889313021473281,2.680401202736625,5.182491828099283,1.4794613700236379
AA,outputs/Tau5_joint_refinement/AA/pool_3/conformer_936.pdb,4.039048699773258,4.113893773536244,3.1289165069560267,2.443797228976259
AA,outputs/Tau5_joint_refinement/AA/pool_3/conformer_937.pdb,10.78316211527318,2.6304998057469464,5.956799086121047,2.265730579239485
AA,outputs/Tau5_joint_refinement/AA/pool_3/conformer_938.pdb,2.0063812747786516,3.5393018430136363,1.2748399896307663,1.966593583404144
AA,outputs/Tau5_joint_refinement/AA/pool_3/conformer_939.pdb,9.580590481305332,4.150882157318172,6.054316690406916,1.5984927818197912
AA,outputs/Tau5_joint_refinement/AA/pool_3/conformer_940.pdb,7.222118647781402,3.2087534505030577,6.140198880802294,2.532941554694102
AA,outputs/Tau5_joint_refinement/AA/pool_3/conformer_941.pdb,5.3663770962577555,2.864110270729085,4.1470103525489,2.118762408078019
AA,outputs/Tau5_joint_refinement/AA/pool_3/conformer_942.pdb,2.042400932145815,3.8721667653101184,0.564654534536558,1.6814166558796908
AA,outputs/Tau5_joint_refinement/AA/pool_3/conformer_943.pdb,5.274632057968956,2.17460049441734,4.565648476580831,1.4695549917341875
AA,outputs/Tau5_joint_refinement/AA/pool_3/conformer_944.pdb,7.300834601180747,2.7015374431586534,6.18989206701951,1.9296353335665446
AA,outputs/Tau5_joint_refinement/AA/pool_3/conformer_945.pdb,1.8463472435608572,2.1820902098149237,0.6147514727070538,1.6405876301915034
AA,outputs/Tau5_joint_refinement/AA/pool_3/conformer_946.pdb,4.725819770857472,3.4419963252045354,3.994987337732948,1.3167351934676157
AA,outputs/Tau5_joint_refinement/AA/pool_3/conformer_947.pdb,1.7355715032222272,2.6840934632436113,0.6675310309001372,2.095657608432858
AA,outputs/Tau5_joint_refinement/AA/pool_3/conformer_948.pdb,11.895481132541233,3.111989821875985,7.0407404983673185,1.429357299893532
AA,outputs/Tau5_joint_refinement/AA/pool_3/conformer_949.pdb,2.1808209311989963,3.2923085499302385,0.632131401151254,2.322042369543124
AA,outputs/Tau5_joint_refinement/AA/pool_3/conformer_950.pdb,3.28536353429166,3.4305872062506984,2.003267643786227,1.3718792725631948
AA,outputs/Tau5_joint_refinement/AA/pool_3/conformer_951.pdb,3.449193912144677,3.0281382343382397,2.130918736527852,1.6661672674700987
AA,outputs/Tau5_joint_refinement/AA/pool_3/conformer_952.pdb,6.798586612881484,3.8628264882845893,3.6124789196035145,1.786023343772237
AA,outputs/Tau5_joint_refinement/AA/pool_3/conformer_953.pdb,7.9181988120331654,3.102644479037868,6.422705270889865,1.557103657300657
AA,outputs/Tau5_joint_refinement/AA/pool_3/conformer_954.pdb,3.644751428734857,4.137731823875887,0.6539587105927119,1.477951249712731
AA,outputs/Tau5_joint_refinement/AA/pool_3/conformer_955.pdb,2.4131805979529903,2.085055170738561,0.8546024973557702,1.664456748141852
AA,outputs/Tau5_joint_refinement/AA/pool_3/conformer_956.pdb,6.996330123697978,5.647192638071004,6.257780401846205,2.628895203703784
AA,outputs/Tau5_joint_refinement/AA/pool_3/conformer_957.pdb,4.134615774928624,3.823123599903382,3.328120478358445,2.028599686280646
AA,outputs/Tau5_joint_refinement/AA/pool_3/conformer_958.pdb,6.8107974784729794,3.2523753603518166,5.803235104549657,1.7691322088259782
AA,outputs/Tau5_joint_refinement/AA/pool_3/conformer_959.pdb,1.5189471216465666,3.52860287853127,0.7244137085726899,1.6017872249465324
AA,outputs/Tau5_joint_refinement/AA/pool_3/conformer_960.pdb,1.360671049584273,3.031813022048441,0.8168068313463163,1.6456219345551877
AA,outputs/Tau5_joint_refinement/AA/pool_3/conformer_961.pdb,2.6687511404364757,2.5851660672481738,1.9138127779230505,1.6083022178331776
AA,outputs/Tau5_joint_refinement/AA/pool_3/conformer_962.pdb,3.8406522060690333,2.746342886421489,1.4931775548776258,2.383032917858847
AA,outputs/Tau5_joint_refinement/AA/pool_3/conformer_963.pdb,6.861883377020763,4.139646037194115,2.9557777663593416,2.2108398665628286
AA,outputs/Tau5_joint_refinement/AA/pool_3/conformer_964.pdb,3.0857042534094163,2.3577725918799164,2.0040002736336913,1.984081578511362
AA,outputs/Tau5_joint_refinement/AA/pool_3/conformer_965.pdb,6.901178548187799,4.570582385033267,6.0140973381197425,2.429620535765964
AA,outputs/Tau5_joint_refinement/AA/pool_3/conformer_966.pdb,4.794819341788076,3.4776686238608345,4.016877833532021,1.7272844529076203
AA,outputs/Tau5_joint_refinement/AA/pool_3/conformer_967.pdb,4.709099447780973,2.696134771026385,3.8414560933317814,1.7988561038033832
AA,outputs/Tau5_joint_refinement/AA/pool_3/conformer_968.pdb,1.5560071321594362,4.732784268566693,0.6881060058785199,1.87186597487518
AA,outputs/Tau5_joint_refinement/AA/pool_3/conformer_969.pdb,4.432508401906471,4.893822070246876,3.2076755823302343,2.251550577897595
AA,outputs/Tau5_joint_refinement/AA/pool_3/conformer_970.pdb,1.8487067446714613,3.7931154731388386,0.9070586316874658,2.314484482777368
AA,outputs/Tau5_joint_refinement/AA/pool_3/conformer_971.pdb,2.2080929503006264,3.6621445033509548,1.173215620465167,1.9275070730740882
AA,outputs/Tau5_joint_refinement/AA/pool_3/conformer_972.pdb,1.8337436357996095,3.0268888736135584,0.7564756228799762,2.0774381888191424
AA,outputs/Tau5_joint_refinement/AA/pool_3/conformer_973.pdb,3.455670630753436,3.6868417321149796,2.9144119151811454,1.9281162181182934
AA,outputs/Tau5_joint_refinement/AA/pool_3/conformer_974.pdb,6.772537030879747,2.7262407590514073,6.098407790687442,1.4467003804477374
AA,outputs/Tau5_joint_refinement/AA/pool_3/conformer_975.pdb,8.969095032638853,3.1100659765549987,8.12664758930097,1.8009681916223095
AA,outputs/Tau5_joint_refinement/AA/pool_3/conformer_976.pdb,3.500615677388209,3.701633571605207,2.714286915683444,1.8339044514114924
AA,outputs/Tau5_joint_refinement/AA/pool_3/conformer_977.pdb,5.937206951974551,3.4643178503403527,5.067730146179229,2.038082918435139
AA,outputs/Tau5_joint_refinement/AA/pool_3/conformer_978.pdb,8.135636335861962,3.733815449214896,5.511281282891605,1.718747411199349
AA,outputs/Tau5_joint_refinement/AA/pool_3/conformer_979.pdb,1.2842311730208078,2.2326781334709143,0.6727301851847142,2.023531758873018
AA,outputs/Tau5_joint_refinement/AA/pool_3/conformer_980.pdb,10.535137048166986,3.7620764349395905,8.750025884696141,1.6476821882527382
AA,outputs/Tau5_joint_refinement/AA/pool_3/conformer_981.pdb,7.287737275647833,2.5391762178569954,6.442429721241521,1.9280815443528594
AA,outputs/Tau5_joint_refinement/AA/pool_3/conformer_982.pdb,2.101175519852501,2.4812380029491665,1.3310378960415563,1.615761233202488
AA,outputs/Tau5_joint_refinement/AA/pool_3/conformer_983.pdb,9.01236346107319,3.403236036940817,6.075055846907399,1.6132675135495151
AA,outputs/Tau5_joint_refinement/AA/pool_3/conformer_984.pdb,1.4954383250012766,2.3690363712053366,0.9791602813700279,1.6046507170386337
AA,outputs/Tau5_joint_refinement/AA/pool_3/conformer_985.pdb,7.428258746158417,2.3113858637604556,6.678951368686966,1.2501920346852964
AA,outputs/Tau5_joint_refinement/AA/pool_3/conformer_986.pdb,4.0060773587731076,3.2816852858249526,0.7906811884626648,1.803795870260512
AA,outputs/Tau5_joint_refinement/AA/pool_3/conformer_987.pdb,2.5980741657228488,4.225114724868755,1.6422290054957058,2.2971721800236793
AA,outputs/Tau5_joint_refinement/AA/pool_3/conformer_988.pdb,3.480014008745521,3.150736791205331,1.5968071369081327,1.768818381499781
AA,outputs/Tau5_joint_refinement/AA/pool_3/conformer_989.pdb,4.819814533450608,3.0079082897454574,3.6163871560854197,1.549300586833994
AA,outputs/Tau5_joint_refinement/AA/pool_3/conformer_990.pdb,1.7711079902892823,3.0950789720253686,0.5243854055471402,1.3913681741702122
AA,outputs/Tau5_joint_refinement/AA/pool_3/conformer_991.pdb,5.30477829883235,3.6844442117235907,4.1953661239084665,1.3446587540726966
AA,outputs/Tau5_joint_refinement/AA/pool_3/conformer_992.pdb,5.027310843757537,3.1977871684589045,4.06497286265635,1.7986481013368352
AA,outputs/Tau5_joint_refinement/AA/pool_3/conformer_993.pdb,2.0696803406686035,3.7606007803721226,1.2358953535688793,1.5493091172880866
AA,outputs/Tau5_joint_refinement/AA/pool_3/conformer_994.pdb,5.546707648924722,2.866805757813016,1.2387318276198402,2.4408500387347023
AA,outputs/Tau5_joint_refinement/AA/pool_3/conformer_995.pdb,7.298190982865502,4.27839542171186,6.713432805181041,2.453274598874748
AA,outputs/Tau5_joint_refinement/AA/pool_3/conformer_996.pdb,6.618630059642923,2.140567669707553,2.501853027807999,1.5882853560656944
AA,outputs/Tau5_joint_refinement/AA/pool_3/conformer_997.pdb,7.476683731611677,3.4864077170270593,6.836187200301717,1.3574832997220387
AA,outputs/Tau5_joint_refinement/AA/pool_3/conformer_998.pdb,4.305492650600924,3.6480264554359274,1.5938718242954897,2.600275797262123
AA,outputs/Tau5_joint_refinement/AA/pool_3/conformer_999.pdb,3.7971653381889188,4.591468198132166,2.8648320826127316,2.2137337687605734
AA,outputs/Tau5_joint_refinement/AA/pool_3/conformer_1000.pdb,9.341677963701082,3.599964901712585,8.563320593683583,1.8202319210938143
AA,outputs/Tau5_joint_refinement/AA/pool_3/conformer_1001.pdb,5.276132967618424,2.5377780085569497,4.268756324327595,1.208272419796153
AA,outputs/Tau5_joint_refinement/AA/pool_3/conformer_1002.pdb,6.248458903248449,3.872573475538245,5.352094792800728,1.9732675817648908
AA,outputs/Tau5_joint_refinement/AA/pool_3/conformer_1003.pdb,6.1721111036502885,3.3296943298282318,4.725198214285545,1.8661324776907164
AA,outputs/Tau5_joint_refinement/AA/pool_3/conformer_1004.pdb,4.835145848148053,2.566354617734127,4.0574988821665965,1.96369813480496
AA,outputs/Tau5_joint_refinement/AA/pool_3/conformer_1005.pdb,2.311186083098404,3.234032112573551,1.2535583130168118,1.9039843950107667
AA,outputs/Tau5_joint_refinement/AA/pool_3/conformer_1006.pdb,4.5446062681586135,2.7445490164070874,3.5523043046295024,1.4988381579406695
AA,outputs/Tau5_joint_refinement/AA/pool_3/conformer_1007.pdb,5.861939326516419,2.9908960395728634,3.037274797881151,2.0822157318645527
AA,outputs/Tau5_joint_refinement/AA/pool_3/conformer_1008.pdb,9.315806704351289,4.255506572599576,5.2953551933964755,2.620585340086208
AA,outputs/Tau5_joint_refinement/AA/pool_3/conformer_1009.pdb,11.038093386324508,3.3778203072500514,6.572588510890878,1.569959921436561
AA,outputs/Tau5_joint_refinement/AA/pool_3/conformer_1010.pdb,4.990335739485168,4.139003494334499,3.731517965758853,1.9763876330286323
AA,outputs/Tau5_joint_refinement/AA/pool_3/conformer_1011.pdb,2.1119038615456573,2.6479300662652046,1.3809379027977182,1.926363777450661
AA,outputs/Tau5_joint_refinement/AA/pool_3/conformer_1012.pdb,6.94839740024167,2.6277896589518814,4.340997799651898,1.794719907286108
AA,outputs/Tau5_joint_refinement/AA/pool_3/conformer_1013.pdb,4.317780878912527,4.717683302251619,3.039955983736219,1.6078135203651986
AA,outputs/Tau5_joint_refinement/AA/pool_3/conformer_1014.pdb,3.723470430713477,2.8902158072910886,3.007455249148752,2.1714912763994594
AA,outputs/Tau5_joint_refinement/AA/pool_3/conformer_1015.pdb,7.725259890363362,2.4175317564233314,7.057997522802616,1.6278503217306393
AA,outputs/Tau5_joint_refinement/AA/pool_3/conformer_1016.pdb,6.547494873098254,2.898229432724113,5.198514352361519,1.6781704283926304
AA,outputs/Tau5_joint_refinement/AA/pool_3/conformer_1017.pdb,1.438057569679392,3.6826535313486746,0.6841922779980412,2.3928524184268394
AA,outputs/Tau5_joint_refinement/AA/pool_3/conformer_1018.pdb,5.887066715639771,4.339581291291246,4.972537085016178,2.1746387627042196
AA,outputs/Tau5_joint_refinement/AA/pool_3/conformer_1019.pdb,1.392095045939558,3.0825587675704895,0.7224555933426147,2.1893519736411973
AA,outputs/Tau5_joint_refinement/AA/pool_3/conformer_1020.pdb,1.868954229981032,4.2391120322596585,1.2913091761254514,2.316911947503413
AA,outputs/Tau5_joint_refinement/AA/pool_3/conformer_1021.pdb,2.0913042275318037,3.4964862866149087,1.2095964728256539,1.790460375496897
AA,outputs/Tau5_joint_refinement/AA/pool_3/conformer_1022.pdb,2.2755532912062426,2.5628365236446675,0.5521109296410547,2.2786767755812454
AA,outputs/Tau5_joint_refinement/AA/pool_3/conformer_1023.pdb,5.086860240314211,3.585155163008406,3.9638125014400476,1.486683624495512
AA,outputs/Tau5_joint_refinement/AA/pool_3/conformer_1024.pdb,1.9196364999509783,4.039637616851534,1.1773452665919564,1.966611486588158
AA,outputs/Tau5_joint_refinement/AA/pool_3/conformer_1025.pdb,5.636405967912204,3.1956174963127673,4.88724583676451,1.3520713476357586
AA,outputs/Tau5_joint_refinement/AA/pool_3/conformer_1026.pdb,4.6291049664202,2.837679179792857,1.802657871930366,1.763890476340725
AA,outputs/Tau5_joint_refinement/AA/pool_3/conformer_1027.pdb,4.7756429783982774,3.256510533185577,3.755077867190829,2.080480989688068
AA,outputs/Tau5_joint_refinement/AA/pool_3/conformer_1028.pdb,1.319520203208493,4.702358810780057,0.4402469951666765,1.900292345390471
AA,outputs/Tau5_joint_refinement/AA/pool_3/conformer_1029.pdb,3.8380047899789034,4.269689333831854,3.2191855293656517,2.302302043690068
AA,outputs/Tau5_joint_refinement/AA/pool_3/conformer_1030.pdb,4.804457873108302,3.759607479952288,3.92115608048319,1.7002361734778726
AA,outputs/Tau5_joint_refinement/AA/pool_3/conformer_1031.pdb,2.572372051720209,3.188537992758419,1.5937428301947971,2.3919727992576325
AA,outputs/Tau5_joint_refinement/AA/pool_3/conformer_1032.pdb,6.049315401162254,4.287655170666162,5.443077759109142,1.8383295891883293
AA,outputs/Tau5_joint_refinement/AA/pool_3/conformer_1033.pdb,7.024820936755239,3.530525721703163,2.773717396804656,1.7581923428848967
AA,outputs/Tau5_joint_refinement/AA/pool_3/conformer_1034.pdb,7.173959273895008,3.120000340917561,5.082772139405027,1.6587478998360357
AA,outputs/Tau5_joint_refinement/AA/pool_3/conformer_1035.pdb,8.79541179102177,3.8234919976558333,8.149325198028565,1.5642108226823377
AA,outputs/Tau5_joint_refinement/AA/pool_3/conformer_1036.pdb,8.880374347726647,3.7564837363877714,7.3657847779890675,1.5664433091236791
AA,outputs/Tau5_joint_refinement/AA/pool_3/conformer_1037.pdb,4.104065137975407,4.418340882513512,2.921020072319292,2.107008816301124
AA,outputs/Tau5_joint_refinement/AA/pool_3/conformer_1038.pdb,4.957702618389534,4.0175703822362,4.333621072997484,2.3298900047385254
AA,outputs/Tau5_joint_refinement/AA/pool_3/conformer_1039.pdb,7.213700714767902,3.4713511970167845,6.021885746197302,2.2406199439301964
AA,outputs/Tau5_joint_refinement/AA/pool_3/conformer_1040.pdb,4.379213401266925,3.022385345435764,3.503313091146204,1.9027086837145901
AA,outputs/Tau5_joint_refinement/AA/pool_3/conformer_1041.pdb,5.1951420084484665,2.300174811112643,2.471479381963939,1.765677122382183
AA,outputs/Tau5_joint_refinement/AA/pool_3/conformer_1042.pdb,5.631027251033812,2.5914017638590785,3.695366034019496,2.0848298399379113
AA,outputs/Tau5_joint_refinement/AA/pool_3/conformer_1043.pdb,6.117762803486494,3.037029703363208,5.046773133505339,1.5818166555200022
AA,outputs/Tau5_joint_refinement/AA/pool_3/conformer_1044.pdb,3.3894072312638217,3.344984758154425,2.2671795832651886,1.766614771082504
AA,outputs/Tau5_joint_refinement/AA/pool_3/conformer_1045.pdb,4.509196663610711,3.06966789384839,2.2271487661872755,2.2541040424246734
AA,outputs/Tau5_joint_refinement/AA/pool_3/conformer_1046.pdb,5.8858752694237255,2.6124147638679047,5.05029974133965,1.872551034315506
AA,outputs/Tau5_joint_refinement/AA/pool_3/conformer_1047.pdb,3.0365965341200187,3.4925077314195025,0.5755893362186122,1.5658342119718096
AA,outputs/Tau5_joint_refinement/AA/pool_3/conformer_1048.pdb,3.2099662667269437,2.6745535590788325,2.2831739710270753,2.119184953342491
AA,outputs/Tau5_joint_refinement/AA/pool_3/conformer_1049.pdb,2.4649102615315908,2.3832062894526787,1.5920107197578923,1.7080677782863374
AA,outputs/Tau5_joint_refinement/AA/pool_3/conformer_1050.pdb,1.4852605416717786,3.41324073066901,0.792773937674919,1.7972530986212896
AA,outputs/Tau5_joint_refinement/AA/pool_3/conformer_1051.pdb,4.951010930143238,3.8402913613362943,3.8383490355118077,2.098921764916253
AA,outputs/Tau5_joint_refinement/AA/pool_3/conformer_1052.pdb,4.116037102412988,3.6075257134248577,3.1440554616981298,2.3301301136907178
AA,outputs/Tau5_joint_refinement/AA/pool_3/conformer_1053.pdb,2.665384866384588,2.8594370251615233,1.9813379094278554,1.9538091235496735
AA,outputs/Tau5_joint_refinement/AA/pool_3/conformer_1054.pdb,6.181250331572354,3.229038944599181,4.706528604070226,2.143439973714025
AA,outputs/Tau5_joint_refinement/AA/pool_3/conformer_1055.pdb,7.865551815773625,3.6008301376629923,0.7244867955897003,1.4855135673095397
AA,outputs/Tau5_joint_refinement/AA/pool_3/conformer_1056.pdb,6.486327404119541,2.730617836676853,5.23571212453998,1.5010375431111247
AA,outputs/Tau5_joint_refinement/AA/pool_3/conformer_1057.pdb,13.905090774827938,3.883549614267032,7.7642264969565975,1.95518657449385
AA,outputs/Tau5_joint_refinement/AA/pool_3/conformer_1058.pdb,2.4894560673882413,3.4777780361803132,1.9667164598957827,1.345860451661901
AA,outputs/Tau5_joint_refinement/AA/pool_3/conformer_1059.pdb,5.768058724451859,3.2286655865619323,5.075758074255713,1.6408768003991068
AA,outputs/Tau5_joint_refinement/AA/pool_3/conformer_1060.pdb,4.3830580321593064,3.368436676294649,3.332610294067462,2.2573784789420426
AA,outputs/Tau5_joint_refinement/AA/pool_3/conformer_1061.pdb,6.178301623574791,2.1993304394017663,2.726249720498394,1.4560396715226656
AA,outputs/Tau5_joint_refinement/AA/pool_3/conformer_1062.pdb,8.835221826462382,3.1345960128191868,5.232932551653653,1.9768033730571763
AA,outputs/Tau5_joint_refinement/AA/pool_3/conformer_1063.pdb,6.132694106606862,2.587628446850245,4.432391886583726,1.8894069720015891
AA,outputs/Tau5_joint_refinement/AA/pool_3/conformer_1064.pdb,6.739238391779636,2.4304551099242593,4.939659618137023,1.292021442045756
AA,outputs/Tau5_joint_refinement/AA/pool_3/conformer_1065.pdb,1.1843910346339623,3.246614598207989,0.5866820079176223,1.7541009470729787
AA,outputs/Tau5_joint_refinement/AA/pool_3/conformer_1066.pdb,6.877509438052223,2.2953330789946547,1.7132927611533224,1.2858182853659785
AA,outputs/Tau5_joint_refinement/AA/pool_3/conformer_1067.pdb,2.4952646351245127,2.6321931696097605,1.4987461223923892,2.179836867541055
AA,outputs/Tau5_joint_refinement/AA/pool_3/conformer_1068.pdb,3.3254022004096586,2.799745129654662,1.541181107221927,1.9520929810083107
AA,outputs/Tau5_joint_refinement/AA/pool_3/conformer_1069.pdb,7.781479264808857,4.410583858012971,5.422970409611352,1.6835083157699524
AA,outputs/Tau5_joint_refinement/AA/pool_3/conformer_1070.pdb,8.876885828814956,3.386292981328263,8.149238816983482,1.919071406205136
AA,outputs/Tau5_joint_refinement/AA/pool_3/conformer_1071.pdb,2.1211106374241906,2.9407551756503945,1.1668804276300437,2.3036385087907507
AA,outputs/Tau5_joint_refinement/AA/pool_3/conformer_1072.pdb,5.836409228599146,2.854125264324163,5.157414382231934,1.723537741387905
AA,outputs/Tau5_joint_refinement/AA/pool_3/conformer_1073.pdb,3.457743513981443,3.751752436999534,2.5259001213220933,2.139799247513374
AA,outputs/Tau5_joint_refinement/AA/pool_3/conformer_1074.pdb,2.2876178463951558,4.0522460567336225,1.239675953983768,2.643466255370257
AA,outputs/Tau5_joint_refinement/AA/pool_3/conformer_1075.pdb,2.205352845696068,2.4931693250629254,1.0973949966966314,1.7056780850149464
AA,outputs/Tau5_joint_refinement/AA/pool_3/conformer_1076.pdb,4.024872860128308,4.570527381772246,1.0944016821825124,1.4156968127773362
AA,outputs/Tau5_joint_refinement/AA/pool_3/conformer_1077.pdb,4.209854831362106,3.5245258618275126,3.3012368200241036,1.8636620267283606
AA,outputs/Tau5_joint_refinement/AA/pool_3/conformer_1078.pdb,5.012804650013902,4.134025340821566,4.232667350263491,2.135330257759545
AA,outputs/Tau5_joint_refinement/AA/pool_3/conformer_1079.pdb,3.9787736897707195,3.0455814886748684,3.2563915484967136,1.5929373281486747
AA,outputs/Tau5_joint_refinement/AA/pool_3/conformer_1080.pdb,4.014449483912195,2.839464032880296,3.0671221930439114,1.933024961366496
AA,outputs/Tau5_joint_refinement/AA/pool_3/conformer_1081.pdb,2.0202158421396996,4.122696326666869,1.153243999095855,2.2347038747027774
AA,outputs/Tau5_joint_refinement/AA/pool_3/conformer_1082.pdb,10.446225742935933,3.1394927724322232,6.183017620788488,1.5504718063109626
AA,outputs/Tau5_joint_refinement/AA/pool_3/conformer_1083.pdb,3.1090327577532975,3.2151563177746723,1.1869717261845538,1.5890150735833992
AA,outputs/Tau5_joint_refinement/AA/pool_3/conformer_1084.pdb,1.8624191158344787,3.01305944220161,0.9548053085739022,1.5511764886153052
AA,outputs/Tau5_joint_refinement/AA/pool_3/conformer_1085.pdb,7.678073717788371,2.6447599778784276,7.159175022701207,1.880253490983052
AA,outputs/Tau5_joint_refinement/AA/pool_3/conformer_1086.pdb,1.2983916328402152,3.6334461799595297,0.5679813273480843,1.5864198167240506
AA,outputs/Tau5_joint_refinement/AA/pool_3/conformer_1087.pdb,4.449003837728093,2.110476724581768,3.456453503753691,1.6665895907172579
AA,outputs/Tau5_joint_refinement/AA/pool_3/conformer_1088.pdb,3.2558564129822516,2.9465371185119578,2.750828529015773,1.7215857801538479
AA,outputs/Tau5_joint_refinement/AA/pool_3/conformer_1089.pdb,4.569597966900148,2.824758916749332,3.7569179137815873,1.9265847793496356
AA,outputs/Tau5_joint_refinement/AA/pool_3/conformer_1090.pdb,2.233322069284995,2.821630320246071,1.1016385390684555,2.189004912185167
AA,outputs/Tau5_joint_refinement/AA/pool_3/conformer_1091.pdb,7.67669144098024,4.077154319825304,5.4130824877777,2.614710831091347
AA,outputs/Tau5_joint_refinement/AA/pool_3/conformer_1092.pdb,3.024601896252346,2.7238449349232314,2.1317446063285534,1.5232920298846013
AA,outputs/Tau5_joint_refinement/AA/pool_3/conformer_1093.pdb,2.2145271695273845,3.1308637645924797,1.4971342069636695,2.2092918387135967
AA,outputs/Tau5_joint_refinement/AA/pool_3/conformer_1094.pdb,5.7974077215541415,2.594363645986826,4.459816734885647,1.5865039080832801
AA,outputs/Tau5_joint_refinement/AA/pool_3/conformer_1095.pdb,4.730656669114005,2.3687769988531704,2.9111006855875488,1.9021769092049845
AA,outputs/Tau5_joint_refinement/AA/pool_3/conformer_1096.pdb,1.5303363145847289,3.1399338943949346,0.7658975818718096,1.8671702872428375
AA,outputs/Tau5_joint_refinement/AA/pool_3/conformer_1097.pdb,1.3288914267285843,3.0072136437243837,0.7364998387356407,1.8707195640249679
AA,outputs/Tau5_joint_refinement/AA/pool_3/conformer_1098.pdb,7.864807328508576,3.052303452889104,7.065436980916573,1.434053233256401
AA,outputs/Tau5_joint_refinement/AA/pool_3/conformer_1099.pdb,6.82489052644556,3.4621694645936363,6.151194015282024,1.8082787895315378
AA,outputs/Tau5_joint_refinement/AA/pool_3/conformer_1100.pdb,1.741665453217961,4.098711629207233,0.57485329872695,2.5975615657503712
AA,outputs/Tau5_joint_refinement/AA/pool_3/conformer_1101.pdb,2.0311033598693236,3.511647783062461,1.3831026692293165,2.178658857619213
AA,outputs/Tau5_joint_refinement/AA/pool_3/conformer_1102.pdb,4.422373701636126,3.08907242468096,3.6628491141279076,1.7059736972338404
AA,outputs/Tau5_joint_refinement/AA/pool_3/conformer_1103.pdb,3.9903164703243466,2.295931065924926,3.1674786898382896,1.7805690853920706
AA,outputs/Tau5_joint_refinement/AA/pool_3/conformer_1104.pdb,4.233082573259961,2.4094186728046503,2.2215702616355193,2.342906607041943
AA,outputs/Tau5_joint_refinement/AA/pool_3/conformer_1105.pdb,3.1935752360356404,2.681990370613824,2.3957157368628375,2.1846884422703257
AA,outputs/Tau5_joint_refinement/AA/pool_3/conformer_1106.pdb,3.818623162332125,1.9503261046409008,2.6204486495135555,1.5789526827849694
AA,outputs/Tau5_joint_refinement/AA/pool_3/conformer_1107.pdb,11.934558568601647,2.6260700280180767,9.08164856302038,1.6030926659198925
AA,outputs/Tau5_joint_refinement/AA/pool_3/conformer_1108.pdb,2.956388625549123,2.2928819858746787,1.2511976741817565,1.7094698036147535
AA,outputs/Tau5_joint_refinement/AA/pool_3/conformer_1109.pdb,1.6340018173572075,2.974303433952132,0.626545694642642,1.7822286054002408
AA,outputs/Tau5_joint_refinement/AA/pool_3/conformer_1110.pdb,1.3320940124428853,2.7647848278799203,0.6626872250142605,2.3907294001540285
AA,outputs/Tau5_joint_refinement/AA/pool_3/conformer_1111.pdb,3.290979195995794,4.461888152146808,2.1401199219483225,1.6057582390370386
AA,outputs/Tau5_joint_refinement/AA/pool_3/conformer_1112.pdb,6.721511345985138,2.4223820655288533,5.124478199345059,1.797027290269642
AA,outputs/Tau5_joint_refinement/AA/pool_3/conformer_1113.pdb,3.9114509428917725,3.46977347456784,2.610979940173826,2.3254085138854403
AA,outputs/Tau5_joint_refinement/AA/pool_3/conformer_1114.pdb,1.8262207226447522,3.1457563150587404,1.1355756984030028,1.260941590241956
AA,outputs/Tau5_joint_refinement/AA/pool_3/conformer_1115.pdb,6.697206940853546,3.751591757085232,5.924534357992739,1.8873791692546444
AA,outputs/Tau5_joint_refinement/AA/pool_3/conformer_1116.pdb,2.317568889650797,3.009922788651406,1.4321335078373767,1.6737575843179509
AA,outputs/Tau5_joint_refinement/AA/pool_3/conformer_1117.pdb,5.650027770691833,3.40294495968443,4.996631712452351,1.4334019200001806
AA,outputs/Tau5_joint_refinement/AA/pool_3/conformer_1118.pdb,9.316232281553157,3.8845577198432446,8.322602505154737,2.115190186458039
AA,outputs/Tau5_joint_refinement/AA/pool_3/conformer_1119.pdb,8.44155257380036,2.4570546185188316,5.88934873463216,2.063876594331518
AA,outputs/Tau5_joint_refinement/AA/pool_3/conformer_1120.pdb,3.246212949374938,3.689346042895565,2.1980670005598197,1.4693894968403525
AA,outputs/Tau5_joint_refinement/AA/pool_3/conformer_1121.pdb,5.540330106166442,4.35086010906616,4.532672965911158,1.9878018782485258
AA,outputs/Tau5_joint_refinement/AA/pool_3/conformer_1122.pdb,3.066418962632498,4.338107308262281,2.0065742566500275,1.6326899280778366
AA,outputs/Tau5_joint_refinement/AA/pool_3/conformer_1123.pdb,4.753512901198623,3.3882906189624014,0.6576654223560914,1.7099471842442897
AA,outputs/Tau5_joint_refinement/AA/pool_3/conformer_1124.pdb,7.298831151562892,4.01940677810301,5.858114898010306,2.053877783359176
AA,outputs/Tau5_joint_refinement/AA/pool_3/conformer_1125.pdb,3.3923432042791037,2.943957488324956,2.682921096071256,1.2742376531102642
AA,outputs/Tau5_joint_refinement/AA/pool_3/conformer_1126.pdb,1.5908634861892643,3.3275691403216303,0.8597516125241998,1.7211657014967874
AA,outputs/Tau5_joint_refinement/AA/pool_3/conformer_1127.pdb,1.9761371506780518,3.2585657712350358,1.3471089700468968,2.081544418682518
AA,outputs/Tau5_joint_refinement/AA/pool_3/conformer_1128.pdb,2.5697361423532414,3.357850138784963,0.7523424433296104,1.7141684147741096
AA,outputs/Tau5_joint_refinement/AA/pool_3/conformer_1129.pdb,5.507166135239022,2.9349330214530074,4.49130035831297,1.788202680361568
AA,outputs/Tau5_joint_refinement/AA/pool_3/conformer_1130.pdb,9.131387359559316,3.7632859179369245,8.333342782085928,1.7365545286557797
AA,outputs/Tau5_joint_refinement/AA/pool_3/conformer_1131.pdb,3.4495284333843372,3.418834922156312,2.8366063448379433,1.5498506018469267
AA,outputs/Tau5_joint_refinement/AA/pool_3/conformer_1132.pdb,3.0384346094554586,3.7142670255843284,2.1589409518398233,1.7800336786890352
AA,outputs/Tau5_joint_refinement/AA/pool_3/conformer_1133.pdb,2.6148456386897996,4.48002745721458,1.6678658740306331,2.425227126628887
AA,outputs/Tau5_joint_refinement/AA/pool_3/conformer_1134.pdb,4.1611526676271335,2.8107175412435463,0.9413187895215674,1.6992858845684626
AA,outputs/Tau5_joint_refinement/AA/pool_3/conformer_1135.pdb,3.1261825790892197,3.1837195390491937,2.4041780098171834,2.1319407268502877
AA,outputs/Tau5_joint_refinement/AA/pool_3/conformer_1136.pdb,1.3634926700772791,2.9134464544716816,0.7266976789521061,1.8959006694173601
AA,outputs/Tau5_joint_refinement/AA/pool_3/conformer_1137.pdb,1.953998225502043,3.423003911356284,0.9443348148163688,2.452464270733649
AA,outputs/Tau5_joint_refinement/AA/pool_3/conformer_1138.pdb,5.756454056873757,3.4308464402217047,4.453671300638544,1.930943322171187
AA,outputs/Tau5_joint_refinement/AA/pool_3/conformer_1139.pdb,1.9950873612303033,3.8643171606371087,1.0104902198939416,1.8457040419460522
AA,outputs/Tau5_joint_refinement/AA/pool_3/conformer_1140.pdb,1.8233190093925016,3.3048886734121496,1.1016058244654539,1.8738531587808132
AA,outputs/Tau5_joint_refinement/AA/pool_3/conformer_1141.pdb,1.999150667712024,3.188186120891601,1.2442482305511373,1.6203631228301285
AA,outputs/Tau5_joint_refinement/AA/pool_3/conformer_1142.pdb,6.717078016022306,4.065086710155387,2.242668631675278,1.8864790182771376
AA,outputs/Tau5_joint_refinement/AA/pool_3/conformer_1143.pdb,12.926538185538199,2.774760052616412,6.676945135574666,1.8347678914234893
AA,outputs/Tau5_joint_refinement/AA/pool_3/conformer_1144.pdb,7.617229263050767,4.701501256885489,6.87195984325569,2.1494131320692778
AA,outputs/Tau5_joint_refinement/AA/pool_3/conformer_1145.pdb,3.1123953697034104,3.1667801455757076,0.7517622427563369,1.8534875532418127
AA,outputs/Tau5_joint_refinement/AA/pool_3/conformer_1146.pdb,1.5078124309330032,3.9902116463735178,0.8487641862315022,2.5411743275007175
AA,outputs/Tau5_joint_refinement/AA/pool_3/conformer_1147.pdb,2.193567424471456,4.122403215573849,1.4492164082121812,1.4828821531714904
AA,outputs/Tau5_joint_refinement/AA/pool_3/conformer_1148.pdb,6.9688190788908795,2.2142451233049747,2.313857861718428,1.6082768022244622
AA,outputs/Tau5_joint_refinement/AA/pool_3/conformer_1149.pdb,2.887121808046895,4.072692837755404,1.4720900774194903,1.5515675334515637
AA,outputs/Tau5_joint_refinement/AA/pool_3/conformer_1150.pdb,5.047245173584995,3.7017813972937406,4.019132620421951,2.026572685912123
AA,outputs/Tau5_joint_refinement/AA/pool_3/conformer_1151.pdb,4.220917232639961,3.724790322749259,3.6461999561614427,1.3986309437554845
AA,outputs/Tau5_joint_refinement/AA/pool_3/conformer_1152.pdb,3.3195988208596203,3.0674325593205567,2.371129208955016,1.7516248028825527
AA,outputs/Tau5_joint_refinement/AA/pool_3/conformer_1153.pdb,5.711601843549443,2.8640776081366686,2.7870016376892495,1.682612627817282
AA,outputs/Tau5_joint_refinement/AA/pool_3/conformer_1154.pdb,2.7055437263926785,3.592963986285287,1.7574040637416943,1.763506274162777
AA,outputs/Tau5_joint_refinement/AA/pool_3/conformer_1155.pdb,5.448983854839051,3.956157156953962,0.6757075271272875,1.2849313005289744
AA,outputs/Tau5_joint_refinement/AA/pool_3/conformer_1156.pdb,1.816852423352262,4.439123338973602,0.7343324544105484,1.886076992385347
AA,outputs/Tau5_joint_refinement/AA/pool_3/conformer_1157.pdb,10.513555112673606,2.84211739000694,9.895755167481841,1.946865395650631
AA,outputs/Tau5_joint_refinement/AA/pool_3/conformer_1158.pdb,5.278597143754863,2.3253870888806105,4.392720988539465,1.8077376865316384
AA,outputs/Tau5_joint_refinement/AA/pool_3/conformer_1159.pdb,4.572338688824928,2.9410767348078113,3.8232347958622825,1.590219003638945
AA,outputs/Tau5_joint_refinement/AA/pool_3/conformer_1160.pdb,10.453821252724788,2.8225914550415565,8.692564627615058,1.6799467737578588
AA,outputs/Tau5_joint_refinement/AA/pool_3/conformer_1161.pdb,5.060046200113087,2.3894235228290133,3.9348045632879285,1.4967046079652673
AA,outputs/Tau5_joint_refinement/AA/pool_3/conformer_1162.pdb,4.89378682706442,4.478352422760999,3.8436331569290085,2.1224737412605514
AA,outputs/Tau5_joint_refinement/AA/pool_3/conformer_1163.pdb,4.2351953679256065,3.5596794456893437,1.8404516130710713,2.44657902247491
AA,outputs/Tau5_joint_refinement/AA/pool_3/conformer_1164.pdb,2.3749474966250284,3.7059497448913707,1.5841134816925564,1.3966513821056974
AA,outputs/Tau5_joint_refinement/AA/pool_3/conformer_1165.pdb,2.3656523257886057,2.5690550885078727,1.2843381085047596,2.1915848711183994
AA,outputs/Tau5_joint_refinement/AA/pool_3/conformer_1166.pdb,1.627282961126794,3.6242630791023496,0.9497176823012162,1.9388401346606805
AA,outputs/Tau5_joint_refinement/AA/pool_3/conformer_1167.pdb,3.7972716092358447,3.429791967653412,2.139571517600217,1.4626348905731092
AA,outputs/Tau5_joint_refinement/AA/pool_3/conformer_1168.pdb,10.417111056718001,4.143941149040166,8.274971201975596,2.22310225465578
AA,outputs/Tau5_joint_refinement/AA/pool_3/conformer_1169.pdb,4.512062575542802,3.2026462164571816,3.5580000441248036,2.0486939793901415
AA,outputs/Tau5_joint_refinement/AA/pool_3/conformer_1170.pdb,6.826440121482361,2.7936116096320247,5.837321108127639,1.9166451872796368
AA,outputs/Tau5_joint_refinement/AA/pool_3/conformer_1171.pdb,6.967316051765423,2.534624988759843,6.238888549096426,1.4630120392650359
AA,outputs/Tau5_joint_refinement/AA/pool_3/conformer_1172.pdb,1.8257389240591608,3.8747914801155035,0.6459203602326639,1.939593644882149
AA,outputs/Tau5_joint_refinement/AA/pool_3/conformer_1173.pdb,2.7091234088886202,3.1799045253426157,1.900183090955638,1.6580569482821785
AA,outputs/Tau5_joint_refinement/AA/pool_3/conformer_1174.pdb,3.078768441711165,3.153568791194483,2.214108592529379,2.699755177618601
AA,outputs/Tau5_joint_refinement/AA/pool_3/conformer_1175.pdb,13.696094028914864,2.4674505455201126,12.701129765932912,1.6976806997518552
AA,outputs/Tau5_joint_refinement/AA/pool_3/conformer_1176.pdb,4.730048760783069,3.749137016269544,2.301827808399412,2.248118057289723
AA,outputs/Tau5_joint_refinement/AA/pool_3/conformer_1177.pdb,7.238302770699377,3.340781025208069,6.562838188631155,2.1908206170330833
AA,outputs/Tau5_joint_refinement/AA/pool_3/conformer_1178.pdb,6.032084580180985,2.5890028711588466,5.096424006486157,1.976198375016307
AA,outputs/Tau5_joint_refinement/AA/pool_3/conformer_1179.pdb,5.1644286994457484,2.371536598508502,4.328833598883031,1.8332043701088259
AA,outputs/Tau5_joint_refinement/AA/pool_3/conformer_1180.pdb,6.639478818583673,3.2692058861384825,4.5312913711011005,1.9794395989624662
AA,outputs/Tau5_joint_refinement/AA/pool_3/conformer_1181.pdb,2.4288572338389245,3.721005148493426,1.0730201472871246,1.5453235365353604
AA,outputs/Tau5_joint_refinement/AA/pool_3/conformer_1182.pdb,2.5084513634458157,3.7041645266341776,0.7983605647363211,2.2250699610969873
AA,outputs/Tau5_joint_refinement/AA/pool_3/conformer_1183.pdb,3.7322925456867275,3.9604277150858516,3.0407488222910435,2.3962406675813392
AA,outputs/Tau5_joint_refinement/AA/pool_3/conformer_1184.pdb,5.543753802313336,3.235470978746221,4.432493965328805,1.6912002234999257
AA,outputs/Tau5_joint_refinement/AA/pool_3/conformer_1185.pdb,2.1089951515792884,2.955643112362209,1.108223432534569,1.6235386214258902
AA,outputs/Tau5_joint_refinement/AA/pool_3/conformer_1186.pdb,2.9431780782818047,2.5745314620647215,2.104730425095677,1.7914802384288593
AA,outputs/Tau5_joint_refinement/AA/pool_3/conformer_1187.pdb,1.425411727650262,2.464562205175005,0.4974822207042984,1.607726727599487
AA,outputs/Tau5_joint_refinement/AA/pool_3/conformer_1188.pdb,5.309115493476633,2.671300809651051,4.153140104658153,1.6348937308990175
AA,outputs/Tau5_joint_refinement/AA/pool_3/conformer_1189.pdb,4.203065011299323,2.393232005299731,2.676734141930614,1.4918599347900887
AA,outputs/Tau5_joint_refinement/AA/pool_3/conformer_1190.pdb,1.3440310704635985,2.615492471089203,0.6429269411912975,1.6427689756922035
AA,outputs/Tau5_joint_refinement/AA/pool_3/conformer_1191.pdb,5.474251035333769,3.6557802144176796,4.875397158908105,1.5243951102285287
AA,outputs/Tau5_joint_refinement/AA/pool_3/conformer_1192.pdb,1.7871353456566113,4.170505273311384,1.0268814074510062,2.3537363246443417
AA,outputs/Tau5_joint_refinement/AA/pool_3/conformer_1193.pdb,4.807053102011366,3.4828186043087923,3.943825229778994,1.7566330032569062
AA,outputs/Tau5_joint_refinement/AA/pool_3/conformer_1194.pdb,2.6133006383286346,2.197950498356682,1.7299867161648377,1.8997369959065575
AA,outputs/Tau5_joint_refinement/AA/pool_3/conformer_1195.pdb,10.147962850230725,3.925452156465722,9.197736216662328,2.043046818303324
AA,outputs/Tau5_joint_refinement/AA/pool_3/conformer_1196.pdb,9.865698722561493,3.598764266162723,8.950916976759592,1.9805470381251749
AA,outputs/Tau5_joint_refinement/AA/pool_3/conformer_1197.pdb,1.9818218220662005,4.613203073179906,1.3420089869915168,2.534865968545814
AA,outputs/Tau5_joint_refinement/AA/pool_3/conformer_1198.pdb,7.250001408278006,3.5374191847719096,6.525261400147783,2.2689912520644837
AA,outputs/Tau5_joint_refinement/AA/pool_3/conformer_1199.pdb,1.415051632982413,2.6379427268831996,0.6158634997618962,2.2819707463255217
AA,outputs/Tau5_joint_refinement/AA/pool_3/conformer_1200.pdb,3.4775069125039395,3.0469234775606715,1.791895397114225,1.5331505800985035
AA,outputs/Tau5_joint_refinement/AA/pool_3/conformer_1201.pdb,4.212633000143545,3.5825583963642127,1.5337945877879573,1.573025210377779
AA,outputs/Tau5_joint_refinement/AA/pool_3/conformer_1202.pdb,3.7361394441913847,3.510346278328041,2.82114257232798,2.4934545074220917
AA,outputs/Tau5_joint_refinement/AA/pool_3/conformer_1203.pdb,6.702230629848118,3.0173653723326384,6.162983608980348,1.6927222422280468
AA,outputs/Tau5_joint_refinement/AA/pool_3/conformer_1204.pdb,3.2334707892393784,4.035684086362662,0.7633441308640291,2.049542176942686
AA,outputs/Tau5_joint_refinement/AA/pool_3/conformer_1205.pdb,2.077786296449124,3.225598124176395,1.1351073912726821,2.080770676058672
AA,outputs/Tau5_joint_refinement/AA/pool_3/conformer_1206.pdb,3.1548500701057374,3.0623932792803163,2.0627335701706526,1.9626158920561292
AA,outputs/Tau5_joint_refinement/AA/pool_3/conformer_1207.pdb,5.129540266147941,4.389141102373023,4.184685793727632,1.944309537810313
AA,outputs/Tau5_joint_refinement/AA/pool_3/conformer_1208.pdb,6.207486647923959,3.162415234249919,5.407019123200759,1.5103032581837612
AA,outputs/Tau5_joint_refinement/AA/pool_3/conformer_1209.pdb,7.315164944177832,2.5229756571273025,6.554664611029712,1.6453729445861653
AA,outputs/Tau5_joint_refinement/AA/pool_3/conformer_1210.pdb,1.9853215851693844,3.634176830770201,0.8153530766781619,2.185176512260584
AA,outputs/Tau5_joint_refinement/AA/pool_3/conformer_1211.pdb,6.540814052357349,3.923651069812171,5.75115159885967,2.3159764614114415
AA,outputs/Tau5_joint_refinement/AA/pool_3/conformer_1212.pdb,2.849561023612673,2.0913998666772216,1.0270593123361211,1.5415583653773202
AA,outputs/Tau5_joint_refinement/AA/pool_3/conformer_1213.pdb,1.382774290506786,2.450177138437449,0.6755400045820862,2.6167347722697483
AA,outputs/Tau5_joint_refinement/AA/pool_3/conformer_1214.pdb,4.399515232396027,3.079506220004633,3.6448066403968635,1.4815330602486378
AA,outputs/Tau5_joint_refinement/AA/pool_3/conformer_1215.pdb,6.020049998876476,3.36164373095072,5.405703999308067,1.4613816916564084
AA,outputs/Tau5_joint_refinement/AA/pool_3/conformer_1216.pdb,7.037153646104331,3.7529053318449526,1.0157305788910416,2.1153320786597587
AA,outputs/Tau5_joint_refinement/AA/pool_3/conformer_1217.pdb,1.5804617648311412,3.112730562185537,0.8719852728002269,1.5152761658473601
AA,outputs/Tau5_joint_refinement/AA/pool_3/conformer_1218.pdb,6.289777651913888,2.384602921752936,5.01075981209033,1.9796639267510696
AA,outputs/Tau5_joint_refinement/AA/pool_3/conformer_1219.pdb,5.226919992113184,3.924237097898244,4.08887192239934,2.030639057569541
AA,outputs/Tau5_joint_refinement/AA/pool_3/conformer_1220.pdb,1.4610894350466006,4.221559709176334,0.7759799854787637,1.959752049785643
AA,outputs/Tau5_joint_refinement/AA/pool_3/conformer_1221.pdb,1.3822514209127967,4.245759179662477,0.5119091641783737,1.7366659921767602
AA,outputs/Tau5_joint_refinement/AA/pool_3/conformer_1222.pdb,1.937416114333778,3.658233997168332,0.7615045919443759,2.184217784655086
AA,outputs/Tau5_joint_refinement/AA/pool_3/conformer_1223.pdb,3.826002408006943,2.8426920797550483,3.096467973516214,1.3326477667677405
AA,outputs/Tau5_joint_refinement/AA/pool_3/conformer_1224.pdb,2.5114120703667675,4.137477517231798,0.47620767828879423,1.876747378063505
AA,outputs/Tau5_joint_refinement/AA/pool_3/conformer_1225.pdb,2.5399900015718457,3.5412871773818186,1.7522137881194577,2.5119347111100367
AA,outputs/Tau5_joint_refinement/AA/pool_3/conformer_1226.pdb,1.8595409018813318,3.818711216164118,0.7411470189605662,2.0151721529781006
AA,outputs/Tau5_joint_refinement/AA/pool_3/conformer_1227.pdb,1.9398334037095708,3.9874721780420024,1.342736675487011,1.902540461818991
AA,outputs/Tau5_joint_refinement/AA/pool_3/conformer_1228.pdb,5.682455120578063,4.280401258730583,3.625640331183305,2.118816867795286
AA,outputs/Tau5_joint_refinement/AA/pool_3/conformer_1229.pdb,2.870349476895969,2.5221771518002445,1.9350564773797507,1.8042813708901388
AA,outputs/Tau5_joint_refinement/AA/pool_3/conformer_1230.pdb,7.006369672927401,2.8948877784964644,6.32122765066778,1.8223521895466683
AA,outputs/Tau5_joint_refinement/AA/pool_3/conformer_1231.pdb,4.117143707340062,2.6652284521893654,3.451695542171731,2.1317324707334495
AA,outputs/Tau5_joint_refinement/AA/pool_3/conformer_1232.pdb,4.00377279608503,4.013399412192983,2.602406979709001,2.1201563139029758
AA,outputs/Tau5_joint_refinement/AA/pool_3/conformer_1233.pdb,2.0384360259248546,4.00398764746185,1.4243926346785043,1.472874990769519
AA,outputs/Tau5_joint_refinement/AA/pool_3/conformer_1234.pdb,5.7739637249394296,3.135246844677974,4.927131350006956,1.2788687810541683
AA,outputs/Tau5_joint_refinement/AA/pool_3/conformer_1235.pdb,3.5048736854140956,5.238212981775594,1.1944467370702527,2.5432270472119236
AA,outputs/Tau5_joint_refinement/AA/pool_3/conformer_1236.pdb,5.378423551962341,3.315939811728322,2.7156599044238776,1.8847564726025534
AA,outputs/Tau5_joint_refinement/AA/pool_3/conformer_1237.pdb,6.479756894629151,5.0040166374431285,5.666249310186802,2.399513071405061
AA,outputs/Tau5_joint_refinement/AA/pool_3/conformer_1238.pdb,1.8675032891527579,2.8307127834289467,1.0084609179921658,1.676131626668112
AA,outputs/Tau5_joint_refinement/AA/pool_3/conformer_1239.pdb,4.227413552950841,3.3686651472144926,3.183191016959911,1.859848744451688
AA,outputs/Tau5_joint_refinement/AA/pool_3/conformer_1240.pdb,5.271667022394968,3.3381762579318877,2.6344214899012814,1.6858798904789076
AA,outputs/Tau5_joint_refinement/AA/pool_3/conformer_1241.pdb,2.233892943980682,2.4656187042316464,1.0793348796435833,1.6603109639383378
AA,outputs/Tau5_joint_refinement/AA/pool_3/conformer_1242.pdb,5.183958417328186,3.3441912376813505,4.317063340627724,2.493103742299159
AA,outputs/Tau5_joint_refinement/AA/pool_3/conformer_1243.pdb,8.374529852900658,2.840160154189152,7.036262433110271,1.5120138272962151
AA,outputs/Tau5_joint_refinement/AA/pool_3/conformer_1244.pdb,7.111166613689533,2.8913729702961235,6.354523547629321,1.9671041352811443
AA,outputs/Tau5_joint_refinement/AA/pool_3/conformer_1245.pdb,5.923538960801108,3.691164406867714,3.4291608488109193,2.0705703594256994
AA,outputs/Tau5_joint_refinement/AA/pool_3/conformer_1246.pdb,7.072195528605438,3.3489229121522337,4.6210939019188775,1.7960592424344426
AA,outputs/Tau5_joint_refinement/AA/pool_3/conformer_1247.pdb,2.1191704592239606,3.465123063006445,0.8760259452155016,2.1802751775207208
AA,outputs/Tau5_joint_refinement/AA/pool_3/conformer_1248.pdb,3.2990878801788246,4.471634233539589,2.2983061012209003,1.3020546059093567
AA,outputs/Tau5_joint_refinement/AA/pool_3/conformer_1249.pdb,1.7794481197357401,5.567500307264061,1.1199169581639665,2.3013778082503964
AA,outputs/Tau5_joint_refinement/AA/pool_3/conformer_1250.pdb,3.853935051290331,3.3667820508440127,2.860511467020828,1.2370707024526566
AA,outputs/Tau5_joint_refinement/AA/pool_3/conformer_1251.pdb,1.4727873511163525,4.34369520406445,0.6032113706494209,2.127770360633984
AA,outputs/Tau5_joint_refinement/AA/pool_3/conformer_1252.pdb,6.936168330741203,3.7094310592100164,5.802120218800724,2.0388650846149967
AA,outputs/Tau5_joint_refinement/AA/pool_3/conformer_1253.pdb,2.8839264738739576,3.4776617620390584,0.5466138041826222,2.1015583791105943
AA,outputs/Tau5_joint_refinement/AA/pool_3/conformer_1254.pdb,4.217776516518133,3.2892248748355297,3.4967061813475198,2.193392369913066
AA,outputs/Tau5_joint_refinement/AA/pool_3/conformer_1255.pdb,2.2515439153065806,3.6134504011003803,1.1434367783857673,2.289924324697478
AA,outputs/Tau5_joint_refinement/AA/pool_3/conformer_1256.pdb,13.018669400537771,2.2492217335969173,7.412920613659771,2.1588377906745366
AA,outputs/Tau5_joint_refinement/AA/pool_3/conformer_1257.pdb,1.644191939397528,3.3284523021763723,0.6308667844008677,2.066321298952277
AA,outputs/Tau5_joint_refinement/AA/pool_3/conformer_1258.pdb,6.4843229780343865,2.123430480363019,5.428502189799844,1.312301878227039
AA,outputs/Tau5_joint_refinement/AA/pool_3/conformer_1259.pdb,8.35792302282301,3.9094086162170463,6.611800445241373,1.841208261502692
AA,outputs/Tau5_joint_refinement/AA/pool_3/conformer_1260.pdb,9.307622614735779,4.552988153226498,6.751495730469279,1.6383542971931855
AA,outputs/Tau5_joint_refinement/AA/pool_3/conformer_1261.pdb,6.607074221819993,3.2765416533703386,4.324174270335227,2.0226490572981657
AA,outputs/Tau5_joint_refinement/AA/pool_3/conformer_1262.pdb,3.745310614199812,3.9254678738140036,3.1163967605824086,1.6169709098497669
AA,outputs/Tau5_joint_refinement/AA/pool_3/conformer_1263.pdb,8.507465107506183,2.958727105219945,6.63899254703817,1.885292884938402
AA,outputs/Tau5_joint_refinement/AA/pool_3/conformer_1264.pdb,1.527141616294104,2.716331088990565,0.8014668900371159,2.1508352546851555
AA,outputs/Tau5_joint_refinement/AA/pool_3/conformer_1265.pdb,5.939354173599929,2.98025907439817,4.8762247303711,1.7139840152180041
AA,outputs/Tau5_joint_refinement/AA/pool_3/conformer_1266.pdb,6.029025685727676,2.395292001042386,1.9457584303305548,1.7325032703231715
AA,outputs/Tau5_joint_refinement/AA/pool_3/conformer_1267.pdb,1.5024056203643967,2.398296471162888,0.7844017617704762,1.6397289052776174
AA,outputs/Tau5_joint_refinement/AA/pool_3/conformer_1268.pdb,1.54354264529295,1.9974320399784917,0.8458028025570501,1.533362198127801
AA,outputs/Tau5_joint_refinement/AA/pool_3/conformer_1269.pdb,5.6491508450671395,3.6696269162494572,4.4653391587785976,1.6373065659829384
AA,outputs/Tau5_joint_refinement/AA/pool_3/conformer_1270.pdb,7.6548682585443855,3.305764289449147,3.8804851456717846,1.9128689420704252
AA,outputs/Tau5_joint_refinement/AA/pool_3/conformer_1271.pdb,6.085899271716029,2.99886046020563,4.744243136192402,2.0970725379915245
AA,outputs/Tau5_joint_refinement/AA/pool_3/conformer_1272.pdb,5.259590018962866,2.9944189098133744,4.57845911855221,1.6033960031063517
AA,outputs/Tau5_joint_refinement/AA/pool_3/conformer_1273.pdb,5.527943828248958,3.723409635488408,2.238729970344198,2.0759239844202386
AA,outputs/Tau5_joint_refinement/AA/pool_3/conformer_1274.pdb,2.686705157592173,2.171514250346435,0.5538364632976576,1.6440869766408963
AA,outputs/Tau5_joint_refinement/AA/pool_3/conformer_1275.pdb,8.283293764347638,2.949633626988109,6.848099677278569,1.4985657981592357
AA,outputs/Tau5_joint_refinement/AA/pool_3/conformer_1276.pdb,2.1301466675162075,4.325837755767822,0.9821771041130339,2.154082252626625
AA,outputs/Tau5_joint_refinement/AA/pool_3/conformer_1277.pdb,2.374717030071385,4.661109855439028,1.3107237046173426,1.893649829880886
AA,outputs/Tau5_joint_refinement/AA/pool_3/conformer_1278.pdb,10.67837126845012,2.958111116915916,10.140169747507972,1.3008926366690174
AA,outputs/Tau5_joint_refinement/AA/pool_3/conformer_1279.pdb,7.3370637660499725,3.8567671094262463,2.19953249787054,2.3279225943079136
AA,outputs/Tau5_joint_refinement/AA/pool_3/conformer_1280.pdb,3.440693895351606,2.642782508315362,1.222257517750097,1.638787110041334
AA,outputs/Tau5_joint_refinement/AA/pool_3/conformer_1281.pdb,1.737041259440454,2.691357501853154,1.0363844604822992,1.5198620148897881
AA,outputs/Tau5_joint_refinement/AA/pool_3/conformer_1282.pdb,6.9481141736917476,4.1718645915810235,6.15094054507128,1.4793848610793234
AA,outputs/Tau5_joint_refinement/AA/pool_3/conformer_1283.pdb,5.437696829369364,3.2998118120491187,4.374555487427576,1.57955539885288
AA,outputs/Tau5_joint_refinement/AA/pool_3/conformer_1284.pdb,3.022889157848542,3.2105816958680644,1.458176700621766,1.652391873784903
AA,outputs/Tau5_joint_refinement/AA/pool_3/conformer_1285.pdb,1.894255657248826,3.3022502179150717,0.595142184175369,1.3844074741941377
AA,outputs/Tau5_joint_refinement/AA/pool_3/conformer_1286.pdb,1.248490508574571,3.3093850420986026,0.6706160763587186,2.4574926125004444
AA,outputs/Tau5_joint_refinement/AA/pool_3/conformer_1287.pdb,8.309844248899516,4.120894603215052,5.616244101901045,1.9521579205272548
AA,outputs/Tau5_joint_refinement/AA/pool_3/conformer_1288.pdb,4.8555381239002005,4.578047179212913,3.703192845847163,1.421314221793585
AA,outputs/Tau5_joint_refinement/AA/pool_3/conformer_1289.pdb,7.561121630960583,3.7465984768022693,1.0196227452778677,1.6254178690334418
AA,outputs/Tau5_joint_refinement/AA/pool_3/conformer_1290.pdb,1.903319980053493,3.3752942302081443,1.0371057678737632,1.9339316647135925
AA,outputs/Tau5_joint_refinement/AA/pool_3/conformer_1291.pdb,11.28058146405643,3.2076841601578825,10.28409210814632,2.308988099306525
AA,outputs/Tau5_joint_refinement/AA/pool_3/conformer_1292.pdb,2.266357480837081,2.975432808799279,1.1367420257345482,2.1341149786656715
AA,outputs/Tau5_joint_refinement/AA/pool_3/conformer_1293.pdb,1.862573524590026,4.466124759320231,1.2345096614269022,2.6667416265021124
AA,outputs/Tau5_joint_refinement/AA/pool_3/conformer_1294.pdb,3.795261363754811,3.4403595309489052,2.2883269575346104,1.5298046432538523
AA,outputs/Tau5_joint_refinement/AA/pool_3/conformer_1295.pdb,2.0697274763964777,3.0444232270366314,1.20626541594446,1.4907293112071327
AA,outputs/Tau5_joint_refinement/AA/pool_3/conformer_1296.pdb,3.0010580526372004,2.9529830196353757,0.9573065971439416,1.9006133355982961
AA,outputs/Tau5_joint_refinement/AA/pool_3/conformer_1297.pdb,3.2705668196024624,4.191719622056068,2.526742414160087,1.8932728642388055
AA,outputs/Tau5_joint_refinement/AA/pool_3/conformer_1298.pdb,3.013725837489077,3.8481211782175633,1.0018081823089342,1.8106366823034745
AA,outputs/Tau5_joint_refinement/AA/pool_3/conformer_1299.pdb,2.7772440850677875,2.3158476251392695,1.5052969846534527,2.1540642379395933
AA,outputs/Tau5_joint_refinement/AA/pool_3/conformer_1300.pdb,5.1665923843991735,3.768007429345394,4.484176598088348,1.7943836501543717
AA,outputs/Tau5_joint_refinement/AA/pool_3/conformer_1301.pdb,2.8681903316442487,2.1789211509628323,2.0086097101069655,1.1976364313192407
AA,outputs/Tau5_joint_refinement/AA/pool_3/conformer_1302.pdb,5.745844121144906,2.9360865197777866,2.0445681248773444,1.5848447687677685
AA,outputs/Tau5_joint_refinement/AA/pool_3/conformer_1303.pdb,1.6182436888978182,3.9931422807230295,0.5970736708101321,2.1078806264046817
AA,outputs/Tau5_joint_refinement/AA/pool_3/conformer_1304.pdb,6.614016994797703,3.312960934494625,5.850308354620472,1.6115075837263457
AA,outputs/Tau5_joint_refinement/AA/pool_3/conformer_1305.pdb,4.504790053476329,2.9765689743242505,2.6735731303571564,2.0817195432458004
AA,outputs/Tau5_joint_refinement/AA/pool_3/conformer_1306.pdb,3.211255626080538,3.5783359879448895,2.4175590601783337,2.03935924797997
AA,outputs/Tau5_joint_refinement/AA/pool_3/conformer_1307.pdb,5.306958894201192,3.6044781396451637,2.7285030944021225,1.8364594327000001
AA,outputs/Tau5_joint_refinement/AA/pool_3/conformer_1308.pdb,6.371698552659017,3.956713717374436,5.59305586988112,2.154009578074393
AA,outputs/Tau5_joint_refinement/AA/pool_3/conformer_1309.pdb,2.822337254530234,2.45109263498898,0.5521646516851211,2.464813736196352
AA,outputs/Tau5_joint_refinement/AA/pool_3/conformer_1310.pdb,1.241917582336756,3.2388269150168396,0.6298286991948099,1.7894538616306863
AA,outputs/Tau5_joint_refinement/AA/pool_3/conformer_1311.pdb,2.2224937860112512,3.9376427546747257,1.2306847640806697,2.0312258740435367
AA,outputs/Tau5_joint_refinement/AA/pool_3/conformer_1312.pdb,2.0461032082386734,4.27059960679102,1.0701679357926277,2.6962523435080126
AA,outputs/Tau5_joint_refinement/AA/pool_3/conformer_1313.pdb,10.649832536301208,3.136240338854744,9.90115787224959,1.6907733623592254
AA,outputs/Tau5_joint_refinement/AA/pool_3/conformer_1314.pdb,4.566271935673655,2.9948184868832666,3.4565600406140367,1.405659454413666
AA,outputs/Tau5_joint_refinement/AA/pool_3/conformer_1315.pdb,5.1942332892962,3.786315141191403,4.345888612599095,2.3043608538904237
AA,outputs/Tau5_joint_refinement/AA/pool_3/conformer_1316.pdb,4.134281383100262,3.120051398777462,3.169420509660929,1.5258175583924587
AA,outputs/Tau5_joint_refinement/AA/pool_3/conformer_1317.pdb,6.959491384139529,2.941412896663377,5.9255136695454205,2.2275906535106
AA,outputs/Tau5_joint_refinement/AA/pool_3/conformer_1318.pdb,3.2252689771784793,1.7888548161989544,2.5646304370996145,1.664930400306127
AA,outputs/Tau5_joint_refinement/AA/pool_3/conformer_1319.pdb,4.260568803052272,4.0356617735994265,3.6169826142664205,1.6592653262249832
AA,outputs/Tau5_joint_refinement/AA/pool_3/conformer_1320.pdb,2.784436323235136,3.4410394450803103,1.9789145081179866,2.5036983104056407
AA,outputs/Tau5_joint_refinement/AA/pool_3/conformer_1321.pdb,4.182460697046292,2.8421623382816343,3.5289440502810665,1.6146640139770643
AA,outputs/Tau5_joint_refinement/AA/pool_3/conformer_1322.pdb,1.8602812609390815,2.58565296178338,1.2668251441131895,2.5869162237132537
AA,outputs/Tau5_joint_refinement/AA/pool_3/conformer_1323.pdb,1.9204419894389415,2.873323919977692,0.8547613798750245,2.011159027436267
AA,outputs/Tau5_joint_refinement/AA/pool_3/conformer_1324.pdb,4.546580908584453,4.766934110870992,0.5648016037818714,2.807398227819334
AA,outputs/Tau5_joint_refinement/AA/pool_3/conformer_1325.pdb,1.5151081417635894,2.9541783650287887,0.7436400781091415,2.023494894282538
AA,outputs/Tau5_joint_refinement/AA/pool_3/conformer_1326.pdb,3.5733372611424215,2.9184930498340855,2.86205808520272,1.8489366872519455
AA,outputs/Tau5_joint_refinement/AA/pool_3/conformer_1327.pdb,5.2799586427344645,2.68374630850688,4.648141377969157,2.0939659273755065
AA,outputs/Tau5_joint_refinement/AA/pool_3/conformer_1328.pdb,3.1577431742128668,3.388426558849705,0.9611700016640963,1.649162931346165
AA,outputs/Tau5_joint_refinement/AA/pool_3/conformer_1329.pdb,2.3226655597221133,2.9207379586021482,1.026080749650929,1.526485511688457
AA,outputs/Tau5_joint_refinement/AA/pool_3/conformer_1330.pdb,1.6088485194571838,3.1426312857687204,0.6183145359226293,1.86885475082328
AA,outputs/Tau5_joint_refinement/AA/pool_3/conformer_1331.pdb,1.435513771586624,3.7895181961341664,0.7105374607137379,2.2574853063719664
AA,outputs/Tau5_joint_refinement/AA/pool_3/conformer_1332.pdb,8.392207061785877,2.8102163838265346,7.005311099187991,1.8521620080453427
AA,outputs/Tau5_joint_refinement/AA/pool_3/conformer_1333.pdb,8.10321188553381,3.800458904953673,7.337234488656918,1.88502554106113
AA,outputs/Tau5_joint_refinement/AA/pool_3/conformer_1334.pdb,3.9567766020364132,1.8930047970407904,2.4742324762878583,1.6185635417699273
AA,outputs/Tau5_joint_refinement/AA/pool_3/conformer_1335.pdb,4.2105521971346285,3.1007707916377196,3.4770986360290537,1.529198154427289
AA,outputs/Tau5_joint_refinement/AA/pool_3/conformer_1336.pdb,1.9776845953313626,4.260854647613584,1.0692948427917992,2.2967193932317485
AA,outputs/Tau5_joint_refinement/AA/pool_3/conformer_1337.pdb,1.596327075303727,3.5250242290194698,0.6492397041095143,1.99162007711373
AA,outputs/Tau5_joint_refinement/AA/pool_3/conformer_1338.pdb,2.9721668619050337,3.2265035304523577,2.142682730092866,1.3695485685835256
AA,outputs/Tau5_joint_refinement/AA/pool_3/conformer_1339.pdb,1.4245231011459496,2.335218430197787,0.5627183754226802,2.0542673953110726
AA,outputs/Tau5_joint_refinement/AA/pool_3/conformer_1340.pdb,1.245768369930783,1.9534251963529414,0.6390459492678788,1.7567246413835416
AA,outputs/Tau5_joint_refinement/AA/pool_3/conformer_1341.pdb,2.8199183936316627,2.553493018224007,0.5725854324966263,1.8604217962044869
AA,outputs/Tau5_joint_refinement/AA/pool_3/conformer_1342.pdb,10.296835810666343,3.6998870886043043,7.515182265667067,1.6926988417358166
AA,outputs/Tau5_joint_refinement/AA/pool_3/conformer_1343.pdb,2.1175546772161797,2.9420107703422373,0.8956548880150026,1.6520649867378023
AA,outputs/Tau5_joint_refinement/AA/pool_3/conformer_1344.pdb,1.914805655409162,4.829711116150033,0.6847590970558362,2.356778431662649
AA,outputs/Tau5_joint_refinement/AA/pool_3/conformer_1345.pdb,4.094093686981195,2.6652589094080836,2.0778346579698104,1.7883638923462148
AA,outputs/Tau5_joint_refinement/AA/pool_3/conformer_1346.pdb,2.206201942231913,3.6155683017234073,0.8713154495168047,1.8147086269061492
AA,outputs/Tau5_joint_refinement/AA/pool_3/conformer_1347.pdb,5.14489389483889,2.285422823482895,3.6646184955220082,2.038598287576308
AA,outputs/Tau5_joint_refinement/AA/pool_3/conformer_1348.pdb,4.160589709110591,2.391581485988055,3.3794535263991774,1.7828355632726318
AA,outputs/Tau5_joint_refinement/AA/pool_3/conformer_1349.pdb,1.9304098788084814,3.1594681155847306,0.6690945809859906,2.1547001424944696
AA,outputs/Tau5_joint_refinement/AA/pool_3/conformer_1350.pdb,3.5821109971599046,3.8729234490457913,2.5671980601534616,2.3670160606289747
AA,outputs/Tau5_joint_refinement/AA/pool_3/conformer_1351.pdb,3.4668597606171563,3.423745317176425,2.800980698400035,2.319537235988901
AA,outputs/Tau5_joint_refinement/AA/pool_3/conformer_1352.pdb,4.429172391929925,3.885160564474513,3.3848286998549444,1.8013208480654919
AA,outputs/Tau5_joint_refinement/AA/pool_3/conformer_1353.pdb,2.681202224781248,3.0970690399596177,1.9266034959396192,1.8919264612404227
AA,outputs/Tau5_joint_refinement/AA/pool_3/conformer_1354.pdb,7.855152086509427,3.318049897445515,5.436125454852248,1.9577153484894316
AA,outputs/Tau5_joint_refinement/AA/pool_3/conformer_1355.pdb,5.918188208531517,2.521379034736139,5.263992113390319,1.6799657007505664
AA,outputs/Tau5_joint_refinement/AA/pool_3/conformer_1356.pdb,5.781256061995294,3.02381144501278,5.087397322720068,1.8387656267267691
AA,outputs/Tau5_joint_refinement/AA/pool_3/conformer_1357.pdb,9.156118732710919,4.180386371757483,8.302949618525924,2.2921896404724085
AA,outputs/Tau5_joint_refinement/AA/pool_3/conformer_1358.pdb,6.585360743732879,3.3980422050599595,2.0418305087320507,2.3333440167713544
AA,outputs/Tau5_joint_refinement/AA/pool_3/conformer_1359.pdb,4.609371601546779,2.555435021720454,2.417437829161272,2.241977559693594
AA,outputs/Tau5_joint_refinement/AA/pool_3/conformer_1360.pdb,2.0400655272884025,4.583361595030594,1.2515432899378505,2.452678197300273
AA,outputs/Tau5_joint_refinement/AA/pool_3/conformer_1361.pdb,1.8416164014926115,2.4690881761720256,1.22560515607112,1.6425527562175615
AA,outputs/Tau5_joint_refinement/AA/pool_3/conformer_1362.pdb,3.065123206288296,2.7650182758813076,2.245203789778615,1.730129134547425
AA,outputs/Tau5_joint_refinement/AA/pool_3/conformer_1363.pdb,3.697165389514615,3.233721045918459,2.864696888638456,2.464795250346127
AA,outputs/Tau5_joint_refinement/AA/pool_3/conformer_1364.pdb,1.9057255449383164,3.73437664481219,0.6298397379256194,2.2276233335829785
AA,outputs/Tau5_joint_refinement/AA/pool_3/conformer_1365.pdb,2.142401272117407,2.339881332384692,1.1163350621337098,1.8762018687613948
AA,outputs/Tau5_joint_refinement/AA/pool_3/conformer_1366.pdb,7.70873371562402,3.7195464129972855,6.883312623880451,2.003925011637716
AA,outputs/Tau5_joint_refinement/AA/pool_3/conformer_1367.pdb,2.0232751780831335,3.269491208706172,1.1575390171870628,1.7412207813358611
AA,outputs/Tau5_joint_refinement/AA/pool_3/conformer_1368.pdb,8.980131108160103,2.370777943005705,7.340271389565826,1.5906752177620747
AA,outputs/Tau5_joint_refinement/AA/pool_3/conformer_1369.pdb,2.154242056117627,4.205591298245606,1.2472246107230602,1.843503541456561
AA,outputs/Tau5_joint_refinement/AA/pool_3/conformer_1370.pdb,1.2141260005396417,3.677117275635789,0.584737548526407,2.2234675750465
AA,outputs/Tau5_joint_refinement/AA/pool_3/conformer_1371.pdb,1.851950024174876,3.023906558610851,0.7327989280736036,2.3800503778947544
AA,outputs/Tau5_joint_refinement/AA/pool_3/conformer_1372.pdb,3.1999714699759547,4.912756161300339,2.347722002036655,2.538956507031622
AA,outputs/Tau5_joint_refinement/AA/pool_3/conformer_1373.pdb,5.110490982405223,3.280430659728189,4.343206021974335,1.7083864700675002
AA,outputs/Tau5_joint_refinement/AA/pool_3/conformer_1374.pdb,3.9464461847880346,3.7544163553006884,1.2725463154353043,1.891411946660659
AA,outputs/Tau5_joint_refinement/AA/pool_3/conformer_1375.pdb,9.919004663191243,4.268210323783422,8.28883014437405,2.7989735789927055
AA,outputs/Tau5_joint_refinement/AA/pool_3/conformer_1376.pdb,3.3201330928590327,4.616957756098857,2.465503769178735,2.2652326211638165
AA,outputs/Tau5_joint_refinement/AA/pool_3/conformer_1377.pdb,4.763290549366705,3.5386035612626285,3.4657221723113563,1.9605685546463587
AA,outputs/Tau5_joint_refinement/AA/pool_3/conformer_1378.pdb,3.30077801462313,2.672157199738683,2.2904227846911622,1.5662205367218356
AA,outputs/Tau5_joint_refinement/AA/pool_3/conformer_1379.pdb,1.3460150447450192,3.489450900368017,0.6863542905951818,1.95085570760069
AA,outputs/Tau5_joint_refinement/AA/pool_3/conformer_1380.pdb,1.5940827561702138,2.8751003643346476,0.8880575288162432,1.7617381782676858
AA,outputs/Tau5_joint_refinement/AA/pool_3/conformer_1381.pdb,1.4205910422956962,1.9594742298314645,0.7889936548511813,1.4209812990561204
AA,outputs/Tau5_joint_refinement/AA/pool_3/conformer_1382.pdb,5.915994507902584,3.1204127878347503,5.210601002747458,1.8041215381676008
AA,outputs/Tau5_joint_refinement/AA/pool_3/conformer_1383.pdb,3.04674401534117,3.2716605223973336,0.631032051519016,1.662144791126131
AA,outputs/Tau5_joint_refinement/AA/pool_3/conformer_1384.pdb,4.092255996102281,3.5633228819295395,3.119750367299214,1.3505453658090936
AA,outputs/Tau5_joint_refinement/AA/pool_3/conformer_1385.pdb,5.700098230342312,3.9730655784957514,3.581773274841239,1.7259866969232396
AA,outputs/Tau5_joint_refinement/AA/pool_3/conformer_1386.pdb,5.349510796035887,4.32737526302078,4.73514088529828,2.180202254846469
AA,outputs/Tau5_joint_refinement/AA/pool_3/conformer_1387.pdb,6.363356939579436,3.1559607484861747,5.61658175796626,2.2071018829176063
AA,outputs/Tau5_joint_refinement/AA/pool_3/conformer_1388.pdb,2.9406603204685977,2.4814449490822263,0.5137987185695584,1.9611634151025272
AA,outputs/Tau5_joint_refinement/AA/pool_3/conformer_1389.pdb,5.29265910373229,4.346458862762354,3.8458768700381847,1.8366742966306517
AA,outputs/Tau5_joint_refinement/AA/pool_3/conformer_1390.pdb,5.735824552453619,2.5957994552115133,0.7231257164636149,2.1912881427274478
AA,outputs/Tau5_joint_refinement/AA/pool_3/conformer_1391.pdb,2.5120320663207023,2.75542240219336,0.8138016240695565,2.4206462366979187
AA,outputs/Tau5_joint_refinement/AA/pool_3/conformer_1392.pdb,1.7111400123672171,2.0916127140116734,0.7010477903510349,1.7114069886072392
AA,outputs/Tau5_joint_refinement/AA/pool_3/conformer_1393.pdb,4.9140415411399445,3.734226127052632,2.366843124078089,1.8050337211494436
AA,outputs/Tau5_joint_refinement/AA/pool_3/conformer_1394.pdb,6.598853616612354,1.9658175709891603,5.731077307719542,1.1326863469812616
AA,outputs/Tau5_joint_refinement/AA/pool_3/conformer_1395.pdb,1.8509242742899275,3.0851706255099933,0.868417319365275,2.170236431981166
AA,outputs/Tau5_joint_refinement/AA/pool_3/conformer_1396.pdb,7.452602800762573,2.5105149721099442,3.5308076612810706,1.8959838002019396
AA,outputs/Tau5_joint_refinement/AA/pool_3/conformer_1397.pdb,4.079966899729542,3.3253474656750575,3.419683975004342,1.7647375475478295
AA,outputs/Tau5_joint_refinement/AA/pool_3/conformer_1398.pdb,2.796835952496986,2.4888764226887545,1.573387274553932,2.3500650110607015
AA,outputs/Tau5_joint_refinement/AA/pool_3/conformer_1399.pdb,2.7284754879627737,3.4384755030660634,1.1892992231358113,2.3800401672553186
AA,outputs/Tau5_joint_refinement/AA/pool_3/conformer_1400.pdb,2.3140065804644903,3.3714957023235415,0.5641551013772211,1.734081832429629
AA,outputs/Tau5_joint_refinement/AA/pool_3/conformer_1401.pdb,7.234752123504227,3.469815644957276,6.1864295043978625,2.0162830130273006
AA,outputs/Tau5_joint_refinement/AA/pool_3/conformer_1402.pdb,6.046154351096356,4.070889108420877,3.991835829434629,1.5155173608400707
AA,outputs/Tau5_joint_refinement/AA/pool_3/conformer_1403.pdb,3.800681345722809,2.900689701414777,1.238608290628459,1.9487632537585515
AA,outputs/Tau5_joint_refinement/AA/pool_3/conformer_1404.pdb,3.7199453956491593,2.4873913240411687,2.8373806232056307,1.689195140850921
AA,outputs/Tau5_joint_refinement/AA/pool_3/conformer_1405.pdb,2.60841353263505,4.212124132470242,1.883360857718499,1.6157681282198006
AA,outputs/Tau5_joint_refinement/AA/pool_3/conformer_1406.pdb,1.6097344623396415,3.005527411694992,0.8119229497985984,1.5444226804080963
AA,outputs/Tau5_joint_refinement/AA/pool_3/conformer_1407.pdb,2.1638195605002966,2.487423959322816,1.0378738332039645,2.1334057799668993
AA,outputs/Tau5_joint_refinement/AA/pool_3/conformer_1408.pdb,6.417728332183741,2.690770615946088,1.3013531710240211,2.295236152484714
AA,outputs/Tau5_joint_refinement/AA/pool_3/conformer_1409.pdb,3.1126726823471644,3.6590852782621024,2.485951570272545,2.2367266860147406
AA,outputs/Tau5_joint_refinement/AA/pool_3/conformer_1410.pdb,6.827368819405255,3.256596435842544,5.86619616966859,2.233738715255776
AA,outputs/Tau5_joint_refinement/AA/pool_3/conformer_1411.pdb,3.6797244346052915,3.5038156274643213,2.734500802821739,1.7440450831217342
AA,outputs/Tau5_joint_refinement/AA/pool_3/conformer_1412.pdb,1.5664530333951072,3.43316142677663,0.6348602705240486,1.6482671320027857
AA,outputs/Tau5_joint_refinement/AA/pool_3/conformer_1413.pdb,1.3748636856243805,4.5180066735780535,0.5054501851835929,1.8875970136695042
AA,outputs/Tau5_joint_refinement/AA/pool_3/conformer_1414.pdb,9.84833079402371,2.452648754264628,6.091870554780007,1.934808072475986
AA,outputs/Tau5_joint_refinement/AA/pool_3/conformer_1415.pdb,2.9738145971165464,2.4198414661120418,0.722812757666499,1.7741348378580997
AA,outputs/Tau5_joint_refinement/AA/pool_3/conformer_1416.pdb,7.021610453914683,2.394603208973543,5.740325036065683,1.4768059081653957
AA,outputs/Tau5_joint_refinement/AA/pool_3/conformer_1417.pdb,5.87903333759363,2.7849426229806684,4.97835406737344,1.4653828911914306
AA,outputs/Tau5_joint_refinement/AA/pool_3/conformer_1418.pdb,4.437556379782868,3.004352015130162,2.1939446975503345,2.032113849157448
AA,outputs/Tau5_joint_refinement/AA/pool_3/conformer_1419.pdb,2.8727382993995834,2.7976968733523075,2.2021220563980237,1.607984981014353
AA,outputs/Tau5_joint_refinement/AA/pool_3/conformer_1420.pdb,4.648406023271497,2.7835094189841736,3.958212079876205,2.203395665488294
AA,outputs/Tau5_joint_refinement/AA/pool_3/conformer_1421.pdb,1.2335137176990083,2.2234186134267744,0.5359441938644822,1.4872915925057846
AA,outputs/Tau5_joint_refinement/AA/pool_3/conformer_1422.pdb,4.416060995297522,2.6660742905672397,3.8618636168662004,1.3047019906576445
AA,outputs/Tau5_joint_refinement/AA/pool_3/conformer_1423.pdb,1.4743456715047056,3.4400290327706338,0.8482201168972928,1.9162956142704919
AA,outputs/Tau5_joint_refinement/AA/pool_3/conformer_1424.pdb,4.142623808800897,3.6370293496147412,2.8715461732466943,2.007753881506734
AA,outputs/Tau5_joint_refinement/AA/pool_3/conformer_1425.pdb,2.074737597607631,3.5389569420094986,1.2264185554525124,3.069029770090257
AA,outputs/Tau5_joint_refinement/AA/pool_3/conformer_1426.pdb,5.155150970581164,3.2868730069886842,0.6159685595384641,1.9660251162955613
AA,outputs/Tau5_joint_refinement/AA/pool_3/conformer_1427.pdb,3.6066534382704285,3.590184897688651,2.3983459227198605,2.003344130974748
AA,outputs/Tau5_joint_refinement/AA/pool_3/conformer_1428.pdb,6.880786341950335,2.82634607259999,2.643264214384483,2.092097940707851
AA,outputs/Tau5_joint_refinement/AA/pool_3/conformer_1429.pdb,13.189595253460949,2.4266700211578236,9.436160445515403,1.4301658597641567
AA,outputs/Tau5_joint_refinement/AA/pool_3/conformer_1430.pdb,5.533180557180057,3.594010967054543,4.667379684389994,2.098816455474164
AA,outputs/Tau5_joint_refinement/AA/pool_3/conformer_1431.pdb,3.812709218601381,2.868867610533476,1.1042143630628911,2.753540530393973
AA,outputs/Tau5_joint_refinement/AA/pool_3/conformer_1432.pdb,2.483483454344085,3.1846200615190914,0.5642725877123131,1.6131861005861543
AA,outputs/Tau5_joint_refinement/AA/pool_3/conformer_1433.pdb,3.1537613688121717,2.548880813014775,0.9822499433808715,2.1850310737929313
AA,outputs/Tau5_joint_refinement/AA/pool_3/conformer_1434.pdb,3.599458202813795,4.897084792166676,1.8381652179818944,1.7625929770182134
AA,outputs/Tau5_joint_refinement/AA/pool_3/conformer_1435.pdb,1.536073124584145,4.558388392666103,0.8469610307001164,2.8182296748616933
AA,outputs/Tau5_joint_refinement/AA/pool_3/conformer_1436.pdb,3.128596821164799,3.725903944101556,2.007121703382647,2.2285341068782794
AA,outputs/Tau5_joint_refinement/AA/pool_3/conformer_1437.pdb,5.353921019785979,3.276796172462559,4.72461917029558,1.905995134061221
AA,outputs/Tau5_joint_refinement/AA/pool_3/conformer_1438.pdb,1.334454075193533,2.6515475615020825,0.5530733758218014,1.676577733673683
AA,outputs/Tau5_joint_refinement/AA/pool_3/conformer_1439.pdb,10.216656437993286,2.1402176833924056,8.696391235874744,1.6672385614916496
AA,outputs/Tau5_joint_refinement/AA/pool_3/conformer_1440.pdb,11.436717158228989,3.0788476072576203,9.464126712034634,1.552342895939958
AA,outputs/Tau5_joint_refinement/AA/pool_3/conformer_1441.pdb,2.34950122200876,4.371121335712239,0.8870484188445901,1.5480737319026145
AA,outputs/Tau5_joint_refinement/AA/pool_3/conformer_1442.pdb,6.242183102967028,4.6845653055181,5.506386891794169,1.527181642044114
AA,outputs/Tau5_joint_refinement/AA/pool_3/conformer_1443.pdb,4.17840161624922,3.3277837419455225,2.160345194051277,2.5819409149316996
AA,outputs/Tau5_joint_refinement/AA/pool_3/conformer_1444.pdb,9.842832090621158,2.962907493315734,9.109605299389301,1.9988315979494362
AA,outputs/Tau5_joint_refinement/AA/pool_3/conformer_1445.pdb,4.832633334212086,3.5042499890913215,3.995703347449856,1.6028862189159954
AA,outputs/Tau5_joint_refinement/AA/pool_3/conformer_1446.pdb,8.150463980643211,3.9863309312461404,6.878800305061939,2.1761856720417074
AA,outputs/Tau5_joint_refinement/AA/pool_3/conformer_1447.pdb,4.641190183283419,3.0652158924113277,3.8171467565816637,2.7578351090221993
AA,outputs/Tau5_joint_refinement/AA/pool_3/conformer_1448.pdb,2.2175567022046514,3.387624166605066,1.495936013294299,1.288401915247586
AA,outputs/Tau5_joint_refinement/AA/pool_3/conformer_1449.pdb,7.416701438841137,3.976577346603239,5.076985900410309,1.8484454365184042
AA,outputs/Tau5_joint_refinement/AA/pool_3/conformer_1450.pdb,4.940148425260975,2.7655501171454215,3.939122609195191,1.5103934467502067
AA,outputs/Tau5_joint_refinement/AA/pool_3/conformer_1451.pdb,1.5190504910357698,2.1805219677132035,0.5581894119657567,1.4892547951676527
AA,outputs/Tau5_joint_refinement/AA/pool_3/conformer_1452.pdb,2.205324213379453,2.3514340250830035,0.9389263322538658,1.7135534216361685
AA,outputs/Tau5_joint_refinement/AA/pool_3/conformer_1453.pdb,2.209083742598548,3.4574917041522952,0.8881115691080784,1.674145860629422
AA,outputs/Tau5_joint_refinement/AA/pool_3/conformer_1454.pdb,3.05499391801941,2.392638676418226,0.5043499540987195,1.5758783540318064
AA,outputs/Tau5_joint_refinement/AA/pool_3/conformer_1455.pdb,7.908730659239934,3.206484624496311,7.31853309541228,2.2512534770714177
AA,outputs/Tau5_joint_refinement/AA/pool_3/conformer_1456.pdb,1.3772470011107523,2.9427418244582673,0.6316981819243931,1.8527589810528005
AA,outputs/Tau5_joint_refinement/AA/pool_3/conformer_1457.pdb,1.820446671154334,2.5946824101807504,1.2581315014008223,1.580910733433567
AA,outputs/Tau5_joint_refinement/AA/pool_3/conformer_1458.pdb,3.953182835864606,3.186329738340219,2.980229575903719,1.9021604201074478
AA,outputs/Tau5_joint_refinement/AA/pool_3/conformer_1459.pdb,2.3460135462707017,2.9502696857889816,1.132024567341988,1.7194857919176028
AA,outputs/Tau5_joint_refinement/AA/pool_3/conformer_1460.pdb,4.880734603428347,2.6565720577970504,4.37568183508549,1.3459292943616756
AA,outputs/Tau5_joint_refinement/AA/pool_3/conformer_1461.pdb,2.055242831096486,2.758050805066088,0.5965500016758766,1.5992434716335409
AA,outputs/Tau5_joint_refinement/AA/pool_3/conformer_1462.pdb,6.168421574062406,4.255343727928548,5.270748942299958,1.8339427097095513
AA,outputs/Tau5_joint_refinement/AA/pool_3/conformer_1463.pdb,10.601564499916233,3.0175411799683634,6.0457072038135085,1.3063941047038015
AA,outputs/Tau5_joint_refinement/AA/pool_3/conformer_1464.pdb,2.463043562500725,4.7014542222082145,1.6309176102940337,1.7147578564516786
AA,outputs/Tau5_joint_refinement/AA/pool_3/conformer_1465.pdb,8.47246675857777,2.953490626898935,6.001508372287993,1.4722175664981951
AA,outputs/Tau5_joint_refinement/AA/pool_3/conformer_1466.pdb,4.089385596503911,2.8212305604578143,1.9065003994207412,1.5481055512834196
AA,outputs/Tau5_joint_refinement/AA/pool_3/conformer_1467.pdb,3.059620276096113,4.661479562436502,2.367060402806946,2.42740925978825
AA,outputs/Tau5_joint_refinement/AA/pool_3/conformer_1468.pdb,6.135173984691229,3.3086212440967304,0.7670860895435146,1.87848130552255
AA,outputs/Tau5_joint_refinement/AA/pool_3/conformer_1469.pdb,4.757232804681376,3.655541847747897,3.358936972201503,2.5575685200226737
AA,outputs/Tau5_joint_refinement/AA/pool_3/conformer_1470.pdb,8.592887919791071,2.5922394470978714,6.639026486418442,1.4185421775932394
AA,outputs/Tau5_joint_refinement/AA/pool_3/conformer_1471.pdb,6.483424714184987,3.0194154641316753,5.804983156474668,1.9338440807267432
AA,outputs/Tau5_joint_refinement/AA/pool_3/conformer_1472.pdb,1.7800121896447618,2.696336214326432,1.0262291300707338,1.7113216650349847
AA,outputs/Tau5_joint_refinement/AA/pool_3/conformer_1473.pdb,4.197248737469921,3.8633339523006947,2.4420625310005546,2.14955726421282
AA,outputs/Tau5_joint_refinement/AA/pool_3/conformer_1474.pdb,5.174147675971052,2.2239733698906194,3.9258163782298845,1.4738960711762639
AA,outputs/Tau5_joint_refinement/AA/pool_3/conformer_1475.pdb,1.4814487851006617,3.608922125954242,0.6643696323947695,2.373822790852186
AA,outputs/Tau5_joint_refinement/AA/pool_3/conformer_1476.pdb,6.188199497235444,3.412910830397179,2.2412906611024397,2.174874693524178
AA,outputs/Tau5_joint_refinement/AA/pool_3/conformer_1477.pdb,1.307521437589444,3.089127573034488,0.5613222601390839,1.7288169936035591
AA,outputs/Tau5_joint_refinement/AA/pool_3/conformer_1478.pdb,2.1651970310390554,2.407996776657098,0.6030203024047812,1.5180065056122107
AA,outputs/Tau5_joint_refinement/AA/pool_3/conformer_1479.pdb,7.562036468445421,3.1113308670765973,6.735077165132596,1.523560585018299
AA,outputs/Tau5_joint_refinement/AA/pool_3/conformer_1480.pdb,3.086146683907619,4.575061558115457,1.2538508967718203,2.159748067596009
AA,outputs/Tau5_joint_refinement/AA/pool_3/conformer_1481.pdb,3.5251908914315657,2.812443624981046,2.399524358595792,1.3207511690735148
AA,outputs/Tau5_joint_refinement/AA/pool_3/conformer_1482.pdb,2.8681376223057513,2.906536344567954,0.7289537604554299,2.461816097928343
AA,outputs/Tau5_joint_refinement/AA/pool_3/conformer_1483.pdb,4.008319495031348,3.2092209208257962,3.0735135499938386,2.184443578637215
AA,outputs/Tau5_joint_refinement/AA/pool_3/conformer_1484.pdb,3.9640835368475584,3.7947566559598247,3.2736037094894193,2.0525355495046194
AA,outputs/Tau5_joint_refinement/AA/pool_3/conformer_1485.pdb,3.38703291977351,3.2664619868181197,2.292504232793644,1.7347954148259153
AA,outputs/Tau5_joint_refinement/AA/pool_3/conformer_1486.pdb,1.3006272251348465,3.958416992643124,0.7576785890800466,2.0473598504454946
AA,outputs/Tau5_joint_refinement/AA/pool_3/conformer_1487.pdb,3.3455396927098335,2.3821355946981226,2.1369300282504087,1.2763330205724912
AA,outputs/Tau5_joint_refinement/AA/pool_3/conformer_1488.pdb,6.081758810154629,3.833127715545445,4.984653069125837,1.9600228909940476
AA,outputs/Tau5_joint_refinement/AA/pool_3/conformer_1489.pdb,1.52328332655352,3.6031508965137604,0.8975754160889792,2.0008947936299357
AA,outputs/Tau5_joint_refinement/AA/pool_3/conformer_1490.pdb,6.589790927507565,2.717201699244223,5.758396987495061,1.8237823586768216
AA,outputs/Tau5_joint_refinement/AA/pool_3/conformer_1491.pdb,2.9628181750897067,4.121692408182776,1.999022679507714,1.8780365870145286
AA,outputs/Tau5_joint_refinement/AA/pool_3/conformer_1492.pdb,5.0891985198479395,4.161357187328332,1.8624598459149808,2.0304111813240038
AA,outputs/Tau5_joint_refinement/AA/pool_3/conformer_1493.pdb,7.007852603349608,3.1649004249767567,5.530067744276989,1.9409518330115227
AA,outputs/Tau5_joint_refinement/AA/pool_3/conformer_1494.pdb,1.8610719438312848,3.2720079120980046,0.6320037781959381,3.1295650851761043
AA,outputs/Tau5_joint_refinement/AA/pool_3/conformer_1495.pdb,7.078038819628181,3.9606228122612444,6.390778280772236,1.6565723250904985
AA,outputs/Tau5_joint_refinement/AA/pool_3/conformer_1496.pdb,2.3610069052096154,3.981600346836143,1.5556828326208838,2.5015292458879084
AA,outputs/Tau5_joint_refinement/AA/pool_3/conformer_1497.pdb,1.4857351261190284,3.210482755902703,0.5238801328491104,1.8065020192492613
AA,outputs/Tau5_joint_refinement/AA/pool_3/conformer_1498.pdb,3.4977637547648435,3.2916534972093094,2.132379467550933,1.7648467139293122
AA,outputs/Tau5_joint_refinement/AA/pool_3/conformer_1499.pdb,4.150049149531218,3.5361763915875057,3.3157647054966786,1.653570882292219
AA,outputs/Tau5_joint_refinement/AA/pool_3/conformer_1500.pdb,2.9754154415985203,2.8787814041935444,0.9493783983212437,1.9866559778829118
AA,outputs/Tau5_joint_refinement/AA/pool_3/conformer_1501.pdb,3.646857651148919,2.480474015235882,2.462371877432808,1.5584251361530406
AA,outputs/Tau5_joint_refinement/AA/pool_3/conformer_1502.pdb,1.9093552058186272,4.123555186515838,1.155353178230659,1.7952604393732325
AA,outputs/Tau5_joint_refinement/AA/pool_3/conformer_1503.pdb,1.678854479669713,4.0111436219132415,0.8621136738682861,2.3593725456265107
AA,outputs/Tau5_joint_refinement/AA/pool_3/conformer_1504.pdb,2.454134854185946,4.162790656297818,0.8652736423371582,2.791240161186472
AA,outputs/Tau5_joint_refinement/AA/pool_3/conformer_1505.pdb,3.337430038236645,4.665502961847781,2.3789495842249617,2.1305938740632366
AA,outputs/Tau5_joint_refinement/AA/pool_3/conformer_1506.pdb,2.5818578161393644,2.988767855094094,1.2633688394781022,1.8720893675172938
AA,outputs/Tau5_joint_refinement/AA/pool_3/conformer_1507.pdb,15.595715007983621,2.7753807963098853,12.741526005925568,1.7833955602432345
AA,outputs/Tau5_joint_refinement/AA/pool_3/conformer_1508.pdb,3.7441922886046433,2.3606687307406196,2.8781781380446176,2.284333086942054
AA,outputs/Tau5_joint_refinement/AA/pool_3/conformer_1509.pdb,2.6832546906391395,3.8937807419421353,0.73820822496333,1.869299455936103
AA,outputs/Tau5_joint_refinement/AA/pool_3/conformer_1510.pdb,1.369850260941049,2.989299485798726,0.7101547110794336,2.195837658853718
AA,outputs/Tau5_joint_refinement/AA/pool_3/conformer_1511.pdb,4.76638409570082,2.6642726945763786,4.146603810284964,1.928311253028277
AA,outputs/Tau5_joint_refinement/AA/pool_3/conformer_1512.pdb,2.349266841599653,3.060947925575802,1.5624282312203068,1.6697886096447163
AA,outputs/Tau5_joint_refinement/AA/pool_3/conformer_1513.pdb,4.871852394805175,2.0492727494392846,3.8467142215973587,1.3441510512374453
AA,outputs/Tau5_joint_refinement/AA/pool_3/conformer_1514.pdb,1.9114507413593436,2.8880741628494846,0.7418329316935656,2.059383295583459
AA,outputs/Tau5_joint_refinement/AA/pool_3/conformer_1515.pdb,2.679450810913719,3.558645382132298,1.9264914799734711,2.1554806156061406
AA,outputs/Tau5_joint_refinement/AA/pool_3/conformer_1516.pdb,1.8215016381663829,2.1315303267978685,0.5454775734880187,1.6934455476127928
AA,outputs/Tau5_joint_refinement/AA/pool_3/conformer_1517.pdb,1.1991353622750365,3.1454335014551473,0.6334695014630645,1.6095188680831178
AA,outputs/Tau5_joint_refinement/AA/pool_3/conformer_1518.pdb,8.101221864857253,3.380227233581572,7.219938741772689,1.4888162562001281
AA,outputs/Tau5_joint_refinement/AA/pool_3/conformer_1519.pdb,3.80703472154709,3.178191112926459,3.0264510098484863,1.919624848359879
AA,outputs/Tau5_joint_refinement/AA/pool_3/conformer_1520.pdb,3.4031909273685046,2.7270811294458883,2.039959082646107,1.5043919303308706
AA,outputs/Tau5_joint_refinement/AA/pool_3/conformer_1521.pdb,1.4630695706111787,4.7225356181609275,0.5769858042835067,2.8176875291237207
AA,outputs/Tau5_joint_refinement/AA/pool_3/conformer_1522.pdb,2.6443747229204164,3.9490461289973946,0.9583282228269528,1.7488577980069941
AA,outputs/Tau5_joint_refinement/AA/pool_3/conformer_1523.pdb,7.041262614892225,3.2093064264511137,2.616538953553793,2.2362394291667314
AA,outputs/Tau5_joint_refinement/AA/pool_3/conformer_1524.pdb,1.4060308315281207,2.593047969693436,0.6876263310749647,1.4703189208333203
AA,outputs/Tau5_joint_refinement/AA/pool_3/conformer_1525.pdb,2.525113337576006,1.8174903370272701,1.2678544076755214,1.2483274574857683
AA,outputs/Tau5_joint_refinement/AA/pool_3/conformer_1526.pdb,3.758727408029513,3.1702665226846243,2.4481479347020394,2.3295292155943006
AA,outputs/Tau5_joint_refinement/AA/pool_3/conformer_1527.pdb,4.114755426100634,2.6971756358215617,2.5147838577652752,1.5227572920781463
AA,outputs/Tau5_joint_refinement/AA/pool_3/conformer_1528.pdb,3.3933804521275555,4.228184813834781,2.4318392077977697,1.9050597627943957
AA,outputs/Tau5_joint_refinement/AA/pool_3/conformer_1529.pdb,8.008082919035191,3.1992405626151252,6.970453507741723,1.5965892950553875
AA,outputs/Tau5_joint_refinement/AA/pool_3/conformer_1530.pdb,3.2930523047833775,5.0203344659881175,2.741303778997666,1.8855561222733062
AA,outputs/Tau5_joint_refinement/AA/pool_3/conformer_1531.pdb,1.7802746251344475,2.409520817639947,1.11918825636337,1.898439706443666
AA,outputs/Tau5_joint_refinement/AA/pool_3/conformer_1532.pdb,1.3372434102099848,4.416482866870864,0.6480073758499798,2.105392253972341
AA,outputs/Tau5_joint_refinement/AA/pool_3/conformer_1533.pdb,6.096192400656107,3.822903437259035,5.495915154706394,1.8850363679299047
AA,outputs/Tau5_joint_refinement/AA/pool_3/conformer_1534.pdb,5.149468934010927,3.1212394028323196,4.080853393345651,1.5420960530989691
AA,outputs/Tau5_joint_refinement/AA/pool_3/conformer_1535.pdb,7.975304303017631,2.990199404220046,6.960637386532213,1.9888712855041508
AA,outputs/Tau5_joint_refinement/AA/pool_3/conformer_1536.pdb,6.021113834622262,2.552312834798214,4.800601420383326,2.1730172294089236
AA,outputs/Tau5_joint_refinement/AA/pool_3/conformer_1537.pdb,1.1905517740055522,3.547572409525965,0.4827623217545341,2.606004784398409
AA,outputs/Tau5_joint_refinement/AA/pool_3/conformer_1538.pdb,1.3510367382241932,3.5336508459544476,0.564057991123829,2.0673726278943922
AA,outputs/Tau5_joint_refinement/AA/pool_3/conformer_1539.pdb,6.488687745753649,4.244551155163114,5.268686914162525,1.1632579228020477
AA,outputs/Tau5_joint_refinement/AA/pool_3/conformer_1540.pdb,1.4682201009025437,3.4714199340830696,0.5215609688241274,2.0986836723628026
AA,outputs/Tau5_joint_refinement/AA/pool_3/conformer_1541.pdb,11.977790850094202,4.928581102562985,10.233785357038666,1.656044816268123
AA,outputs/Tau5_joint_refinement/AA/pool_3/conformer_1542.pdb,4.699831269127944,2.441765427770277,4.034730783469838,1.8073194119967364
AA,outputs/Tau5_joint_refinement/AA/pool_3/conformer_1543.pdb,4.138158303347286,5.252811994501797,1.8769111865608683,2.7833542208656423
AA,outputs/Tau5_joint_refinement/AA/pool_3/conformer_1544.pdb,7.920220398165212,3.4759777189845567,6.8249787098943155,1.7160013798872285
AA,outputs/Tau5_joint_refinement/AA/pool_3/conformer_1545.pdb,3.4023274913658565,2.85517308893254,1.949666225421234,2.3294302172664794
AA,outputs/Tau5_joint_refinement/AA/pool_3/conformer_1546.pdb,2.970653313419098,2.202416303958059,0.8346096331314538,1.6879408823122695
AA,outputs/Tau5_joint_refinement/AA/pool_3/conformer_1547.pdb,4.945179916660466,3.0905975442759805,3.6996278903858633,2.0387934187668173
AA,outputs/Tau5_joint_refinement/AA/pool_3/conformer_1548.pdb,7.7220396212461875,2.9883891526064628,3.386399895383815,1.7001520479301242
AA,outputs/Tau5_joint_refinement/AA/pool_3/conformer_1549.pdb,1.6633553039785551,2.624243635944222,0.9478333696124246,1.5978134316116261
AA,outputs/Tau5_joint_refinement/AA/pool_3/conformer_1550.pdb,5.208262908780548,3.4798944924844504,4.354141569921875,2.3780920970128556
AA,outputs/Tau5_joint_refinement/AA/pool_3/conformer_1551.pdb,5.115643047282997,2.9352600286124804,4.300035184372054,1.524281536899944
AA,outputs/Tau5_joint_refinement/AA/pool_3/conformer_1552.pdb,2.4749341954686788,3.6122449027515926,1.7228793853842321,2.4266128506642604
AA,outputs/Tau5_joint_refinement/AA/pool_3/conformer_1553.pdb,3.8057981468576147,2.195812587650577,0.6188053139256698,1.8934392551930117
AA,outputs/Tau5_joint_refinement/AA/pool_3/conformer_1554.pdb,2.685493228611595,3.2826209283684435,1.420558941961088,1.6853449052983343
AA,outputs/Tau5_joint_refinement/AA/pool_3/conformer_1555.pdb,3.214527507161972,2.362343715111706,2.4728132620887298,2.15264643597955
AA,outputs/Tau5_joint_refinement/AA/pool_3/conformer_1556.pdb,3.1389110650840095,2.9282179454279675,2.279182603858275,1.5085723132670397
AA,outputs/Tau5_joint_refinement/AA/pool_3/conformer_1557.pdb,7.594384337071431,2.224596517790267,6.931062471871028,1.825320372763927
AA,outputs/Tau5_joint_refinement/AA/pool_3/conformer_1558.pdb,2.4110479869291326,3.1467110063104644,0.9127194084741895,1.819485140850956
AA,outputs/Tau5_joint_refinement/AA/pool_3/conformer_1559.pdb,1.6581205083010584,2.4237190339330392,0.8234817435370263,1.7572231013453543
AA,outputs/Tau5_joint_refinement/AA/pool_3/conformer_1560.pdb,2.3845207849309102,2.8630480293670417,1.4278385313926498,1.5701135867346427
AA,outputs/Tau5_joint_refinement/AA/pool_3/conformer_1561.pdb,7.873733707335166,2.457794594569376,6.889548978404951,1.7985277010952994
AA,outputs/Tau5_joint_refinement/AA/pool_3/conformer_1562.pdb,5.047768679314713,2.1689361859711958,2.777736697048109,1.5821339474192855
AA,outputs/Tau5_joint_refinement/AA/pool_3/conformer_1563.pdb,1.5371567570561742,3.630389238290071,0.9963961658892929,2.1269661121516976
AA,outputs/Tau5_joint_refinement/AA/pool_3/conformer_1564.pdb,8.479349344320031,2.6436054941365907,7.686283737732353,2.374452276134231
AA,outputs/Tau5_joint_refinement/AA/pool_3/conformer_1565.pdb,5.283216166072983,2.3053918040899855,3.7588971840321532,1.3249673710159866
AA,outputs/Tau5_joint_refinement/AA/pool_3/conformer_1566.pdb,2.130404822528891,4.1529544210923905,0.8499837279824455,1.6596844331019276
AA,outputs/Tau5_joint_refinement/AA/pool_3/conformer_1567.pdb,5.870415894396685,2.711340385056475,0.9497133320187886,1.7152636719908487
AA,outputs/Tau5_joint_refinement/AA/pool_3/conformer_1568.pdb,1.5807742478381324,2.7798402043991217,0.928580211867031,2.2154979416728784
AA,outputs/Tau5_joint_refinement/AA/pool_3/conformer_1569.pdb,5.047608482784576,2.8966148769538345,2.8755151380678594,1.8986592658899113
AA,outputs/Tau5_joint_refinement/AA/pool_3/conformer_1570.pdb,6.159033744499611,3.4886669976107,5.450278732201977,1.4329883092848994
AA,outputs/Tau5_joint_refinement/AA/pool_3/conformer_1571.pdb,2.0080194557734385,2.5696030886749375,1.0271238931019155,2.5451507312012858
AA,outputs/Tau5_joint_refinement/AA/pool_3/conformer_1572.pdb,2.8569991142884597,3.6810517856045952,1.5592211902303597,1.9796650514649463
AA,outputs/Tau5_joint_refinement/AA/pool_3/conformer_1573.pdb,2.2499812281672984,2.8793552903782413,1.4709083167012291,1.9103011917558583
AA,outputs/Tau5_joint_refinement/AA/pool_3/conformer_1574.pdb,5.4592607958137425,3.1624159889962336,3.308636251958805,1.8500384312222713
AA,outputs/Tau5_joint_refinement/AA/pool_3/conformer_1575.pdb,4.690923120420413,3.940097585502765,3.985270464844591,2.079920472011269
AA,outputs/Tau5_joint_refinement/AA/pool_3/conformer_1576.pdb,1.1311523146093652,3.674758511729886,0.5072265689511027,1.6949453146645892
AA,outputs/Tau5_joint_refinement/AA/pool_3/conformer_1577.pdb,1.8451633739591382,3.184642542170811,1.2447335627923346,1.8813348331150657
AA,outputs/Tau5_joint_refinement/AA/pool_3/conformer_1578.pdb,3.478066556093847,2.8874278893264878,2.915061678985523,1.6156734246029152
AA,outputs/Tau5_joint_refinement/AA/pool_3/conformer_1579.pdb,4.346247142851758,2.7151735021959613,3.2478330080545033,1.610881249973029
AA,outputs/Tau5_joint_refinement/AA/pool_3/conformer_1580.pdb,12.077943547704495,3.6173847145053295,10.166637394548234,1.680114846120448
AA,outputs/Tau5_joint_refinement/AA/pool_3/conformer_1581.pdb,6.582478249289841,4.600515743292855,4.778681298501834,2.082369494371871
AA,outputs/Tau5_joint_refinement/AA/pool_3/conformer_1582.pdb,8.072260807052485,4.3906658467156525,7.3553005969248195,1.9807634850752367
AA,outputs/Tau5_joint_refinement/AA/pool_3/conformer_1583.pdb,4.0599776458527055,3.259013391863104,0.9080333964592753,2.3150544560954716
AA,outputs/Tau5_joint_refinement/AA/pool_3/conformer_1584.pdb,5.3596638171771165,3.3695176190738794,4.268812850303466,1.5767545834190266
AA,outputs/Tau5_joint_refinement/AA/pool_3/conformer_1585.pdb,5.4788711598487705,3.057642932108135,3.3659681091655833,1.6741925426522628
AA,outputs/Tau5_joint_refinement/AA/pool_3/conformer_1586.pdb,4.356977718239009,3.75045336279255,3.4259496197473056,1.8407760052424638
AA,outputs/Tau5_joint_refinement/AA/pool_3/conformer_1587.pdb,3.849500769239408,2.745832032193799,2.451033017198549,2.0679764249383417
AA,outputs/Tau5_joint_refinement/AA/pool_3/conformer_1588.pdb,7.045234935525994,2.820837648557507,6.075946192780317,1.8333802109505204
AA,outputs/Tau5_joint_refinement/AA/pool_3/conformer_1589.pdb,1.394598026207876,3.162234389198869,0.7255589628372467,1.7625384329052551
AA,outputs/Tau5_joint_refinement/AA/pool_3/conformer_1590.pdb,7.639586310210552,3.7408437770117637,5.455570046069352,2.5833741614390804
AA,outputs/Tau5_joint_refinement/AA/pool_3/conformer_1591.pdb,7.2355088994555805,2.8729067525948104,2.72034036128956,2.164032923377787
AA,outputs/Tau5_joint_refinement/AA/pool_3/conformer_1592.pdb,2.4070044653132707,2.978647324405059,1.7527710560730885,1.7319169954097562
AA,outputs/Tau5_joint_refinement/AA/pool_3/conformer_1593.pdb,1.6158034051282926,3.346582312658381,0.8987515055725845,1.3962856016303231
AA,outputs/Tau5_joint_refinement/AA/pool_3/conformer_1594.pdb,2.8955653534998467,4.773892732594226,1.1802675278542774,2.1678314804280974
AA,outputs/Tau5_joint_refinement/AA/pool_3/conformer_1595.pdb,8.653601933818958,2.0167677272932023,7.077397553057618,1.2633435671291104
AA,outputs/Tau5_joint_refinement/AA/pool_3/conformer_1596.pdb,7.076057567988153,3.5325528942921047,4.375020634947161,1.9375795105369027
AA,outputs/Tau5_joint_refinement/AA/pool_3/conformer_1597.pdb,2.310265032264636,2.638635876422465,1.646799483212218,2.0598187976684543
AA,outputs/Tau5_joint_refinement/AA/pool_3/conformer_1598.pdb,1.8305540027963392,2.88542038599291,1.3221781781091742,2.447544661845482
AA,outputs/Tau5_joint_refinement/AA/pool_3/conformer_1599.pdb,9.731535821878106,3.8846925222652757,7.0504209692212845,1.8951731792451996
AA,outputs/Tau5_joint_refinement/AA/pool_3/conformer_1600.pdb,2.480606200887923,4.060914630261712,1.5180306223578848,2.107424173172746
AA,outputs/Tau5_joint_refinement/AA/pool_3/conformer_1601.pdb,1.9991323267669108,2.5460785960618546,1.2449863825865606,1.969072756948207
AA,outputs/Tau5_joint_refinement/AA/pool_3/conformer_1602.pdb,9.04920013078036,3.7182687562771664,7.407120895014321,2.0088212365341933
AA,outputs/Tau5_joint_refinement/AA/pool_3/conformer_1603.pdb,3.4789001870232497,2.8695084379343423,2.8315590827558674,1.433006459807091
AA,outputs/Tau5_joint_refinement/AA/pool_3/conformer_1604.pdb,4.891830313084349,3.5410721402028558,3.4677801441620617,1.8869684821322763
AA,outputs/Tau5_joint_refinement/AA/pool_3/conformer_1605.pdb,2.6491099439543517,2.8755788644049565,1.6291243153525428,1.7462117428235535
AA,outputs/Tau5_joint_refinement/AA/pool_3/conformer_1606.pdb,5.630735383015989,4.263063854570785,3.632652791918725,2.4426811791881637
AA,outputs/Tau5_joint_refinement/AA/pool_3/conformer_1607.pdb,1.8735158720812495,2.453607730530018,1.106362887873743,1.5864074103058186
AA,outputs/Tau5_joint_refinement/AA/pool_3/conformer_1608.pdb,1.9171569109722315,3.737431393119013,0.4567754088914014,1.798243413460184
AA,outputs/Tau5_joint_refinement/AA/pool_3/conformer_1609.pdb,4.956332122614195,4.047471880133343,3.0795568510035602,1.6708094009524919
AA,outputs/Tau5_joint_refinement/AA/pool_3/conformer_1610.pdb,2.428288831456631,3.7511220698971455,1.4356622921419628,2.1414139134770065
AA,outputs/Tau5_joint_refinement/AA/pool_3/conformer_1611.pdb,3.916239514995923,3.1508731807622037,3.0703545219158848,2.0942384873072
AA,outputs/Tau5_joint_refinement/AA/pool_3/conformer_1612.pdb,8.376410922412797,3.41358660153061,4.3612711290862425,2.7225880600931416
AA,outputs/Tau5_joint_refinement/AA/pool_3/conformer_1613.pdb,3.197632717427525,4.407456711784807,2.125679939000656,1.598953424271974
AA,outputs/Tau5_joint_refinement/AA/pool_3/conformer_1614.pdb,2.432740925919821,2.746939306075997,0.7915784613646599,1.650973279802496
AA,outputs/Tau5_joint_refinement/AA/pool_3/conformer_1615.pdb,1.541984953605232,3.144548347827996,0.7937939499681028,1.967643165973779
AA,outputs/Tau5_joint_refinement/AA/pool_3/conformer_1616.pdb,3.505283327498398,2.177132611262237,2.772830654669608,1.4304666401184296
AA,outputs/Tau5_joint_refinement/AA/pool_3/conformer_1617.pdb,5.042126173678239,5.042997136348114,4.143402978460811,2.4074312777704576
AA,outputs/Tau5_joint_refinement/AA/pool_3/conformer_1618.pdb,9.503776658264742,2.66467788804581,5.920878727960743,1.518175949383874
AA,outputs/Tau5_joint_refinement/AA/pool_3/conformer_1619.pdb,5.229365345483701,2.486195713096506,2.07069414585417,2.051520548403006
AA,outputs/Tau5_joint_refinement/AA/pool_3/conformer_1620.pdb,3.5463687898704745,1.943122163210645,2.7890695918160597,2.051461858845344
AA,outputs/Tau5_joint_refinement/AA/pool_3/conformer_1621.pdb,9.650314356876509,3.0973433578301335,7.761486081070704,1.623884768179459
AA,outputs/Tau5_joint_refinement/AA/pool_3/conformer_1622.pdb,2.509814961888511,3.5798362630508906,0.6371607170241675,2.0193828343437557
AA,outputs/Tau5_joint_refinement/AA/pool_3/conformer_1623.pdb,6.632146919561217,4.410829649837716,3.431279244294709,1.9018494528931633
AA,outputs/Tau5_joint_refinement/AA/pool_3/conformer_1624.pdb,1.9242918199650751,3.514780156262543,0.7398188084265374,2.1650509209337243
AA,outputs/Tau5_joint_refinement/AA/pool_3/conformer_1625.pdb,4.091839876036752,2.852523312518794,3.3931697891944883,2.1134673092730987
AA,outputs/Tau5_joint_refinement/AA/pool_3/conformer_1626.pdb,2.4131593955497763,3.3798525183236547,1.8182507680939857,1.695805714365217
AA,outputs/Tau5_joint_refinement/AA/pool_3/conformer_1627.pdb,4.0647946242222135,3.9034260353092205,3.2533341296395575,1.5556464286288232
AA,outputs/Tau5_joint_refinement/AA/pool_3/conformer_1628.pdb,2.0683841450578795,2.5460604501986936,1.3003147479046122,1.7426415561160815
AA,outputs/Tau5_joint_refinement/AA/pool_3/conformer_1629.pdb,2.3623079798075146,2.370111091607399,1.0404984624277887,1.582273219559788
AA,outputs/Tau5_joint_refinement/AA/pool_3/conformer_1630.pdb,1.6816961426006103,2.6199306889175418,0.9423145583292926,1.9071398061831868
AA,outputs/Tau5_joint_refinement/AA/pool_3/conformer_1631.pdb,7.220192810618739,3.0862910904781136,6.172745064108212,1.7858054473150415
AA,outputs/Tau5_joint_refinement/AA/pool_3/conformer_1632.pdb,4.5995928865943005,3.5555130045369334,3.7763334761578204,2.353645746385855
AA,outputs/Tau5_joint_refinement/AA/pool_3/conformer_1633.pdb,10.23269524406144,4.164627610293226,5.669935705249716,2.1387051878289416
AA,outputs/Tau5_joint_refinement/AA/pool_3/conformer_1634.pdb,2.1884844357687996,3.0690921553729087,0.934055250288439,1.86857500594725
AA,outputs/Tau5_joint_refinement/AA/pool_3/conformer_1635.pdb,7.061955187455845,3.42858249376443,5.798496892659872,1.8728368147869767
AA,outputs/Tau5_joint_refinement/AA/pool_3/conformer_1636.pdb,3.4299599979534556,2.5194681697856782,2.2701768405222094,2.1435084635669837
AA,outputs/Tau5_joint_refinement/AA/pool_3/conformer_1637.pdb,4.108108296452364,3.5637395126123024,3.341604218713851,1.5271811675524243
AA,outputs/Tau5_joint_refinement/AA/pool_3/conformer_1638.pdb,2.878363470074738,3.968020885651869,2.265745011764245,1.8586690913384605
AA,outputs/Tau5_joint_refinement/AA/pool_3/conformer_1639.pdb,1.6631487804392215,2.4238440743801237,0.832330154259175,1.9067880490430011
AA,outputs/Tau5_joint_refinement/AA/pool_3/conformer_1640.pdb,6.079306780375307,3.739382719295429,5.171563942745029,1.683474832683867
AA,outputs/Tau5_joint_refinement/AA/pool_3/conformer_1641.pdb,1.11095379414874,5.309947363847718,0.5232935220269929,2.0570126645914315
AA,outputs/Tau5_joint_refinement/AA/pool_3/conformer_1642.pdb,3.808010252108427,3.522108797807115,1.4824114195228422,1.8128130487529468
AA,outputs/Tau5_joint_refinement/AA/pool_3/conformer_1643.pdb,2.4057937845564594,3.9866961208330483,1.583706728085925,1.7564587846256592
AA,outputs/Tau5_joint_refinement/AA/pool_3/conformer_1644.pdb,3.1762596847495748,2.8046684273183753,0.9891498719344921,1.8257150177958654
AA,outputs/Tau5_joint_refinement/AA/pool_3/conformer_1645.pdb,1.876071547050118,3.0882267312730303,1.1521509510593015,1.8909420969905235
AA,outputs/Tau5_joint_refinement/AA/pool_3/conformer_1646.pdb,7.1261029213442395,2.379351949552709,4.7894277072032,1.9060504398646
AA,outputs/Tau5_joint_refinement/AA/pool_3/conformer_1647.pdb,3.9038739733357355,2.9014010393982987,2.716360644110027,1.869011659858627
AA,outputs/Tau5_joint_refinement/AA/pool_3/conformer_1648.pdb,5.795318430424224,4.955256241278254,5.003986909419593,1.9446402049093157
AA,outputs/Tau5_joint_refinement/AA/pool_3/conformer_1649.pdb,9.238885105796193,2.4792177324039075,5.743951365024331,2.4365127517300444
AA,outputs/Tau5_joint_refinement/AA/pool_3/conformer_1650.pdb,7.987353078569963,4.044982385508276,7.010888666238954,1.7151415982610472
AA,outputs/Tau5_joint_refinement/AA/pool_3/conformer_1651.pdb,5.38889171693461,2.9322366636555977,4.045808978194075,1.743941281898511
AA,outputs/Tau5_joint_refinement/AA/pool_3/conformer_1652.pdb,3.9474407005798255,2.856027776563471,2.6919193570556574,1.409237465486021
AA,outputs/Tau5_joint_refinement/AA/pool_3/conformer_1653.pdb,4.84921328770637,3.3065815427070344,4.178985410696788,1.8114711210825152
AA,outputs/Tau5_joint_refinement/AA/pool_3/conformer_1654.pdb,6.62217581198374,2.619344542679576,5.416541064966984,1.3860494243408354
AA,outputs/Tau5_joint_refinement/AA/pool_3/conformer_1655.pdb,5.3119009071436345,2.246130292045973,0.48692864179498974,2.165481905480986
AA,outputs/Tau5_joint_refinement/AA/pool_3/conformer_1656.pdb,6.039509650570835,3.3120152894640675,5.357930195430175,2.469203294066701
AA,outputs/Tau5_joint_refinement/AA/pool_3/conformer_1657.pdb,2.964993021234412,2.536910210226622,2.1360973338120974,2.170804857543496
AA,outputs/Tau5_joint_refinement/AA/pool_3/conformer_1658.pdb,7.61932308591981,3.1360997487162163,6.714367408465593,1.313620221753366
AA,outputs/Tau5_joint_refinement/AA/pool_3/conformer_1659.pdb,7.643395388841946,2.303364317993326,2.0973882949369766,1.133818942916235
AA,outputs/Tau5_joint_refinement/AA/pool_3/conformer_1660.pdb,10.718183717588165,3.6016481981229598,10.14262387165467,1.5236324810703037
AA,outputs/Tau5_joint_refinement/AA/pool_3/conformer_1661.pdb,1.8989513530207813,2.9325468851093555,1.0887635739076535,2.2008705137470606
AA,outputs/Tau5_joint_refinement/AA/pool_3/conformer_1662.pdb,3.4372551050037607,3.9881258314312458,2.6500310613383267,2.5609591810110612
AA,outputs/Tau5_joint_refinement/AA/pool_3/conformer_1663.pdb,2.530193012386677,3.571492718452958,1.636549839522542,1.638397615880594
AA,outputs/Tau5_joint_refinement/AA/pool_3/conformer_1664.pdb,2.3279669177132516,2.295150816318293,0.7644620142928049,2.464385268690402
AA,outputs/Tau5_joint_refinement/AA/pool_3/conformer_1665.pdb,7.950323634101146,2.049697072302867,4.629686641231894,1.4036960775053218
AA,outputs/Tau5_joint_refinement/AA/pool_3/conformer_1666.pdb,3.366360018134958,2.3207212444093273,2.597522925668498,1.740728772014763
AA,outputs/Tau5_joint_refinement/AA/pool_3/conformer_1667.pdb,3.6009932466690664,2.6801668846846862,2.8481867989268554,1.6934775948823837
AA,outputs/Tau5_joint_refinement/AA/pool_3/conformer_1668.pdb,1.785634356337246,3.065465940153126,0.5881977994009907,2.8722396939645303
AA,outputs/Tau5_joint_refinement/AA/pool_3/conformer_1669.pdb,3.098394267275533,3.155378955277863,2.128596495143076,1.9468967639748886
AA,outputs/Tau5_joint_refinement/AA/pool_3/conformer_1670.pdb,2.246340910137039,4.406038360220756,1.5236224171149653,2.403502113978126
AA,outputs/Tau5_joint_refinement/AA/pool_3/conformer_1671.pdb,2.2693086078834863,2.214383752112569,1.2144048365419144,2.0214050331999704
AA,outputs/Tau5_joint_refinement/AA/pool_3/conformer_1672.pdb,4.273430780416506,2.988881515627148,3.5907843023896335,2.1566014760760783
AA,outputs/Tau5_joint_refinement/AA/pool_3/conformer_1673.pdb,2.976028843011014,3.2123478473940126,2.2182048284008844,2.2102220923696447
AA,outputs/Tau5_joint_refinement/AA/pool_3/conformer_1674.pdb,4.690190023899319,3.1012042848763475,0.5109297689294118,1.7162256336599153
AA,outputs/Tau5_joint_refinement/AA/pool_3/conformer_1675.pdb,1.3084624844219506,2.3990036454373156,0.5379387450532972,2.0450666433219697
AA,outputs/Tau5_joint_refinement/AA/pool_3/conformer_1676.pdb,4.700336045311425,4.1324406456090745,3.363901328003235,2.1436716441420307
AA,outputs/Tau5_joint_refinement/AA/pool_3/conformer_1677.pdb,3.8174876007943057,2.575346771588219,2.793062772127662,2.102280399375605
AA,outputs/Tau5_joint_refinement/AA/pool_3/conformer_1678.pdb,3.4419688761349323,2.9882841335523924,2.797292887885781,2.4304998692195294
AA,outputs/Tau5_joint_refinement/AA/pool_3/conformer_1679.pdb,3.2690543179234104,2.4639048031705295,2.5862117212030666,2.0889699337695693
AA,outputs/Tau5_joint_refinement/AA/pool_3/conformer_1680.pdb,2.0452692169477302,5.639346836080436,1.4844370919219678,2.0375868912649393
AA,outputs/Tau5_joint_refinement/AA/pool_3/conformer_1681.pdb,5.31594194193722,3.7332460196172708,4.676358699924947,1.3710603954594593
AA,outputs/Tau5_joint_refinement/AA/pool_3/conformer_1682.pdb,2.394138545834126,4.367619216774455,1.6502713256352872,1.627688845600753
AA,outputs/Tau5_joint_refinement/AA/pool_3/conformer_1683.pdb,8.690030684378387,2.779998441517599,7.464339078959407,1.434129836471281
AA,outputs/Tau5_joint_refinement/AA/pool_3/conformer_1684.pdb,8.85839414783897,2.7030267746384795,7.47029783933691,1.4260219874405524
AA,outputs/Tau5_joint_refinement/AA/pool_3/conformer_1685.pdb,2.6270528514678273,2.8167593262340302,0.8924554847767813,2.3190318322191406
AA,outputs/Tau5_joint_refinement/AA/pool_3/conformer_1686.pdb,2.0010116016692185,2.9231420832448096,1.227514694954519,1.8553569855793621
AA,outputs/Tau5_joint_refinement/AA/pool_3/conformer_1687.pdb,1.778108143735769,2.9986076148330447,0.7788214852982568,1.5720626658147965
AA,outputs/Tau5_joint_refinement/AA/pool_3/conformer_1688.pdb,6.678607025547151,2.6000039355105096,5.274318971559021,1.8287302994992893
AA,outputs/Tau5_joint_refinement/AA/pool_3/conformer_1689.pdb,2.164401962308438,3.117753781388534,1.3723956708863834,1.790380630188297
AA,outputs/Tau5_joint_refinement/AA/pool_3/conformer_1690.pdb,1.7716875505124035,4.68659198343515,0.814457783481563,1.9033019292810853
AA,outputs/Tau5_joint_refinement/AA/pool_3/conformer_1691.pdb,19.684674590594582,2.4337580495750863,19.020723634635612,2.0852829354510365
AA,outputs/Tau5_joint_refinement/AA/pool_3/conformer_1692.pdb,5.353869787019884,3.387310694082627,3.3041213419686795,1.945531702154455
AA,outputs/Tau5_joint_refinement/AA/pool_3/conformer_1693.pdb,4.818009545582106,3.75370272003025,4.192688530184322,2.101221366943946
AA,outputs/Tau5_joint_refinement/AA/pool_3/conformer_1694.pdb,6.896175833591277,3.005703294489471,6.028585012417162,1.6723456144712048
AA,outputs/Tau5_joint_refinement/AA/pool_3/conformer_1695.pdb,3.6618080245923386,3.7474559220916057,2.9624674066079026,1.8553450533928277
AA,outputs/Tau5_joint_refinement/AA/pool_3/conformer_1696.pdb,1.2695280050022428,3.442873707566814,0.6604748085908686,1.6111505488081317
AA,outputs/Tau5_joint_refinement/AA/pool_3/conformer_1697.pdb,2.9530105052599978,3.217053095182979,2.232311656190086,1.8324048470872443
AA,outputs/Tau5_joint_refinement/AA/pool_3/conformer_1698.pdb,2.337415258335407,2.095794286304585,1.0916587744114998,1.8054803635443206
AA,outputs/Tau5_joint_refinement/AA/pool_3/conformer_1699.pdb,3.3063621987781047,3.3061447080599238,2.444061289952446,2.0137549306849083
AA,outputs/Tau5_joint_refinement/AA/pool_3/conformer_1700.pdb,6.546625153377791,3.8256301549594958,5.797663322736695,2.336903306604628
AA,outputs/Tau5_joint_refinement/AA/pool_3/conformer_1701.pdb,3.0167348292422944,4.307493001916189,0.7625170808244396,1.9909486365299287
AA,outputs/Tau5_joint_refinement/AA/pool_3/conformer_1702.pdb,3.2830817829892016,3.7095666812227805,2.647396885255431,1.297057110246773
AA,outputs/Tau5_joint_refinement/AA/pool_3/conformer_1703.pdb,1.6636883477750342,2.5559352368703894,0.8033644275848565,1.5432574806766823
AA,outputs/Tau5_joint_refinement/AA/pool_3/conformer_1704.pdb,2.7953278994256614,2.9858529191495267,1.9182816893832395,1.756564117839969
AA,outputs/Tau5_joint_refinement/AA/pool_3/conformer_1705.pdb,7.220897092911378,2.408480804691777,5.499470889938389,1.5400325778487478
AA,outputs/Tau5_joint_refinement/AA/pool_3/conformer_1706.pdb,6.277372671224556,2.2881152168311902,5.4761511548461765,1.5304525046248993
AA,outputs/Tau5_joint_refinement/AA/pool_3/conformer_1707.pdb,5.919680614693963,3.996630900340901,5.278952531816425,2.556359450623252
AA,outputs/Tau5_joint_refinement/AA/pool_3/conformer_1708.pdb,3.170647650072512,3.0564478179037753,2.1867304243515355,2.5979454478325565
AA,outputs/Tau5_joint_refinement/AA/pool_3/conformer_1709.pdb,1.7955021397101925,2.2506448417536915,0.487530451425475,1.5321130736969488
AA,outputs/Tau5_joint_refinement/AA/pool_3/conformer_1710.pdb,3.270758999265798,2.8382314659865164,2.58186353780437,1.6645054615828183
AA,outputs/Tau5_joint_refinement/AA/pool_3/conformer_1711.pdb,9.168836807601465,3.651562557567632,7.939584031456653,1.8255040799983333
AA,outputs/Tau5_joint_refinement/AA/pool_3/conformer_1712.pdb,4.68168788658741,3.930835294252037,3.4250743151093497,1.4306317008061171
AA,outputs/Tau5_joint_refinement/AA/pool_3/conformer_1713.pdb,7.259013388441926,3.764019599761246,3.47996706973263,1.5387879484101095
AA,outputs/Tau5_joint_refinement/AA/pool_3/conformer_1714.pdb,13.801025250153396,2.900993101831921,10.507103602855564,1.2711778696777325
AA,outputs/Tau5_joint_refinement/AA/pool_3/conformer_1715.pdb,1.5266082104375187,3.136675710435731,0.7317476945938896,1.7766623785953097
AA,outputs/Tau5_joint_refinement/AA/pool_3/conformer_1716.pdb,3.9932352816163506,4.043239376237443,1.5404927547372986,1.8361160980382278
AA,outputs/Tau5_joint_refinement/AA/pool_3/conformer_1717.pdb,1.9960001630377582,4.24754314716387,1.0707803695907883,2.1908316774566927
AA,outputs/Tau5_joint_refinement/AA/pool_3/conformer_1718.pdb,6.948258554294441,3.864901719184982,5.883519967454204,1.8903025179433879
AA,outputs/Tau5_joint_refinement/AA/pool_3/conformer_1719.pdb,5.794373340954873,3.7203683512055745,4.792901410385115,2.268304698913741
AA,outputs/Tau5_joint_refinement/AA/pool_3/conformer_1720.pdb,1.6472582390500117,3.970131041387712,0.9297559598523709,1.6121461722968558
AA,outputs/Tau5_joint_refinement/AA/pool_3/conformer_1721.pdb,7.259844991377005,2.958845672146464,6.329217807116572,1.258939587507527
AA,outputs/Tau5_joint_refinement/AA/pool_3/conformer_1722.pdb,2.0934850863306673,3.4502820239699044,1.2219323979268963,1.985606609868877
AA,outputs/Tau5_joint_refinement/AA/pool_3/conformer_1723.pdb,5.80793721804734,2.8914329775022454,5.0086540184485955,1.6037110654811095
AA,outputs/Tau5_joint_refinement/AA/pool_3/conformer_1724.pdb,8.013766119782,3.2879295565235442,6.647373770294951,2.2193664774044835
AA,outputs/Tau5_joint_refinement/AA/pool_3/conformer_1725.pdb,1.8980487304052625,3.85221391839521,0.9001333741627284,2.002795139658107
AA,outputs/Tau5_joint_refinement/AA/pool_3/conformer_1726.pdb,1.8043245844392133,3.3528469867279087,0.8204349719271401,1.8252142936634501
AA,outputs/Tau5_joint_refinement/AA/pool_3/conformer_1727.pdb,6.077516642013861,3.405903162419604,4.839670277733557,1.6863451205518565
AA,outputs/Tau5_joint_refinement/AA/pool_3/conformer_1728.pdb,5.746464866425578,3.26306283074979,5.095050205075296,1.3681769168986557
AA,outputs/Tau5_joint_refinement/AA/pool_3/conformer_1729.pdb,5.5525865091471465,3.6856826914144905,4.199526801492084,2.2546657870162448
AA,outputs/Tau5_joint_refinement/AA/pool_3/conformer_1730.pdb,4.7263103788200675,4.637570243481943,2.9172345279183154,1.6074125739984957
AA,outputs/Tau5_joint_refinement/AA/pool_3/conformer_1731.pdb,1.5328337567239265,3.5390902746883626,0.5616376605702194,1.5222738146188113
AA,outputs/Tau5_joint_refinement/AA/pool_3/conformer_1732.pdb,5.474299595119434,3.943892545753937,3.8817950603087006,1.8615027611357977
AA,outputs/Tau5_joint_refinement/AA/pool_3/conformer_1733.pdb,4.923180606556517,3.337842324138517,4.351349762765813,2.132665773001095
AA,outputs/Tau5_joint_refinement/AA/pool_3/conformer_1734.pdb,4.460681147181026,2.9558989960565625,1.5369431052332354,2.2535527922423895
AA,outputs/Tau5_joint_refinement/AA/pool_3/conformer_1735.pdb,2.7196508044433934,4.312687249221605,2.1389813261016437,2.02562934887197
AA,outputs/Tau5_joint_refinement/AA/pool_3/conformer_1736.pdb,4.064408990493902,5.45024927733681,3.1321509742499276,2.451994039370231
AA,outputs/Tau5_joint_refinement/AA/pool_3/conformer_1737.pdb,8.032961384337657,3.816283237784252,6.658888921545093,2.1235463620380712
AA,outputs/Tau5_joint_refinement/AA/pool_3/conformer_1738.pdb,7.994037885794268,3.6439497934580625,7.133268525334036,2.16364952762154
AA,outputs/Tau5_joint_refinement/AA/pool_3/conformer_1739.pdb,3.2591429225885418,3.0480824885905045,2.398137704998231,1.592788446307509
AA,outputs/Tau5_joint_refinement/AA/pool_3/conformer_1740.pdb,2.9252015827613707,3.3088760846074012,1.7289739180810226,1.3695860962139625
AA,outputs/Tau5_joint_refinement/AA/pool_3/conformer_1741.pdb,3.4104415146643388,4.881982205280098,2.6648282292642924,2.435042488473177
AA,outputs/Tau5_joint_refinement/AA/pool_3/conformer_1742.pdb,8.259137190956698,2.9450293282595723,6.915168986102204,1.7037272039347426
AA,outputs/Tau5_joint_refinement/AA/pool_3/conformer_1743.pdb,1.9867286519231346,3.149086217268035,1.1500940608082755,1.3862966443531377
AA,outputs/Tau5_joint_refinement/AA/pool_3/conformer_1744.pdb,17.977445850391987,2.6847359593214395,9.500864004188672,1.8853547226816523
AA,outputs/Tau5_joint_refinement/AA/pool_3/conformer_1745.pdb,3.398194732095982,2.784294828315177,1.8597634425100196,1.9126945688492338
AA,outputs/Tau5_joint_refinement/AA/pool_3/conformer_1746.pdb,1.2699035382575827,3.137979571499457,0.4967209791163782,1.5709546934099694
AA,outputs/Tau5_joint_refinement/AA/pool_3/conformer_1747.pdb,1.4672267265835641,3.915655131177409,0.7208058386341125,1.8826346649227719
AA,outputs/Tau5_joint_refinement/AA/pool_3/conformer_1748.pdb,7.672214540986879,2.0870419652792815,6.328079210627437,1.8796179012298548
AA,outputs/Tau5_joint_refinement/AA/pool_3/conformer_1749.pdb,8.100062201645235,3.1141141296556287,6.474046155338814,2.11347231755684
AA,outputs/Tau5_joint_refinement/AA/pool_3/conformer_1750.pdb,4.58650996116549,4.730547490739341,3.9177536057060243,1.9883922003583174
