# Chi2 Rg SupportVolume
8.77356e+02 3.47330e+01 1.25105e+08
4.44218e+02 9.73775e+01 6.25523e+07
2.03224e+02 9.05984e+01 6.25523e+07
1.10610e+02 7.66249e+01 6.25523e+07
6.41422e+01 7.55480e+01 6.25523e+07
4.11533e+01 7.41393e+01 6.25523e+07
2.88757e+01 7.26573e+01 6.25523e+07
2.17213e+01 7.12040e+01 6.25523e+07
1.71381e+01 6.98402e+01 6.25523e+07
1.40413e+01 6.85787e+01 6.25523e+07
1.18801e+01 6.74248e+01 6.25523e+07
1.02978e+01 6.63795e+01 6.25523e+07
9.06018e+00 6.54361e+01 6.25523e+07
8.05121e+00 6.45865e+01 6.25523e+07
7.20722e+00 6.38218e+01 6.25523e+07
6.51048e+00 6.31306e+01 6.25523e+07
5.92302e+00 6.25061e+01 6.25523e+07
5.41497e+00 6.19415e+01 6.25523e+07
4.96940e+00 6.14312e+01 6.25523e+07
4.58092e+00 6.09673e+01 6.25523e+07
4.23888e+00 6.05409e+01 6.25523e+07
3.93276e+00 6.01488e+01 5.62967e+07
3.66558e+00 5.97865e+01 5.62967e+07
3.42939e+00 5.84560e+01 5.62967e+07
3.20334e+00 5.83690e+01 5.62967e+07
3.00026e+00 5.82544e+01 5.62967e+07
2.81833e+00 5.81235e+01 5.62967e+07
2.65471e+00 5.79821e+01 5.62967e+07
2.50782e+00 5.78336e+01 5.62967e+07
2.37392e+00 5.76825e+01 5.62967e+07
2.25088e+00 5.75300e+01 5.62967e+07
2.13915e+00 5.73774e+01 5.62967e+07
2.03532e+00 5.72251e+01 5.62967e+07
1.93994e+00 5.70752e+01 5.62967e+07
1.85178e+00 5.69289e+01 5.62967e+07
1.77026e+00 5.67862e+01 5.62967e+07
1.69493e+00 5.66478e+01 5.62967e+07
1.62500e+00 5.65130e+01 5.62967e+07
1.56059e+00 5.63819e+01 5.62967e+07
1.50086e+00 5.62546e+01 5.62967e+07
1.44537e+00 5.61307e+01 5.62967e+07
1.39393e+00 5.60088e+01 5.06672e+07
1.34605e+00 5.58906e+01 5.06672e+07
1.30946e+00 5.50882e+01 5.06672e+07
1.26372e+00 5.51164e+01 5.06672e+07
1.22169e+00 5.51187e+01 5.06672e+07
1.18318e+00 5.51017e+01 5.06672e+07
1.14788e+00 5.50699e+01 5.06672e+07
1.11516e+00 5.50270e+01 5.06672e+07
1.08496e+00 5.49760e+01 5.06672e+07
1.05691e+00 5.49190e+01 5.06672e+07
1.03058e+00 5.48586e+01 5.06672e+07
1.00589e+00 5.47951e+01 5.06672e+07
9.82767e-01 5.47295e+01 5.06672e+07
9.61284e-01 5.46625e+01 5.06672e+07
9.41325e-01 5.45945e+01 5.06672e+07
9.22628e-01 5.45264e+01 5.06672e+07
9.04974e-01 5.44584e+01 5.06672e+07
8.88536e-01 5.43906e+01 5.06672e+07
8.73198e-01 5.43231e+01 5.06672e+07
8.58635e-01 5.42558e+01 5.06672e+07
8.44871e-01 5.41895e+01 4.56004e+07
8.31980e-01 5.41244e+01 4.56004e+07
8.26586e-01 5.34478e+01 4.56004e+07
8.13124e-01 5.34798e+01 4.56004e+07
8.00678e-01 5.34956e+01 4.56004e+07
7.89233e-01 5.34986e+01 4.56004e+07
7.78654e-01 5.34914e+01 4.56004e+07
7.68912e-01 5.34762e+01 4.56004e+07
7.59992e-01 5.34550e+01 4.56004e+07
7.51731e-01 5.34290e+01 4.56004e+07
7.44028e-01 5.33995e+01 4.56004e+07
7.36740e-01 5.33669e+01 4.56004e+07
7.29839e-01 5.33322e+01 4.56004e+07
7.23301e-01 5.32957e+01 4.56004e+07
7.17112e-01 5.32581e+01 4.56004e+07
7.11258e-01 5.32195e+01 4.56004e+07
7.05771e-01 5.31806e+01 4.56004e+07
7.00566e-01 5.31414e+01 4.56004e+07
6.95649e-01 5.31020e+01 4.56004e+07
6.91036e-01 5.30624e+01 4.56004e+07
6.86631e-01 5.30224e+01 4.10404e+07
6.82425e-01 5.29827e+01 4.10404e+07
6.83727e-01 5.24701e+01 4.10404e+07
6.78596e-01 5.24926e+01 4.10404e+07
6.73886e-01 5.25054e+01 4.10404e+07
6.69551e-01 5.25106e+01 4.10404e+07
6.65540e-01 5.25095e+01 4.10404e+07
6.61815e-01 5.25033e+01 4.10404e+07
6.58339e-01 5.24930e+01 4.10404e+07
6.55088e-01 5.24794e+01 4.10404e+07
6.52039e-01 5.24631e+01 4.10404e+07
6.49185e-01 5.24444e+01 4.10404e+07
6.46510e-01 5.24238e+01 4.10404e+07
6.43987e-01 5.24021e+01 4.10404e+07
6.41601e-01 5.23792e+01 4.10404e+07
6.39328e-01 5.23554e+01 4.10404e+07
6.37160e-01 5.23309e+01 4.10404e+07
6.35111e-01 5.23060e+01 4.10404e+07
6.33166e-01 5.22808e+01 4.10404e+07
6.31333e-01 5.22555e+01 4.10404e+07
6.29598e-01 5.22299e+01 3.69362e+07
6.27953e-01 5.22043e+01 3.69362e+07
6.32120e-01 5.16039e+01 3.69362e+07
6.29274e-01 5.16403e+01 3.69362e+07
6.26759e-01 5.16672e+01 3.69362e+07
6.24528e-01 5.16864e+01 3.69362e+07
6.22540e-01 5.16993e+01 3.69362e+07
6.20757e-01 5.17072e+01 3.69362e+07
6.19138e-01 5.17108e+01 3.69362e+07
6.17662e-01 5.17108e+01 3.69362e+07
6.16323e-01 5.17077e+01 3.69362e+07
6.15089e-01 5.17023e+01 3.69362e+07
6.13962e-01 5.16950e+01 3.69362e+07
6.12917e-01 5.16859e+01 3.69362e+07
6.11947e-01 5.16754e+01 3.69362e+07
6.11045e-01 5.16638e+01 3.69362e+07
6.10205e-01 5.16512e+01 3.69362e+07
6.09415e-01 5.16377e+01 3.69362e+07
6.08675e-01 5.16234e+01 3.69362e+07
6.07978e-01 5.16086e+01 3.69362e+07
6.07320e-01 5.15935e+01 3.32428e+07
6.06700e-01 5.15780e+01 3.32428e+07
6.11384e-01 5.08941e+01 3.32428e+07
6.09442e-01 5.09472e+01 3.32428e+07
6.07830e-01 5.09898e+01 3.32428e+07
6.06478e-01 5.10238e+01 3.32428e+07
6.05331e-01 5.10507e+01 3.32428e+07
6.04350e-01 5.10718e+01 3.32428e+07
6.03504e-01 5.10880e+01 3.32428e+07
6.02768e-01 5.11001e+01 3.32428e+07
6.02123e-01 5.11087e+01 3.32428e+07
6.01555e-01 5.11143e+01 3.32428e+07
6.01054e-01 5.11174e+01 3.32428e+07
6.00604e-01 5.11183e+01 3.32428e+07
6.00198e-01 5.11174e+01 3.32428e+07
5.99828e-01 5.11151e+01 3.32428e+07
5.99492e-01 5.11113e+01 3.32428e+07
5.99187e-01 5.11063e+01 3.32428e+07
5.98913e-01 5.11002e+01 3.32428e+07
5.98659e-01 5.10934e+01 3.32428e+07
5.98427e-01 5.10859e+01 2.99184e+07
5.98218e-01 5.10777e+01 2.99184e+07
6.01848e-01 5.05128e+01 2.99184e+07
6.00649e-01 5.05627e+01 2.99184e+07
5.99710e-01 5.06040e+01 2.99184e+07
5.98968e-01 5.06381e+01 2.99184e+07
5.98377e-01 5.06662e+01 2.99184e+07
5.97903e-01 5.06892e+01 2.99184e+07
5.97519e-01 5.07079e+01 2.99184e+07
5.97206e-01 5.07228e+01 2.99184e+07
5.96951e-01 5.07345e+01 2.99184e+07
5.96746e-01 5.07434e+01 2.99184e+07
5.96582e-01 5.07498e+01 2.99184e+07
5.96450e-01 5.07541e+01 2.99184e+07
5.96345e-01 5.07565e+01 2.99184e+07
5.96258e-01 5.07574e+01 2.99184e+07
5.96187e-01 5.07569e+01 2.99184e+07
5.96130e-01 5.07554e+01 2.99184e+07
5.96084e-01 5.07528e+01 2.99184e+07
5.96051e-01 5.07494e+01 2.99184e+07
5.96031e-01 5.07452e+01 2.69266e+07
5.96021e-01 5.07403e+01 2.69266e+07
6.03957e-01 5.00345e+01 2.69266e+07
6.02180e-01 5.00990e+01 2.69266e+07
6.00872e-01 5.01529e+01 2.69266e+07
5.99890e-01 5.01983e+01 2.69266e+07
5.99145e-01 5.02366e+01 2.69266e+07
5.98577e-01 5.02691e+01 2.69266e+07
5.98139e-01 5.02966e+01 2.69266e+07
5.97797e-01 5.03200e+01 2.69266e+07
5.97533e-01 5.03397e+01 2.69266e+07
5.97332e-01 5.03562e+01 2.69266e+07
5.97176e-01 5.03701e+01 2.69266e+07
5.97059e-01 5.03816e+01 2.69266e+07
5.96974e-01 5.03910e+01 2.69266e+07
5.96914e-01 5.03985e+01 2.69266e+07
5.96877e-01 5.04045e+01 2.69266e+07
5.96856e-01 5.04090e+01 2.69266e+07
5.96846e-01 5.04122e+01 2.69266e+07
5.96848e-01 5.04143e+01 2.69266e+07
5.96856e-01 5.04155e+01 2.42336e+07
5.96870e-01 5.04159e+01 2.42336e+07
6.10162e-01 4.98495e+01 2.42336e+07
6.07341e-01 4.99091e+01 2.42336e+07
6.05341e-01 4.99583e+01 2.42336e+07
6.03870e-01 4.99994e+01 2.42336e+07
6.02767e-01 5.00340e+01 2.42336e+07
6.01922e-01 5.00633e+01 2.42336e+07
6.01262e-01 5.00883e+01 2.42336e+07
6.00742e-01 5.01096e+01 2.42336e+07
6.00327e-01 5.01278e+01 2.42336e+07
5.99997e-01 5.01433e+01 2.42336e+07
5.99732e-01 5.01565e+01 2.42336e+07
5.99522e-01 5.01676e+01 2.42336e+07
5.99351e-01 5.01769e+01 2.42336e+07
5.99214e-01 5.01847e+01 2.42336e+07
5.99105e-01 5.01910e+01 2.42336e+07
5.99019e-01 5.01962e+01 2.42336e+07
5.98953e-01 5.02003e+01 2.42336e+07
5.98904e-01 5.02034e+01 2.42336e+07
5.98868e-01 5.02056e+01 2.18102e+07
5.98840e-01 5.02070e+01 2.18102e+07
6.17509e-01 4.96666e+01 2.18102e+07
6.14152e-01 4.97321e+01 2.18102e+07
6.11666e-01 4.97858e+01 2.18102e+07
6.09778e-01 4.98304e+01 2.18102e+07
6.08316e-01 4.98677e+01 2.18102e+07
6.07168e-01 4.98990e+01 2.18102e+07
6.06257e-01 4.99256e+01 2.18102e+07
6.05531e-01 4.99482e+01 2.18102e+07
6.04943e-01 4.99674e+01 2.18102e+07
6.04463e-01 4.99837e+01 2.18102e+07
6.04067e-01 4.99975e+01 2.18102e+07
6.03737e-01 5.00091e+01 2.18102e+07
6.03458e-01 5.00189e+01 2.18102e+07
6.03222e-01 5.00271e+01 2.18102e+07
6.03019e-01 5.00339e+01 2.18102e+07
6.02844e-01 5.00396e+01 2.18102e+07
6.02690e-01 5.00441e+01 2.18102e+07
6.02557e-01 5.00477e+01 2.18102e+07
6.02440e-01 5.00504e+01 1.96292e+07
6.02342e-01 5.00524e+01 1.96292e+07
6.18753e-01 4.95152e+01 1.96292e+07
6.15639e-01 4.95730e+01 1.96292e+07
6.13293e-01 4.96215e+01 1.96292e+07
6.11488e-01 4.96624e+01 1.96292e+07
6.10076e-01 4.96973e+01 1.96292e+07
6.08956e-01 4.97274e+01 1.96292e+07
6.08056e-01 4.97532e+01 1.96292e+07
6.07326e-01 4.97756e+01 1.96292e+07
6.06731e-01 4.97949e+01 1.96292e+07
6.06241e-01 4.98116e+01 1.96292e+07
6.05835e-01 4.98260e+01 1.96292e+07
6.05496e-01 4.98384e+01 1.96292e+07
6.05210e-01 4.98490e+01 1.96292e+07
6.04966e-01 4.98582e+01 1.96292e+07
6.04758e-01 4.98659e+01 1.96292e+07
6.04579e-01 4.98724e+01 1.96292e+07
6.04423e-01 4.98778e+01 1.96292e+07
6.04285e-01 4.98823e+01 1.96292e+07
6.04162e-01 4.98860e+01 1.76663e+07
6.04054e-01 4.98888e+01 1.76663e+07
6.17992e-01 4.93785e+01 1.76663e+07
6.14860e-01 4.94319e+01 1.76663e+07
6.12580e-01 4.94768e+01 1.76663e+07
6.10857e-01 4.95151e+01 1.76663e+07
6.09518e-01 4.95481e+01 1.76663e+07
6.08457e-01 4.95768e+01 1.76663e+07
6.07605e-01 4.96018e+01 1.76663e+07
6.06913e-01 4.96237e+01 1.76663e+07
6.06343e-01 4.96430e+01 1.76663e+07
6.05872e-01 4.96600e+01 1.76663e+07
6.05478e-01 4.96748e+01 1.76663e+07
6.05149e-01 4.96878e+01 1.76663e+07
6.04872e-01 4.96991e+01 1.76663e+07
6.04633e-01 4.97090e+01 1.76663e+07
6.04428e-01 4.97176e+01 1.76663e+07
6.04250e-01 4.97251e+01 1.76663e+07
6.04096e-01 4.97315e+01 1.76663e+07
6.03962e-01 4.97370e+01 1.76663e+07
6.03842e-01 4.97416e+01 1.58996e+07
6.03735e-01 4.97454e+01 1.58996e+07
6.22581e-01 4.92316e+01 1.58996e+07
6.17766e-01 4.92897e+01 1.58996e+07
6.14703e-01 4.93364e+01 1.58996e+07
6.12550e-01 4.93756e+01 1.58996e+07
6.10955e-01 4.94091e+01 1.58996e+07
6.09734e-01 4.94381e+01 1.58996e+07
6.08769e-01 4.94634e+01 1.58996e+07
6.07994e-01 4.94856e+01 1.58996e+07
6.07355e-01 4.95052e+01 1.58996e+07
6.06825e-01 4.95224e+01 1.58996e+07
6.06379e-01 4.95377e+01 1.58996e+07
6.06001e-01 4.95511e+01 1.58996e+07
6.05679e-01 4.95631e+01 1.58996e+07
6.05406e-01 4.95736e+01 1.58996e+07
6.05172e-01 4.95829e+01 1.58996e+07
6.04970e-01 4.95910e+01 1.58996e+07
6.04798e-01 4.95981e+01 1.58996e+07
6.04644e-01 4.96043e+01 1.58996e+07
6.04505e-01 4.96096e+01 1.43099e+07
6.04384e-01 4.96140e+01 1.43099e+07
6.18799e-01 4.90161e+01 1.43099e+07
6.14595e-01 4.90793e+01 1.43099e+07
6.11891e-01 4.91315e+01 1.43099e+07
6.09988e-01 4.91760e+01 1.43099e+07
6.08567e-01 4.92147e+01 1.43099e+07
6.07473e-01 4.92488e+01 1.43099e+07
6.06613e-01 4.92788e+01 1.43099e+07
6.05919e-01 4.93056e+01 1.43099e+07
6.05353e-01 4.93296e+01 1.43099e+07
6.04882e-01 4.93510e+01 1.43099e+07
6.04483e-01 4.93703e+01 1.43099e+07
6.04150e-01 4.93875e+01 1.43099e+07
6.03864e-01 4.94030e+01 1.43099e+07
6.03619e-01 4.94169e+01 1.43099e+07
6.03406e-01 4.94294e+01 1.43099e+07
6.03224e-01 4.94406e+01 1.43099e+07
6.03069e-01 4.94506e+01 1.43099e+07
6.02935e-01 4.94594e+01 1.43099e+07
6.02821e-01 4.94673e+01 1.28787e+07
6.02718e-01 4.94743e+01 1.28787e+07
6.13675e-01 4.89089e+01 1.28787e+07
6.11107e-01 4.89622e+01 1.28787e+07
6.09207e-01 4.90086e+01 1.28787e+07
6.07747e-01 4.90493e+01 1.28787e+07
6.06597e-01 4.90854e+01 1.28787e+07
6.05674e-01 4.91176e+01 1.28787e+07
6.04920e-01 4.91465e+01 1.28787e+07
6.04299e-01 4.91724e+01 1.28787e+07
6.03782e-01 4.91957e+01 1.28787e+07
6.03347e-01 4.92168e+01 1.28787e+07
6.02977e-01 4.92359e+01 1.28787e+07
6.02661e-01 4.92532e+01 1.28787e+07
6.02388e-01 4.92688e+01 1.28787e+07
6.02151e-01 4.92829e+01 1.28787e+07
6.01945e-01 4.92958e+01 1.28787e+07
6.01769e-01 4.93074e+01 1.28787e+07
6.01616e-01 4.93179e+01 1.28787e+07
6.01483e-01 4.93274e+01 1.28787e+07
6.01369e-01 4.93359e+01 1.15906e+07
6.01269e-01 4.93435e+01 1.15906e+07
6.21798e-01 4.86640e+01 1.15906e+07
6.16526e-01 4.87334e+01 1.15906e+07
6.13062e-01 4.87916e+01 1.15906e+07
6.10549e-01 4.88417e+01 1.15906e+07
6.08643e-01 4.88856e+01 1.15906e+07
6.07146e-01 4.89245e+01 1.15906e+07
6.05944e-01 4.89592e+01 1.15906e+07
6.04967e-01 4.89903e+01 1.15906e+07
6.04159e-01 4.90182e+01 1.15906e+07
6.03485e-01 4.90434e+01 1.15906e+07
6.02919e-01 4.90662e+01 1.15906e+07
6.02440e-01 4.90870e+01 1.15906e+07
6.02031e-01 4.91058e+01 1.15906e+07
6.01684e-01 4.91229e+01 1.15906e+07
6.01382e-01 4.91385e+01 1.15906e+07
6.01118e-01 4.91528e+01 1.15906e+07
6.00887e-01 4.91658e+01 1.15906e+07
6.00686e-01 4.91777e+01 1.15906e+07
6.00507e-01 4.91886e+01 1.04319e+07
6.00347e-01 4.91984e+01 1.04319e+07
6.22965e-01 4.83437e+01 1.04319e+07
6.15025e-01 4.84280e+01 1.04319e+07
6.10676e-01 4.84959e+01 1.04319e+07
6.07771e-01 4.85539e+01 1.04319e+07
6.05654e-01 4.86047e+01 1.04319e+07
6.04038e-01 4.86499e+01 1.04319e+07
6.02772e-01 4.86904e+01 1.04319e+07
6.01744e-01 4.87272e+01 1.04319e+07
6.00903e-01 4.87605e+01 1.04319e+07
6.00213e-01 4.87909e+01 1.04319e+07
5.99639e-01 4.88187e+01 1.04319e+07
5.99157e-01 4.88443e+01 1.04319e+07
5.98748e-01 4.88677e+01 1.04319e+07
5.98398e-01 4.88893e+01 1.04319e+07
5.98100e-01 4.89092e+01 1.04319e+07
5.97841e-01 4.89276e+01 1.04319e+07
5.97618e-01 4.89445e+01 1.04319e+07
5.97430e-01 4.89601e+01 1.04319e+07
5.97268e-01 4.89745e+01 9.38866e+06
5.97131e-01 4.89878e+01 9.38866e+06
6.42893e-01 4.80469e+01 9.38866e+06
6.31414e-01 4.81609e+01 9.38866e+06
6.24439e-01 4.82537e+01 9.38866e+06
6.19607e-01 4.83325e+01 9.38866e+06
6.16030e-01 4.84007e+01 9.38866e+06
6.13262e-01 4.84606e+01 9.38866e+06
6.11062e-01 4.85137e+01 9.38866e+06
6.09271e-01 4.85610e+01 9.38866e+06
6.07795e-01 4.86034e+01 9.38866e+06
6.06561e-01 4.86416e+01 9.38866e+06
6.05512e-01 4.86762e+01 9.38866e+06
6.04618e-01 4.87076e+01 9.38866e+06
6.03852e-01 4.87362e+01 9.38866e+06
6.03182e-01 4.87623e+01 9.38866e+06
6.02605e-01 4.87862e+01 9.38866e+06
6.02107e-01 4.88081e+01 9.38866e+06
6.01674e-01 4.88282e+01 9.38866e+06
6.01291e-01 4.88466e+01 9.38866e+06
6.00949e-01 4.88636e+01 8.44946e+06
6.00646e-01 4.88792e+01 8.44946e+06
6.46112e-01 4.81717e+01 8.44946e+06
6.31965e-01 4.82666e+01 8.44946e+06
6.24846e-01 4.83390e+01 8.44946e+06
6.20151e-01 4.83995e+01 8.44946e+06
6.16704e-01 4.84520e+01 8.44946e+06
6.14047e-01 4.84982e+01 8.44946e+06
6.11902e-01 4.85395e+01 8.44946e+06
6.10146e-01 4.85765e+01 8.44946e+06
6.08697e-01 4.86099e+01 8.44946e+06
6.07494e-01 4.86402e+01 8.44946e+06
6.06474e-01 4.86676e+01 8.44946e+06
6.05607e-01 4.86927e+01 8.44946e+06
6.04856e-01 4.87156e+01 8.44946e+06
6.04203e-01 4.87366e+01 8.44946e+06
6.03636e-01 4.87558e+01 8.44946e+06
6.03135e-01 4.87736e+01 8.44946e+06
6.02690e-01 4.87899e+01 8.44946e+06
6.02296e-01 4.88050e+01 8.44946e+06
6.01945e-01 4.88189e+01 7.60476e+06
6.01624e-01 4.88318e+01 7.60476e+06
6.41688e-01 4.79157e+01 7.60476e+06
6.32935e-01 4.80032e+01 7.60476e+06
6.27505e-01 4.80764e+01 7.60476e+06
6.23524e-01 4.81406e+01 7.60476e+06
6.20375e-01 4.81980e+01 7.60476e+06
6.17786e-01 4.82499e+01 7.60476e+06
6.15607e-01 4.82972e+01 7.60476e+06
6.13760e-01 4.83403e+01 7.60476e+06
6.12176e-01 4.83799e+01 7.60476e+06
6.10810e-01 4.84161e+01 7.60476e+06
6.09623e-01 4.84495e+01 7.60476e+06
6.08587e-01 4.84803e+01 7.60476e+06
6.07682e-01 4.85088e+01 7.60476e+06
6.06888e-01 4.85350e+01 7.60476e+06
6.06188e-01 4.85594e+01 7.60476e+06
6.05567e-01 4.85820e+01 7.60476e+06
6.05018e-01 4.86029e+01 7.60476e+06
6.04526e-01 4.86225e+01 7.60476e+06
6.04088e-01 4.86406e+01 6.84404e+06
6.03696e-01 4.86575e+01 6.84404e+06
6.48151e-01 4.75352e+01 6.84404e+06
6.33889e-01 4.76442e+01 6.84404e+06
6.27385e-01 4.77299e+01 6.84404e+06
6.23321e-01 4.78035e+01 6.84404e+06
6.20327e-01 4.78691e+01 6.84404e+06
6.17930e-01 4.79288e+01 6.84404e+06
6.15925e-01 4.79836e+01 6.84404e+06
6.14218e-01 4.80341e+01 6.84404e+06
6.12742e-01 4.80808e+01 6.84404e+06
6.11451e-01 4.81241e+01 6.84404e+06
6.10319e-01 4.81643e+01 6.84404e+06
6.09320e-01 4.82017e+01 6.84404e+06
6.08436e-01 4.82366e+01 6.84404e+06
6.07654e-01 4.82691e+01 6.84404e+06
6.06960e-01 4.82994e+01 6.84404e+06
6.06338e-01 4.83278e+01 6.84404e+06
6.05785e-01 4.83544e+01 6.84404e+06
6.05291e-01 4.83793e+01 6.84404e+06
6.04847e-01 4.84026e+01 6.15969e+06
6.04449e-01 4.84245e+01 6.15969e+06
6.65087e-01 4.74105e+01 6.15969e+06
6.46573e-01 4.75175e+01 6.15969e+06
6.37038e-01 4.76033e+01 6.15969e+06
6.30947e-01 4.76768e+01 6.15969e+06
6.26542e-01 4.77420e+01 6.15969e+06
6.23113e-01 4.78009e+01 6.15969e+06
6.20335e-01 4.78549e+01 6.15969e+06
6.18014e-01 4.79046e+01 6.15969e+06
6.16033e-01 4.79507e+01 6.15969e+06
6.14317e-01 4.79936e+01 6.15969e+06
6.12838e-01 4.80335e+01 6.15969e+06
6.11551e-01 4.80707e+01 6.15969e+06
6.10422e-01 4.81055e+01 6.15969e+06
6.09427e-01 4.81381e+01 6.15969e+06
6.08548e-01 4.81687e+01 6.15969e+06
6.07770e-01 4.81973e+01 6.15969e+06
6.07076e-01 4.82243e+01 6.15969e+06
6.06453e-01 4.82496e+01 6.15969e+06
6.05893e-01 4.82735e+01 5.54357e+06
6.05381e-01 4.82960e+01 5.54357e+06
6.91649e-01 4.71664e+01 5.54357e+06
6.71128e-01 4.72742e+01 5.54357e+06
6.58794e-01 4.73651e+01 5.54357e+06
6.50232e-01 4.74449e+01 5.54357e+06
6.43749e-01 4.75169e+01 5.54357e+06
6.38575e-01 4.75826e+01 5.54357e+06
6.34308e-01 4.76433e+01 5.54357e+06
6.30697e-01 4.76996e+01 5.54357e+06
6.27592e-01 4.77520e+01 5.54357e+06
6.24899e-01 4.78011e+01 5.54357e+06
6.22538e-01 4.78470e+01 5.54357e+06
6.20459e-01 4.78901e+01 5.54357e+06
6.18621e-01 4.79306e+01 5.54357e+06
6.16979e-01 4.79688e+01 5.54357e+06
6.15521e-01 4.80047e+01 5.54357e+06
6.14213e-01 4.80386e+01 5.54357e+06
6.13040e-01 4.80705e+01 5.54357e+06
6.11991e-01 4.81006e+01 5.54357e+06
6.11046e-01 4.81291e+01 4.98950e+06
6.10191e-01 4.81561e+01 4.98950e+06
6.79318e-01 4.66839e+01 4.98950e+06
6.62318e-01 4.67978e+01 4.98950e+06
6.52988e-01 4.68949e+01 4.98950e+06
6.46784e-01 4.69813e+01 4.98950e+06
6.42122e-01 4.70599e+01 4.98950e+06
6.38348e-01 4.71327e+01 4.98950e+06
6.35159e-01 4.72007e+01 4.98950e+06
6.32386e-01 4.72647e+01 4.98950e+06
6.29934e-01 4.73250e+01 4.98950e+06
6.27732e-01 4.73822e+01 4.98950e+06
6.25745e-01 4.74363e+01 4.98950e+06
6.23940e-01 4.74878e+01 4.98950e+06
6.22300e-01 4.75367e+01 4.98950e+06
6.20806e-01 4.75831e+01 4.98950e+06
6.19439e-01 4.76274e+01 4.98950e+06
6.18184e-01 4.76695e+01 4.98950e+06
6.17024e-01 4.77096e+01 4.98950e+06
6.15949e-01 4.77480e+01 4.98950e+06
6.14954e-01 4.77845e+01 4.49031e+06
6.14033e-01 4.78194e+01 4.49031e+06
6.70318e-01 4.60877e+01 4.49031e+06
6.56343e-01 4.62108e+01 4.49031e+06
6.48702e-01 4.63183e+01 4.49031e+06
6.43569e-01 4.64154e+01 4.49031e+06
6.39655e-01 4.65049e+01 4.49031e+06
6.36438e-01 4.65885e+01 4.49031e+06
6.33680e-01 4.66673e+01 4.49031e+06
6.31261e-01 4.67420e+01 4.49031e+06
6.29101e-01 4.68129e+01 4.49031e+06
6.27153e-01 4.68805e+01 4.49031e+06
6.25381e-01 4.69450e+01 4.49031e+06
6.23761e-01 4.70067e+01 4.49031e+06
6.22274e-01 4.70657e+01 4.49031e+06
6.20906e-01 4.71222e+01 4.49031e+06
6.19636e-01 4.71764e+01 4.49031e+06
6.18464e-01 4.72283e+01 4.49031e+06
6.17382e-01 4.72780e+01 4.49031e+06
6.16380e-01 4.73257e+01 4.49031e+06
6.15451e-01 4.73714e+01 4.04123e+06
6.14588e-01 4.74154e+01 4.04123e+06
6.94333e-01 4.54280e+01 4.04123e+06
6.79578e-01 4.55593e+01 4.04123e+06
6.70201e-01 4.56776e+01 4.04123e+06
6.63418e-01 4.57864e+01 4.04123e+06
6.58085e-01 4.58879e+01 4.04123e+06
6.53653e-01 4.59835e+01 4.04123e+06
6.49844e-01 4.60740e+01 4.04123e+06
6.46482e-01 4.61602e+01 4.04123e+06
6.43477e-01 4.62426e+01 4.04123e+06
6.40758e-01 4.63214e+01 4.04123e+06
6.38280e-01 4.63970e+01 4.04123e+06
6.36008e-01 4.64696e+01 4.04123e+06
6.33914e-01 4.65393e+01 4.04123e+06
6.31977e-01 4.66065e+01 4.04123e+06
6.30184e-01 4.66711e+01 4.04123e+06
6.28521e-01 4.67333e+01 4.04123e+06
6.26971e-01 4.67933e+01 4.04123e+06
6.25524e-01 4.68511e+01 4.04123e+06
6.24176e-01 4.69068e+01 3.63702e+06
6.22917e-01 4.69606e+01 3.63702e+06
7.31499e-01 4.50784e+01 3.63702e+06
7.12734e-01 4.52068e+01 3.63702e+06
6.99991e-01 4.53231e+01 3.63702e+06
6.90466e-01 4.54307e+01 3.63702e+06
6.82861e-01 4.55313e+01 3.63702e+06
6.76520e-01 4.56263e+01 3.63702e+06
6.71071e-01 4.57165e+01 3.63702e+06
6.66287e-01 4.58025e+01 3.63702e+06
6.62018e-01 4.58849e+01 3.63702e+06
6.58170e-01 4.59639e+01 3.63702e+06
6.54667e-01 4.60400e+01 3.63702e+06
6.51457e-01 4.61133e+01 3.63702e+06
6.48505e-01 4.61840e+01 3.63702e+06
6.45780e-01 4.62522e+01 3.63702e+06
6.43250e-01 4.63182e+01 3.63702e+06
6.40900e-01 4.63820e+01 3.63702e+06
6.38710e-01 4.64436e+01 3.63702e+06
6.36666e-01 4.65033e+01 3.63702e+06
6.34753e-01 4.65611e+01 3.27336e+06
6.32961e-01 4.66171e+01 3.27336e+06
8.19201e-01 4.50083e+01 3.27336e+06
7.77965e-01 4.51390e+01 3.27336e+06
7.51889e-01 4.52544e+01 3.27336e+06
7.33480e-01 4.53592e+01 3.27336e+06
7.19589e-01 4.54559e+01 3.27336e+06
7.08583e-01 4.55463e+01 3.27336e+06
6.99540e-01 4.56315e+01 3.27336e+06
6.91906e-01 4.57123e+01 3.27336e+06
6.85317e-01 4.57893e+01 3.27336e+06
6.79528e-01 4.58630e+01 3.27336e+06
6.74374e-01 4.59338e+01 3.27336e+06
6.69734e-01 4.60019e+01 3.27336e+06
6.65538e-01 4.60676e+01 3.27336e+06
6.61726e-01 4.61311e+01 3.27336e+06
6.58244e-01 4.61926e+01 3.27336e+06
6.55050e-01 4.62521e+01 3.27336e+06
6.52107e-01 4.63099e+01 3.27336e+06
6.49387e-01 4.63660e+01 3.27336e+06
6.46862e-01 4.64205e+01 2.94598e+06
6.44510e-01 4.64736e+01 2.94598e+06
7.50421e-01 4.50410e+01 2.94598e+06
7.34435e-01 4.51369e+01 2.94598e+06
7.22225e-01 4.52263e+01 2.94598e+06
7.12481e-01 4.53105e+01 2.94598e+06
7.04441e-01 4.53904e+01 2.94598e+06
6.97621e-01 4.54666e+01 2.94598e+06
6.91697e-01 4.55395e+01 2.94598e+06
6.86455e-01 4.56095e+01 2.94598e+06
6.81760e-01 4.56772e+01 2.94598e+06
6.77507e-01 4.57425e+01 2.94598e+06
6.73629e-01 4.58056e+01 2.94598e+06
6.70069e-01 4.58668e+01 2.94598e+06
6.66778e-01 4.59261e+01 2.94598e+06
6.63724e-01 4.59838e+01 2.94598e+06
6.60884e-01 4.60398e+01 2.94598e+06
6.58230e-01 4.60943e+01 2.94598e+06
6.55744e-01 4.61473e+01 2.94598e+06
6.53407e-01 4.61991e+01 2.94598e+06
6.51209e-01 4.62495e+01 2.65152e+06
6.49138e-01 4.62986e+01 2.65152e+06
7.94984e-01 4.46254e+01 2.65152e+06
7.81131e-01 4.47135e+01 2.65152e+06
7.69618e-01 4.47968e+01 2.65152e+06
7.59797e-01 4.48761e+01 2.65152e+06
7.51242e-01 4.49520e+01 2.65152e+06
7.43654e-01 4.50248e+01 2.65152e+06
7.36831e-01 4.50951e+01 2.65152e+06
7.30633e-01 4.51629e+01 2.65152e+06
7.24947e-01 4.52286e+01 2.65152e+06
7.19693e-01 4.52922e+01 2.65152e+06
7.14799e-01 4.53540e+01 2.65152e+06
7.10225e-01 4.54140e+01 2.65152e+06
7.05936e-01 4.54725e+01 2.65152e+06
7.01902e-01 4.55294e+01 2.65152e+06
6.98097e-01 4.55849e+01 2.65152e+06
6.94503e-01 4.56391e+01 2.65152e+06
6.91103e-01 4.56919e+01 2.65152e+06
6.87879e-01 4.57436e+01 2.65152e+06
6.84821e-01 4.57940e+01 2.77274e+05
6.81913e-01 4.58433e+01 2.77274e+05
6.55339e+01 2.82128e+01 2.77274e+05
4.85527e+01 2.83254e+01 2.77274e+05
4.16126e+01 2.83942e+01 2.77274e+05
3.75054e+01 2.84456e+01 2.77274e+05
3.47083e+01 2.84871e+01 2.77274e+05
3.26513e+01 2.85219e+01 2.77274e+05
3.10389e+01 2.85525e+01 2.77274e+05
2.97041e+01 2.85803e+01 2.77274e+05
2.85586e+01 2.86059e+01 2.77274e+05
2.75643e+01 2.86300e+01 2.77274e+05
2.66832e+01 2.86529e+01 2.77274e+05
2.58833e+01 2.86750e+01 2.77274e+05
2.51563e+01 2.86962e+01 2.77274e+05
2.44894e+01 2.87168e+01 2.77274e+05
2.38732e+01 2.87366e+01 2.77274e+05
2.33029e+01 2.87560e+01 2.77274e+05
2.27700e+01 2.87749e+01 2.77274e+05
2.22714e+01 2.87932e+01 2.77274e+05
2.18018e+01 2.88112e+01 2.72025e+05
2.13584e+01 2.88289e+01 2.72025e+05
2.39755e+01 2.86351e+01 2.72025e+05
2.29913e+01 2.86607e+01 2.72025e+05
2.23954e+01 2.86810e+01 2.72025e+05
2.19070e+01 2.86995e+01 2.72025e+05
2.14706e+01 2.87172e+01 2.72025e+05
2.10679e+01 2.87342e+01 2.72025e+05
2.06945e+01 2.87508e+01 2.72025e+05
2.03437e+01 2.87668e+01 2.72025e+05
2.00146e+01 2.87824e+01 2.72025e+05
1.97027e+01 2.87976e+01 2.72025e+05
1.94049e+01 2.88126e+01 2.72025e+05
1.91196e+01 2.88273e+01 2.72025e+05
1.88452e+01 2.88417e+01 2.72025e+05
1.85823e+01 2.88559e+01 2.72025e+05
1.83300e+01 2.88698e+01 2.72025e+05
1.80874e+01 2.88835e+01 2.72025e+05
1.78530e+01 2.88970e+01 2.72025e+05
1.76264e+01 2.89103e+01 2.72025e+05
1.74062e+01 2.89234e+01 2.70593e+05
1.71929e+01 2.89363e+01 2.70593e+05
1.77980e+01 2.89237e+01 2.70593e+05
1.73038e+01 2.89429e+01 2.70593e+05
1.69839e+01 2.89587e+01 2.70593e+05
1.67271e+01 2.89729e+01 2.70593e+05
1.64984e+01 2.89865e+01 2.70593e+05
1.62869e+01 2.89995e+01 2.70593e+05
1.60881e+01 2.90122e+01 2.70593e+05
1.58986e+01 2.90246e+01 2.70593e+05
1.57162e+01 2.90368e+01 2.70593e+05
1.55415e+01 2.90487e+01 2.70593e+05
1.53728e+01 2.90604e+01 2.70593e+05
1.52094e+01 2.90720e+01 2.70593e+05
1.50512e+01 2.90833e+01 2.70593e+05
1.48976e+01 2.90946e+01 2.70593e+05
1.47481e+01 2.91056e+01 2.70593e+05
1.46023e+01 2.91166e+01 2.70593e+05
1.44604e+01 2.91274e+01 2.70593e+05
1.43220e+01 2.91380e+01 2.70593e+05
1.41870e+01 2.91486e+01 2.67252e+05
1.40551e+01 2.91590e+01 2.67252e+05
1.52144e+01 2.90910e+01 2.67252e+05
1.47347e+01 2.91088e+01 2.67252e+05
1.44655e+01 2.91226e+01 2.67252e+05
1.42620e+01 2.91347e+01 2.67252e+05
1.40905e+01 2.91459e+01 2.67252e+05
1.39365e+01 2.91566e+01 2.67252e+05
1.37932e+01 2.91670e+01 2.67252e+05
1.36580e+01 2.91771e+01 2.67252e+05
1.35295e+01 2.91870e+01 2.67252e+05
1.34061e+01 2.91968e+01 2.67252e+05
1.32869e+01 2.92063e+01 2.67252e+05
1.31719e+01 2.92158e+01 2.67252e+05
1.30603e+01 2.92251e+01 2.67252e+05
1.29517e+01 2.92344e+01 2.67252e+05
1.28462e+01 2.92435e+01 2.67252e+05
1.27434e+01 2.92525e+01 2.67252e+05
1.26430e+01 2.92614e+01 2.67252e+05
1.25450e+01 2.92702e+01 2.67252e+05
1.24491e+01 2.92789e+01 2.62480e+05
1.23553e+01 2.92875e+01 2.62480e+05
1.29878e+01 2.92657e+01 2.62480e+05
1.26564e+01 2.92799e+01 2.62480e+05
1.24774e+01 2.92907e+01 2.62480e+05
1.23421e+01 2.93003e+01 2.62480e+05
1.22270e+01 2.93093e+01 2.62480e+05
1.21230e+01 2.93179e+01 2.62480e+05
1.20260e+01 2.93263e+01 2.62480e+05
1.19336e+01 2.93345e+01 2.62480e+05
1.18450e+01 2.93425e+01 2.62480e+05
1.17596e+01 2.93505e+01 2.62480e+05
1.16770e+01 2.93583e+01 2.62480e+05
1.15968e+01 2.93660e+01 2.62480e+05
1.15188e+01 2.93736e+01 2.62480e+05
1.14424e+01 2.93811e+01 2.62480e+05
1.13677e+01 2.93886e+01 2.62480e+05
1.12946e+01 2.93959e+01 2.62480e+05
1.12231e+01 2.94032e+01 2.62480e+05
1.11530e+01 2.94105e+01 2.62480e+05
1.10842e+01 2.94176e+01 2.56753e+05
1.10167e+01 2.94247e+01 2.56753e+05
1.20570e+01 2.93568e+01 2.56753e+05
1.16836e+01 2.93700e+01 2.56753e+05
1.15054e+01 2.93794e+01 2.56753e+05
1.13750e+01 2.93878e+01 2.56753e+05
1.12674e+01 2.93955e+01 2.56753e+05
1.11737e+01 2.94029e+01 2.56753e+05
1.10884e+01 2.94100e+01 2.56753e+05
1.10092e+01 2.94169e+01 2.56753e+05
1.09346e+01 2.94236e+01 2.56753e+05
1.08637e+01 2.94302e+01 2.56753e+05
1.07958e+01 2.94366e+01 2.56753e+05
1.07304e+01 2.94430e+01 2.56753e+05
1.06670e+01 2.94493e+01 2.56753e+05
1.06057e+01 2.94556e+01 2.56753e+05
1.05459e+01 2.94618e+01 2.56753e+05
1.04875e+01 2.94679e+01 2.56753e+05
1.04303e+01 2.94740e+01 2.56753e+05
1.03744e+01 2.94801e+01 2.56753e+05
1.03194e+01 2.94861e+01 2.52935e+05
1.02654e+01 2.94920e+01 2.52935e+05
1.11576e+01 2.94685e+01 2.52935e+05
1.08593e+01 2.94782e+01 2.52935e+05
1.06955e+01 2.94857e+01 2.52935e+05
1.05743e+01 2.94923e+01 2.52935e+05
1.04745e+01 2.94985e+01 2.52935e+05
1.03881e+01 2.95044e+01 2.52935e+05
1.03114e+01 2.95100e+01 2.52935e+05
1.02417e+01 2.95155e+01 2.52935e+05
1.01770e+01 2.95209e+01 2.52935e+05
1.01161e+01 2.95262e+01 2.52935e+05
1.00577e+01 2.95315e+01 2.52935e+05
1.00019e+01 2.95367e+01 2.52935e+05
9.94838e+00 2.95419e+01 2.52935e+05
9.89673e+00 2.95470e+01 2.52935e+05
9.84673e+00 2.95521e+01 2.52935e+05
9.79801e+00 2.95571e+01 2.52935e+05
9.75057e+00 2.95622e+01 2.52935e+05
9.70431e+00 2.95672e+01 2.52935e+05
9.65894e+00 2.95721e+01 2.49117e+05
9.61453e+00 2.95771e+01 2.49117e+05
1.07139e+01 2.95380e+01 2.49117e+05
1.02703e+01 2.95500e+01 2.49117e+05
1.00921e+01 2.95577e+01 2.49117e+05
9.97659e+00 2.95642e+01 2.49117e+05
9.88790e+00 2.95701e+01 2.49117e+05
9.81418e+00 2.95757e+01 2.49117e+05
9.74873e+00 2.95811e+01 2.49117e+05
9.68861e+00 2.95864e+01 2.49117e+05
9.63228e+00 2.95916e+01 2.49117e+05
9.57845e+00 2.95967e+01 2.49117e+05
9.52723e+00 2.96018e+01 2.49117e+05
9.47802e+00 2.96068e+01 2.49117e+05
9.43061e+00 2.96117e+01 2.49117e+05
9.38480e+00 2.96166e+01 2.49117e+05
9.34032e+00 2.96215e+01 2.49117e+05
9.29711e+00 2.96262e+01 2.49117e+05
9.25510e+00 2.96310e+01 2.49117e+05
9.21409e+00 2.96357e+01 2.49117e+05
9.17386e+00 2.96404e+01 2.44345e+05
9.13430e+00 2.96450e+01 2.44345e+05
1.03566e+01 2.96096e+01 2.44345e+05
9.97820e+00 2.96187e+01 2.44345e+05
9.80182e+00 2.96248e+01 2.44345e+05
9.68407e+00 2.96298e+01 2.44345e+05
9.59265e+00 2.96343e+01 2.44345e+05
9.51730e+00 2.96385e+01 2.44345e+05
9.45168e+00 2.96426e+01 2.44345e+05
9.39202e+00 2.96467e+01 2.44345e+05
9.33681e+00 2.96506e+01 2.44345e+05
9.28498e+00 2.96546e+01 2.44345e+05
9.23630e+00 2.96584e+01 2.44345e+05
9.18985e+00 2.96623e+01 2.44345e+05
9.14543e+00 2.96662e+01 2.44345e+05
9.10255e+00 2.96700e+01 2.44345e+05
9.06097e+00 2.96739e+01 2.44345e+05
9.02072e+00 2.96777e+01 2.44345e+05
8.98163e+00 2.96815e+01 2.44345e+05
8.94351e+00 2.96854e+01 2.44345e+05
8.90622e+00 2.96892e+01 2.40050e+05
8.86968e+00 2.96931e+01 2.40050e+05
9.74251e+00 2.96437e+01 2.40050e+05
9.42297e+00 2.96528e+01 2.40050e+05
9.28172e+00 2.96589e+01 2.40050e+05
9.18914e+00 2.96641e+01 2.40050e+05
9.11769e+00 2.96689e+01 2.40050e+05
9.05718e+00 2.96733e+01 2.40050e+05
9.00412e+00 2.96776e+01 2.40050e+05
8.95639e+00 2.96818e+01 2.40050e+05
8.91213e+00 2.96860e+01 2.40050e+05
8.87026e+00 2.96901e+01 2.40050e+05
8.83028e+00 2.96941e+01 2.40050e+05
8.79154e+00 2.96982e+01 2.40050e+05
8.75412e+00 2.97022e+01 2.40050e+05
8.71796e+00 2.97062e+01 2.40050e+05
8.68296e+00 2.97102e+01 2.40050e+05
8.64878e+00 2.97141e+01 2.40050e+05
8.61539e+00 2.97180e+01 2.40050e+05
8.58269e+00 2.97219e+01 2.40050e+05
8.55064e+00 2.97258e+01 2.36709e+05
8.51916e+00 2.97297e+01 2.36709e+05
9.09492e+00 2.96949e+01 2.36709e+05
8.87595e+00 2.97037e+01 2.36709e+05
8.77838e+00 2.97099e+01 2.36709e+05
8.71081e+00 2.97153e+01 2.36709e+05
8.65692e+00 2.97202e+01 2.36709e+05
8.61077e+00 2.97249e+01 2.36709e+05
8.56916e+00 2.97293e+01 2.36709e+05
8.53013e+00 2.97337e+01 2.36709e+05
8.49347e+00 2.97379e+01 2.36709e+05
8.45851e+00 2.97421e+01 2.36709e+05
8.42492e+00 2.97461e+01 2.36709e+05
8.39236e+00 2.97502e+01 2.36709e+05
8.36078e+00 2.97542e+01 2.36709e+05
8.32991e+00 2.97581e+01 2.36709e+05
8.29963e+00 2.97620e+01 2.36709e+05
8.26999e+00 2.97659e+01 2.36709e+05
8.24092e+00 2.97698e+01 2.36709e+05
8.21239e+00 2.97736e+01 2.36709e+05
8.18437e+00 2.97773e+01 2.33846e+05
8.15688e+00 2.97810e+01 2.33846e+05
8.58907e+00 2.97683e+01 2.33846e+05
8.46128e+00 2.97736e+01 2.33846e+05
8.38319e+00 2.97780e+01 2.33846e+05
8.32492e+00 2.97818e+01 2.33846e+05
8.27716e+00 2.97854e+01 2.33846e+05
8.23525e+00 2.97889e+01 2.33846e+05
8.19728e+00 2.97923e+01 2.33846e+05
8.16215e+00 2.97957e+01 2.33846e+05
8.12933e+00 2.97990e+01 2.33846e+05
8.09816e+00 2.98022e+01 2.33846e+05
8.06819e+00 2.98055e+01 2.33846e+05
8.03934e+00 2.98087e+01 2.33846e+05
8.01126e+00 2.98119e+01 2.33846e+05
7.98396e+00 2.98151e+01 2.33846e+05
7.95726e+00 2.98183e+01 2.33846e+05
7.93122e+00 2.98215e+01 2.33846e+05
7.90576e+00 2.98247e+01 2.33846e+05
7.88080e+00 2.98278e+01 2.33846e+05
7.85628e+00 2.98310e+01 2.30982e+05
7.83218e+00 2.98341e+01 2.30982e+05
8.80759e+00 2.97850e+01 2.30982e+05
8.46698e+00 2.97929e+01 2.30982e+05
8.33610e+00 2.97976e+01 2.30982e+05
8.25518e+00 2.98014e+01 2.30982e+05
8.19583e+00 2.98048e+01 2.30982e+05
8.14826e+00 2.98081e+01 2.30982e+05
8.10687e+00 2.98112e+01 2.30982e+05
8.06988e+00 2.98143e+01 2.30982e+05
8.03576e+00 2.98174e+01 2.30982e+05
8.00371e+00 2.98205e+01 2.30982e+05
7.97350e+00 2.98235e+01 2.30982e+05
7.94469e+00 2.98266e+01 2.30982e+05
7.91673e+00 2.98296e+01 2.30982e+05
7.88975e+00 2.98326e+01 2.30982e+05
7.86372e+00 2.98357e+01 2.30982e+05
7.83831e+00 2.98387e+01 2.30982e+05
7.81354e+00 2.98417e+01 2.30982e+05
7.78930e+00 2.98447e+01 2.30982e+05
7.76554e+00 2.98477e+01 2.27164e+05
7.74222e+00 2.98507e+01 2.27164e+05
9.21041e+00 2.98047e+01 2.27164e+05
8.63713e+00 2.98148e+01 2.27164e+05
8.43446e+00 2.98205e+01 2.27164e+05
8.32177e+00 2.98248e+01 2.27164e+05
8.24181e+00 2.98285e+01 2.27164e+05
8.17962e+00 2.98318e+01 2.27164e+05
8.12879e+00 2.98349e+01 2.27164e+05
8.08496e+00 2.98378e+01 2.27164e+05
8.04582e+00 2.98407e+01 2.27164e+05
8.00917e+00 2.98436e+01 2.27164e+05
7.97543e+00 2.98465e+01 2.27164e+05
7.94377e+00 2.98493e+01 2.27164e+05
7.91366e+00 2.98521e+01 2.27164e+05
7.88497e+00 2.98549e+01 2.27164e+05
7.85749e+00 2.98577e+01 2.27164e+05
7.83099e+00 2.98605e+01 2.27164e+05
7.80550e+00 2.98632e+01 2.27164e+05
7.78076e+00 2.98660e+01 2.27164e+05
7.75659e+00 2.98687e+01 2.23824e+05
7.73291e+00 2.98715e+01 2.23824e+05
9.23232e+00 2.98619e+01 2.23824e+05
8.53342e+00 2.98719e+01 2.23824e+05
8.30835e+00 2.98771e+01 2.23824e+05
8.18502e+00 2.98809e+01 2.23824e+05
8.09802e+00 2.98843e+01 2.23824e+05
8.02856e+00 2.98873e+01 2.23824e+05
7.97055e+00 2.98903e+01 2.23824e+05
7.92037e+00 2.98931e+01 2.23824e+05
7.87525e+00 2.98959e+01 2.23824e+05
7.83438e+00 2.98986e+01 2.23824e+05
7.79674e+00 2.99013e+01 2.23824e+05
7.76155e+00 2.99041e+01 2.23824e+05
7.72806e+00 2.99068e+01 2.23824e+05
7.69643e+00 2.99095e+01 2.23824e+05
7.66617e+00 2.99123e+01 2.23824e+05
7.63702e+00 2.99150e+01 2.23824e+05
7.60897e+00 2.99178e+01 2.23824e+05
7.58181e+00 2.99205e+01 2.23824e+05
7.55538e+00 2.99233e+01 2.20006e+05
7.52951e+00 2.99261e+01 2.20006e+05
8.08135e+00 2.98982e+01 2.20006e+05
7.84585e+00 2.99046e+01 2.20006e+05
7.74760e+00 2.99089e+01 2.20006e+05
7.68570e+00 2.99125e+01 2.20006e+05
7.63788e+00 2.99158e+01 2.20006e+05
7.59767e+00 2.99190e+01 2.20006e+05
7.56223e+00 2.99220e+01 2.20006e+05
7.52964e+00 2.99249e+01 2.20006e+05
7.49939e+00 2.99278e+01 2.20006e+05
7.47137e+00 2.99307e+01 2.20006e+05
7.44490e+00 2.99335e+01 2.20006e+05
7.41951e+00 2.99363e+01 2.20006e+05
7.39504e+00 2.99391e+01 2.20006e+05
7.37141e+00 2.99419e+01 2.20006e+05
7.34855e+00 2.99447e+01 2.20006e+05
7.32629e+00 2.99474e+01 2.20006e+05
7.30443e+00 2.99502e+01 2.20006e+05
7.28308e+00 2.99529e+01 2.20006e+05
7.26221e+00 2.99556e+01 2.15233e+05
7.24177e+00 2.99584e+01 2.15233e+05
1.03225e+01 2.98012e+01 2.15233e+05
9.27829e+00 2.98130e+01 2.15233e+05
8.94626e+00 2.98192e+01 2.15233e+05
8.77027e+00 2.98237e+01 2.15233e+05
8.65314e+00 2.98274e+01 2.15233e+05
8.56381e+00 2.98308e+01 2.15233e+05
8.48930e+00 2.98341e+01 2.15233e+05
8.42397e+00 2.98373e+01 2.15233e+05
8.36579e+00 2.98404e+01 2.15233e+05
8.31391e+00 2.98435e+01 2.15233e+05
8.26628e+00 2.98466e+01 2.15233e+05
8.22183e+00 2.98497e+01 2.15233e+05
8.17997e+00 2.98527e+01 2.15233e+05
8.14025e+00 2.98557e+01 2.15233e+05
8.10258e+00 2.98587e+01 2.15233e+05
8.06648e+00 2.98618e+01 2.15233e+05
8.03157e+00 2.98648e+01 2.15233e+05
7.99770e+00 2.98679e+01 2.15233e+05
7.96473e+00 2.98710e+01 2.09984e+05
7.93265e+00 2.98741e+01 2.09984e+05
1.15759e+01 2.96665e+01 2.09984e+05
1.00321e+01 2.96808e+01 2.09984e+05
9.63855e+00 2.96876e+01 2.09984e+05
9.44308e+00 2.96927e+01 2.09984e+05
9.31293e+00 2.96972e+01 2.09984e+05
9.21465e+00 2.97013e+01 2.09984e+05
9.13667e+00 2.97052e+01 2.09984e+05
9.07021e+00 2.97091e+01 2.09984e+05
9.01254e+00 2.97128e+01 2.09984e+05
8.96097e+00 2.97166e+01 2.09984e+05
8.91331e+00 2.97203e+01 2.09984e+05
8.86840e+00 2.97240e+01 2.09984e+05
8.82552e+00 2.97277e+01 2.09984e+05
8.78473e+00 2.97314e+01 2.09984e+05
8.74564e+00 2.97350e+01 2.09984e+05
8.70794e+00 2.97386e+01 2.09984e+05
8.67134e+00 2.97423e+01 2.09984e+05
8.63564e+00 2.97459e+01 2.09984e+05
8.60066e+00 2.97495e+01 2.04734e+05
8.56629e+00 2.97532e+01 2.04734e+05
1.03522e+01 2.96456e+01 2.04734e+05
9.75440e+00 2.96542e+01 2.04734e+05
9.55095e+00 2.96598e+01 2.04734e+05
9.42885e+00 2.96647e+01 2.04734e+05
9.33771e+00 2.96692e+01 2.04734e+05
9.26300e+00 2.96735e+01 2.04734e+05
9.19880e+00 2.96777e+01 2.04734e+05
9.14131e+00 2.96819e+01 2.04734e+05
9.08859e+00 2.96861e+01 2.04734e+05
9.03946e+00 2.96902e+01 2.04734e+05
8.99303e+00 2.96942e+01 2.04734e+05
8.94866e+00 2.96983e+01 2.04734e+05
8.90632e+00 2.97023e+01 2.04734e+05
8.86564e+00 2.97063e+01 2.04734e+05
8.82627e+00 2.97103e+01 2.04734e+05
8.78809e+00 2.97142e+01 2.04734e+05
8.75107e+00 2.97182e+01 2.04734e+05
8.71476e+00 2.97221e+01 1.99485e+05
1.03890e+01 2.95785e+01 1.99485e+05
9.88525e+00 2.95866e+01 1.99485e+05
9.69992e+00 2.95924e+01 1.99485e+05
9.59164e+00 2.95973e+01 1.99485e+05
9.51320e+00 2.96019e+01 1.99485e+05
9.45073e+00 2.96062e+01 1.99485e+05
9.39682e+00 2.96104e+01 1.99485e+05
9.34833e+00 2.96146e+01 1.99485e+05
9.30324e+00 2.96187e+01 1.99485e+05
9.26052e+00 2.96228e+01 1.99485e+05
9.21972e+00 2.96268e+01 1.99485e+05
9.18060e+00 2.96308e+01 1.99485e+05
9.14297e+00 2.96348e+01 1.99485e+05
9.10665e+00 2.96387e+01 1.99485e+05
9.07137e+00 2.96426e+01 1.99485e+05
9.03701e+00 2.96464e+01 1.99485e+05
9.00347e+00 2.96503e+01 1.99485e+05
8.97061e+00 2.96541e+01 1.99485e+05
8.93829e+00 2.96578e+01 1.99485e+05
8.90645e+00 2.96616e+01 1.99485e+05
8.87505e+00 2.96654e+01 1.94712e+05
8.84409e+00 2.96691e+01 1.94712e+05
1.06314e+01 2.96226e+01 1.94712e+05
9.95132e+00 2.96299e+01 1.94712e+05
9.70597e+00 2.96349e+01 1.94712e+05
9.56086e+00 2.96391e+01 1.94712e+05
9.45501e+00 2.96430e+01 1.94712e+05
9.37334e+00 2.96466e+01 1.94712e+05
9.30609e+00 2.96502e+01 1.94712e+05
9.24685e+00 2.96538e+01 1.94712e+05
9.19306e+00 2.96573e+01 1.94712e+05
9.14366e+00 2.96608e+01 1.94712e+05
9.09753e+00 2.96644e+01 1.94712e+05
9.05388e+00 2.96679e+01 1.94712e+05
9.01235e+00 2.96713e+01 1.94712e+05
8.97266e+00 2.96748e+01 1.94712e+05
8.93431e+00 2.96783e+01 1.94712e+05
8.89738e+00 2.96817e+01 1.94712e+05
8.86164e+00 2.96852e+01 1.94712e+05
8.82683e+00 2.96887e+01 1.94712e+05
8.79286e+00 2.96921e+01 1.90894e+05
8.75968e+00 2.96955e+01 1.90894e+05
1.17110e+01 2.95011e+01 1.90894e+05
1.09146e+01 2.95046e+01 1.90894e+05
1.06846e+01 2.95079e+01 1.90894e+05
1.05374e+01 2.95112e+01 1.90894e+05
1.04269e+01 2.95144e+01 1.90894e+05
1.03359e+01 2.95177e+01 1.90894e+05
1.02579e+01 2.95210e+01 1.90894e+05
1.01889e+01 2.95243e+01 1.90894e+05
1.01262e+01 2.95277e+01 1.90894e+05
1.00678e+01 2.95311e+01 1.90894e+05
1.00128e+01 2.95346e+01 1.90894e+05
9.96104e+00 2.95382e+01 1.90894e+05
9.91150e+00 2.95417e+01 1.90894e+05
9.86407e+00 2.95453e+01 1.90894e+05
9.81844e+00 2.95489e+01 1.90894e+05
9.77425e+00 2.95526e+01 1.90894e+05
9.73129e+00 2.95562e+01 1.90894e+05
9.68929e+00 2.95599e+01 1.90894e+05
9.64832e+00 2.95635e+01 1.87554e+05
9.60839e+00 2.95672e+01 1.87554e+05
1.08412e+01 2.95031e+01 1.87554e+05
1.06634e+01 2.95061e+01 1.87554e+05
1.05345e+01 2.95095e+01 1.87554e+05
1.04286e+01 2.95129e+01 1.87554e+05
1.03389e+01 2.95162e+01 1.87554e+05
1.02617e+01 2.95194e+01 1.87554e+05
1.01933e+01 2.95226e+01 1.87554e+05
1.01308e+01 2.95259e+01 1.87554e+05
1.00731e+01 2.95291e+01 1.87554e+05
1.00194e+01 2.95324e+01 1.87554e+05
9.96855e+00 2.95357e+01 1.87554e+05
9.92046e+00 2.95389e+01 1.87554e+05
9.87462e+00 2.95422e+01 1.87554e+05
9.83072e+00 2.95455e+01 1.87554e+05
9.78846e+00 2.95488e+01 1.87554e+05
9.74723e+00 2.95521e+01 1.87554e+05
9.70745e+00 2.95554e+01 1.87554e+05
9.66900e+00 2.95587e+01 1.87554e+05
9.63165e+00 2.95619e+01 1.84213e+05
9.59520e+00 2.95652e+01 1.84213e+05
1.13783e+01 2.95097e+01 1.84213e+05
1.09806e+01 2.95120e+01 1.84213e+05
1.07832e+01 2.95139e+01 1.84213e+05
1.06472e+01 2.95160e+01 1.84213e+05
1.05420e+01 2.95182e+01 1.84213e+05
1.04539e+01 2.95206e+01 1.84213e+05
1.03764e+01 2.95230e+01 1.84213e+05
1.03082e+01 2.95255e+01 1.84213e+05
1.02470e+01 2.95281e+01 1.84213e+05
1.01909e+01 2.95308e+01 1.84213e+05
1.01386e+01 2.95334e+01 1.84213e+05
1.00898e+01 2.95361e+01 1.84213e+05
1.00439e+01 2.95389e+01 1.84213e+05
1.00000e+01 2.95417e+01 1.84213e+05
9.95796e+00 2.95445e+01 1.84213e+05
9.91736e+00 2.95474e+01 1.84213e+05
9.87805e+00 2.95503e+01 1.84213e+05
9.83998e+00 2.95532e+01 1.84213e+05
9.80294e+00 2.95562e+01 1.81827e+05
9.76678e+00 2.95592e+01 1.81827e+05
1.07591e+01 2.94666e+01 1.81827e+05
1.04815e+01 2.94704e+01 1.81827e+05
1.03591e+01 2.94739e+01 1.81827e+05
1.02748e+01 2.94773e+01 1.81827e+05
1.02097e+01 2.94807e+01 1.81827e+05
1.01563e+01 2.94840e+01 1.81827e+05
1.01092e+01 2.94873e+01 1.81827e+05
1.00667e+01 2.94906e+01 1.81827e+05
1.00274e+01 2.94939e+01 1.81827e+05
9.99013e+00 2.94972e+01 1.81827e+05
9.95445e+00 2.95005e+01 1.81827e+05
9.91997e+00 2.95038e+01 1.81827e+05
9.88638e+00 2.95072e+01 1.81827e+05
9.85346e+00 2.95105e+01 1.81827e+05
9.82115e+00 2.95138e+01 1.81827e+05
9.78947e+00 2.95171e+01 1.81827e+05
9.75842e+00 2.95204e+01 1.81827e+05
9.72790e+00 2.95237e+01 1.81827e+05
9.69780e+00 2.95269e+01 1.78009e+05
9.66806e+00 2.95302e+01 1.78009e+05
1.42391e+01 2.92775e+01 1.78009e+05
1.24162e+01 2.92864e+01 1.78009e+05
1.19063e+01 2.92915e+01 1.78009e+05
1.16726e+01 2.92953e+01 1.78009e+05
1.15380e+01 2.92986e+01 1.78009e+05
1.14461e+01 2.93019e+01 1.78009e+05
1.13762e+01 2.93053e+01 1.78009e+05
1.13171e+01 2.93087e+01 1.78009e+05
1.12658e+01 2.93122e+01 1.78009e+05
1.12194e+01 2.93157e+01 1.78009e+05
1.11761e+01 2.93193e+01 1.78009e+05
1.11343e+01 2.93229e+01 1.78009e+05
1.10946e+01 2.93265e+01 1.78009e+05
1.10560e+01 2.93301e+01 1.78009e+05
1.10183e+01 2.93338e+01 1.78009e+05
1.09810e+01 2.93375e+01 1.78009e+05
1.09444e+01 2.93412e+01 1.78009e+05
1.09085e+01 2.93449e+01 1.78009e+05
1.08731e+01 2.93486e+01 1.76577e+05
1.08383e+01 2.93523e+01 1.76577e+05
1.10934e+01 2.93443e+01 1.76577e+05
1.09839e+01 2.93487e+01 1.76577e+05
1.09281e+01 2.93530e+01 1.76577e+05
1.08839e+01 2.93570e+01 1.76577e+05
1.08443e+01 2.93609e+01 1.76577e+05
1.08068e+01 2.93647e+01 1.76577e+05
1.07704e+01 2.93684e+01 1.76577e+05
1.07349e+01 2.93721e+01 1.76577e+05
1.07003e+01 2.93758e+01 1.76577e+05
1.06663e+01 2.93794e+01 1.76577e+05
1.06328e+01 2.93829e+01 1.76577e+05
1.05998e+01 2.93864e+01 1.76577e+05
1.05672e+01 2.93900e+01 1.76577e+05
1.05350e+01 2.93935e+01 1.76577e+05
1.05030e+01 2.93969e+01 1.76577e+05
1.04712e+01 2.94004e+01 1.76577e+05
1.04398e+01 2.94038e+01 1.76577e+05
1.04087e+01 2.94072e+01 1.76577e+05
1.03780e+01 2.94106e+01 1.73714e+05
1.03476e+01 2.94140e+01 1.73714e+05
1.32443e+01 2.93431e+01 1.73714e+05
1.21073e+01 2.93485e+01 1.73714e+05
1.18475e+01 2.93524e+01 1.73714e+05
1.17198e+01 2.93558e+01 1.73714e+05
1.16317e+01 2.93590e+01 1.73714e+05
1.15631e+01 2.93622e+01 1.73714e+05
1.15036e+01 2.93653e+01 1.73714e+05
1.14493e+01 2.93684e+01 1.73714e+05
1.13984e+01 2.93714e+01 1.73714e+05
1.13496e+01 2.93745e+01 1.73714e+05
1.13031e+01 2.93776e+01 1.73714e+05
1.12579e+01 2.93807e+01 1.73714e+05
1.12136e+01 2.93838e+01 1.73714e+05
1.11702e+01 2.93869e+01 1.73714e+05
1.11276e+01 2.93900e+01 1.73714e+05
1.10857e+01 2.93931e+01 1.73714e+05
1.10444e+01 2.93961e+01 1.73714e+05
1.10036e+01 2.93992e+01 1.73714e+05
1.09641e+01 2.94022e+01 1.69419e+05
1.09254e+01 2.94051e+01 1.69419e+05
1.61798e+01 2.93913e+01 1.69419e+05
1.38539e+01 2.93956e+01 1.69419e+05
1.31275e+01 2.93976e+01 1.69419e+05
1.27683e+01 2.93991e+01 1.69419e+05
1.25402e+01 2.94006e+01 1.69419e+05
1.23691e+01 2.94023e+01 1.69419e+05
1.22306e+01 2.94041e+01 1.69419e+05
1.21121e+01 2.94061e+01 1.69419e+05
1.20072e+01 2.94083e+01 1.69419e+05
1.19123e+01 2.94105e+01 1.69419e+05
1.18260e+01 2.94128e+01 1.69419e+05
1.17463e+01 2.94151e+01 1.69419e+05
1.16717e+01 2.94176e+01 1.69419e+05
1.16016e+01 2.94200e+01 1.69419e+05
1.15353e+01 2.94225e+01 1.69419e+05
1.14721e+01 2.94251e+01 1.69419e+05
1.14115e+01 2.94276e+01 1.69419e+05
1.13534e+01 2.94303e+01 1.69419e+05
1.12973e+01 2.94329e+01 1.66555e+05
1.12425e+01 2.94356e+01 1.66555e+05
1.32838e+01 2.94269e+01 1.66555e+05
1.24753e+01 2.94282e+01 1.66555e+05
1.21755e+01 2.94295e+01 1.66555e+05
1.20045e+01 2.94310e+01 1.66555e+05
1.18852e+01 2.94325e+01 1.66555e+05
1.17895e+01 2.94342e+01 1.66555e+05
1.17062e+01 2.94360e+01 1.66555e+05
1.16321e+01 2.94379e+01 1.66555e+05
1.15645e+01 2.94400e+01 1.66555e+05
1.15013e+01 2.94420e+01 1.66555e+05
1.14413e+01 2.94442e+01 1.66555e+05
1.13842e+01 2.94463e+01 1.66555e+05
1.13294e+01 2.94485e+01 1.66555e+05
1.12764e+01 2.94508e+01 1.66555e+05
1.12250e+01 2.94530e+01 1.66555e+05
1.11749e+01 2.94553e+01 1.66555e+05
1.11264e+01 2.94576e+01 1.66555e+05
1.10790e+01 2.94599e+01 1.66555e+05
1.10327e+01 2.94623e+01 1.64169e+05
1.09872e+01 2.94647e+01 1.64169e+05
1.35038e+01 2.94232e+01 1.64169e+05
1.25699e+01 2.94253e+01 1.64169e+05
1.22961e+01 2.94272e+01 1.64169e+05
1.21381e+01 2.94288e+01 1.64169e+05
1.20248e+01 2.94303e+01 1.64169e+05
1.19337e+01 2.94319e+01 1.64169e+05
1.18538e+01 2.94336e+01 1.64169e+05
1.17821e+01 2.94354e+01 1.64169e+05
1.17156e+01 2.94372e+01 1.64169e+05
1.16530e+01 2.94391e+01 1.64169e+05
1.15932e+01 2.94411e+01 1.64169e+05
1.15357e+01 2.94431e+01 1.64169e+05
1.14801e+01 2.94453e+01 1.64169e+05
1.14266e+01 2.94475e+01 1.64169e+05
1.13745e+01 2.94497e+01 1.64169e+05
1.13239e+01 2.94520e+01 1.64169e+05
1.12745e+01 2.94542e+01 1.64169e+05
1.12263e+01 2.94566e+01 1.64169e+05
1.11791e+01 2.94588e+01 1.59874e+05
1.11333e+01 2.94611e+01 1.59874e+05
1.49762e+01 2.93491e+01 1.59874e+05
1.37735e+01 2.93476e+01 1.59874e+05
1.33554e+01 2.93481e+01 1.59874e+05
1.31103e+01 2.93492e+01 1.59874e+05
1.29316e+01 2.93505e+01 1.59874e+05
1.27870e+01 2.93521e+01 1.59874e+05
1.26653e+01 2.93539e+01 1.59874e+05
1.25584e+01 2.93559e+01 1.59874e+05
1.24649e+01 2.93580e+01 1.59874e+05
1.23803e+01 2.93602e+01 1.59874e+05
1.23021e+01 2.93624e+01 1.59874e+05
1.22300e+01 2.93647e+01 1.59874e+05
1.21629e+01 2.93671e+01 1.59874e+05
1.20996e+01 2.93695e+01 1.59874e+05
1.20395e+01 2.93719e+01 1.59874e+05
1.19822e+01 2.93744e+01 1.59874e+05
1.19274e+01 2.93768e+01 1.59874e+05
1.18748e+01 2.93793e+01 1.59874e+05
1.18240e+01 2.93818e+01 1.57011e+05
1.17748e+01 2.93843e+01 1.57011e+05
1.52674e+01 2.92688e+01 1.57011e+05
1.40679e+01 2.92711e+01 1.57011e+05
1.36957e+01 2.92731e+01 1.57011e+05
1.35076e+01 2.92751e+01 1.57011e+05
1.33815e+01 2.92772e+01 1.57011e+05
1.32804e+01 2.92793e+01 1.57011e+05
1.31950e+01 2.92815e+01 1.57011e+05
1.31183e+01 2.92838e+01 1.57011e+05
1.30472e+01 2.92861e+01 1.57011e+05
1.29804e+01 2.92885e+01 1.57011e+05
1.29168e+01 2.92910e+01 1.57011e+05
1.28558e+01 2.92935e+01 1.57011e+05
1.27968e+01 2.92960e+01 1.57011e+05
1.27399e+01 2.92986e+01 1.57011e+05
1.26847e+01 2.93013e+01 1.57011e+05
1.26311e+01 2.93039e+01 1.57011e+05
1.25793e+01 2.93065e+01 1.57011e+05
1.25288e+01 2.93091e+01 1.57011e+05
1.24795e+01 2.93118e+01 1.51761e+05
1.24314e+01 2.93144e+01 1.51761e+05
1.61046e+01 2.92193e+01 1.51761e+05
1.47098e+01 2.92183e+01 1.51761e+05
1.42441e+01 2.92189e+01 1.51761e+05
1.39887e+01 2.92203e+01 1.51761e+05
1.38144e+01 2.92220e+01 1.51761e+05
1.36809e+01 2.92240e+01 1.51761e+05
1.35717e+01 2.92263e+01 1.51761e+05
1.34776e+01 2.92286e+01 1.51761e+05
1.33949e+01 2.92311e+01 1.51761e+05
1.33201e+01 2.92338e+01 1.51761e+05
1.32512e+01 2.92364e+01 1.51761e+05
1.31869e+01 2.92391e+01 1.51761e+05
1.31264e+01 2.92419e+01 1.51761e+05
1.30687e+01 2.92447e+01 1.51761e+05
1.30135e+01 2.92475e+01 1.51761e+05
1.29605e+01 2.92504e+01 1.51761e+05
1.29090e+01 2.92532e+01 1.51761e+05
1.28589e+01 2.92561e+01 1.51761e+05
1.28103e+01 2.92590e+01 1.48420e+05
1.27627e+01 2.92619e+01 1.48420e+05
1.80067e+01 2.92269e+01 1.48420e+05
1.63331e+01 2.92296e+01 1.48420e+05
1.56602e+01 2.92303e+01 1.48420e+05
1.52581e+01 2.92308e+01 1.48420e+05
1.49756e+01 2.92314e+01 1.48420e+05
1.47599e+01 2.92322e+01 1.48420e+05
1.45854e+01 2.92332e+01 1.48420e+05
1.44365e+01 2.92344e+01 1.48420e+05
1.43069e+01 2.92358e+01 1.48420e+05
1.41918e+01 2.92373e+01 1.48420e+05
1.40881e+01 2.92389e+01 1.48420e+05
1.39925e+01 2.92407e+01 1.48420e+05
1.39040e+01 2.92426e+01 1.48420e+05
1.38215e+01 2.92446e+01 1.48420e+05
1.37439e+01 2.92467e+01 1.48420e+05
1.36703e+01 2.92488e+01 1.48420e+05
1.35999e+01 2.92511e+01 1.48420e+05
1.35324e+01 2.92534e+01 1.48420e+05
1.34674e+01 2.92558e+01 1.46034e+05
1.34045e+01 2.92582e+01 1.46034e+05
1.62708e+01 2.90553e+01 1.46034e+05
1.55111e+01 2.90576e+01 1.46034e+05
1.52195e+01 2.90602e+01 1.46034e+05
1.50395e+01 2.90627e+01 1.46034e+05
1.49096e+01 2.90654e+01 1.46034e+05
1.48065e+01 2.90683e+01 1.46034e+05
1.47194e+01 2.90713e+01 1.46034e+05
1.46420e+01 2.90745e+01 1.46034e+05
1.45706e+01 2.90778e+01 1.46034e+05
1.45043e+01 2.90812e+01 1.46034e+05
1.44415e+01 2.90847e+01 1.46034e+05
1.43810e+01 2.90882e+01 1.46034e+05
1.43228e+01 2.90918e+01 1.46034e+05
1.42664e+01 2.90953e+01 1.46034e+05
1.42117e+01 2.90989e+01 1.46034e+05
1.41583e+01 2.91024e+01 1.46034e+05
1.41062e+01 2.91060e+01 1.46034e+05
1.40552e+01 2.91096e+01 1.46034e+05
1.40051e+01 2.91131e+01 1.43648e+05
1.39557e+01 2.91167e+01 1.43648e+05
1.64569e+01 2.91498e+01 1.43648e+05
1.55503e+01 2.91466e+01 1.43648e+05
1.51363e+01 2.91460e+01 1.43648e+05
1.48863e+01 2.91465e+01 1.43648e+05
1.47094e+01 2.91474e+01 1.43648e+05
1.45737e+01 2.91487e+01 1.43648e+05
1.44634e+01 2.91503e+01 1.43648e+05
1.43703e+01 2.91522e+01 1.43648e+05
1.42883e+01 2.91543e+01 1.43648e+05
1.42136e+01 2.91566e+01 1.43648e+05
1.41444e+01 2.91590e+01 1.43648e+05
1.40792e+01 2.91615e+01 1.43648e+05
1.40172e+01 2.91642e+01 1.43648e+05
1.39578e+01 2.91669e+01 1.43648e+05
1.39007e+01 2.91697e+01 1.43648e+05
1.38456e+01 2.91725e+01 1.43648e+05
1.37920e+01 2.91753e+01 1.43648e+05
1.37395e+01 2.91781e+01 1.43648e+05
1.36882e+01 2.91810e+01 1.41262e+05
1.36380e+01 2.91839e+01 1.41262e+05
1.59825e+01 2.92275e+01 1.41262e+05
1.48872e+01 2.92250e+01 1.41262e+05
1.44870e+01 2.92242e+01 1.41262e+05
1.42601e+01 2.92243e+01 1.41262e+05
1.41004e+01 2.92251e+01 1.41262e+05
1.39736e+01 2.92262e+01 1.41262e+05
1.38674e+01 2.92276e+01 1.41262e+05
1.37746e+01 2.92293e+01 1.41262e+05
1.36913e+01 2.92311e+01 1.41262e+05
1.36151e+01 2.92331e+01 1.41262e+05
1.35442e+01 2.92352e+01 1.41262e+05
1.34775e+01 2.92373e+01 1.41262e+05
1.34143e+01 2.92395e+01 1.41262e+05
1.33542e+01 2.92418e+01 1.41262e+05
1.32964e+01 2.92441e+01 1.41262e+05
1.32409e+01 2.92465e+01 1.41262e+05
1.31871e+01 2.92489e+01 1.41262e+05
1.31348e+01 2.92513e+01 1.41262e+05
1.30841e+01 2.92537e+01 1.40307e+05
1.30349e+01 2.92562e+01 1.40307e+05
1.35101e+01 2.92263e+01 1.40307e+05
1.33735e+01 2.92284e+01 1.40307e+05
1.32936e+01 2.92309e+01 1.40307e+05
1.32271e+01 2.92336e+01 1.40307e+05
1.31671e+01 2.92364e+01 1.40307e+05
1.31116e+01 2.92392e+01 1.40307e+05
1.30589e+01 2.92420e+01 1.40307e+05
1.30083e+01 2.92449e+01 1.40307e+05
1.29593e+01 2.92478e+01 1.40307e+05
1.29117e+01 2.92508e+01 1.40307e+05
1.28654e+01 2.92537e+01 1.40307e+05
1.28205e+01 2.92566e+01 1.40307e+05
1.27765e+01 2.92596e+01 1.40307e+05
1.27333e+01 2.92625e+01 1.40307e+05
1.26908e+01 2.92654e+01 1.40307e+05
1.26491e+01 2.92683e+01 1.40307e+05
1.26081e+01 2.92712e+01 1.40307e+05
1.25677e+01 2.92741e+01 1.40307e+05
1.25278e+01 2.92770e+01 1.40307e+05
1.24883e+01 2.92799e+01 1.40307e+05
1.24492e+01 2.92828e+01 1.40307e+05
1.24106e+01 2.92857e+01 1.40307e+05
1.23725e+01 2.92885e+01 1.40307e+05
1.23348e+01 2.92914e+01 1.40307e+05
1.22975e+01 2.92943e+01 1.40307e+05
1.22607e+01 2.92971e+01 1.40307e+05
1.22243e+01 2.92999e+01 1.40307e+05
1.21884e+01 2.93027e+01 1.40307e+05
1.21530e+01 2.93055e+01 1.40307e+05
1.21180e+01 2.93082e+01 1.40307e+05
1.20834e+01 2.93110e+01 1.40307e+05
1.20490e+01 2.93138e+01 1.40307e+05
1.20149e+01 2.93165e+01 1.40307e+05
1.19812e+01 2.93192e+01 1.40307e+05
1.19477e+01 2.93220e+01 1.40307e+05
1.19144e+01 2.93247e+01 1.40307e+05
1.18814e+01 2.93274e+01 1.40307e+05
1.18488e+01 2.93302e+01 1.40307e+05
1.18166e+01 2.93328e+01 1.40785e+05
1.17846e+01 2.93355e+01 1.40785e+05
1.17525e+01 2.93382e+01 1.40785e+05
1.17207e+01 2.93409e+01 1.40785e+05
1.16891e+01 2.93436e+01 1.40785e+05
1.16578e+01 2.93463e+01 1.40785e+05
1.16267e+01 2.93490e+01 1.40785e+05
1.15959e+01 2.93516e+01 1.40785e+05
1.15653e+01 2.93543e+01 1.40785e+05
1.15350e+01 2.93570e+01 1.40785e+05
1.15049e+01 2.93596e+01 1.40785e+05
1.14750e+01 2.93622e+01 1.40785e+05
1.14453e+01 2.93649e+01 1.40785e+05
1.14158e+01 2.93675e+01 1.40785e+05
1.13867e+01 2.93701e+01 1.40785e+05
1.13578e+01 2.93727e+01 1.40785e+05
1.13291e+01 2.93753e+01 1.40785e+05
1.13005e+01 2.93778e+01 1.40785e+05
1.12722e+01 2.93804e+01 1.40785e+05
1.12441e+01 2.93830e+01 1.40785e+05
1.12162e+01 2.93855e+01 1.40785e+05
1.11886e+01 2.93881e+01 1.40785e+05
1.12482e+01 2.93930e+01 1.40785e+05
1.11793e+01 2.93955e+01 1.40785e+05
1.11365e+01 2.93980e+01 1.40785e+05
1.11019e+01 2.94005e+01 1.40785e+05
1.10709e+01 2.94029e+01 1.40785e+05
1.10417e+01 2.94054e+01 1.40785e+05
1.10134e+01 2.94078e+01 1.40785e+05
1.09859e+01 2.94102e+01 1.40785e+05
1.09589e+01 2.94127e+01 1.40785e+05
1.09323e+01 2.94151e+01 1.40785e+05
1.09059e+01 2.94175e+01 1.40785e+05
1.08797e+01 2.94200e+01 1.40785e+05
1.08538e+01 2.94224e+01 1.40785e+05
1.08281e+01 2.94248e+01 1.40785e+05
1.08026e+01 2.94272e+01 1.40785e+05
1.07772e+01 2.94296e+01 1.40785e+05
1.07520e+01 2.94320e+01 1.40785e+05
1.07270e+01 2.94344e+01 1.40785e+05
1.07022e+01 2.94368e+01 1.40785e+05
1.06775e+01 2.94392e+01 1.40785e+05
1.06530e+01 2.94415e+01 1.40785e+05
1.06287e+01 2.94439e+01 1.40785e+05
1.06045e+01 2.94463e+01 1.40785e+05
1.05804e+01 2.94486e+01 1.40785e+05
1.05566e+01 2.94510e+01 1.40785e+05
1.05329e+01 2.94533e+01 1.40785e+05
1.05094e+01 2.94557e+01 1.40785e+05
1.04860e+01 2.94580e+01 1.40785e+05
1.04627e+01 2.94603e+01 1.40785e+05
1.04396e+01 2.94626e+01 1.40785e+05
1.04167e+01 2.94649e+01 1.40785e+05
1.03939e+01 2.94672e+01 1.40785e+05
1.03713e+01 2.94695e+01 1.40785e+05
1.03489e+01 2.94718e+01 1.40785e+05
1.03267e+01 2.94740e+01 1.40785e+05
1.03047e+01 2.94763e+01 1.40785e+05
1.02828e+01 2.94785e+01 1.40785e+05
1.02611e+01 2.94808e+01 1.40785e+05
1.02395e+01 2.94830e+01 1.41262e+05
1.02180e+01 2.94852e+01 1.41262e+05
1.01963e+01 2.94875e+01 1.41262e+05
1.01748e+01 2.94897e+01 1.41262e+05
1.01535e+01 2.94920e+01 1.41262e+05
1.01322e+01 2.94942e+01 1.41262e+05
1.01111e+01 2.94964e+01 1.41262e+05
1.00902e+01 2.94986e+01 1.41262e+05
1.00694e+01 2.95009e+01 1.41262e+05
1.00487e+01 2.95031e+01 1.41262e+05
1.00281e+01 2.95053e+01 1.41262e+05
1.00076e+01 2.95075e+01 1.41262e+05
9.98729e+00 2.95097e+01 1.41262e+05
9.96708e+00 2.95118e+01 1.41262e+05
9.94698e+00 2.95140e+01 1.41262e+05
9.92700e+00 2.95162e+01 1.41262e+05
9.90713e+00 2.95184e+01 1.41262e+05
9.88738e+00 2.95205e+01 1.41262e+05
9.86774e+00 2.95227e+01 1.41262e+05
9.84821e+00 2.95248e+01 1.41262e+05
9.82879e+00 2.95269e+01 1.41262e+05
9.80947e+00 2.95291e+01 1.41262e+05
9.79027e+00 2.95312e+01 1.41262e+05
9.77117e+00 2.95333e+01 1.41262e+05
9.75218e+00 2.95354e+01 1.41262e+05
9.73330e+00 2.95375e+01 1.41262e+05
9.71451e+00 2.95396e+01 1.41262e+05
9.69581e+00 2.95417e+01 1.41262e+05
9.67723e+00 2.95438e+01 1.41262e+05
9.65875e+00 2.95459e+01 1.41262e+05
9.64037e+00 2.95480e+01 1.41262e+05
9.62209e+00 2.95501e+01 1.41262e+05
9.60389e+00 2.95521e+01 1.41262e+05
9.58581e+00 2.95542e+01 1.41262e+05
9.56784e+00 2.95562e+01 1.41262e+05
9.54997e+00 2.95583e+01 1.41262e+05
9.53219e+00 2.95603e+01 1.41262e+05
9.51451e+00 2.95623e+01 1.41262e+05
9.49692e+00 2.95644e+01 1.41262e+05
9.47943e+00 2.95664e+01 1.41262e+05
9.46202e+00 2.95684e+01 1.41262e+05
9.44471e+00 2.95704e+01 1.41262e+05
9.42749e+00 2.95724e+01 1.41262e+05
9.41036e+00 2.95744e+01 1.41262e+05
9.39332e+00 2.95764e+01 1.41262e+05
9.37636e+00 2.95784e+01 1.41262e+05
9.35950e+00 2.95804e+01 1.41262e+05
9.34272e+00 2.95823e+01 1.41262e+05
9.32602e+00 2.95843e+01 1.41262e+05
9.30941e+00 2.95863e+01 1.41262e+05
9.29288e+00 2.95882e+01 1.41262e+05
9.27644e+00 2.95902e+01 1.41262e+05
9.26008e+00 2.95921e+01 1.41262e+05
9.24380e+00 2.95940e+01 1.41262e+05
9.22760e+00 2.95960e+01 1.41262e+05
9.21149e+00 2.95979e+01 1.41262e+05
9.19545e+00 2.95998e+01 1.41262e+05
9.17949e+00 2.96018e+01 1.41262e+05
9.16362e+00 2.96037e+01 1.41262e+05
9.14781e+00 2.96056e+01 1.41262e+05
9.13209e+00 2.96075e+01 1.41262e+05
9.11645e+00 2.96094e+01 1.41262e+05
9.10088e+00 2.96113e+01 1.41262e+05
9.08538e+00 2.96131e+01 1.41262e+05
9.06996e+00 2.96150e+01 1.41262e+05
9.05462e+00 2.96169e+01 1.41262e+05
9.03935e+00 2.96188e+01 1.41262e+05
9.02420e+00 2.96206e+01 1.41262e+05
9.00914e+00 2.96225e+01 1.41262e+05
8.99416e+00 2.96243e+01 1.41262e+05
8.97926e+00 2.96262e+01 1.41262e+05
8.96443e+00 2.96280e+01 1.41262e+05
8.94967e+00 2.96298e+01 1.41262e+05
8.93499e+00 2.96317e+01 1.41262e+05
8.92037e+00 2.96335e+01 1.41262e+05
8.90582e+00 2.96353e+01 1.41262e+05
8.89133e+00 2.96371e+01 1.41262e+05
8.87691e+00 2.96389e+01 1.41262e+05
8.86256e+00 2.96407e+01 1.41262e+05
8.84828e+00 2.96425e+01 1.41262e+05
8.83406e+00 2.96443e+01 1.41262e+05
8.81990e+00 2.96461e+01 1.41262e+05
8.80581e+00 2.96479e+01 1.41262e+05
8.79178e+00 2.96497e+01 1.41262e+05
8.77782e+00 2.96514e+01 1.41262e+05
8.76391e+00 2.96532e+01 1.41262e+05
8.75007e+00 2.96550e+01 1.41262e+05
8.73630e+00 2.96567e+01 1.41262e+05
8.72258e+00 2.96585e+01 1.41262e+05
8.70892e+00 2.96602e+01 1.41262e+05
8.69533e+00 2.96620e+01 1.41262e+05
8.68179e+00 2.96637e+01 1.41262e+05
8.66832e+00 2.96655e+01 1.41262e+05
8.65490e+00 2.96672e+01 1.41262e+05
8.64155e+00 2.96689e+01 1.41262e+05
8.62825e+00 2.96706e+01 1.41262e+05
8.61501e+00 2.96724e+01 1.41262e+05
8.60182e+00 2.96741e+01 1.41262e+05
8.58870e+00 2.96758e+01 1.41262e+05
8.57563e+00 2.96775e+01 1.41262e+05
8.56261e+00 2.96792e+01 1.41262e+05
8.54966e+00 2.96809e+01 1.41262e+05
8.53676e+00 2.96826e+01 1.41262e+05
8.52391e+00 2.96843e+01 1.41262e+05
8.51112e+00 2.96860e+01 1.41262e+05
8.49838e+00 2.96877e+01 1.41262e+05
8.48570e+00 2.96893e+01 1.41262e+05
8.47307e+00 2.96910e+01 1.41262e+05
8.46050e+00 2.96927e+01 1.41262e+05
8.44797e+00 2.96943e+01 1.41262e+05
8.43550e+00 2.96960e+01 1.41262e+05
8.42309e+00 2.96977e+01 1.41262e+05
8.41072e+00 2.96993e+01 1.41262e+05
8.39841e+00 2.97010e+01 1.41262e+05
8.38615e+00 2.97026e+01 1.41262e+05
8.37393e+00 2.97042e+01 1.41262e+05
8.36177e+00 2.97059e+01 1.41262e+05
8.34966e+00 2.97075e+01 1.41262e+05
8.33760e+00 2.97091e+01 1.41262e+05
8.32559e+00 2.97108e+01 1.41262e+05
8.31363e+00 2.97124e+01 1.41262e+05
8.30172e+00 2.97140e+01 1.41262e+05
8.28985e+00 2.97156e+01 1.41262e+05
8.27804e+00 2.97172e+01 1.41262e+05
8.26627e+00 2.97188e+01 1.41262e+05
8.25455e+00 2.97204e+01 1.41262e+05
8.24287e+00 2.97220e+01 1.41262e+05
8.23125e+00 2.97236e+01 1.41262e+05
8.21967e+00 2.97252e+01 1.41262e+05
8.20814e+00 2.97268e+01 1.41262e+05
8.19665e+00 2.97284e+01 1.41262e+05
8.18521e+00 2.97299e+01 1.41262e+05
8.17382e+00 2.97315e+01 1.41262e+05
8.16245e+00 2.97331e+01 1.41262e+05
8.15116e+00 2.97346e+01 1.41262e+05
8.13996e+00 2.97362e+01 1.41262e+05
8.12882e+00 2.97377e+01 1.41262e+05
8.11774e+00 2.97393e+01 1.41262e+05
8.10670e+00 2.97408e+01 1.41262e+05
8.09572e+00 2.97423e+01 1.41262e+05
8.08478e+00 2.97439e+01 1.41262e+05
8.07388e+00 2.97454e+01 1.41262e+05
8.06303e+00 2.97469e+01 1.41262e+05
8.05221e+00 2.97484e+01 1.41262e+05
8.04145e+00 2.97500e+01 1.41262e+05
8.03072e+00 2.97515e+01 1.41262e+05
8.02003e+00 2.97530e+01 1.41262e+05
8.00938e+00 2.97545e+01 1.41262e+05
7.99878e+00 2.97560e+01 1.41262e+05
7.98822e+00 2.97575e+01 1.41262e+05
7.97769e+00 2.97590e+01 1.41262e+05
7.96721e+00 2.97605e+01 1.41262e+05
7.95676e+00 2.97619e+01 1.41262e+05
7.94636e+00 2.97634e+01 1.41262e+05
7.93599e+00 2.97649e+01 1.41262e+05
7.92566e+00 2.97664e+01 1.41262e+05
7.91538e+00 2.97679e+01 1.41262e+05
7.90513e+00 2.97693e+01 1.41262e+05
7.89491e+00 2.97708e+01 1.41262e+05
7.88474e+00 2.97723e+01 1.41262e+05
7.87460e+00 2.97737e+01 1.41739e+05
7.86451e+00 2.97752e+01 1.41739e+05
7.85419e+00 2.97767e+01 1.41739e+05
7.84392e+00 2.97781e+01 1.41739e+05
7.83370e+00 2.97796e+01 1.41739e+05
7.82352e+00 2.97811e+01 1.41739e+05
7.81337e+00 2.97825e+01 1.41739e+05
7.80327e+00 2.97840e+01 1.41739e+05
7.79320e+00 2.97855e+01 1.41739e+05
7.78318e+00 2.97869e+01 1.41739e+05
7.77319e+00 2.97884e+01 1.41739e+05
7.76323e+00 2.97898e+01 1.41739e+05
7.75332e+00 2.97913e+01 1.41739e+05
7.74344e+00 2.97927e+01 1.41739e+05
7.73360e+00 2.97942e+01 1.41739e+05
7.72379e+00 2.97956e+01 1.41739e+05
7.71402e+00 2.97970e+01 1.41739e+05
7.70429e+00 2.97985e+01 1.41739e+05
7.69459e+00 2.97999e+01 1.41739e+05
7.68493e+00 2.98013e+01 1.41739e+05
7.67530e+00 2.98027e+01 1.41739e+05
7.66571e+00 2.98041e+01 1.41739e+05
7.65615e+00 2.98056e+01 1.41739e+05
7.64663e+00 2.98070e+01 1.41739e+05
7.63714e+00 2.98084e+01 1.41739e+05
7.62768e+00 2.98098e+01 1.41739e+05
7.61826e+00 2.98112e+01 1.41739e+05
7.60887e+00 2.98126e+01 1.41739e+05
7.59951e+00 2.98140e+01 1.41739e+05
7.59019e+00 2.98154e+01 1.41739e+05
7.58090e+00 2.98168e+01 1.41739e+05
7.57165e+00 2.98182e+01 1.41739e+05
7.56242e+00 2.98195e+01 1.41739e+05
7.55323e+00 2.98209e+01 1.41739e+05
7.54407e+00 2.98223e+01 1.41739e+05
7.53494e+00 2.98237e+01 1.41739e+05
7.52585e+00 2.98251e+01 1.41739e+05
7.51678e+00 2.98264e+01 1.41739e+05
7.50775e+00 2.98278e+01 1.41739e+05
7.49875e+00 2.98292e+01 1.41739e+05
7.48978e+00 2.98305e+01 1.41739e+05
7.48084e+00 2.98319e+01 1.41739e+05
7.47193e+00 2.98332e+01 1.41739e+05
7.46305e+00 2.98346e+01 1.41739e+05
7.45421e+00 2.98359e+01 1.41739e+05
7.44541e+00 2.98373e+01 1.41739e+05
7.43663e+00 2.98386e+01 1.41739e+05
7.42789e+00 2.98400e+01 1.41739e+05
7.41918e+00 2.98413e+01 1.41739e+05
7.41049e+00 2.98426e+01 1.41739e+05
7.40184e+00 2.98440e+01 1.41739e+05
7.39322e+00 2.98453e+01 1.41739e+05
7.38462e+00 2.98466e+01 1.41739e+05
7.37605e+00 2.98479e+01 1.41739e+05
7.36752e+00 2.98492e+01 1.41739e+05
7.35901e+00 2.98506e+01 1.41739e+05
7.35053e+00 2.98519e+01 1.41739e+05
7.34207e+00 2.98532e+01 1.41739e+05
7.33365e+00 2.98545e+01 1.41739e+05
7.32525e+00 2.98558e+01 1.41739e+05
7.31688e+00 2.98571e+01 1.42694e+05
7.30854e+00 2.98584e+01 1.42694e+05
7.29953e+00 2.98598e+01 1.42694e+05
7.29057e+00 2.98612e+01 1.42694e+05
7.28165e+00 2.98626e+01 1.42694e+05
7.27277e+00 2.98640e+01 1.42694e+05
7.26392e+00 2.98653e+01 1.42694e+05
7.25510e+00 2.98667e+01 1.42694e+05
7.24632e+00 2.98681e+01 1.42694e+05
7.23757e+00 2.98695e+01 1.42694e+05
7.22885e+00 2.98709e+01 1.42694e+05
7.22016e+00 2.98722e+01 1.42694e+05
7.21149e+00 2.98736e+01 1.42694e+05
7.20286e+00 2.98750e+01 1.42694e+05
7.19427e+00 2.98763e+01 1.42694e+05
7.18571e+00 2.98777e+01 1.42694e+05
7.17718e+00 2.98790e+01 1.42694e+05
7.16868e+00 2.98804e+01 1.42694e+05
7.16022e+00 2.98817e+01 1.42694e+05
7.15178e+00 2.98831e+01 1.42694e+05
7.14338e+00 2.98844e+01 1.42694e+05
7.13500e+00 2.98857e+01 1.42694e+05
7.12665e+00 2.98871e+01 1.42694e+05
7.11833e+00 2.98884e+01 1.42694e+05
7.11003e+00 2.98898e+01 1.42694e+05
7.10177e+00 2.98911e+01 1.42694e+05
7.09353e+00 2.98924e+01 1.42694e+05
7.08532e+00 2.98937e+01 1.42694e+05
7.07714e+00 2.98950e+01 1.42694e+05
7.06899e+00 2.98964e+01 1.42694e+05
7.06086e+00 2.98977e+01 1.42694e+05
7.05276e+00 2.98990e+01 1.42694e+05
7.04469e+00 2.99003e+01 1.42694e+05
7.03664e+00 2.99016e+01 1.42694e+05
7.02863e+00 2.99029e+01 1.42694e+05
7.02063e+00 2.99042e+01 1.42694e+05
7.01267e+00 2.99055e+01 1.42694e+05
7.00473e+00 2.99068e+01 1.42694e+05
6.99682e+00 2.99081e+01 1.42694e+05
6.98893e+00 2.99094e+01 1.42694e+05
6.98107e+00 2.99107e+01 1.42694e+05
6.97324e+00 2.99120e+01 1.42694e+05
6.96543e+00 2.99132e+01 1.42694e+05
6.95765e+00 2.99145e+01 1.42694e+05
6.94989e+00 2.99158e+01 1.42694e+05
6.94216e+00 2.99171e+01 1.42694e+05
6.93446e+00 2.99183e+01 1.42694e+05
6.92678e+00 2.99196e+01 1.42694e+05
6.91912e+00 2.99209e+01 1.42694e+05
6.91149e+00 2.99221e+01 1.42694e+05
6.90389e+00 2.99234e+01 1.42694e+05
6.89631e+00 2.99247e+01 1.42694e+05
6.88875e+00 2.99259e+01 1.42694e+05
6.88122e+00 2.99272e+01 1.42694e+05
6.87371e+00 2.99284e+01 1.42694e+05
6.86623e+00 2.99297e+01 1.42694e+05
6.85877e+00 2.99309e+01 1.42694e+05
6.85134e+00 2.99322e+01 1.42694e+05
6.84393e+00 2.99334e+01 1.42694e+05
6.83654e+00 2.99346e+01 1.42694e+05
6.82920e+00 2.99359e+01 1.42694e+05
6.82191e+00 2.99371e+01 1.42694e+05
6.81466e+00 2.99383e+01 1.42694e+05
6.80744e+00 2.99395e+01 1.42694e+05
6.80025e+00 2.99407e+01 1.42694e+05
6.79308e+00 2.99419e+01 1.42694e+05
6.78593e+00 2.99431e+01 1.42694e+05
6.77881e+00 2.99444e+01 1.42694e+05
6.77172e+00 2.99456e+01 1.42694e+05
6.76466e+00 2.99468e+01 1.42694e+05
6.75763e+00 2.99479e+01 1.42694e+05
6.75062e+00 2.99491e+01 1.42694e+05
6.74364e+00 2.99503e+01 1.42694e+05
6.73668e+00 2.99515e+01 1.42694e+05
6.72974e+00 2.99527e+01 1.42694e+05
6.72283e+00 2.99539e+01 1.42694e+05
6.71593e+00 2.99551e+01 1.42694e+05
6.70906e+00 2.99562e+01 1.42694e+05
6.70219e+00 2.99574e+01 1.42694e+05
6.69531e+00 2.99586e+01 1.42694e+05
6.68846e+00 2.99598e+01 1.43171e+05
6.68163e+00 2.99609e+01 1.43171e+05
6.67457e+00 2.99622e+01 1.43171e+05
6.66754e+00 2.99634e+01 1.43171e+05
6.66054e+00 2.99646e+01 1.43171e+05
6.65356e+00 2.99658e+01 1.43171e+05
6.64661e+00 2.99670e+01 1.43171e+05
6.63968e+00 2.99682e+01 1.43171e+05
6.63277e+00 2.99694e+01 1.43171e+05
6.62588e+00 2.99706e+01 1.43171e+05
6.61902e+00 2.99718e+01 1.43171e+05
6.61218e+00 2.99730e+01 1.43171e+05
6.60536e+00 2.99742e+01 1.43171e+05
6.59856e+00 2.99754e+01 1.43171e+05
6.59178e+00 2.99766e+01 1.43171e+05
6.58503e+00 2.99778e+01 1.43171e+05
6.57829e+00 2.99790e+01 1.43171e+05
6.57158e+00 2.99802e+01 1.43171e+05
6.56488e+00 2.99813e+01 1.43171e+05
6.55820e+00 2.99825e+01 1.43171e+05
6.55154e+00 2.99837e+01 1.43648e+05
6.54491e+00 2.99849e+01 1.43648e+05
6.53829e+00 2.99860e+01 1.43648e+05
6.53170e+00 2.99872e+01 1.43648e+05
6.52515e+00 2.99884e+01 1.43648e+05
6.51863e+00 2.99895e+01 1.43648e+05
6.51213e+00 2.99907e+01 1.43648e+05
6.50565e+00 2.99918e+01 1.43648e+05
6.49923e+00 2.99930e+01 1.43648e+05
6.49284e+00 2.99941e+01 1.43648e+05
6.48648e+00 2.99952e+01 1.43648e+05
6.48015e+00 2.99964e+01 1.43648e+05
6.47383e+00 2.99975e+01 1.43648e+05
6.46754e+00 2.99986e+01 1.43648e+05
6.46126e+00 2.99998e+01 1.43648e+05
6.45500e+00 3.00009e+01 1.43648e+05
6.44876e+00 3.00020e+01 1.43648e+05
6.44254e+00 3.00031e+01 1.43648e+05
6.43634e+00 3.00042e+01 1.43648e+05
6.43016e+00 3.00054e+01 1.43648e+05
6.42400e+00 3.00065e+01 1.43648e+05
6.41786e+00 3.00076e+01 1.43648e+05
6.41176e+00 3.00087e+01 1.43648e+05
6.40567e+00 3.00098e+01 1.43648e+05
6.39960e+00 3.00109e+01 1.43648e+05
6.39356e+00 3.00120e+01 1.43648e+05
6.38753e+00 3.00131e+01 1.43648e+05
6.38152e+00 3.00142e+01 1.43648e+05
6.37552e+00 3.00153e+01 1.43648e+05
6.36955e+00 3.00164e+01 1.43648e+05
6.36359e+00 3.00174e+01 1.43648e+05
6.35765e+00 3.00185e+01 1.43648e+05
6.35172e+00 3.00196e+01 1.43648e+05
6.34582e+00 3.00207e+01 1.43648e+05
6.33993e+00 3.00218e+01 1.43648e+05
6.33406e+00 3.00228e+01 1.43648e+05
6.32820e+00 3.00239e+01 1.43648e+05
6.32236e+00 3.00250e+01 1.43648e+05
6.31654e+00 3.00261e+01 1.43648e+05
6.31074e+00 3.00271e+01 1.43648e+05
6.30495e+00 3.00282e+01 1.43648e+05
6.29918e+00 3.00293e+01 1.43648e+05
6.29342e+00 3.00303e+01 1.43648e+05
6.28769e+00 3.00314e+01 1.43648e+05
6.28196e+00 3.00324e+01 1.43648e+05
6.27626e+00 3.00335e+01 1.43648e+05
6.27057e+00 3.00346e+01 1.43648e+05
6.26490e+00 3.00356e+01 1.43648e+05
6.25924e+00 3.00367e+01 1.43648e+05
6.25360e+00 3.00377e+01 1.43648e+05
6.24797e+00 3.00388e+01 1.43648e+05
6.24236e+00 3.00398e+01 1.43648e+05
6.23677e+00 3.00408e+01 1.43648e+05
6.23119e+00 3.00419e+01 1.43648e+05
6.22563e+00 3.00429e+01 1.43648e+05
6.22009e+00 3.00440e+01 1.43648e+05
6.21456e+00 3.00450e+01 1.43648e+05
6.20904e+00 3.00460e+01 1.43648e+05
6.20354e+00 3.00470e+01 1.43648e+05
6.19806e+00 3.00481e+01 1.43648e+05
6.19259e+00 3.00491e+01 1.43648e+05
6.18713e+00 3.00501e+01 1.43648e+05
6.18170e+00 3.00512e+01 1.43648e+05
6.17627e+00 3.00522e+01 1.43648e+05
6.17086e+00 3.00532e+01 1.43648e+05
6.16547e+00 3.00542e+01 1.43648e+05
6.16009e+00 3.00552e+01 1.43648e+05
6.15473e+00 3.00562e+01 1.43648e+05
6.14938e+00 3.00573e+01 1.43648e+05
6.14405e+00 3.00583e+01 1.43648e+05
6.13873e+00 3.00593e+01 1.43648e+05
6.13342e+00 3.00603e+01 1.43648e+05
6.12813e+00 3.00613e+01 1.43648e+05
6.12286e+00 3.00623e+01 1.43648e+05
6.11760e+00 3.00633e+01 1.43648e+05
6.11235e+00 3.00643e+01 1.43648e+05
6.10712e+00 3.00653e+01 1.43648e+05
6.10190e+00 3.00663e+01 1.43648e+05
6.09670e+00 3.00673e+01 1.43648e+05
6.09151e+00 3.00683e+01 1.43648e+05
6.08633e+00 3.00692e+01 1.43648e+05
6.08117e+00 3.00702e+01 1.43648e+05
6.09979e+00 3.00699e+01 1.43648e+05
6.08881e+00 3.00708e+01 1.43648e+05
6.08132e+00 3.00719e+01 1.43648e+05
6.07470e+00 3.00730e+01 1.43648e+05
6.06846e+00 3.00741e+01 1.43648e+05
6.06247e+00 3.00752e+01 1.43648e+05
6.05660e+00 3.00762e+01 1.43648e+05
6.05084e+00 3.00773e+01 1.43648e+05
6.04515e+00 3.00783e+01 1.43648e+05
6.03954e+00 3.00794e+01 1.43648e+05
6.03403e+00 3.00804e+01 1.43648e+05
6.02857e+00 3.00815e+01 1.43648e+05
6.02316e+00 3.00825e+01 1.43648e+05
6.01779e+00 3.00835e+01 1.43648e+05
6.01247e+00 3.00845e+01 1.43648e+05
6.00718e+00 3.00855e+01 1.43648e+05
6.00190e+00 3.00865e+01 1.43648e+05
5.99664e+00 3.00875e+01 1.43648e+05
5.99140e+00 3.00886e+01 1.44125e+05
5.98617e+00 3.00896e+01 1.44125e+05
5.98085e+00 3.00906e+01 1.44125e+05
5.97554e+00 3.00916e+01 1.44125e+05
5.97024e+00 3.00926e+01 1.44125e+05
5.96497e+00 3.00936e+01 1.44125e+05
5.95971e+00 3.00946e+01 1.44125e+05
5.95446e+00 3.00957e+01 1.44125e+05
5.94925e+00 3.00967e+01 1.44125e+05
5.94404e+00 3.00977e+01 1.44125e+05
5.93886e+00 3.00987e+01 1.44125e+05
5.93368e+00 3.00997e+01 1.44125e+05
5.92852e+00 3.01007e+01 1.44125e+05
5.92338e+00 3.01017e+01 1.44125e+05
5.91824e+00 3.01027e+01 1.44125e+05
5.91312e+00 3.01037e+01 1.44125e+05
5.90802e+00 3.01047e+01 1.44125e+05
5.90292e+00 3.01057e+01 1.44125e+05
5.89784e+00 3.01066e+01 1.44125e+05
5.89278e+00 3.01076e+01 1.44125e+05
5.88773e+00 3.01086e+01 1.44125e+05
5.88269e+00 3.01096e+01 1.44125e+05
5.87766e+00 3.01106e+01 1.44125e+05
5.87265e+00 3.01116e+01 1.44125e+05
5.86766e+00 3.01126e+01 1.44125e+05
5.86269e+00 3.01135e+01 1.44125e+05
5.85773e+00 3.01145e+01 1.44125e+05
5.85279e+00 3.01155e+01 1.44125e+05
5.84786e+00 3.01164e+01 1.44125e+05
5.84294e+00 3.01174e+01 1.44125e+05
5.83804e+00 3.01184e+01 1.44125e+05
5.83315e+00 3.01194e+01 1.44125e+05
5.82828e+00 3.01203e+01 1.44125e+05
5.82341e+00 3.01213e+01 1.44125e+05
5.81856e+00 3.01222e+01 1.44125e+05
5.81372e+00 3.01232e+01 1.44125e+05
5.80890e+00 3.01242e+01 1.44125e+05
5.80409e+00 3.01251e+01 1.44125e+05
5.79929e+00 3.01261e+01 1.44125e+05
5.79450e+00 3.01270e+01 1.44125e+05
5.78973e+00 3.01280e+01 1.44603e+05
5.78497e+00 3.01289e+01 1.44603e+05
5.78011e+00 3.01299e+01 1.44603e+05
5.77527e+00 3.01309e+01 1.44603e+05
5.77045e+00 3.01319e+01 1.44603e+05
5.76564e+00 3.01328e+01 1.44603e+05
5.76086e+00 3.01338e+01 1.44603e+05
5.75608e+00 3.01347e+01 1.44603e+05
5.75133e+00 3.01357e+01 1.44603e+05
5.74658e+00 3.01367e+01 1.44603e+05
5.74185e+00 3.01376e+01 1.44603e+05
5.73713e+00 3.01386e+01 1.44603e+05
5.73243e+00 3.01395e+01 1.44603e+05
5.72773e+00 3.01405e+01 1.44603e+05
5.72305e+00 3.01414e+01 1.44603e+05
5.71839e+00 3.01424e+01 1.44603e+05
5.71373e+00 3.01433e+01 1.44603e+05
5.70909e+00 3.01443e+01 1.44603e+05
5.70445e+00 3.01452e+01 1.44603e+05
5.69983e+00 3.01462e+01 1.44603e+05
5.69523e+00 3.01471e+01 1.45557e+05
5.69063e+00 3.01481e+01 1.45557e+05
5.68584e+00 3.01490e+01 1.45557e+05
5.68106e+00 3.01500e+01 1.45557e+05
5.67630e+00 3.01510e+01 1.45557e+05
5.67156e+00 3.01519e+01 1.45557e+05
5.66683e+00 3.01529e+01 1.45557e+05
5.66211e+00 3.01539e+01 1.45557e+05
5.65740e+00 3.01548e+01 1.45557e+05
5.65271e+00 3.01558e+01 1.45557e+05
5.64803e+00 3.01567e+01 1.45557e+05
5.64337e+00 3.01577e+01 1.45557e+05
5.63871e+00 3.01587e+01 1.45557e+05
5.63407e+00 3.01596e+01 1.45557e+05
5.62945e+00 3.01606e+01 1.45557e+05
5.62483e+00 3.01615e+01 1.45557e+05
5.62022e+00 3.01625e+01 1.45557e+05
5.61563e+00 3.01634e+01 1.45557e+05
5.61105e+00 3.01644e+01 1.45557e+05
5.60648e+00 3.01653e+01 1.45557e+05
5.60193e+00 3.01663e+01 1.45557e+05
5.59739e+00 3.01672e+01 1.45557e+05
5.59285e+00 3.01681e+01 1.45557e+05
5.58833e+00 3.01691e+01 1.45557e+05
5.58382e+00 3.01700e+01 1.45557e+05
5.57932e+00 3.01710e+01 1.45557e+05
5.57483e+00 3.01719e+01 1.45557e+05
5.57036e+00 3.01728e+01 1.45557e+05
5.56589e+00 3.01738e+01 1.45557e+05
5.56144e+00 3.01747e+01 1.45557e+05
5.55700e+00 3.01756e+01 1.45557e+05
5.55257e+00 3.01766e+01 1.45557e+05
5.54815e+00 3.01775e+01 1.45557e+05
5.54375e+00 3.01784e+01 1.45557e+05
5.53935e+00 3.01793e+01 1.45557e+05
5.53497e+00 3.01802e+01 1.45557e+05
5.53060e+00 3.01812e+01 1.45557e+05
5.52624e+00 3.01821e+01 1.45557e+05
5.52190e+00 3.01830e+01 1.45557e+05
5.51756e+00 3.01839e+01 1.45557e+05
5.51324e+00 3.01848e+01 1.45557e+05
5.50892e+00 3.01857e+01 1.45557e+05
5.50463e+00 3.01867e+01 1.45557e+05
5.50035e+00 3.01876e+01 1.45557e+05
5.49608e+00 3.01885e+01 1.45557e+05
5.49182e+00 3.01894e+01 1.45557e+05
5.48758e+00 3.01903e+01 1.45557e+05
5.48334e+00 3.01912e+01 1.45557e+05
5.47912e+00 3.01921e+01 1.45557e+05
5.47491e+00 3.01930e+01 1.45557e+05
5.47071e+00 3.01939e+01 1.45557e+05
5.46652e+00 3.01948e+01 1.45557e+05
5.46235e+00 3.01957e+01 1.45557e+05
5.45818e+00 3.01965e+01 1.45557e+05
5.45402e+00 3.01974e+01 1.45557e+05
5.44988e+00 3.01983e+01 1.45557e+05
5.44574e+00 3.01992e+01 1.45557e+05
5.44162e+00 3.02001e+01 1.45557e+05
5.43751e+00 3.02010e+01 1.45557e+05
5.43341e+00 3.02019e+01 1.45557e+05
5.42932e+00 3.02027e+01 1.45080e+05
5.42523e+00 3.02036e+01 1.45080e+05
5.42664e+00 3.02074e+01 1.45080e+05
5.41596e+00 3.02073e+01 1.45080e+05
5.41135e+00 3.02077e+01 1.45080e+05
5.40756e+00 3.02083e+01 1.45080e+05
5.40384e+00 3.02089e+01 1.45080e+05
5.40009e+00 3.02096e+01 1.45080e+05
5.39632e+00 3.02104e+01 1.45080e+05
5.39253e+00 3.02112e+01 1.45080e+05
5.38873e+00 3.02120e+01 1.45080e+05
5.38494e+00 3.02128e+01 1.45080e+05
5.38121e+00 3.02136e+01 1.45080e+05
5.37747e+00 3.02144e+01 1.45080e+05
5.37372e+00 3.02152e+01 1.45080e+05
5.37003e+00 3.02160e+01 1.45080e+05
5.36635e+00 3.02167e+01 1.45080e+05
5.36268e+00 3.02175e+01 1.45080e+05
5.35900e+00 3.02183e+01 1.45080e+05
5.35531e+00 3.02191e+01 1.45080e+05
5.35162e+00 3.02199e+01 1.46034e+05
5.34793e+00 3.02207e+01 1.46034e+05
5.34393e+00 3.02216e+01 1.46034e+05
5.33993e+00 3.02225e+01 1.46034e+05
5.33593e+00 3.02233e+01 1.46034e+05
5.33193e+00 3.02242e+01 1.46034e+05
5.32793e+00 3.02251e+01 1.46034e+05
5.32392e+00 3.02260e+01 1.46034e+05
5.31992e+00 3.02268e+01 1.46034e+05
5.31591e+00 3.02277e+01 1.46034e+05
5.31191e+00 3.02286e+01 1.46034e+05
5.30791e+00 3.02295e+01 1.46034e+05
5.30392e+00 3.02304e+01 1.46034e+05
5.29996e+00 3.02312e+01 1.46034e+05
5.29600e+00 3.02321e+01 1.46034e+05
5.29205e+00 3.02330e+01 1.46034e+05
5.28811e+00 3.02339e+01 1.46034e+05
5.28418e+00 3.02347e+01 1.46034e+05
5.28026e+00 3.02356e+01 1.46034e+05
5.27634e+00 3.02365e+01 1.46034e+05
5.27243e+00 3.02374e+01 1.46511e+05
5.26852e+00 3.02382e+01 1.46511e+05
5.26447e+00 3.02391e+01 1.46511e+05
5.26042e+00 3.02400e+01 1.46511e+05
5.25639e+00 3.02410e+01 1.46511e+05
5.25236e+00 3.02419e+01 1.46511e+05
5.24834e+00 3.02428e+01 1.46511e+05
5.24433e+00 3.02437e+01 1.46511e+05
5.24033e+00 3.02446e+01 1.46511e+05
5.23634e+00 3.02455e+01 1.46511e+05
5.23237e+00 3.02464e+01 1.46511e+05
5.22840e+00 3.02472e+01 1.46511e+05
5.22444e+00 3.02481e+01 1.46511e+05
5.22048e+00 3.02490e+01 1.46511e+05
5.21653e+00 3.02499e+01 1.46511e+05
5.21259e+00 3.02508e+01 1.46511e+05
5.20866e+00 3.02517e+01 1.46511e+05
5.20474e+00 3.02526e+01 1.46511e+05
5.20083e+00 3.02535e+01 1.46511e+05
5.19694e+00 3.02544e+01 1.46511e+05
5.19305e+00 3.02553e+01 1.46511e+05
5.18918e+00 3.02562e+01 1.46511e+05
5.18532e+00 3.02570e+01 1.46511e+05
5.18145e+00 3.02579e+01 1.46511e+05
5.17761e+00 3.02588e+01 1.46511e+05
5.17377e+00 3.02597e+01 1.46511e+05
5.16994e+00 3.02606e+01 1.46511e+05
5.16613e+00 3.02614e+01 1.46511e+05
5.16232e+00 3.02623e+01 1.46511e+05
5.15853e+00 3.02632e+01 1.46511e+05
5.15475e+00 3.02640e+01 1.46511e+05
5.15098e+00 3.02649e+01 1.46511e+05
5.14722e+00 3.02658e+01 1.46511e+05
5.14347e+00 3.02666e+01 1.46511e+05
5.13972e+00 3.02675e+01 1.46511e+05
5.13599e+00 3.02684e+01 1.46511e+05
5.13226e+00 3.02692e+01 1.46511e+05
5.12855e+00 3.02701e+01 1.46511e+05
5.12484e+00 3.02710e+01 1.46511e+05
5.12115e+00 3.02718e+01 1.46511e+05
5.11746e+00 3.02727e+01 1.46511e+05
5.11378e+00 3.02735e+01 1.46511e+05
5.11011e+00 3.02744e+01 1.46511e+05
5.10645e+00 3.02752e+01 1.46511e+05
5.10280e+00 3.02761e+01 1.46511e+05
5.09916e+00 3.02769e+01 1.46511e+05
5.09553e+00 3.02778e+01 1.46511e+05
5.09191e+00 3.02786e+01 1.46511e+05
5.08830e+00 3.02795e+01 1.46511e+05
5.08469e+00 3.02803e+01 1.46511e+05
5.08110e+00 3.02812e+01 1.46511e+05
5.07752e+00 3.02820e+01 1.46511e+05
5.07395e+00 3.02828e+01 1.46511e+05
5.07039e+00 3.02837e+01 1.46511e+05
5.06684e+00 3.02845e+01 1.46511e+05
5.06329e+00 3.02853e+01 1.46511e+05
5.05976e+00 3.02862e+01 1.46511e+05
5.05624e+00 3.02870e+01 1.46511e+05
5.05272e+00 3.02878e+01 1.46511e+05
5.04921e+00 3.02887e+01 1.46511e+05
5.04572e+00 3.02895e+01 1.46989e+05
5.04223e+00 3.02903e+01 1.46989e+05
5.03851e+00 3.02912e+01 1.46989e+05
5.03481e+00 3.02921e+01 1.46989e+05
5.03112e+00 3.02930e+01 1.46989e+05
5.02743e+00 3.02939e+01 1.46989e+05
5.02375e+00 3.02948e+01 1.46989e+05
5.02009e+00 3.02956e+01 1.46989e+05
5.01643e+00 3.02965e+01 1.46989e+05
5.01277e+00 3.02974e+01 1.46989e+05
5.00913e+00 3.02983e+01 1.46989e+05
5.00549e+00 3.02992e+01 1.46989e+05
5.00187e+00 3.03000e+01 1.46989e+05
4.99825e+00 3.03009e+01 1.46989e+05
4.99464e+00 3.03018e+01 1.46989e+05
4.99104e+00 3.03027e+01 1.46989e+05
4.98745e+00 3.03035e+01 1.46989e+05
4.98386e+00 3.03044e+01 1.46989e+05
4.98029e+00 3.03053e+01 1.46989e+05
4.97673e+00 3.03062e+01 1.46989e+05
4.97317e+00 3.03070e+01 1.46989e+05
4.96963e+00 3.03079e+01 1.46989e+05
4.96609e+00 3.03087e+01 1.46989e+05
4.96256e+00 3.03096e+01 1.46989e+05
4.95904e+00 3.03105e+01 1.46989e+05
4.95553e+00 3.03113e+01 1.46989e+05
4.95203e+00 3.03122e+01 1.46989e+05
4.94853e+00 3.03130e+01 1.46989e+05
4.94505e+00 3.03139e+01 1.46989e+05
4.94157e+00 3.03148e+01 1.46989e+05
4.93810e+00 3.03156e+01 1.46989e+05
4.93464e+00 3.03165e+01 1.46989e+05
4.93119e+00 3.03173e+01 1.46989e+05
4.92775e+00 3.03182e+01 1.46989e+05
4.92432e+00 3.03190e+01 1.46989e+05
4.92089e+00 3.03199e+01 1.46989e+05
4.91747e+00 3.03207e+01 1.46989e+05
4.91406e+00 3.03215e+01 1.46989e+05
4.91066e+00 3.03224e+01 1.46989e+05
4.90727e+00 3.03232e+01 1.46989e+05
4.90389e+00 3.03241e+01 1.46989e+05
4.90051e+00 3.03249e+01 1.46989e+05
4.89715e+00 3.03257e+01 1.46989e+05
4.89379e+00 3.03266e+01 1.46989e+05
4.89044e+00 3.03274e+01 1.46989e+05
4.88710e+00 3.03282e+01 1.46989e+05
4.88378e+00 3.03291e+01 1.46989e+05
4.88046e+00 3.03299e+01 1.46989e+05
4.87715e+00 3.03307e+01 1.46989e+05
4.87385e+00 3.03316e+01 1.46989e+05
4.87055e+00 3.03324e+01 1.46989e+05
4.86727e+00 3.03332e+01 1.46989e+05
4.86399e+00 3.03340e+01 1.46989e+05
4.86072e+00 3.03348e+01 1.46989e+05
4.85746e+00 3.03357e+01 1.46989e+05
4.85421e+00 3.03365e+01 1.46989e+05
4.85096e+00 3.03373e+01 1.46989e+05
4.84772e+00 3.03381e+01 1.46989e+05
4.84450e+00 3.03389e+01 1.46989e+05
4.84128e+00 3.03397e+01 1.46989e+05
4.83806e+00 3.03405e+01 1.46989e+05
4.83486e+00 3.03414e+01 1.46989e+05
4.83166e+00 3.03422e+01 1.46989e+05
4.82847e+00 3.03430e+01 1.46989e+05
4.82529e+00 3.03438e+01 1.46989e+05
4.82212e+00 3.03446e+01 1.46989e+05
4.81895e+00 3.03454e+01 1.46989e+05
4.81580e+00 3.03462e+01 1.46989e+05
4.81265e+00 3.03470e+01 1.46989e+05
4.80951e+00 3.03478e+01 1.46989e+05
4.80637e+00 3.03486e+01 1.46989e+05
4.80325e+00 3.03494e+01 1.46989e+05
4.80013e+00 3.03502e+01 1.46989e+05
4.79702e+00 3.03510e+01 1.46989e+05
4.79391e+00 3.03517e+01 1.46989e+05
4.79083e+00 3.03525e+01 1.46989e+05
4.78777e+00 3.03533e+01 1.46989e+05
4.78472e+00 3.03541e+01 1.46989e+05
4.78168e+00 3.03549e+01 1.46989e+05
4.77864e+00 3.03556e+01 1.46989e+05
4.77561e+00 3.03564e+01 1.46989e+05
4.77257e+00 3.03572e+01 1.46989e+05
4.76955e+00 3.03580e+01 1.46989e+05
4.76653e+00 3.03588e+01 1.46989e+05
4.76352e+00 3.03595e+01 1.46989e+05
4.76052e+00 3.03603e+01 1.46989e+05
4.75752e+00 3.03611e+01 1.46989e+05
4.75454e+00 3.03618e+01 1.46989e+05
4.75156e+00 3.03626e+01 1.46989e+05
4.74858e+00 3.03634e+01 1.46989e+05
4.74562e+00 3.03641e+01 1.46989e+05
4.74266e+00 3.03649e+01 1.46989e+05
4.73971e+00 3.03657e+01 1.46989e+05
4.73677e+00 3.03664e+01 1.46989e+05
4.73383e+00 3.03672e+01 1.46989e+05
4.73090e+00 3.03679e+01 1.46989e+05
4.72798e+00 3.03687e+01 1.46989e+05
4.72507e+00 3.03695e+01 1.46989e+05
4.72216e+00 3.03702e+01 1.46989e+05
4.71926e+00 3.03710e+01 1.46989e+05
4.71637e+00 3.03717e+01 1.46989e+05
4.71348e+00 3.03725e+01 1.46989e+05
4.71060e+00 3.03732e+01 1.46989e+05
4.70773e+00 3.03740e+01 1.46989e+05
4.70487e+00 3.03747e+01 1.46989e+05
4.70201e+00 3.03755e+01 1.46989e+05
4.69916e+00 3.03762e+01 1.46989e+05
4.69632e+00 3.03770e+01 1.46989e+05
4.69348e+00 3.03777e+01 1.46989e+05
4.69065e+00 3.03784e+01 1.46989e+05
4.68783e+00 3.03792e+01 1.46989e+05
4.68502e+00 3.03799e+01 1.46989e+05
4.68221e+00 3.03807e+01 1.46989e+05
4.67941e+00 3.03814e+01 1.46989e+05
4.67661e+00 3.03821e+01 1.46989e+05
4.67382e+00 3.03829e+01 1.46989e+05
4.67104e+00 3.03836e+01 1.46989e+05
4.66827e+00 3.03843e+01 1.46989e+05
4.66550e+00 3.03850e+01 1.46989e+05
4.66274e+00 3.03858e+01 1.46989e+05
4.65998e+00 3.03865e+01 1.46989e+05
4.65724e+00 3.03872e+01 1.46989e+05
4.65450e+00 3.03879e+01 1.46989e+05
4.65176e+00 3.03887e+01 1.46989e+05
4.64903e+00 3.03894e+01 1.46989e+05
4.64631e+00 3.03901e+01 1.46989e+05
4.64360e+00 3.03908e+01 1.46989e+05
4.64089e+00 3.03916e+01 1.46989e+05
4.63819e+00 3.03923e+01 1.46989e+05
4.63550e+00 3.03930e+01 1.46989e+05
4.63281e+00 3.03937e+01 1.46989e+05
4.63012e+00 3.03944e+01 1.46989e+05
4.62745e+00 3.03951e+01 1.46989e+05
4.62478e+00 3.03958e+01 1.46989e+05
4.62212e+00 3.03965e+01 1.46989e+05
4.61946e+00 3.03973e+01 1.46989e+05
4.61681e+00 3.03980e+01 1.46989e+05
4.61417e+00 3.03987e+01 1.46989e+05
4.61153e+00 3.03994e+01 1.46989e+05
4.60890e+00 3.04001e+01 1.46989e+05
4.60627e+00 3.04008e+01 1.46989e+05
4.60365e+00 3.04015e+01 1.46989e+05
4.60104e+00 3.04022e+01 1.46989e+05
4.59844e+00 3.04029e+01 1.46989e+05
4.59584e+00 3.04036e+01 1.46989e+05
4.59324e+00 3.04043e+01 1.46989e+05
4.59065e+00 3.04050e+01 1.46989e+05
4.58807e+00 3.04057e+01 1.46989e+05
4.58550e+00 3.04063e+01 1.46989e+05
4.58293e+00 3.04070e+01 1.46989e+05
4.58036e+00 3.04077e+01 1.46989e+05
4.57781e+00 3.04084e+01 1.46989e+05
4.57526e+00 3.04091e+01 1.46989e+05
4.57271e+00 3.04098e+01 1.46989e+05
4.57017e+00 3.04105e+01 1.46989e+05
4.56764e+00 3.04112e+01 1.46989e+05
4.56511e+00 3.04118e+01 1.46989e+05
4.56259e+00 3.04125e+01 1.46989e+05
4.56007e+00 3.04132e+01 1.46989e+05
4.55756e+00 3.04139e+01 1.46989e+05
4.55506e+00 3.04146e+01 1.47466e+05
4.55256e+00 3.04152e+01 1.47466e+05
4.54997e+00 3.04160e+01 1.47466e+05
4.54738e+00 3.04167e+01 1.47466e+05
4.54481e+00 3.04174e+01 1.47466e+05
4.54223e+00 3.04181e+01 1.47466e+05
4.53967e+00 3.04188e+01 1.47466e+05
4.53711e+00 3.04195e+01 1.47466e+05
4.53455e+00 3.04202e+01 1.47466e+05
4.53200e+00 3.04209e+01 1.47466e+05
4.52946e+00 3.04216e+01 1.47466e+05
4.52692e+00 3.04223e+01 1.47466e+05
4.52439e+00 3.04230e+01 1.47466e+05
4.52187e+00 3.04237e+01 1.47466e+05
4.51934e+00 3.04244e+01 1.47466e+05
4.51683e+00 3.04251e+01 1.47466e+05
4.51432e+00 3.04257e+01 1.47466e+05
4.51181e+00 3.04264e+01 1.47466e+05
4.50932e+00 3.04271e+01 1.47466e+05
4.50682e+00 3.04278e+01 1.47466e+05
4.50434e+00 3.04285e+01 1.47466e+05
4.50185e+00 3.04292e+01 1.47466e+05
4.49938e+00 3.04299e+01 1.47466e+05
4.49691e+00 3.04306e+01 1.47466e+05
4.49444e+00 3.04312e+01 1.47466e+05
4.49198e+00 3.04319e+01 1.47466e+05
4.48952e+00 3.04326e+01 1.47466e+05
4.48708e+00 3.04333e+01 1.47466e+05
4.48463e+00 3.04340e+01 1.47466e+05
4.48219e+00 3.04346e+01 1.47466e+05
4.47976e+00 3.04353e+01 1.47466e+05
4.47734e+00 3.04360e+01 1.47466e+05
4.47492e+00 3.04367e+01 1.47466e+05
4.47250e+00 3.04373e+01 1.47466e+05
4.47009e+00 3.04380e+01 1.47466e+05
4.46769e+00 3.04387e+01 1.47466e+05
4.46529e+00 3.04393e+01 1.47466e+05
4.46289e+00 3.04400e+01 1.47466e+05
4.46051e+00 3.04407e+01 1.47466e+05
4.45812e+00 3.04414e+01 1.47466e+05
4.45575e+00 3.04420e+01 1.47466e+05
4.45337e+00 3.04427e+01 1.47466e+05
4.45101e+00 3.04433e+01 1.47466e+05
4.44864e+00 3.04440e+01 1.47466e+05
4.44629e+00 3.04447e+01 1.47466e+05
4.44394e+00 3.04453e+01 1.47466e+05
4.44159e+00 3.04460e+01 1.47466e+05
4.43925e+00 3.04466e+01 1.47466e+05
4.43691e+00 3.04473e+01 1.47466e+05
4.43458e+00 3.04480e+01 1.47466e+05
4.43226e+00 3.04486e+01 1.47466e+05
4.42994e+00 3.04493e+01 1.47466e+05
4.42762e+00 3.04499e+01 1.47466e+05
4.42531e+00 3.04506e+01 1.47466e+05
4.42301e+00 3.04512e+01 1.47466e+05
4.42071e+00 3.04519e+01 1.47466e+05
4.41842e+00 3.04525e+01 1.47466e+05
4.41613e+00 3.04532e+01 1.47466e+05
4.41384e+00 3.04538e+01 1.47466e+05
4.41156e+00 3.04545e+01 1.47466e+05
4.40929e+00 3.04551e+01 1.47943e+05
4.40702e+00 3.04557e+01 1.47943e+05
4.40469e+00 3.04564e+01 1.47943e+05
4.40237e+00 3.04571e+01 1.47943e+05
4.40005e+00 3.04577e+01 1.47943e+05
4.39774e+00 3.04584e+01 1.47943e+05
4.39543e+00 3.04590e+01 1.47943e+05
4.39313e+00 3.04597e+01 1.47943e+05
4.39083e+00 3.04603e+01 1.47943e+05
4.38854e+00 3.04610e+01 1.47943e+05
4.38625e+00 3.04617e+01 1.47943e+05
4.38397e+00 3.04623e+01 1.47943e+05
4.38169e+00 3.04630e+01 1.47943e+05
4.37942e+00 3.04636e+01 1.47943e+05
4.37715e+00 3.04643e+01 1.47943e+05
4.37489e+00 3.04649e+01 1.47943e+05
4.37263e+00 3.04655e+01 1.47943e+05
4.37038e+00 3.04662e+01 1.47943e+05
4.36813e+00 3.04668e+01 1.47943e+05
4.36589e+00 3.04675e+01 1.47943e+05
4.36365e+00 3.04681e+01 1.47943e+05
4.36142e+00 3.04688e+01 1.47943e+05
4.35919e+00 3.04694e+01 1.47943e+05
4.35697e+00 3.04700e+01 1.47943e+05
4.35475e+00 3.04707e+01 1.47943e+05
4.35254e+00 3.04713e+01 1.47943e+05
4.35033e+00 3.04720e+01 1.47943e+05
4.34813e+00 3.04726e+01 1.47943e+05
4.34593e+00 3.04732e+01 1.47943e+05
4.34374e+00 3.04739e+01 1.47943e+05
4.34155e+00 3.04745e+01 1.47943e+05
4.33937e+00 3.04751e+01 1.47943e+05
4.33719e+00 3.04757e+01 1.47943e+05
4.33502e+00 3.04764e+01 1.47943e+05
4.33285e+00 3.04770e+01 1.47943e+05
4.33068e+00 3.04776e+01 1.47943e+05
4.32852e+00 3.04783e+01 1.47943e+05
4.32637e+00 3.04789e+01 1.47943e+05
4.32422e+00 3.04795e+01 1.47943e+05
4.32208e+00 3.04801e+01 1.47943e+05
4.31994e+00 3.04807e+01 1.48420e+05
4.31780e+00 3.04814e+01 1.48420e+05
4.31561e+00 3.04820e+01 1.48420e+05
4.31343e+00 3.04826e+01 1.48420e+05
4.31125e+00 3.04833e+01 1.48420e+05
4.30908e+00 3.04839e+01 1.48420e+05
4.30691e+00 3.04846e+01 1.48420e+05
4.30475e+00 3.04852e+01 1.48420e+05
4.30259e+00 3.04858e+01 1.48420e+05
4.30043e+00 3.04865e+01 1.48420e+05
4.29828e+00 3.04871e+01 1.48420e+05
4.29614e+00 3.04877e+01 1.48420e+05
4.29400e+00 3.04883e+01 1.48420e+05
4.29186e+00 3.04890e+01 1.48420e+05
4.28973e+00 3.04896e+01 1.48420e+05
4.28760e+00 3.04902e+01 1.48420e+05
4.28548e+00 3.04909e+01 1.48420e+05
4.28336e+00 3.04915e+01 1.48420e+05
4.28125e+00 3.04921e+01 1.48420e+05
4.27914e+00 3.04927e+01 1.48420e+05
4.27704e+00 3.04933e+01 1.48420e+05
4.27494e+00 3.04940e+01 1.48420e+05
4.27284e+00 3.04946e+01 1.48420e+05
4.27075e+00 3.04952e+01 1.48420e+05
4.26867e+00 3.04958e+01 1.48420e+05
4.26659e+00 3.04964e+01 1.48420e+05
4.26451e+00 3.04970e+01 1.48420e+05
4.26244e+00 3.04977e+01 1.48420e+05
4.26037e+00 3.04983e+01 1.48420e+05
4.25831e+00 3.04989e+01 1.48420e+05
4.25625e+00 3.04995e+01 1.48420e+05
4.25420e+00 3.05001e+01 1.48420e+05
4.25215e+00 3.05007e+01 1.48420e+05
4.25011e+00 3.05013e+01 1.48420e+05
4.24807e+00 3.05019e+01 1.48420e+05
4.24603e+00 3.05025e+01 1.48420e+05
4.24400e+00 3.05031e+01 1.48420e+05
4.24198e+00 3.05037e+01 1.48420e+05
4.23996e+00 3.05043e+01 1.48420e+05
4.23794e+00 3.05049e+01 1.48420e+05
4.23593e+00 3.05056e+01 1.48420e+05
4.23392e+00 3.05062e+01 1.48420e+05
4.23191e+00 3.05067e+01 1.48420e+05
4.22991e+00 3.05073e+01 1.48420e+05
4.22792e+00 3.05079e+01 1.48420e+05
4.22593e+00 3.05085e+01 1.48420e+05
4.22394e+00 3.05091e+01 1.48420e+05
4.22196e+00 3.05097e+01 1.48420e+05
4.21998e+00 3.05103e+01 1.48420e+05
4.21801e+00 3.05109e+01 1.48420e+05
4.21604e+00 3.05115e+01 1.48420e+05
4.21408e+00 3.05121e+01 1.48420e+05
4.21212e+00 3.05127e+01 1.48420e+05
4.21016e+00 3.05133e+01 1.48420e+05
4.20821e+00 3.05139e+01 1.48420e+05
4.20626e+00 3.05144e+01 1.48420e+05
4.20432e+00 3.05150e+01 1.48420e+05
4.20238e+00 3.05156e+01 1.48420e+05
4.20044e+00 3.05162e+01 1.48420e+05
4.19851e+00 3.05168e+01 1.48420e+05
4.19659e+00 3.05174e+01 1.48420e+05
4.19466e+00 3.05179e+01 1.48420e+05
4.19275e+00 3.05185e+01 1.48420e+05
4.19083e+00 3.05191e+01 1.48420e+05
4.18892e+00 3.05197e+01 1.48420e+05
4.18702e+00 3.05202e+01 1.48420e+05
4.18511e+00 3.05208e+01 1.48420e+05
4.18322e+00 3.05214e+01 1.48420e+05
4.18132e+00 3.05220e+01 1.48420e+05
4.17943e+00 3.05225e+01 1.48420e+05
4.17755e+00 3.05231e+01 1.48420e+05
4.17567e+00 3.05237e+01 1.48420e+05
4.17379e+00 3.05243e+01 1.48420e+05
4.17192e+00 3.05248e+01 1.48420e+05
4.17005e+00 3.05254e+01 1.48420e+05
4.16818e+00 3.05260e+01 1.48420e+05
4.16632e+00 3.05265e+01 1.48420e+05
4.16447e+00 3.05271e+01 1.48420e+05
4.16261e+00 3.05277e+01 1.48420e+05
4.16077e+00 3.05282e+01 1.48420e+05
4.15892e+00 3.05288e+01 1.48420e+05
4.15708e+00 3.05293e+01 1.48420e+05
4.15524e+00 3.05299e+01 1.48420e+05
4.15341e+00 3.05305e+01 1.48420e+05
4.15158e+00 3.05310e+01 1.48420e+05
4.14976e+00 3.05316e+01 1.48420e+05
4.14793e+00 3.05321e+01 1.48420e+05
4.14612e+00 3.05327e+01 1.48420e+05
4.14430e+00 3.05332e+01 1.48420e+05
4.14249e+00 3.05338e+01 1.48420e+05
4.14069e+00 3.05343e+01 1.48420e+05
4.13889e+00 3.05349e+01 1.48420e+05
4.13709e+00 3.05355e+01 1.48420e+05
4.13529e+00 3.05360e+01 1.48420e+05
4.13350e+00 3.05366e+01 1.48420e+05
4.13172e+00 3.05371e+01 1.48420e+05
4.12993e+00 3.05376e+01 1.48420e+05
4.12815e+00 3.05382e+01 1.48420e+05
4.12638e+00 3.05387e+01 1.48420e+05
4.12461e+00 3.05393e+01 1.48420e+05
4.12284e+00 3.05398e+01 1.48420e+05
4.12107e+00 3.05404e+01 1.48420e+05
4.11931e+00 3.05409e+01 1.48420e+05
4.11756e+00 3.05415e+01 1.48420e+05
4.11581e+00 3.05420e+01 1.48420e+05
4.11406e+00 3.05425e+01 1.48420e+05
4.11231e+00 3.05431e+01 1.48420e+05
4.11057e+00 3.05436e+01 1.48420e+05
4.10883e+00 3.05441e+01 1.48420e+05
4.10710e+00 3.05447e+01 1.48420e+05
4.10537e+00 3.05452e+01 1.48420e+05
4.10364e+00 3.05458e+01 1.48420e+05
4.10192e+00 3.05463e+01 1.48420e+05
4.10020e+00 3.05468e+01 1.48420e+05
4.09848e+00 3.05473e+01 1.48420e+05
4.09677e+00 3.05479e+01 1.48420e+05
4.09506e+00 3.05484e+01 1.48420e+05
4.09336e+00 3.05489e+01 1.48420e+05
4.09166e+00 3.05495e+01 1.48420e+05
4.08996e+00 3.05500e+01 1.48420e+05
4.08827e+00 3.05505e+01 1.48420e+05
4.08658e+00 3.05510e+01 1.48420e+05
4.08489e+00 3.05516e+01 1.48420e+05
4.08320e+00 3.05521e+01 1.48420e+05
4.08152e+00 3.05526e+01 1.48420e+05
4.07985e+00 3.05531e+01 1.48420e+05
4.07818e+00 3.05537e+01 1.48420e+05
4.07651e+00 3.05542e+01 1.48420e+05
4.07484e+00 3.05547e+01 1.48420e+05
4.07318e+00 3.05552e+01 1.48420e+05
4.07152e+00 3.05557e+01 1.48420e+05
4.06986e+00 3.05562e+01 1.48420e+05
4.06821e+00 3.05568e+01 1.48420e+05
4.06656e+00 3.05573e+01 1.48420e+05
4.06492e+00 3.05578e+01 1.48420e+05
4.06327e+00 3.05583e+01 1.48420e+05
4.06163e+00 3.05588e+01 1.48420e+05
4.06000e+00 3.05593e+01 1.48420e+05
4.05837e+00 3.05598e+01 1.48420e+05
4.05674e+00 3.05604e+01 1.48420e+05
4.05511e+00 3.05609e+01 1.48420e+05
4.05349e+00 3.05614e+01 1.48420e+05
4.05187e+00 3.05619e+01 1.48420e+05
4.05026e+00 3.05624e+01 1.48420e+05
4.04864e+00 3.05629e+01 1.48420e+05
4.04704e+00 3.05634e+01 1.48420e+05
4.04543e+00 3.05639e+01 1.48420e+05
4.04383e+00 3.05644e+01 1.48420e+05
4.04223e+00 3.05649e+01 1.48420e+05
4.04063e+00 3.05654e+01 1.48420e+05
4.03904e+00 3.05659e+01 1.48420e+05
4.03745e+00 3.05664e+01 1.48420e+05
4.03587e+00 3.05669e+01 1.48420e+05
4.03428e+00 3.05674e+01 1.48420e+05
4.03270e+00 3.05679e+01 1.48420e+05
4.03113e+00 3.05684e+01 1.48420e+05
4.02955e+00 3.05689e+01 1.48420e+05
4.02798e+00 3.05694e+01 1.48420e+05
4.02642e+00 3.05699e+01 1.48420e+05
4.02485e+00 3.05704e+01 1.48420e+05
4.02329e+00 3.05709e+01 1.48420e+05
4.02173e+00 3.05714e+01 1.48420e+05
4.02018e+00 3.05719e+01 1.48420e+05
4.01863e+00 3.05724e+01 1.48420e+05
4.01708e+00 3.05728e+01 1.48420e+05
4.01553e+00 3.05733e+01 1.48420e+05
4.01399e+00 3.05738e+01 1.48420e+05
4.01245e+00 3.05743e+01 1.48420e+05
4.01092e+00 3.05748e+01 1.48420e+05
4.00939e+00 3.05753e+01 1.48420e+05
4.00786e+00 3.05758e+01 1.48420e+05
4.00633e+00 3.05763e+01 1.48420e+05
4.00481e+00 3.05767e+01 1.48420e+05
4.00329e+00 3.05772e+01 1.48420e+05
4.00177e+00 3.05777e+01 1.48420e+05
4.00025e+00 3.05782e+01 1.48420e+05
3.99874e+00 3.05787e+01 1.48420e+05
3.99723e+00 3.05791e+01 1.48420e+05
3.99573e+00 3.05796e+01 1.48420e+05
3.99422e+00 3.05801e+01 1.48420e+05
3.99273e+00 3.05806e+01 1.48420e+05
3.99123e+00 3.05811e+01 1.48420e+05
3.98974e+00 3.05815e+01 1.48420e+05
3.98824e+00 3.05820e+01 1.48420e+05
3.98676e+00 3.05825e+01 1.48420e+05
3.98527e+00 3.05830e+01 1.48420e+05
3.98379e+00 3.05834e+01 1.48420e+05
3.98231e+00 3.05839e+01 1.48420e+05
3.98083e+00 3.05844e+01 1.48420e+05
3.97936e+00 3.05849e+01 1.48420e+05
3.97789e+00 3.05853e+01 1.48420e+05
3.97642e+00 3.05858e+01 1.48420e+05
3.97496e+00 3.05863e+01 1.48420e+05
3.97350e+00 3.05867e+01 1.48420e+05
3.97204e+00 3.05872e+01 1.48420e+05
3.97058e+00 3.05877e+01 1.48420e+05
3.96913e+00 3.05881e+01 1.48420e+05
3.96768e+00 3.05886e+01 1.48420e+05
3.96623e+00 3.05891e+01 1.48420e+05
3.96479e+00 3.05895e+01 1.48420e+05
3.96334e+00 3.05900e+01 1.48420e+05
3.96191e+00 3.05905e+01 1.48420e+05
3.96047e+00 3.05909e+01 1.48420e+05
3.95904e+00 3.05914e+01 1.48420e+05
3.95761e+00 3.05918e+01 1.48420e+05
3.95618e+00 3.05923e+01 1.48420e+05
3.95475e+00 3.05928e+01 1.48420e+05
3.95333e+00 3.05932e+01 1.48420e+05
3.95191e+00 3.05937e+01 1.48420e+05
3.95049e+00 3.05941e+01 1.48420e+05
3.94908e+00 3.05946e+01 1.48420e+05
3.94767e+00 3.05950e+01 1.48420e+05
3.94626e+00 3.05955e+01 1.48420e+05
3.94485e+00 3.05959e+01 1.48420e+05
3.94345e+00 3.05964e+01 1.48420e+05
3.94205e+00 3.05969e+01 1.48420e+05
3.94065e+00 3.05973e+01 1.48420e+05
3.93926e+00 3.05978e+01 1.48420e+05
3.93786e+00 3.05982e+01 1.48420e+05
3.93647e+00 3.05987e+01 1.48420e+05
3.93509e+00 3.05991e+01 1.48420e+05
3.93370e+00 3.05996e+01 1.48420e+05
3.93232e+00 3.06000e+01 1.48420e+05
3.93094e+00 3.06005e+01 1.48420e+05
3.92956e+00 3.06009e+01 1.48420e+05
3.92819e+00 3.06013e+01 1.48420e+05
3.92682e+00 3.06018e+01 1.48420e+05
3.92545e+00 3.06022e+01 1.48420e+05
3.92408e+00 3.06027e+01 1.48420e+05
3.92272e+00 3.06031e+01 1.48420e+05
3.92136e+00 3.06036e+01 1.48420e+05
3.92000e+00 3.06040e+01 1.48420e+05
3.91864e+00 3.06044e+01 1.48420e+05
3.91729e+00 3.06049e+01 1.48420e+05
3.91594e+00 3.06053e+01 1.48420e+05
3.91459e+00 3.06058e+01 1.48420e+05
3.91325e+00 3.06062e+01 1.48420e+05
3.91190e+00 3.06066e+01 1.48420e+05
3.91056e+00 3.06071e+01 1.48420e+05
3.90923e+00 3.06075e+01 1.48420e+05
3.90789e+00 3.06080e+01 1.48420e+05
3.90656e+00 3.06084e+01 1.48420e+05
3.90523e+00 3.06088e+01 1.48420e+05
3.90390e+00 3.06093e+01 1.48420e+05
3.90257e+00 3.06097e+01 1.48420e+05
3.90125e+00 3.06101e+01 1.48420e+05
3.89993e+00 3.06106e+01 1.48420e+05
3.89861e+00 3.06110e+01 1.48420e+05
3.89730e+00 3.06114e+01 1.48420e+05
3.89598e+00 3.06118e+01 1.48420e+05
3.89467e+00 3.06123e+01 1.48420e+05
3.89337e+00 3.06127e+01 1.48420e+05
3.89206e+00 3.06131e+01 1.48420e+05
3.89076e+00 3.06136e+01 1.48420e+05
3.88946e+00 3.06140e+01 1.48420e+05
3.88816e+00 3.06144e+01 1.48420e+05
3.88686e+00 3.06148e+01 1.48420e+05
3.88557e+00 3.06153e+01 1.48420e+05
3.88428e+00 3.06157e+01 1.48420e+05
3.88299e+00 3.06161e+01 1.48420e+05
3.88171e+00 3.06165e+01 1.48420e+05
3.88042e+00 3.06170e+01 1.48420e+05
3.87914e+00 3.06174e+01 1.48420e+05
3.87786e+00 3.06178e+01 1.48420e+05
3.87658e+00 3.06182e+01 1.48420e+05
3.87531e+00 3.06186e+01 1.48420e+05
3.87404e+00 3.06191e+01 1.48420e+05
3.87277e+00 3.06195e+01 1.48420e+05
3.87150e+00 3.06199e+01 1.48420e+05
3.87024e+00 3.06203e+01 1.48420e+05
3.86898e+00 3.06207e+01 1.48420e+05
3.86772e+00 3.06211e+01 1.48420e+05
3.86646e+00 3.06216e+01 1.48420e+05
3.86520e+00 3.06220e+01 1.48420e+05
3.86395e+00 3.06224e+01 1.48420e+05
3.86270e+00 3.06228e+01 1.48420e+05
3.86145e+00 3.06232e+01 1.48420e+05
3.86020e+00 3.06236e+01 1.48420e+05
3.85896e+00 3.06240e+01 1.48420e+05
3.85772e+00 3.06244e+01 1.48420e+05
3.85648e+00 3.06249e+01 1.48420e+05
3.85524e+00 3.06253e+01 1.48420e+05
3.85401e+00 3.06257e+01 1.48420e+05
3.85278e+00 3.06261e+01 1.48420e+05
3.85154e+00 3.06265e+01 1.48420e+05
3.85032e+00 3.06269e+01 1.48420e+05
3.84909e+00 3.06273e+01 1.48420e+05
3.84787e+00 3.06277e+01 1.48420e+05
3.84665e+00 3.06281e+01 1.48420e+05
3.84543e+00 3.06285e+01 1.48420e+05
3.84421e+00 3.06289e+01 1.48420e+05
3.84300e+00 3.06293e+01 1.48420e+05
3.84178e+00 3.06297e+01 1.48420e+05
3.84057e+00 3.06301e+01 1.48420e+05
3.83937e+00 3.06305e+01 1.48420e+05
3.83816e+00 3.06309e+01 1.48420e+05
3.83696e+00 3.06313e+01 1.48420e+05
3.83575e+00 3.06317e+01 1.48420e+05
3.83456e+00 3.06321e+01 1.48420e+05
3.83336e+00 3.06325e+01 1.48420e+05
3.83216e+00 3.06329e+01 1.48420e+05
3.83097e+00 3.06333e+01 1.48420e+05
3.82978e+00 3.06337e+01 1.48420e+05
3.82859e+00 3.06341e+01 1.48420e+05
3.82741e+00 3.06345e+01 1.48420e+05
3.82622e+00 3.06349e+01 1.48420e+05
3.82504e+00 3.06353e+01 1.48420e+05
3.82386e+00 3.06357e+01 1.48420e+05
3.82268e+00 3.06361e+01 1.48420e+05
3.82151e+00 3.06365e+01 1.48420e+05
3.82033e+00 3.06369e+01 1.48420e+05
3.81916e+00 3.06373e+01 1.48420e+05
3.81799e+00 3.06377e+01 1.48420e+05
3.81682e+00 3.06381e+01 1.48420e+05
3.81566e+00 3.06384e+01 1.48420e+05
3.81450e+00 3.06388e+01 1.48420e+05
3.81333e+00 3.06392e+01 1.48420e+05
3.81218e+00 3.06396e+01 1.48420e+05
3.81102e+00 3.06400e+01 1.48420e+05
3.80986e+00 3.06404e+01 1.48420e+05
3.80871e+00 3.06408e+01 1.48420e+05
3.80756e+00 3.06412e+01 1.48420e+05
3.80641e+00 3.06415e+01 1.48420e+05
3.80527e+00 3.06419e+01 1.48420e+05
3.80412e+00 3.06423e+01 1.48420e+05
3.80298e+00 3.06427e+01 1.48420e+05
3.80184e+00 3.06431e+01 1.48420e+05
3.80070e+00 3.06435e+01 1.48420e+05
3.79956e+00 3.06438e+01 1.48420e+05
3.79843e+00 3.06442e+01 1.48420e+05
3.79730e+00 3.06446e+01 1.48420e+05
3.79617e+00 3.06450e+01 1.48420e+05
3.79504e+00 3.06454e+01 1.48420e+05
3.79391e+00 3.06457e+01 1.48420e+05
3.79279e+00 3.06461e+01 1.48420e+05
3.79166e+00 3.06465e+01 1.48420e+05
3.79054e+00 3.06469e+01 1.48420e+05
3.78943e+00 3.06473e+01 1.48420e+05
3.78831e+00 3.06476e+01 1.48420e+05
3.78720e+00 3.06480e+01 1.48420e+05
3.78608e+00 3.06484e+01 1.48420e+05
3.78497e+00 3.06488e+01 1.48420e+05
3.78386e+00 3.06491e+01 1.48420e+05
3.78276e+00 3.06495e+01 1.48420e+05
3.78165e+00 3.06499e+01 1.48420e+05
3.78055e+00 3.06503e+01 1.48420e+05
3.77945e+00 3.06506e+01 1.48420e+05
3.77835e+00 3.06510e+01 1.48420e+05
3.77725e+00 3.06514e+01 1.48420e+05
3.77616e+00 3.06517e+01 1.48420e+05
3.77506e+00 3.06521e+01 1.48420e+05
3.77397e+00 3.06525e+01 1.48420e+05
3.77288e+00 3.06528e+01 1.48420e+05
3.77180e+00 3.06532e+01 1.48420e+05
3.77071e+00 3.06536e+01 1.48420e+05
3.76963e+00 3.06540e+01 1.48420e+05
3.76855e+00 3.06543e+01 1.48420e+05
3.76747e+00 3.06547e+01 1.48420e+05
3.76639e+00 3.06551e+01 1.48420e+05
3.76531e+00 3.06554e+01 1.48420e+05
3.76424e+00 3.06558e+01 1.48420e+05
3.76317e+00 3.06561e+01 1.48420e+05
3.76209e+00 3.06565e+01 1.48420e+05
3.76103e+00 3.06569e+01 1.48420e+05
3.75996e+00 3.06572e+01 1.48420e+05
3.75889e+00 3.06576e+01 1.48420e+05
3.75783e+00 3.06580e+01 1.48420e+05
3.75677e+00 3.06583e+01 1.48420e+05
3.75571e+00 3.06587e+01 1.48420e+05
3.75465e+00 3.06590e+01 1.48420e+05
3.75360e+00 3.06594e+01 1.48420e+05
3.75254e+00 3.06598e+01 1.48420e+05
3.75149e+00 3.06601e+01 1.48420e+05
3.75044e+00 3.06605e+01 1.48420e+05
3.74939e+00 3.06608e+01 1.48420e+05
3.74835e+00 3.06612e+01 1.48420e+05
3.74730e+00 3.06615e+01 1.48420e+05
3.74626e+00 3.06619e+01 1.48420e+05
3.74522e+00 3.06623e+01 1.48420e+05
3.74418e+00 3.06626e+01 1.48420e+05
3.74314e+00 3.06630e+01 1.48420e+05
3.74210e+00 3.06633e+01 1.48420e+05
3.74107e+00 3.06637e+01 1.48420e+05
3.74004e+00 3.06640e+01 1.48420e+05
3.73901e+00 3.06644e+01 1.48420e+05
3.73798e+00 3.06647e+01 1.48420e+05
3.73695e+00 3.06651e+01 1.48420e+05
3.73593e+00 3.06654e+01 1.48420e+05
3.73490e+00 3.06658e+01 1.48420e+05
3.73388e+00 3.06661e+01 1.48420e+05
3.73286e+00 3.06665e+01 1.48420e+05
3.73184e+00 3.06668e+01 1.48420e+05
3.73083e+00 3.06672e+01 1.48420e+05
3.72981e+00 3.06675e+01 1.48420e+05
3.72880e+00 3.06679e+01 1.48420e+05
3.72779e+00 3.06682e+01 1.48420e+05
3.72678e+00 3.06686e+01 1.48420e+05
3.72577e+00 3.06689e+01 1.48420e+05
3.72476e+00 3.06693e+01 1.48420e+05
3.72376e+00 3.06696e+01 1.48420e+05
3.72275e+00 3.06699e+01 1.48420e+05
3.72175e+00 3.06703e+01 1.48420e+05
3.72075e+00 3.06706e+01 1.48420e+05
3.71976e+00 3.06710e+01 1.48420e+05
3.71876e+00 3.06713e+01 1.48420e+05
3.71776e+00 3.06717e+01 1.48420e+05
3.71677e+00 3.06720e+01 1.48420e+05
3.71578e+00 3.06723e+01 1.48420e+05
3.71479e+00 3.06727e+01 1.48420e+05
3.71380e+00 3.06730e+01 1.48420e+05
3.71282e+00 3.06734e+01 1.48420e+05
3.71183e+00 3.06737e+01 1.48420e+05
3.71085e+00 3.06740e+01 1.48420e+05
3.70987e+00 3.06744e+01 1.48420e+05
3.70889e+00 3.06747e+01 1.48420e+05
3.70791e+00 3.06750e+01 1.48420e+05
3.70693e+00 3.06754e+01 1.48420e+05
3.70596e+00 3.06757e+01 1.48420e+05
3.70499e+00 3.06761e+01 1.48420e+05
3.70402e+00 3.06764e+01 1.48420e+05
3.70305e+00 3.06767e+01 1.48420e+05
3.70208e+00 3.06771e+01 1.48420e+05
3.70111e+00 3.06774e+01 1.48420e+05
3.70015e+00 3.06777e+01 1.48420e+05
3.69918e+00 3.06781e+01 1.48420e+05
3.69822e+00 3.06784e+01 1.48420e+05
3.69726e+00 3.06787e+01 1.48420e+05
3.69630e+00 3.06791e+01 1.48420e+05
3.69534e+00 3.06794e+01 1.48420e+05
3.69439e+00 3.06797e+01 1.48420e+05
3.69344e+00 3.06800e+01 1.48420e+05
3.69248e+00 3.06804e+01 1.48420e+05
3.69153e+00 3.06807e+01 1.48420e+05
3.69059e+00 3.06810e+01 1.48420e+05
3.68964e+00 3.06814e+01 1.48420e+05
3.68870e+00 3.06817e+01 1.48420e+05
3.68776e+00 3.06820e+01 1.48420e+05
3.68682e+00 3.06823e+01 1.48420e+05
3.68588e+00 3.06827e+01 1.48420e+05
3.68494e+00 3.06830e+01 1.48420e+05
3.68400e+00 3.06833e+01 1.47943e+05
3.68307e+00 3.06837e+01 1.47943e+05
3.74792e+00 3.06972e+01 1.47943e+05
3.72995e+00 3.06963e+01 1.47943e+05
3.71360e+00 3.06956e+01 1.47943e+05
3.70150e+00 3.06950e+01 1.47943e+05
3.69238e+00 3.06944e+01 1.47943e+05
3.68524e+00 3.06940e+01 1.47943e+05
3.67955e+00 3.06936e+01 1.47943e+05
3.67495e+00 3.06933e+01 1.47943e+05
3.67119e+00 3.06930e+01 1.47943e+05
3.66808e+00 3.06928e+01 1.47943e+05
3.66546e+00 3.06926e+01 1.47943e+05
3.66324e+00 3.06924e+01 1.47943e+05
3.66132e+00 3.06923e+01 1.47943e+05
3.65964e+00 3.06922e+01 1.47943e+05
3.65817e+00 3.06922e+01 1.47943e+05
3.65684e+00 3.06921e+01 1.47943e+05
3.65564e+00 3.06921e+01 1.47943e+05
3.65455e+00 3.06921e+01 1.47943e+05
3.65353e+00 3.06921e+01 1.47466e+05
3.65258e+00 3.06921e+01 1.47466e+05
3.79464e+00 3.07139e+01 1.47466e+05
3.72663e+00 3.07110e+01 1.47466e+05
3.69735e+00 3.07088e+01 1.47466e+05
3.68115e+00 3.07072e+01 1.47466e+05
3.67082e+00 3.07060e+01 1.47466e+05
3.66357e+00 3.07050e+01 1.47466e+05
3.65818e+00 3.07042e+01 1.47466e+05
3.65401e+00 3.07035e+01 1.47466e+05
3.65075e+00 3.07029e+01 1.47466e+05
3.64816e+00 3.07024e+01 1.47466e+05
3.64607e+00 3.07019e+01 1.47466e+05
3.64433e+00 3.07016e+01 1.47466e+05
3.64288e+00 3.07012e+01 1.47466e+05
3.64165e+00 3.07009e+01 1.47466e+05
3.64057e+00 3.07006e+01 1.47466e+05
3.63962e+00 3.07004e+01 1.47466e+05
3.63876e+00 3.07002e+01 1.47466e+05
3.63799e+00 3.07000e+01 1.47466e+05
3.63728e+00 3.06998e+01 1.46989e+05
3.63661e+00 3.06997e+01 1.46989e+05
3.89260e+00 3.07186e+01 1.46989e+05
3.86981e+00 3.07149e+01 1.46989e+05
3.82838e+00 3.07121e+01 1.46989e+05
3.79367e+00 3.07100e+01 1.46989e+05
3.76656e+00 3.07082e+01 1.46989e+05
3.74557e+00 3.07067e+01 1.46989e+05
3.72979e+00 3.07055e+01 1.46989e+05
3.71758e+00 3.07044e+01 1.46989e+05
3.70781e+00 3.07035e+01 1.46989e+05
3.69984e+00 3.07027e+01 1.46989e+05
3.69321e+00 3.07019e+01 1.46989e+05
3.68761e+00 3.07013e+01 1.46989e+05
3.68286e+00 3.07008e+01 1.46989e+05
3.67876e+00 3.07003e+01 1.46989e+05
3.67519e+00 3.06998e+01 1.46989e+05
3.67204e+00 3.06994e+01 1.46989e+05
3.66924e+00 3.06991e+01 1.46989e+05
3.66671e+00 3.06988e+01 1.46989e+05
3.66442e+00 3.06985e+01 1.47466e+05
3.66234e+00 3.06983e+01 1.47466e+05
3.66042e+00 3.06980e+01 1.47466e+05
3.65865e+00 3.06978e+01 1.47466e+05
3.65703e+00 3.06976e+01 1.47466e+05
3.65552e+00 3.06975e+01 1.47466e+05
3.65409e+00 3.06973e+01 1.47466e+05
3.65274e+00 3.06972e+01 1.47466e+05
3.65145e+00 3.06971e+01 1.47466e+05
3.65021e+00 3.06970e+01 1.47466e+05
3.64901e+00 3.06970e+01 1.47466e+05
3.64786e+00 3.06969e+01 1.47466e+05
3.64673e+00 3.06969e+01 1.47466e+05
3.64562e+00 3.06969e+01 1.47466e+05
3.64454e+00 3.06969e+01 1.47466e+05
3.64345e+00 3.06969e+01 1.47466e+05
3.64240e+00 3.06969e+01 1.47466e+05
3.64136e+00 3.06970e+01 1.47466e+05
3.64035e+00 3.06970e+01 1.47466e+05
3.63935e+00 3.06971e+01 1.47466e+05
3.63835e+00 3.06972e+01 1.47466e+05
3.63737e+00 3.06973e+01 1.47466e+05
3.63640e+00 3.06974e+01 1.47466e+05
3.63543e+00 3.06975e+01 1.47466e+05
3.63446e+00 3.06976e+01 1.47466e+05
3.63351e+00 3.06978e+01 1.47466e+05
3.63255e+00 3.06979e+01 1.47466e+05
3.63160e+00 3.06980e+01 1.47466e+05
3.63065e+00 3.06982e+01 1.47466e+05
3.62970e+00 3.06983e+01 1.47466e+05
3.62875e+00 3.06985e+01 1.47466e+05
3.62781e+00 3.06987e+01 1.47466e+05
3.62685e+00 3.06989e+01 1.47466e+05
3.62589e+00 3.06991e+01 1.47466e+05
3.62493e+00 3.06993e+01 1.47466e+05
3.62396e+00 3.06995e+01 1.47466e+05
3.62300e+00 3.06997e+01 1.47466e+05
3.62204e+00 3.06999e+01 1.47466e+05
3.62108e+00 3.07001e+01 1.47466e+05
3.62011e+00 3.07004e+01 1.47466e+05
3.61917e+00 3.07006e+01 1.47466e+05
3.61822e+00 3.07008e+01 1.47466e+05
3.61728e+00 3.07011e+01 1.47466e+05
3.61634e+00 3.07013e+01 1.47466e+05
3.61540e+00 3.07015e+01 1.47466e+05
3.61446e+00 3.07018e+01 1.47466e+05
3.61352e+00 3.07020e+01 1.47466e+05
3.61258e+00 3.07023e+01 1.47466e+05
3.61164e+00 3.07025e+01 1.47466e+05
3.61070e+00 3.07028e+01 1.47466e+05
3.60976e+00 3.07031e+01 1.47466e+05
3.60882e+00 3.07033e+01 1.47466e+05
3.60788e+00 3.07036e+01 1.47466e+05
3.60693e+00 3.07039e+01 1.47466e+05
3.60598e+00 3.07041e+01 1.47466e+05
3.60504e+00 3.07044e+01 1.47466e+05
3.60409e+00 3.07047e+01 1.47466e+05
3.60314e+00 3.07050e+01 1.47466e+05
3.60218e+00 3.07053e+01 1.47466e+05
3.60123e+00 3.07056e+01 1.47466e+05
3.60027e+00 3.07059e+01 1.47466e+05
3.59932e+00 3.07061e+01 1.47466e+05
3.59836e+00 3.07064e+01 1.47466e+05
3.59740e+00 3.07067e+01 1.47466e+05
3.59644e+00 3.07070e+01 1.47466e+05
3.59547e+00 3.07073e+01 1.47466e+05
3.59451e+00 3.07076e+01 1.47466e+05
3.59355e+00 3.07080e+01 1.47466e+05
3.59258e+00 3.07083e+01 1.47466e+05
3.59161e+00 3.07086e+01 1.47466e+05
3.59065e+00 3.07089e+01 1.47466e+05
3.58968e+00 3.07092e+01 1.47466e+05
3.58871e+00 3.07095e+01 1.47466e+05
3.58774e+00 3.07098e+01 1.47466e+05
3.58677e+00 3.07102e+01 1.47466e+05
3.58580e+00 3.07105e+01 1.47466e+05
3.58483e+00 3.07108e+01 1.47466e+05
3.58386e+00 3.07111e+01 1.47466e+05
3.58289e+00 3.07114e+01 1.47466e+05
3.58191e+00 3.07118e+01 1.47466e+05
3.58094e+00 3.07121e+01 1.47466e+05
3.57997e+00 3.07124e+01 1.47466e+05
3.57899e+00 3.07127e+01 1.47466e+05
3.57802e+00 3.07131e+01 1.47466e+05
3.57705e+00 3.07134e+01 1.47466e+05
3.57607e+00 3.07137e+01 1.47466e+05
3.57510e+00 3.07141e+01 1.47466e+05
3.57413e+00 3.07144e+01 1.47466e+05
3.57316e+00 3.07147e+01 1.47466e+05
3.57218e+00 3.07151e+01 1.47466e+05
3.57121e+00 3.07154e+01 1.47466e+05
3.57024e+00 3.07157e+01 1.47466e+05
3.56927e+00 3.07161e+01 1.47466e+05
3.56830e+00 3.07164e+01 1.47466e+05
3.56733e+00 3.07168e+01 1.47466e+05
3.56636e+00 3.07171e+01 1.47466e+05
3.56539e+00 3.07174e+01 1.47466e+05
3.56442e+00 3.07178e+01 1.47466e+05
3.56345e+00 3.07181e+01 1.47466e+05
3.56249e+00 3.07184e+01 1.47466e+05
3.56152e+00 3.07188e+01 1.47466e+05
3.56055e+00 3.07191e+01 1.47466e+05
3.55959e+00 3.07195e+01 1.47466e+05
3.55862e+00 3.07198e+01 1.47466e+05
3.55766e+00 3.07201e+01 1.47466e+05
3.55670e+00 3.07205e+01 1.47466e+05
3.55574e+00 3.07208e+01 1.47466e+05
3.55478e+00 3.07212e+01 1.47466e+05
3.55382e+00 3.07215e+01 1.47466e+05
3.55286e+00 3.07219e+01 1.47466e+05
3.55190e+00 3.07222e+01 1.47466e+05
3.55095e+00 3.07225e+01 1.47466e+05
3.55000e+00 3.07229e+01 1.47466e+05
3.54905e+00 3.07232e+01 1.47466e+05
3.54810e+00 3.07236e+01 1.47466e+05
3.54715e+00 3.07239e+01 1.47466e+05
3.54620e+00 3.07242e+01 1.47466e+05
3.54526e+00 3.07246e+01 1.47466e+05
3.54431e+00 3.07249e+01 1.47466e+05
3.54337e+00 3.07253e+01 1.47466e+05
3.54243e+00 3.07256e+01 1.47466e+05
3.54149e+00 3.07259e+01 1.47466e+05
3.54055e+00 3.07263e+01 1.47466e+05
3.53962e+00 3.07266e+01 1.47466e+05
3.53868e+00 3.07270e+01 1.47466e+05
3.53775e+00 3.07273e+01 1.47466e+05
3.53682e+00 3.07276e+01 1.47466e+05
3.53588e+00 3.07280e+01 1.47466e+05
3.53495e+00 3.07283e+01 1.47466e+05
3.53403e+00 3.07287e+01 1.47466e+05
3.53310e+00 3.07290e+01 1.47466e+05
3.53218e+00 3.07293e+01 1.47466e+05
3.53125e+00 3.07297e+01 1.47466e+05
3.53033e+00 3.07300e+01 1.47466e+05
3.52941e+00 3.07303e+01 1.47466e+05
3.52849e+00 3.07307e+01 1.47466e+05
3.52757e+00 3.07310e+01 1.47466e+05
3.52666e+00 3.07314e+01 1.47466e+05
3.52575e+00 3.07317e+01 1.47466e+05
3.52483e+00 3.07320e+01 1.47466e+05
3.52392e+00 3.07324e+01 1.47466e+05
3.52302e+00 3.07327e+01 1.47466e+05
3.52211e+00 3.07330e+01 1.47466e+05
3.52120e+00 3.07334e+01 1.47466e+05
3.52030e+00 3.07337e+01 1.47466e+05
3.51941e+00 3.07340e+01 1.47466e+05
3.51851e+00 3.07344e+01 1.47466e+05
3.51762e+00 3.07347e+01 1.47466e+05
3.51673e+00 3.07350e+01 1.47466e+05
3.51584e+00 3.07354e+01 1.47466e+05
3.51495e+00 3.07357e+01 1.47466e+05
3.51407e+00 3.07360e+01 1.47466e+05
3.51318e+00 3.07363e+01 1.47466e+05
3.51230e+00 3.07367e+01 1.47466e+05
3.51142e+00 3.07370e+01 1.47466e+05
3.51054e+00 3.07373e+01 1.47466e+05
3.50967e+00 3.07377e+01 1.47466e+05
3.50880e+00 3.07380e+01 1.47466e+05
3.50793e+00 3.07383e+01 1.47466e+05
3.50706e+00 3.07386e+01 1.47466e+05
3.50620e+00 3.07389e+01 1.47466e+05
3.50533e+00 3.07393e+01 1.47466e+05
3.50447e+00 3.07396e+01 1.47466e+05
3.50361e+00 3.07399e+01 1.47466e+05
3.50275e+00 3.07402e+01 1.47466e+05
3.50189e+00 3.07406e+01 1.47466e+05
3.50104e+00 3.07409e+01 1.47466e+05
3.50019e+00 3.07412e+01 1.47466e+05
3.49934e+00 3.07415e+01 1.47466e+05
3.49849e+00 3.07418e+01 1.47466e+05
3.49764e+00 3.07422e+01 1.47466e+05
3.49679e+00 3.07425e+01 1.47466e+05
3.49595e+00 3.07428e+01 1.47466e+05
3.49511e+00 3.07431e+01 1.47466e+05
3.49427e+00 3.07434e+01 1.47466e+05
3.49343e+00 3.07437e+01 1.47466e+05
3.49259e+00 3.07441e+01 1.47466e+05
3.49176e+00 3.07444e+01 1.47466e+05
3.49092e+00 3.07447e+01 1.47466e+05
3.49009e+00 3.07450e+01 1.47466e+05
3.48926e+00 3.07453e+01 1.47466e+05
3.48843e+00 3.07456e+01 1.47466e+05
3.48761e+00 3.07459e+01 1.47466e+05
3.48678e+00 3.07463e+01 1.47466e+05
3.48596e+00 3.07466e+01 1.47466e+05
3.48514e+00 3.07469e+01 1.47466e+05
3.48432e+00 3.07472e+01 1.47466e+05
3.48350e+00 3.07475e+01 1.47466e+05
3.48269e+00 3.07478e+01 1.47466e+05
3.48187e+00 3.07481e+01 1.47466e+05
3.48106e+00 3.07484e+01 1.47466e+05
3.48025e+00 3.07487e+01 1.47466e+05
3.47944e+00 3.07490e+01 1.47466e+05
3.47863e+00 3.07493e+01 1.47466e+05
3.47783e+00 3.07496e+01 1.47466e+05
3.47703e+00 3.07500e+01 1.47466e+05
3.47622e+00 3.07503e+01 1.47466e+05
3.47542e+00 3.07506e+01 1.47466e+05
3.47463e+00 3.07509e+01 1.47466e+05
3.47383e+00 3.07512e+01 1.47466e+05
3.47303e+00 3.07515e+01 1.47466e+05
3.47224e+00 3.07518e+01 1.47466e+05
3.47145e+00 3.07521e+01 1.47466e+05
3.47066e+00 3.07524e+01 1.47466e+05
3.46988e+00 3.07527e+01 1.47466e+05
3.46910e+00 3.07530e+01 1.47466e+05
3.46832e+00 3.07533e+01 1.47466e+05
3.46754e+00 3.07536e+01 1.47466e+05
3.46676e+00 3.07539e+01 1.47466e+05
3.46598e+00 3.07542e+01 1.47466e+05
3.46521e+00 3.07545e+01 1.47466e+05
3.46444e+00 3.07548e+01 1.47466e+05
3.46366e+00 3.07550e+01 1.47466e+05
3.46290e+00 3.07553e+01 1.47466e+05
3.46213e+00 3.07556e+01 1.47466e+05
3.46137e+00 3.07559e+01 1.47466e+05
3.46062e+00 3.07562e+01 1.47466e+05
3.45986e+00 3.07565e+01 1.47466e+05
3.45911e+00 3.07568e+01 1.47466e+05
3.45836e+00 3.07571e+01 1.47466e+05
3.45760e+00 3.07574e+01 1.48420e+05
3.45685e+00 3.07577e+01 1.48420e+05
3.45608e+00 3.07580e+01 1.48420e+05
3.45532e+00 3.07582e+01 1.48420e+05
3.45456e+00 3.07585e+01 1.48420e+05
3.45380e+00 3.07588e+01 1.48420e+05
3.45304e+00 3.07591e+01 1.48420e+05
3.45228e+00 3.07594e+01 1.48420e+05
3.45153e+00 3.07597e+01 1.48420e+05
3.45077e+00 3.07600e+01 1.48420e+05
3.45002e+00 3.07603e+01 1.48420e+05
3.44927e+00 3.07606e+01 1.48420e+05
3.44852e+00 3.07608e+01 1.48420e+05
3.44777e+00 3.07611e+01 1.48420e+05
3.44702e+00 3.07614e+01 1.48420e+05
3.44627e+00 3.07617e+01 1.48420e+05
3.44553e+00 3.07620e+01 1.48420e+05
3.44478e+00 3.07623e+01 1.48420e+05
3.44404e+00 3.07626e+01 1.48420e+05
3.44330e+00 3.07628e+01 1.48420e+05
3.44256e+00 3.07631e+01 1.48420e+05
3.44182e+00 3.07634e+01 1.48420e+05
3.44108e+00 3.07637e+01 1.48420e+05
3.44035e+00 3.07640e+01 1.48420e+05
3.43961e+00 3.07643e+01 1.48420e+05
3.43888e+00 3.07645e+01 1.48420e+05
3.43815e+00 3.07648e+01 1.48420e+05
3.43742e+00 3.07651e+01 1.48420e+05
3.43669e+00 3.07654e+01 1.48420e+05
3.43596e+00 3.07657e+01 1.48420e+05
3.43524e+00 3.07659e+01 1.48420e+05
3.43451e+00 3.07662e+01 1.48420e+05
3.43379e+00 3.07665e+01 1.48420e+05
3.43307e+00 3.07668e+01 1.48420e+05
3.43235e+00 3.07671e+01 1.48420e+05
3.43163e+00 3.07673e+01 1.48420e+05
3.43091e+00 3.07676e+01 1.48420e+05
3.43019e+00 3.07679e+01 1.48420e+05
3.42948e+00 3.07682e+01 1.48420e+05
3.42877e+00 3.07684e+01 1.48420e+05
3.42806e+00 3.07687e+01 1.47943e+05
3.42735e+00 3.07690e+01 1.47943e+05
3.50498e+00 3.07859e+01 1.47943e+05
3.43866e+00 3.07828e+01 1.47943e+05
3.42233e+00 3.07813e+01 1.47943e+05
3.41577e+00 3.07805e+01 1.47943e+05
3.41222e+00 3.07801e+01 1.47943e+05
3.40990e+00 3.07798e+01 1.47943e+05
3.40822e+00 3.07798e+01 1.47943e+05
3.40689e+00 3.07798e+01 1.47943e+05
3.40577e+00 3.07798e+01 1.47943e+05
3.40476e+00 3.07799e+01 1.47943e+05
3.40384e+00 3.07801e+01 1.47943e+05
3.40296e+00 3.07803e+01 1.47943e+05
3.40211e+00 3.07805e+01 1.47943e+05
3.40128e+00 3.07807e+01 1.47943e+05
3.40046e+00 3.07810e+01 1.47943e+05
3.39965e+00 3.07812e+01 1.47943e+05
3.39884e+00 3.07815e+01 1.47943e+05
3.39804e+00 3.07818e+01 1.47943e+05
3.39724e+00 3.07820e+01 1.47466e+05
3.39644e+00 3.07823e+01 1.47466e+05
3.42112e+00 3.07899e+01 1.47466e+05
3.39628e+00 3.07894e+01 1.47466e+05
3.38906e+00 3.07894e+01 1.47466e+05
3.38561e+00 3.07895e+01 1.47466e+05
3.38350e+00 3.07896e+01 1.47466e+05
3.38199e+00 3.07898e+01 1.47466e+05
3.38077e+00 3.07900e+01 1.47466e+05
3.37972e+00 3.07902e+01 1.47466e+05
3.37876e+00 3.07905e+01 1.47466e+05
3.37788e+00 3.07907e+01 1.47466e+05
3.37704e+00 3.07910e+01 1.47466e+05
3.37621e+00 3.07913e+01 1.47466e+05
3.37539e+00 3.07915e+01 1.47466e+05
3.37458e+00 3.07918e+01 1.47466e+05
3.37377e+00 3.07921e+01 1.47466e+05
3.37296e+00 3.07924e+01 1.47466e+05
3.37215e+00 3.07927e+01 1.47466e+05
3.37134e+00 3.07930e+01 1.47466e+05
3.37053e+00 3.07933e+01 1.47466e+05
3.36973e+00 3.07936e+01 1.47466e+05
3.36893e+00 3.07939e+01 1.47466e+05
3.36812e+00 3.07942e+01 1.47466e+05
3.36733e+00 3.07946e+01 1.47466e+05
3.36653e+00 3.07949e+01 1.47466e+05
3.36574e+00 3.07952e+01 1.47466e+05
3.36495e+00 3.07955e+01 1.47466e+05
3.36416e+00 3.07958e+01 1.47466e+05
3.36338e+00 3.07961e+01 1.47466e+05
3.36261e+00 3.07964e+01 1.47466e+05
3.36184e+00 3.07967e+01 1.47466e+05
3.36107e+00 3.07970e+01 1.47466e+05
3.36030e+00 3.07973e+01 1.47466e+05
3.35954e+00 3.07976e+01 1.47466e+05
3.35879e+00 3.07979e+01 1.47466e+05
3.35803e+00 3.07982e+01 1.47466e+05
3.35729e+00 3.07985e+01 1.47466e+05
3.35654e+00 3.07988e+01 1.47466e+05
3.35580e+00 3.07990e+01 1.47466e+05
3.35506e+00 3.07993e+01 1.47466e+05
3.35433e+00 3.07996e+01 1.47466e+05
3.35359e+00 3.07999e+01 1.47466e+05
3.35287e+00 3.08002e+01 1.47466e+05
3.35214e+00 3.08005e+01 1.47466e+05
3.35142e+00 3.08008e+01 1.47466e+05
3.35071e+00 3.08010e+01 1.47466e+05
3.34999e+00 3.08013e+01 1.47466e+05
3.34929e+00 3.08016e+01 1.47466e+05
3.34858e+00 3.08019e+01 1.47466e+05
3.34788e+00 3.08022e+01 1.47466e+05
3.34719e+00 3.08024e+01 1.47466e+05
3.34651e+00 3.08027e+01 1.47466e+05
3.34583e+00 3.08030e+01 1.47466e+05
3.34516e+00 3.08032e+01 1.47466e+05
3.34449e+00 3.08035e+01 1.47466e+05
3.34383e+00 3.08038e+01 1.47466e+05
3.34317e+00 3.08040e+01 1.47466e+05
3.34251e+00 3.08043e+01 1.47466e+05
3.34185e+00 3.08046e+01 1.47466e+05
3.34119e+00 3.08048e+01 1.47466e+05
3.34053e+00 3.08051e+01 1.47466e+05
3.33988e+00 3.08054e+01 1.47466e+05
3.33923e+00 3.08056e+01 1.47466e+05
3.33858e+00 3.08059e+01 1.47466e+05
3.33793e+00 3.08061e+01 1.47466e+05
3.33729e+00 3.08064e+01 1.47466e+05
3.33665e+00 3.08066e+01 1.47466e+05
3.33601e+00 3.08069e+01 1.47466e+05
3.33537e+00 3.08072e+01 1.47466e+05
3.33474e+00 3.08074e+01 1.47466e+05
3.33411e+00 3.08077e+01 1.47466e+05
3.33348e+00 3.08079e+01 1.47466e+05
3.33286e+00 3.08082e+01 1.47466e+05
3.33224e+00 3.08084e+01 1.47466e+05
3.33162e+00 3.08087e+01 1.47466e+05
3.33100e+00 3.08089e+01 1.47466e+05
3.33039e+00 3.08092e+01 1.47466e+05
3.32978e+00 3.08094e+01 1.47466e+05
3.32918e+00 3.08096e+01 1.47466e+05
3.32858e+00 3.08099e+01 1.47466e+05
3.32797e+00 3.08101e+01 1.47466e+05
3.32738e+00 3.08104e+01 1.47466e+05
3.32678e+00 3.08106e+01 1.47466e+05
3.32618e+00 3.08108e+01 1.47466e+05
3.32559e+00 3.08111e+01 1.47466e+05
3.32500e+00 3.08113e+01 1.47466e+05
3.32441e+00 3.08116e+01 1.47466e+05
3.32383e+00 3.08118e+01 1.47466e+05
3.32325e+00 3.08120e+01 1.47466e+05
3.32267e+00 3.08123e+01 1.47466e+05
3.32209e+00 3.08125e+01 1.47466e+05
3.32152e+00 3.08127e+01 1.47466e+05
3.32095e+00 3.08130e+01 1.47466e+05
3.32038e+00 3.08132e+01 1.47466e+05
3.31981e+00 3.08134e+01 1.47466e+05
3.31924e+00 3.08136e+01 1.47466e+05
3.31868e+00 3.08139e+01 1.47466e+05
3.31811e+00 3.08141e+01 1.47466e+05
3.31755e+00 3.08143e+01 1.47466e+05
3.31699e+00 3.08145e+01 1.47466e+05
3.31644e+00 3.08148e+01 1.47466e+05
3.31588e+00 3.08150e+01 1.47466e+05
3.31533e+00 3.08152e+01 1.47466e+05
3.31478e+00 3.08154e+01 1.47466e+05
3.31423e+00 3.08157e+01 1.47466e+05
3.31368e+00 3.08159e+01 1.47466e+05
3.31313e+00 3.08161e+01 1.47466e+05
3.31259e+00 3.08163e+01 1.47466e+05
3.31205e+00 3.08165e+01 1.47466e+05
3.31150e+00 3.08168e+01 1.47466e+05
3.31096e+00 3.08170e+01 1.47466e+05
3.31043e+00 3.08172e+01 1.47466e+05
3.30989e+00 3.08174e+01 1.47466e+05
3.30935e+00 3.08176e+01 1.47466e+05
3.30882e+00 3.08178e+01 1.47466e+05
3.30829e+00 3.08181e+01 1.47466e+05
3.30776e+00 3.08183e+01 1.47466e+05
3.30723e+00 3.08185e+01 1.47466e+05
3.30670e+00 3.08187e+01 1.47466e+05
3.30618e+00 3.08189e+01 1.47466e+05
3.30565e+00 3.08191e+01 1.47466e+05
3.30513e+00 3.08193e+01 1.47466e+05
3.30460e+00 3.08196e+01 1.47466e+05
3.30408e+00 3.08198e+01 1.47466e+05
3.30356e+00 3.08200e+01 1.47466e+05
3.30304e+00 3.08202e+01 1.47466e+05
3.30252e+00 3.08204e+01 1.47466e+05
3.30200e+00 3.08206e+01 1.47466e+05
3.30149e+00 3.08208e+01 1.47466e+05
3.30097e+00 3.08210e+01 1.47466e+05
3.30046e+00 3.08212e+01 1.47466e+05
3.29995e+00 3.08215e+01 1.47466e+05
3.29944e+00 3.08217e+01 1.47466e+05
3.29893e+00 3.08219e+01 1.47466e+05
3.29842e+00 3.08221e+01 1.47466e+05
3.29791e+00 3.08223e+01 1.47466e+05
3.29741e+00 3.08225e+01 1.47466e+05
3.29690e+00 3.08227e+01 1.47466e+05
3.29640e+00 3.08229e+01 1.47466e+05
3.29590e+00 3.08231e+01 1.47466e+05
3.29540e+00 3.08233e+01 1.47466e+05
3.29490e+00 3.08235e+01 1.47466e+05
3.29440e+00 3.08237e+01 1.47466e+05
3.29390e+00 3.08239e+01 1.47466e+05
3.29341e+00 3.08241e+01 1.47466e+05
3.29292e+00 3.08243e+01 1.47466e+05
3.29243e+00 3.08245e+01 1.47466e+05
3.29195e+00 3.08247e+01 1.47466e+05
3.29146e+00 3.08249e+01 1.47466e+05
3.29098e+00 3.08251e+01 1.47466e+05
3.29050e+00 3.08253e+01 1.47466e+05
3.29001e+00 3.08255e+01 1.47466e+05
3.28953e+00 3.08257e+01 1.47466e+05
3.28905e+00 3.08259e+01 1.47466e+05
3.28857e+00 3.08261e+01 1.47466e+05
3.28808e+00 3.08263e+01 1.47466e+05
3.28760e+00 3.08265e+01 1.47466e+05
3.28711e+00 3.08267e+01 1.47466e+05
3.28662e+00 3.08269e+01 1.47466e+05
3.28614e+00 3.08271e+01 1.47466e+05
3.28566e+00 3.08273e+01 1.47466e+05
3.28518e+00 3.08275e+01 1.47466e+05
3.28469e+00 3.08277e+01 1.47466e+05
3.28421e+00 3.08279e+01 1.47466e+05
3.28374e+00 3.08281e+01 1.47466e+05
3.28326e+00 3.08283e+01 1.47466e+05
3.28278e+00 3.08285e+01 1.47466e+05
3.28231e+00 3.08287e+01 1.47466e+05
3.28183e+00 3.08289e+01 1.47466e+05
3.28136e+00 3.08291e+01 1.47466e+05
3.28089e+00 3.08293e+01 1.47466e+05
3.28042e+00 3.08294e+01 1.47466e+05
3.27995e+00 3.08296e+01 1.47466e+05
3.27948e+00 3.08298e+01 1.47466e+05
3.27901e+00 3.08300e+01 1.47466e+05
3.27854e+00 3.08302e+01 1.47466e+05
3.27808e+00 3.08304e+01 1.47466e+05
3.27761e+00 3.08306e+01 1.47466e+05
3.27715e+00 3.08308e+01 1.47466e+05
3.27669e+00 3.08310e+01 1.47466e+05
3.27623e+00 3.08312e+01 1.47466e+05
3.27577e+00 3.08314e+01 1.47466e+05
3.27531e+00 3.08315e+01 1.47466e+05
3.27485e+00 3.08317e+01 1.47466e+05
3.27439e+00 3.08319e+01 1.47466e+05
3.27393e+00 3.08321e+01 1.47466e+05
3.27348e+00 3.08323e+01 1.47466e+05
3.27302e+00 3.08325e+01 1.47466e+05
3.27257e+00 3.08327e+01 1.47466e+05
3.27212e+00 3.08329e+01 1.47466e+05
3.27167e+00 3.08330e+01 1.47466e+05
3.27121e+00 3.08332e+01 1.47466e+05
3.27077e+00 3.08334e+01 1.47466e+05
3.27032e+00 3.08336e+01 1.47466e+05
3.26988e+00 3.08338e+01 1.47466e+05
3.26944e+00 3.08340e+01 1.47466e+05
3.26900e+00 3.08341e+01 1.47466e+05
3.26856e+00 3.08343e+01 1.47466e+05
3.26812e+00 3.08345e+01 1.47466e+05
3.26768e+00 3.08347e+01 1.47466e+05
3.26724e+00 3.08349e+01 1.47466e+05
3.26680e+00 3.08350e+01 1.47466e+05
3.26637e+00 3.08352e+01 1.47466e+05
3.26593e+00 3.08354e+01 1.47466e+05
3.26550e+00 3.08356e+01 1.47466e+05
3.26506e+00 3.08358e+01 1.47466e+05
3.26463e+00 3.08359e+01 1.47466e+05
3.26420e+00 3.08361e+01 1.47466e+05
3.26377e+00 3.08363e+01 1.47466e+05
3.26334e+00 3.08365e+01 1.47466e+05
3.26291e+00 3.08366e+01 1.47466e+05
3.26249e+00 3.08368e+01 1.47466e+05
3.26207e+00 3.08370e+01 1.47466e+05
3.26164e+00 3.08372e+01 1.47466e+05
3.26122e+00 3.08373e+01 1.47466e+05
3.26080e+00 3.08375e+01 1.47466e+05
3.26038e+00 3.08377e+01 1.47466e+05
3.25996e+00 3.08378e+01 1.47466e+05
3.25954e+00 3.08380e+01 1.47466e+05
3.25913e+00 3.08382e+01 1.47466e+05
3.25871e+00 3.08384e+01 1.47466e+05
3.25829e+00 3.08385e+01 1.47466e+05
3.25788e+00 3.08387e+01 1.47466e+05
3.25746e+00 3.08389e+01 1.47466e+05
3.25705e+00 3.08390e+01 1.47466e+05
3.25664e+00 3.08392e+01 1.47466e+05
3.25623e+00 3.08394e+01 1.47466e+05
3.25582e+00 3.08395e+01 1.47466e+05
3.25541e+00 3.08397e+01 1.47466e+05
3.25500e+00 3.08399e+01 1.47466e+05
3.25459e+00 3.08400e+01 1.47466e+05
3.25419e+00 3.08402e+01 1.47466e+05
3.25379e+00 3.08404e+01 1.47466e+05
3.25338e+00 3.08405e+01 1.47466e+05
3.25298e+00 3.08407e+01 1.47466e+05
3.25258e+00 3.08409e+01 1.47466e+05
3.25218e+00 3.08410e+01 1.47466e+05
3.25178e+00 3.08412e+01 1.47466e+05
3.25139e+00 3.08413e+01 1.47466e+05
3.25099e+00 3.08415e+01 1.47466e+05
3.25059e+00 3.08417e+01 1.47466e+05
3.25019e+00 3.08418e+01 1.47466e+05
3.24980e+00 3.08420e+01 1.47466e+05
3.24940e+00 3.08422e+01 1.47466e+05
3.24901e+00 3.08423e+01 1.47466e+05
3.24861e+00 3.08425e+01 1.47466e+05
3.24822e+00 3.08426e+01 1.47466e+05
3.24783e+00 3.08428e+01 1.47466e+05
3.24744e+00 3.08430e+01 1.47466e+05
3.24705e+00 3.08431e+01 1.47466e+05
3.24666e+00 3.08433e+01 1.47466e+05
3.24627e+00 3.08434e+01 1.47466e+05
3.24588e+00 3.08436e+01 1.47466e+05
3.24549e+00 3.08437e+01 1.47466e+05
3.24510e+00 3.08439e+01 1.47466e+05
3.24471e+00 3.08441e+01 1.47466e+05
3.24433e+00 3.08442e+01 1.47466e+05
3.24394e+00 3.08444e+01 1.47466e+05
3.24356e+00 3.08445e+01 1.47466e+05
3.24317e+00 3.08447e+01 1.47466e+05
3.24279e+00 3.08448e+01 1.47466e+05
3.24240e+00 3.08450e+01 1.47466e+05
3.24202e+00 3.08452e+01 1.47466e+05
3.24164e+00 3.08453e+01 1.47466e+05
3.24126e+00 3.08455e+01 1.47466e+05
3.24088e+00 3.08456e+01 1.47466e+05
3.24050e+00 3.08458e+01 1.47466e+05
3.24012e+00 3.08459e+01 1.47466e+05
3.23974e+00 3.08461e+01 1.47466e+05
3.23936e+00 3.08462e+01 1.47466e+05
3.23898e+00 3.08464e+01 1.47466e+05
3.23861e+00 3.08465e+01 1.47466e+05
3.23823e+00 3.08467e+01 1.47466e+05
3.23785e+00 3.08468e+01 1.47466e+05
3.23748e+00 3.08470e+01 1.47466e+05
3.23710e+00 3.08471e+01 1.47466e+05
3.23673e+00 3.08473e+01 1.47466e+05
3.23636e+00 3.08474e+01 1.47466e+05
3.23598e+00 3.08476e+01 1.47466e+05
3.23561e+00 3.08478e+01 1.47466e+05
3.23524e+00 3.08479e+01 1.47466e+05
3.23487e+00 3.08481e+01 1.47466e+05
3.23450e+00 3.08482e+01 1.47466e+05
3.23413e+00 3.08484e+01 1.47466e+05
3.23376e+00 3.08485e+01 1.47466e+05
3.23339e+00 3.08487e+01 1.47466e+05
3.23302e+00 3.08488e+01 1.47466e+05
3.23265e+00 3.08489e+01 1.47466e+05
3.23229e+00 3.08491e+01 1.47466e+05
3.23192e+00 3.08492e+01 1.47466e+05
3.23156e+00 3.08494e+01 1.47466e+05
3.23119e+00 3.08495e+01 1.47466e+05
3.23083e+00 3.08497e+01 1.47466e+05
3.23046e+00 3.08498e+01 1.47466e+05
3.23010e+00 3.08500e+01 1.47466e+05
3.22974e+00 3.08501e+01 1.47466e+05
3.22937e+00 3.08503e+01 1.47466e+05
3.22901e+00 3.08504e+01 1.47466e+05
3.22865e+00 3.08506e+01 1.47466e+05
3.22829e+00 3.08507e+01 1.47466e+05
3.22793e+00 3.08509e+01 1.47466e+05
3.22757e+00 3.08510e+01 1.47466e+05
3.22721e+00 3.08512e+01 1.47466e+05
3.22685e+00 3.08513e+01 1.47466e+05
3.22649e+00 3.08514e+01 1.47466e+05
3.22614e+00 3.08516e+01 1.47466e+05
3.22578e+00 3.08517e+01 1.47466e+05
3.22542e+00 3.08519e+01 1.47466e+05
3.22507e+00 3.08520e+01 1.47466e+05
3.22471e+00 3.08522e+01 1.47466e+05
3.22436e+00 3.08523e+01 1.47466e+05
3.22400e+00 3.08524e+01 1.47466e+05
3.22365e+00 3.08526e+01 1.47466e+05
3.22330e+00 3.08527e+01 1.47466e+05
3.22294e+00 3.08529e+01 1.47466e+05
3.22259e+00 3.08530e+01 1.47466e+05
3.22224e+00 3.08532e+01 1.47466e+05
3.22189e+00 3.08533e+01 1.47466e+05
3.22154e+00 3.08534e+01 1.47466e+05
3.22119e+00 3.08536e+01 1.47466e+05
3.22084e+00 3.08537e+01 1.47466e+05
3.22049e+00 3.08539e+01 1.47466e+05
3.22014e+00 3.08540e+01 1.47466e+05
3.21979e+00 3.08541e+01 1.47466e+05
3.21945e+00 3.08543e+01 1.47466e+05
3.21910e+00 3.08544e+01 1.47466e+05
3.21875e+00 3.08546e+01 1.47466e+05
3.21841e+00 3.08547e+01 1.47466e+05
3.21806e+00 3.08548e+01 1.47466e+05
3.21772e+00 3.08550e+01 1.47466e+05
3.21737e+00 3.08551e+01 1.47466e+05
3.21703e+00 3.08553e+01 1.47466e+05
3.21669e+00 3.08554e+01 1.47466e+05
3.21634e+00 3.08555e+01 1.47466e+05
3.21600e+00 3.08557e+01 1.47466e+05
3.21566e+00 3.08558e+01 1.47466e+05
3.21532e+00 3.08559e+01 1.47466e+05
3.21498e+00 3.08561e+01 1.47466e+05
3.21464e+00 3.08562e+01 1.47466e+05
3.21430e+00 3.08564e+01 1.47466e+05
3.21396e+00 3.08565e+01 1.47466e+05
3.21362e+00 3.08566e+01 1.47466e+05
3.21328e+00 3.08568e+01 1.47466e+05
3.21295e+00 3.08569e+01 1.47466e+05
3.21261e+00 3.08570e+01 1.47466e+05
3.21227e+00 3.08572e+01 1.47466e+05
3.21194e+00 3.08573e+01 1.47466e+05
3.21160e+00 3.08574e+01 1.47466e+05
3.21127e+00 3.08576e+01 1.47466e+05
3.21093e+00 3.08577e+01 1.47466e+05
3.21060e+00 3.08578e+01 1.47466e+05
3.21026e+00 3.08580e+01 1.47466e+05
3.20993e+00 3.08581e+01 1.47466e+05
3.20960e+00 3.08582e+01 1.47466e+05
3.20927e+00 3.08584e+01 1.47466e+05
3.20893e+00 3.08585e+01 1.47466e+05
3.20860e+00 3.08586e+01 1.47466e+05
3.20827e+00 3.08588e+01 1.47466e+05
3.20794e+00 3.08589e+01 1.47466e+05
3.20761e+00 3.08590e+01 1.47943e+05
3.20728e+00 3.08592e+01 1.47943e+05
3.20696e+00 3.08593e+01 1.47943e+05
3.20664e+00 3.08594e+01 1.47943e+05
3.20631e+00 3.08596e+01 1.47943e+05
3.20598e+00 3.08597e+01 1.47943e+05
3.20566e+00 3.08598e+01 1.47943e+05
3.20533e+00 3.08600e+01 1.47943e+05
3.20501e+00 3.08601e+01 1.47943e+05
3.20468e+00 3.08602e+01 1.47943e+05
3.20435e+00 3.08604e+01 1.47943e+05
3.20403e+00 3.08605e+01 1.47943e+05
3.20371e+00 3.08606e+01 1.47943e+05
3.20338e+00 3.08607e+01 1.47943e+05
3.20306e+00 3.08609e+01 1.47943e+05
3.20273e+00 3.08610e+01 1.47943e+05
3.20241e+00 3.08611e+01 1.47943e+05
3.20209e+00 3.08613e+01 1.47943e+05
3.20177e+00 3.08614e+01 1.47943e+05
3.20145e+00 3.08615e+01 1.47943e+05
3.20112e+00 3.08617e+01 1.48420e+05
3.20080e+00 3.08618e+01 1.48420e+05
3.20046e+00 3.08619e+01 1.48420e+05
3.20011e+00 3.08621e+01 1.48420e+05
3.19976e+00 3.08622e+01 1.48420e+05
3.19942e+00 3.08623e+01 1.48420e+05
3.19907e+00 3.08625e+01 1.48420e+05
3.19873e+00 3.08626e+01 1.48420e+05
3.19838e+00 3.08628e+01 1.48420e+05
3.19804e+00 3.08629e+01 1.48420e+05
3.19770e+00 3.08630e+01 1.48420e+05
3.19736e+00 3.08632e+01 1.48420e+05
3.19701e+00 3.08633e+01 1.48420e+05
3.19667e+00 3.08635e+01 1.48420e+05
3.19633e+00 3.08636e+01 1.48420e+05
3.19600e+00 3.08637e+01 1.48420e+05
3.19566e+00 3.08639e+01 1.48420e+05
3.19532e+00 3.08640e+01 1.48420e+05
3.19498e+00 3.08642e+01 1.48420e+05
3.19465e+00 3.08643e+01 1.48420e+05
3.19431e+00 3.08644e+01 1.49375e+05
3.19398e+00 3.08646e+01 1.49375e+05
3.19363e+00 3.08647e+01 1.49375e+05
3.19328e+00 3.08648e+01 1.49375e+05
3.19294e+00 3.08650e+01 1.49375e+05
3.19259e+00 3.08651e+01 1.49375e+05
3.19224e+00 3.08653e+01 1.49375e+05
3.19190e+00 3.08654e+01 1.49375e+05
3.19155e+00 3.08655e+01 1.49375e+05
3.19121e+00 3.08657e+01 1.49375e+05
3.19087e+00 3.08658e+01 1.49375e+05
3.19054e+00 3.08660e+01 1.49375e+05
3.19020e+00 3.08661e+01 1.49375e+05
3.18986e+00 3.08662e+01 1.49375e+05
3.18952e+00 3.08664e+01 1.49375e+05
3.18919e+00 3.08665e+01 1.49375e+05
3.18885e+00 3.08666e+01 1.49375e+05
3.18851e+00 3.08668e+01 1.49375e+05
3.18818e+00 3.08669e+01 1.49375e+05
3.18785e+00 3.08671e+01 1.49375e+05
3.18751e+00 3.08672e+01 1.49375e+05
3.18718e+00 3.08673e+01 1.49375e+05
3.18685e+00 3.08675e+01 1.49375e+05
3.18652e+00 3.08676e+01 1.49375e+05
3.18619e+00 3.08677e+01 1.49375e+05
3.18586e+00 3.08679e+01 1.49375e+05
3.18553e+00 3.08680e+01 1.49375e+05
3.18520e+00 3.08681e+01 1.49375e+05
3.18488e+00 3.08683e+01 1.49375e+05
3.18455e+00 3.08684e+01 1.49375e+05
3.18422e+00 3.08685e+01 1.49375e+05
3.18390e+00 3.08686e+01 1.49375e+05
3.18357e+00 3.08688e+01 1.49375e+05
3.18325e+00 3.08689e+01 1.49375e+05
3.18292e+00 3.08690e+01 1.49375e+05
3.18260e+00 3.08692e+01 1.49375e+05
3.18228e+00 3.08693e+01 1.49375e+05
3.18196e+00 3.08694e+01 1.49375e+05
3.18163e+00 3.08696e+01 1.49375e+05
3.18131e+00 3.08697e+01 1.49375e+05
3.18100e+00 3.08698e+01 1.49375e+05
3.18068e+00 3.08699e+01 1.49375e+05
3.18036e+00 3.08701e+01 1.49375e+05
3.18005e+00 3.08702e+01 1.49375e+05
3.17973e+00 3.08703e+01 1.49375e+05
3.17941e+00 3.08705e+01 1.49375e+05
3.17910e+00 3.08706e+01 1.49375e+05
3.17878e+00 3.08707e+01 1.49375e+05
3.17847e+00 3.08708e+01 1.49375e+05
3.17816e+00 3.08710e+01 1.49375e+05
3.17784e+00 3.08711e+01 1.49375e+05
3.17753e+00 3.08712e+01 1.49375e+05
3.17722e+00 3.08713e+01 1.49375e+05
3.17691e+00 3.08715e+01 1.49375e+05
3.17660e+00 3.08716e+01 1.49375e+05
3.17629e+00 3.08717e+01 1.49375e+05
3.17598e+00 3.08718e+01 1.49375e+05
3.17567e+00 3.08720e+01 1.49375e+05
3.17536e+00 3.08721e+01 1.49375e+05
3.17505e+00 3.08722e+01 1.49375e+05
3.17474e+00 3.08723e+01 1.49375e+05
3.17443e+00 3.08725e+01 1.49375e+05
3.17412e+00 3.08726e+01 1.49375e+05
3.17382e+00 3.08727e+01 1.49375e+05
3.17351e+00 3.08728e+01 1.49375e+05
3.17320e+00 3.08730e+01 1.49375e+05
3.17290e+00 3.08731e+01 1.49375e+05
3.17259e+00 3.08732e+01 1.49375e+05
3.17229e+00 3.08733e+01 1.49375e+05
3.17198e+00 3.08734e+01 1.49375e+05
3.17168e+00 3.08736e+01 1.49375e+05
3.17138e+00 3.08737e+01 1.49375e+05
3.17107e+00 3.08738e+01 1.49375e+05
3.17077e+00 3.08739e+01 1.49375e+05
3.17046e+00 3.08741e+01 1.49375e+05
3.17016e+00 3.08742e+01 1.49375e+05
3.16986e+00 3.08743e+01 1.49375e+05
3.16956e+00 3.08744e+01 1.49375e+05
3.16925e+00 3.08745e+01 1.49375e+05
3.16895e+00 3.08747e+01 1.49375e+05
3.16865e+00 3.08748e+01 1.49375e+05
3.16835e+00 3.08749e+01 1.49375e+05
3.16805e+00 3.08750e+01 1.49375e+05
3.16775e+00 3.08751e+01 1.49375e+05
3.16745e+00 3.08753e+01 1.49375e+05
3.16716e+00 3.08754e+01 1.49375e+05
3.16686e+00 3.08755e+01 1.49375e+05
3.16657e+00 3.08756e+01 1.49375e+05
3.16627e+00 3.08757e+01 1.49375e+05
3.16598e+00 3.08759e+01 1.49375e+05
3.16568e+00 3.08760e+01 1.49375e+05
3.16539e+00 3.08761e+01 1.49375e+05
3.16510e+00 3.08762e+01 1.49375e+05
3.16480e+00 3.08763e+01 1.49375e+05
3.16451e+00 3.08764e+01 1.49375e+05
3.16422e+00 3.08766e+01 1.49375e+05
3.16393e+00 3.08767e+01 1.49375e+05
3.16364e+00 3.08768e+01 1.49375e+05
3.16334e+00 3.08769e+01 1.49375e+05
3.16305e+00 3.08770e+01 1.49375e+05
3.16276e+00 3.08771e+01 1.49375e+05
3.16248e+00 3.08772e+01 1.49375e+05
3.16219e+00 3.08774e+01 1.49375e+05
3.16190e+00 3.08775e+01 1.49375e+05
3.16161e+00 3.08776e+01 1.49375e+05
3.16132e+00 3.08777e+01 1.49375e+05
3.16104e+00 3.08778e+01 1.49375e+05
3.16075e+00 3.08779e+01 1.49375e+05
3.16046e+00 3.08780e+01 1.49375e+05
3.16018e+00 3.08782e+01 1.49375e+05
3.15989e+00 3.08783e+01 1.49375e+05
3.15960e+00 3.08784e+01 1.49375e+05
3.15932e+00 3.08785e+01 1.49375e+05
3.15904e+00 3.08786e+01 1.49375e+05
3.15875e+00 3.08787e+01 1.49375e+05
3.15847e+00 3.08788e+01 1.49375e+05
3.15818e+00 3.08789e+01 1.49375e+05
3.15790e+00 3.08791e+01 1.49375e+05
3.15762e+00 3.08792e+01 1.49375e+05
3.15734e+00 3.08793e+01 1.49375e+05
3.15706e+00 3.08794e+01 1.49375e+05
3.15677e+00 3.08795e+01 1.49375e+05
3.15649e+00 3.08796e+01 1.49375e+05
3.15621e+00 3.08797e+01 1.49375e+05
3.15593e+00 3.08798e+01 1.49375e+05
3.15565e+00 3.08800e+01 1.49375e+05
3.15537e+00 3.08801e+01 1.49375e+05
3.15509e+00 3.08802e+01 1.49375e+05
3.15481e+00 3.08803e+01 1.49375e+05
3.15454e+00 3.08804e+01 1.49375e+05
3.15426e+00 3.08805e+01 1.49375e+05
3.15398e+00 3.08806e+01 1.49375e+05
3.15370e+00 3.08807e+01 1.49375e+05
3.15343e+00 3.08808e+01 1.49375e+05
3.15315e+00 3.08809e+01 1.49375e+05
3.15287e+00 3.08810e+01 1.49375e+05
3.15260e+00 3.08812e+01 1.49375e+05
3.15232e+00 3.08813e+01 1.49375e+05
3.15205e+00 3.08814e+01 1.49375e+05
3.15177e+00 3.08815e+01 1.49375e+05
3.15150e+00 3.08816e+01 1.49375e+05
3.15122e+00 3.08817e+01 1.49375e+05
3.15095e+00 3.08818e+01 1.49375e+05
3.15068e+00 3.08819e+01 1.49375e+05
3.15040e+00 3.08820e+01 1.49375e+05
3.15013e+00 3.08821e+01 1.49375e+05
3.14986e+00 3.08822e+01 1.49375e+05
3.14959e+00 3.08823e+01 1.49375e+05
3.14931e+00 3.08825e+01 1.49375e+05
3.14904e+00 3.08826e+01 1.49375e+05
3.14877e+00 3.08827e+01 1.49375e+05
3.14850e+00 3.08828e+01 1.49375e+05
3.14823e+00 3.08829e+01 1.49375e+05
3.14796e+00 3.08830e+01 1.49375e+05
3.14769e+00 3.08831e+01 1.49375e+05
3.14742e+00 3.08832e+01 1.49375e+05
3.14715e+00 3.08833e+01 1.49375e+05
3.14688e+00 3.08834e+01 1.49375e+05
3.14662e+00 3.08835e+01 1.49375e+05
3.14635e+00 3.08836e+01 1.49375e+05
3.14608e+00 3.08837e+01 1.49375e+05
3.14581e+00 3.08838e+01 1.49375e+05
3.14555e+00 3.08839e+01 1.49375e+05
3.14528e+00 3.08840e+01 1.49375e+05
3.14501e+00 3.08841e+01 1.49375e+05
3.14475e+00 3.08842e+01 1.49375e+05
3.14448e+00 3.08844e+01 1.49375e+05
3.14421e+00 3.08845e+01 1.49375e+05
3.14395e+00 3.08846e+01 1.49375e+05
3.14369e+00 3.08847e+01 1.49375e+05
3.14342e+00 3.08848e+01 1.49375e+05
3.14316e+00 3.08849e+01 1.49375e+05
3.14289e+00 3.08850e+01 1.49375e+05
3.14263e+00 3.08851e+01 1.49375e+05
3.14237e+00 3.08852e+01 1.49375e+05
3.14210e+00 3.08853e+01 1.49375e+05
3.14184e+00 3.08854e+01 1.49375e+05
3.14158e+00 3.08855e+01 1.49375e+05
3.14132e+00 3.08856e+01 1.49375e+05
3.14105e+00 3.08857e+01 1.49375e+05
3.14079e+00 3.08858e+01 1.49375e+05
3.14053e+00 3.08859e+01 1.49375e+05
3.14027e+00 3.08860e+01 1.49375e+05
3.14001e+00 3.08861e+01 1.49375e+05
3.13975e+00 3.08862e+01 1.49375e+05
3.13949e+00 3.08863e+01 1.49375e+05
3.13923e+00 3.08864e+01 1.49375e+05
3.13897e+00 3.08865e+01 1.49375e+05
3.13871e+00 3.08866e+01 1.49375e+05
3.13846e+00 3.08867e+01 1.49375e+05
3.13820e+00 3.08868e+01 1.49375e+05
3.13794e+00 3.08869e+01 1.49375e+05
3.13768e+00 3.08870e+01 1.49375e+05
3.13743e+00 3.08871e+01 1.49375e+05
3.13717e+00 3.08872e+01 1.49375e+05
3.13692e+00 3.08873e+01 1.49375e+05
3.13667e+00 3.08874e+01 1.49375e+05
3.13642e+00 3.08875e+01 1.49375e+05
3.13617e+00 3.08876e+01 1.49375e+05
3.13591e+00 3.08877e+01 1.49375e+05
3.13566e+00 3.08878e+01 1.49375e+05
3.13541e+00 3.08879e+01 1.49375e+05
3.13516e+00 3.08880e+01 1.49375e+05
3.13491e+00 3.08881e+01 1.49375e+05
3.13466e+00 3.08882e+01 1.49375e+05
3.13441e+00 3.08883e+01 1.49375e+05
3.13416e+00 3.08884e+01 1.49375e+05
3.13391e+00 3.08885e+01 1.49375e+05
3.13366e+00 3.08886e+01 1.49375e+05
3.13341e+00 3.08887e+01 1.49375e+05
3.13316e+00 3.08888e+01 1.49375e+05
3.13291e+00 3.08889e+01 1.49375e+05
3.13266e+00 3.08890e+01 1.49375e+05
3.13241e+00 3.08891e+01 1.49375e+05
3.13217e+00 3.08892e+01 1.49375e+05
3.13193e+00 3.08893e+01 1.49375e+05
3.13168e+00 3.08893e+01 1.49375e+05
3.13144e+00 3.08894e+01 1.49375e+05
3.13119e+00 3.08895e+01 1.49375e+05
3.13095e+00 3.08896e+01 1.49375e+05
3.13071e+00 3.08897e+01 1.49375e+05
3.13047e+00 3.08898e+01 1.49375e+05
3.13022e+00 3.08899e+01 1.49375e+05
3.12998e+00 3.08900e+01 1.49375e+05
3.12974e+00 3.08901e+01 1.49375e+05
3.12950e+00 3.08902e+01 1.49375e+05
3.12925e+00 3.08903e+01 1.49375e+05
3.12901e+00 3.08904e+01 1.49375e+05
3.12877e+00 3.08905e+01 1.49375e+05
3.12853e+00 3.08906e+01 1.49375e+05
3.12829e+00 3.08907e+01 1.49375e+05
3.12805e+00 3.08907e+01 1.49375e+05
3.12781e+00 3.08908e+01 1.49375e+05
3.12757e+00 3.08909e+01 1.49375e+05
3.12733e+00 3.08910e+01 1.49375e+05
3.12709e+00 3.08911e+01 1.49375e+05
3.12685e+00 3.08912e+01 1.49375e+05
3.12661e+00 3.08913e+01 1.49375e+05
3.12637e+00 3.08914e+01 1.49375e+05
3.12614e+00 3.08915e+01 1.49375e+05
3.12590e+00 3.08916e+01 1.48898e+05
3.12566e+00 3.08917e+01 1.48898e+05
3.14151e+00 3.08988e+01 1.48898e+05
3.12744e+00 3.08975e+01 1.48898e+05
3.12060e+00 3.08970e+01 1.48898e+05
3.11611e+00 3.08968e+01 1.48898e+05
3.11298e+00 3.08966e+01 1.48898e+05
3.11072e+00 3.08964e+01 1.48898e+05
3.10905e+00 3.08963e+01 1.48898e+05
3.10777e+00 3.08963e+01 1.48898e+05
3.10680e+00 3.08962e+01 1.48898e+05
3.10602e+00 3.08962e+01 1.48898e+05
3.10540e+00 3.08962e+01 1.48898e+05
3.10489e+00 3.08962e+01 1.48898e+05
3.10445e+00 3.08962e+01 1.48898e+05
3.10408e+00 3.08963e+01 1.48898e+05
3.10376e+00 3.08963e+01 1.48898e+05
3.10347e+00 3.08964e+01 1.48898e+05
3.10321e+00 3.08964e+01 1.48898e+05
3.10297e+00 3.08965e+01 1.48898e+05
3.10275e+00 3.08965e+01 1.48420e+05
3.10253e+00 3.08966e+01 1.48420e+05
3.15100e+00 3.08794e+01 1.48420e+05
3.13744e+00 3.08782e+01 1.48420e+05
3.13650e+00 3.08780e+01 1.48420e+05
3.13601e+00 3.08780e+01 1.48420e+05
3.13557e+00 3.08781e+01 1.48420e+05
3.13520e+00 3.08781e+01 1.48420e+05
3.13486e+00 3.08781e+01 1.48420e+05
3.13454e+00 3.08782e+01 1.48420e+05
3.13424e+00 3.08782e+01 1.48420e+05
3.13395e+00 3.08782e+01 1.48420e+05
3.13367e+00 3.08782e+01 1.48420e+05
3.13340e+00 3.08782e+01 1.48420e+05
3.13314e+00 3.08782e+01 1.48420e+05
3.13289e+00 3.08782e+01 1.48420e+05
3.13265e+00 3.08782e+01 1.48420e+05
3.13241e+00 3.08783e+01 1.48420e+05
3.13219e+00 3.08783e+01 1.48420e+05
3.13196e+00 3.08783e+01 1.48420e+05
3.13174e+00 3.08783e+01 1.48420e+05
3.13153e+00 3.08783e+01 1.48420e+05
3.13131e+00 3.08784e+01 1.48420e+05
3.13110e+00 3.08784e+01 1.48420e+05
3.13090e+00 3.08784e+01 1.48420e+05
3.13070e+00 3.08785e+01 1.48420e+05
3.13050e+00 3.08785e+01 1.48420e+05
3.13029e+00 3.08785e+01 1.48420e+05
3.13008e+00 3.08786e+01 1.48420e+05
3.12987e+00 3.08786e+01 1.48420e+05
3.12966e+00 3.08787e+01 1.48420e+05
3.12944e+00 3.08787e+01 1.48420e+05
3.12922e+00 3.08788e+01 1.48420e+05
3.12899e+00 3.08789e+01 1.48420e+05
3.12877e+00 3.08789e+01 1.48420e+05
3.12854e+00 3.08790e+01 1.48420e+05
3.12831e+00 3.08790e+01 1.48420e+05
3.12808e+00 3.08791e+01 1.48420e+05
3.12785e+00 3.08792e+01 1.48420e+05
3.12761e+00 3.08793e+01 1.48420e+05
3.12737e+00 3.08793e+01 1.48420e+05
3.12712e+00 3.08794e+01 1.48420e+05
3.12687e+00 3.08795e+01 1.48420e+05
3.12662e+00 3.08796e+01 1.48420e+05
3.12637e+00 3.08797e+01 1.48420e+05
3.12612e+00 3.08798e+01 1.48420e+05
3.12587e+00 3.08798e+01 1.48420e+05
3.12562e+00 3.08799e+01 1.48420e+05
3.12536e+00 3.08800e+01 1.48420e+05
3.12511e+00 3.08801e+01 1.48420e+05
3.12485e+00 3.08802e+01 1.48420e+05
3.12460e+00 3.08803e+01 1.48420e+05
3.12434e+00 3.08804e+01 1.48420e+05
3.12407e+00 3.08805e+01 1.48420e+05
3.12381e+00 3.08806e+01 1.48420e+05
3.12354e+00 3.08807e+01 1.48420e+05
3.12327e+00 3.08808e+01 1.48420e+05
3.12300e+00 3.08809e+01 1.48420e+05
3.12273e+00 3.08810e+01 1.48420e+05
3.12245e+00 3.08811e+01 1.48420e+05
3.12217e+00 3.08812e+01 1.48898e+05
3.12189e+00 3.08813e+01 1.48898e+05
3.12161e+00 3.08814e+01 1.48898e+05
3.12132e+00 3.08815e+01 1.48898e+05
3.12103e+00 3.08817e+01 1.48898e+05
3.12074e+00 3.08818e+01 1.48898e+05
3.12044e+00 3.08819e+01 1.48898e+05
3.12015e+00 3.08820e+01 1.48898e+05
3.11985e+00 3.08821e+01 1.48898e+05
3.11955e+00 3.08823e+01 1.48898e+05
3.11925e+00 3.08824e+01 1.48898e+05
3.11894e+00 3.08825e+01 1.48898e+05
3.11864e+00 3.08826e+01 1.48898e+05
3.11833e+00 3.08827e+01 1.48898e+05
3.11803e+00 3.08829e+01 1.48898e+05
3.11772e+00 3.08830e+01 1.48898e+05
3.11741e+00 3.08831e+01 1.48898e+05
3.11709e+00 3.08833e+01 1.48898e+05
3.11678e+00 3.08834e+01 1.48898e+05
3.11646e+00 3.08835e+01 1.48898e+05
3.11615e+00 3.08836e+01 1.48898e+05
3.11583e+00 3.08838e+01 1.48898e+05
3.11551e+00 3.08839e+01 1.48898e+05
3.11519e+00 3.08840e+01 1.48898e+05
3.11487e+00 3.08842e+01 1.48898e+05
3.11455e+00 3.08843e+01 1.48898e+05
3.11422e+00 3.08844e+01 1.48898e+05
3.11390e+00 3.08846e+01 1.48898e+05
3.11357e+00 3.08847e+01 1.48898e+05
3.11325e+00 3.08849e+01 1.48898e+05
3.11292e+00 3.08850e+01 1.48898e+05
3.11259e+00 3.08851e+01 1.48898e+05
3.11226e+00 3.08853e+01 1.48898e+05
3.11193e+00 3.08854e+01 1.48898e+05
3.11160e+00 3.08855e+01 1.48898e+05
3.11127e+00 3.08857e+01 1.48898e+05
3.11094e+00 3.08858e+01 1.48898e+05
3.11060e+00 3.08860e+01 1.48898e+05
3.11027e+00 3.08861e+01 1.48898e+05
3.10993e+00 3.08863e+01 1.48898e+05
3.10960e+00 3.08864e+01 1.48898e+05
3.10926e+00 3.08865e+01 1.48898e+05
3.10892e+00 3.08867e+01 1.48898e+05
3.10858e+00 3.08868e+01 1.48898e+05
3.10825e+00 3.08870e+01 1.48898e+05
3.10791e+00 3.08871e+01 1.48898e+05
3.10757e+00 3.08873e+01 1.48898e+05
3.10723e+00 3.08874e+01 1.48898e+05
3.10689e+00 3.08876e+01 1.48898e+05
3.10655e+00 3.08877e+01 1.48898e+05
3.10620e+00 3.08878e+01 1.48898e+05
3.10586e+00 3.08880e+01 1.48898e+05
3.10553e+00 3.08881e+01 1.48898e+05
3.10519e+00 3.08883e+01 1.48898e+05
3.10486e+00 3.08884e+01 1.48898e+05
3.10452e+00 3.08886e+01 1.48898e+05
3.10419e+00 3.08887e+01 1.48898e+05
3.10386e+00 3.08889e+01 1.48898e+05
3.10352e+00 3.08890e+01 1.48898e+05
3.10319e+00 3.08891e+01 1.48898e+05
3.10286e+00 3.08893e+01 1.48898e+05
3.10253e+00 3.08894e+01 1.48898e+05
3.10220e+00 3.08896e+01 1.48898e+05
3.10188e+00 3.08897e+01 1.48898e+05
3.10156e+00 3.08899e+01 1.48898e+05
3.10123e+00 3.08900e+01 1.48898e+05
3.10090e+00 3.08901e+01 1.48898e+05
3.10058e+00 3.08903e+01 1.48898e+05
3.10025e+00 3.08904e+01 1.48898e+05
3.09993e+00 3.08906e+01 1.48898e+05
3.09960e+00 3.08907e+01 1.48898e+05
3.09928e+00 3.08908e+01 1.48898e+05
3.09896e+00 3.08910e+01 1.48898e+05
3.09864e+00 3.08911e+01 1.48898e+05
3.09832e+00 3.08913e+01 1.48898e+05
3.09800e+00 3.08914e+01 1.48898e+05
3.09768e+00 3.08915e+01 1.48898e+05
3.09736e+00 3.08917e+01 1.48898e+05
3.09704e+00 3.08918e+01 1.48898e+05
3.09672e+00 3.08919e+01 1.48898e+05
3.09640e+00 3.08921e+01 1.48898e+05
3.09608e+00 3.08922e+01 1.48898e+05
3.09576e+00 3.08924e+01 1.48898e+05
3.09544e+00 3.08925e+01 1.48898e+05
3.09512e+00 3.08926e+01 1.48898e+05
3.09480e+00 3.08928e+01 1.48898e+05
3.09449e+00 3.08929e+01 1.48898e+05
3.09417e+00 3.08930e+01 1.48898e+05
3.09385e+00 3.08932e+01 1.48898e+05
3.09354e+00 3.08933e+01 1.48898e+05
3.09322e+00 3.08935e+01 1.48898e+05
3.09290e+00 3.08936e+01 1.48898e+05
3.09259e+00 3.08937e+01 1.48898e+05
3.09227e+00 3.08939e+01 1.48898e+05
3.09196e+00 3.08940e+01 1.48898e+05
3.09164e+00 3.08941e+01 1.48898e+05
3.09132e+00 3.08943e+01 1.48898e+05
3.09101e+00 3.08944e+01 1.48898e+05
3.09069e+00 3.08946e+01 1.48898e+05
3.09038e+00 3.08947e+01 1.48898e+05
3.09006e+00 3.08948e+01 1.48898e+05
3.08975e+00 3.08950e+01 1.48898e+05
3.08944e+00 3.08951e+01 1.48898e+05
3.08913e+00 3.08952e+01 1.48898e+05
3.08882e+00 3.08954e+01 1.48898e+05
3.08851e+00 3.08955e+01 1.48898e+05
3.08820e+00 3.08956e+01 1.48898e+05
3.08789e+00 3.08958e+01 1.48898e+05
3.08758e+00 3.08959e+01 1.48898e+05
3.08727e+00 3.08960e+01 1.48898e+05
3.08696e+00 3.08962e+01 1.48898e+05
3.08665e+00 3.08963e+01 1.48898e+05
3.08634e+00 3.08964e+01 1.48898e+05
3.08603e+00 3.08966e+01 1.48898e+05
3.08572e+00 3.08967e+01 1.48898e+05
3.08541e+00 3.08969e+01 1.48898e+05
3.08510e+00 3.08970e+01 1.48898e+05
3.08480e+00 3.08971e+01 1.48898e+05
3.08449e+00 3.08973e+01 1.48898e+05
3.08418e+00 3.08974e+01 1.48898e+05
3.08387e+00 3.08975e+01 1.48898e+05
3.08356e+00 3.08977e+01 1.48898e+05
3.08326e+00 3.08978e+01 1.48898e+05
3.08295e+00 3.08979e+01 1.48898e+05
3.08265e+00 3.08981e+01 1.48898e+05
3.08234e+00 3.08982e+01 1.48898e+05
3.08204e+00 3.08983e+01 1.48898e+05
3.08174e+00 3.08985e+01 1.48898e+05
3.08145e+00 3.08986e+01 1.48898e+05
3.08115e+00 3.08987e+01 1.48898e+05
3.08085e+00 3.08988e+01 1.48898e+05
3.08055e+00 3.08990e+01 1.48898e+05
3.08026e+00 3.08991e+01 1.48898e+05
3.07996e+00 3.08992e+01 1.48898e+05
3.07966e+00 3.08994e+01 1.48898e+05
3.07937e+00 3.08995e+01 1.48898e+05
3.07908e+00 3.08996e+01 1.48898e+05
3.07879e+00 3.08997e+01 1.48898e+05
3.07850e+00 3.08999e+01 1.48898e+05
3.07821e+00 3.09000e+01 1.48898e+05
3.07791e+00 3.09001e+01 1.48898e+05
3.07762e+00 3.09002e+01 1.48898e+05
3.07733e+00 3.09004e+01 1.48898e+05
3.07704e+00 3.09005e+01 1.48898e+05
3.07676e+00 3.09006e+01 1.48898e+05
3.07647e+00 3.09007e+01 1.48898e+05
3.07618e+00 3.09009e+01 1.48898e+05
3.07589e+00 3.09010e+01 1.48898e+05
3.07561e+00 3.09011e+01 1.48898e+05
3.07532e+00 3.09012e+01 1.48898e+05
3.07504e+00 3.09014e+01 1.48898e+05
3.07476e+00 3.09015e+01 1.48898e+05
3.07447e+00 3.09016e+01 1.48898e+05
3.07419e+00 3.09017e+01 1.48898e+05
3.07391e+00 3.09019e+01 1.48898e+05
3.07363e+00 3.09020e+01 1.48898e+05
3.07335e+00 3.09021e+01 1.48898e+05
3.07307e+00 3.09022e+01 1.48898e+05
3.07279e+00 3.09023e+01 1.48898e+05
3.07251e+00 3.09025e+01 1.48898e+05
3.07223e+00 3.09026e+01 1.48898e+05
3.07195e+00 3.09027e+01 1.48898e+05
3.07167e+00 3.09028e+01 1.48898e+05
3.07139e+00 3.09029e+01 1.48898e+05
3.07111e+00 3.09031e+01 1.48898e+05
3.07083e+00 3.09032e+01 1.48898e+05
3.07055e+00 3.09033e+01 1.48898e+05
3.07028e+00 3.09034e+01 1.48898e+05
3.07000e+00 3.09035e+01 1.48898e+05
3.06972e+00 3.09037e+01 1.48898e+05
3.06945e+00 3.09038e+01 1.48898e+05
3.06917e+00 3.09039e+01 1.48898e+05
3.06890e+00 3.09040e+01 1.48898e+05
3.06862e+00 3.09041e+01 1.48898e+05
3.06835e+00 3.09043e+01 1.48898e+05
3.06807e+00 3.09044e+01 1.48898e+05
3.06780e+00 3.09045e+01 1.48898e+05
3.06753e+00 3.09046e+01 1.48898e+05
3.06725e+00 3.09047e+01 1.48898e+05
3.06698e+00 3.09049e+01 1.48898e+05
3.06671e+00 3.09050e+01 1.48898e+05
3.06644e+00 3.09051e+01 1.48898e+05
3.06617e+00 3.09052e+01 1.48898e+05
3.06590e+00 3.09053e+01 1.48898e+05
3.06563e+00 3.09054e+01 1.48898e+05
3.06536e+00 3.09056e+01 1.48898e+05
3.06509e+00 3.09057e+01 1.48898e+05
3.06482e+00 3.09058e+01 1.48898e+05
3.06456e+00 3.09059e+01 1.48898e+05
3.06429e+00 3.09060e+01 1.48898e+05
3.06402e+00 3.09061e+01 1.48898e+05
3.06376e+00 3.09062e+01 1.48898e+05
3.06349e+00 3.09064e+01 1.48898e+05
3.06323e+00 3.09065e+01 1.48898e+05
3.06297e+00 3.09066e+01 1.48898e+05
3.06271e+00 3.09067e+01 1.48898e+05
3.06245e+00 3.09068e+01 1.48898e+05
3.06219e+00 3.09069e+01 1.48898e+05
3.06192e+00 3.09070e+01 1.48898e+05
3.06166e+00 3.09072e+01 1.48898e+05
3.06140e+00 3.09073e+01 1.48898e+05
3.06114e+00 3.09074e+01 1.48898e+05
3.06088e+00 3.09075e+01 1.48898e+05
3.06063e+00 3.09076e+01 1.48898e+05
3.06037e+00 3.09077e+01 1.48898e+05
3.06011e+00 3.09078e+01 1.48898e+05
3.05985e+00 3.09079e+01 1.48898e+05
3.05959e+00 3.09080e+01 1.48898e+05
3.05934e+00 3.09082e+01 1.48898e+05
3.05908e+00 3.09083e+01 1.48898e+05
3.05882e+00 3.09084e+01 1.48898e+05
3.05857e+00 3.09085e+01 1.48898e+05
3.05831e+00 3.09086e+01 1.48898e+05
3.05806e+00 3.09087e+01 1.48898e+05
3.05780e+00 3.09088e+01 1.48898e+05
3.05755e+00 3.09089e+01 1.48898e+05
3.05729e+00 3.09090e+01 1.48898e+05
3.05704e+00 3.09091e+01 1.48898e+05
3.05679e+00 3.09093e+01 1.48898e+05
3.05654e+00 3.09094e+01 1.48898e+05
3.05628e+00 3.09095e+01 1.48898e+05
3.05603e+00 3.09096e+01 1.48898e+05
3.05578e+00 3.09097e+01 1.48898e+05
3.05553e+00 3.09098e+01 1.48898e+05
3.05528e+00 3.09099e+01 1.48898e+05
3.05503e+00 3.09100e+01 1.48898e+05
3.05478e+00 3.09101e+01 1.48898e+05
3.05454e+00 3.09102e+01 1.48898e+05
3.05429e+00 3.09103e+01 1.48898e+05
3.05405e+00 3.09104e+01 1.48898e+05
3.05380e+00 3.09105e+01 1.48898e+05
3.05355e+00 3.09106e+01 1.48898e+05
3.05331e+00 3.09108e+01 1.48898e+05
3.05307e+00 3.09109e+01 1.48898e+05
3.05282e+00 3.09110e+01 1.48898e+05
3.05258e+00 3.09111e+01 1.48898e+05
3.05233e+00 3.09112e+01 1.48898e+05
3.05209e+00 3.09113e+01 1.48898e+05
3.05185e+00 3.09114e+01 1.48898e+05
3.05161e+00 3.09115e+01 1.48898e+05
3.05136e+00 3.09116e+01 1.48420e+05
3.05112e+00 3.09117e+01 1.48420e+05
3.05645e+00 3.09074e+01 1.48420e+05
3.05629e+00 3.09072e+01 1.48420e+05
3.05621e+00 3.09073e+01 1.48420e+05
3.05608e+00 3.09074e+01 1.48420e+05
3.05590e+00 3.09075e+01 1.48420e+05
3.05569e+00 3.09076e+01 1.48420e+05
3.05546e+00 3.09077e+01 1.48420e+05
3.05523e+00 3.09078e+01 1.48420e+05
3.05498e+00 3.09079e+01 1.48420e+05
3.05472e+00 3.09080e+01 1.48420e+05
3.05445e+00 3.09082e+01 1.48420e+05
3.05419e+00 3.09083e+01 1.48420e+05
3.05392e+00 3.09084e+01 1.48420e+05
3.05365e+00 3.09085e+01 1.48420e+05
3.05338e+00 3.09087e+01 1.48420e+05
3.05311e+00 3.09088e+01 1.48420e+05
3.05283e+00 3.09089e+01 1.48420e+05
3.05255e+00 3.09090e+01 1.48420e+05
3.05228e+00 3.09092e+01 1.48420e+05
3.05202e+00 3.09093e+01 1.48420e+05
3.05175e+00 3.09094e+01 1.48420e+05
3.05148e+00 3.09095e+01 1.48420e+05
3.05121e+00 3.09097e+01 1.48420e+05
3.05094e+00 3.09098e+01 1.48420e+05
3.05067e+00 3.09099e+01 1.48420e+05
3.05040e+00 3.09100e+01 1.48420e+05
3.05013e+00 3.09102e+01 1.48420e+05
3.04986e+00 3.09103e+01 1.48420e+05
3.04960e+00 3.09104e+01 1.48420e+05
3.04933e+00 3.09105e+01 1.48420e+05
3.04906e+00 3.09106e+01 1.48420e+05
3.04880e+00 3.09108e+01 1.48420e+05
3.04853e+00 3.09109e+01 1.48420e+05
3.04826e+00 3.09110e+01 1.48420e+05
3.04799e+00 3.09111e+01 1.48420e+05
3.04772e+00 3.09112e+01 1.48420e+05
3.04745e+00 3.09114e+01 1.48420e+05
3.04718e+00 3.09115e+01 1.48420e+05
3.04692e+00 3.09116e+01 1.48420e+05
3.04665e+00 3.09117e+01 1.48420e+05
3.04639e+00 3.09118e+01 1.48420e+05
3.04612e+00 3.09120e+01 1.48420e+05
3.04586e+00 3.09121e+01 1.48420e+05
3.04560e+00 3.09122e+01 1.48420e+05
3.04534e+00 3.09123e+01 1.48420e+05
3.04507e+00 3.09124e+01 1.48420e+05
3.04481e+00 3.09125e+01 1.48420e+05
3.04455e+00 3.09127e+01 1.48420e+05
3.04429e+00 3.09128e+01 1.48420e+05
3.04404e+00 3.09129e+01 1.48420e+05
3.04378e+00 3.09130e+01 1.48420e+05
3.04353e+00 3.09131e+01 1.48420e+05
3.04327e+00 3.09132e+01 1.48420e+05
3.04301e+00 3.09134e+01 1.48420e+05
3.04276e+00 3.09135e+01 1.48420e+05
3.04250e+00 3.09136e+01 1.48420e+05
3.04225e+00 3.09137e+01 1.48420e+05
3.04199e+00 3.09138e+01 1.48420e+05
3.04174e+00 3.09139e+01 1.48898e+05
3.04149e+00 3.09140e+01 1.48898e+05
3.04123e+00 3.09141e+01 1.48898e+05
3.04098e+00 3.09143e+01 1.48898e+05
3.04073e+00 3.09144e+01 1.48898e+05
3.04048e+00 3.09145e+01 1.48898e+05
3.04023e+00 3.09146e+01 1.48898e+05
3.03998e+00 3.09147e+01 1.48898e+05
3.03973e+00 3.09148e+01 1.48898e+05
3.03948e+00 3.09149e+01 1.48898e+05
3.03924e+00 3.09150e+01 1.48898e+05
3.03899e+00 3.09152e+01 1.48898e+05
3.03875e+00 3.09153e+01 1.48898e+05
3.03850e+00 3.09154e+01 1.48898e+05
3.03826e+00 3.09155e+01 1.48898e+05
3.03801e+00 3.09156e+01 1.48898e+05
3.03777e+00 3.09157e+01 1.48898e+05
3.03753e+00 3.09158e+01 1.48898e+05
3.03728e+00 3.09159e+01 1.48898e+05
3.03704e+00 3.09160e+01 1.48898e+05
3.03680e+00 3.09161e+01 1.48898e+05
3.03655e+00 3.09162e+01 1.48898e+05
3.03631e+00 3.09163e+01 1.48898e+05
3.03607e+00 3.09165e+01 1.48898e+05
3.03583e+00 3.09166e+01 1.48898e+05
3.03558e+00 3.09167e+01 1.48898e+05
3.03534e+00 3.09168e+01 1.48898e+05
3.03510e+00 3.09169e+01 1.48898e+05
3.03486e+00 3.09170e+01 1.48898e+05
3.03462e+00 3.09171e+01 1.48898e+05
3.03438e+00 3.09172e+01 1.48898e+05
3.03415e+00 3.09173e+01 1.48898e+05
3.03391e+00 3.09174e+01 1.48898e+05
3.03367e+00 3.09175e+01 1.48898e+05
3.03343e+00 3.09176e+01 1.48898e+05
3.03319e+00 3.09177e+01 1.48898e+05
3.03296e+00 3.09178e+01 1.48898e+05
3.03272e+00 3.09179e+01 1.48898e+05
3.03248e+00 3.09180e+01 1.48898e+05
3.03225e+00 3.09182e+01 1.48898e+05
3.03201e+00 3.09183e+01 1.48898e+05
3.03178e+00 3.09184e+01 1.48898e+05
3.03154e+00 3.09185e+01 1.48898e+05
3.03131e+00 3.09186e+01 1.48898e+05
3.03107e+00 3.09187e+01 1.48898e+05
3.03084e+00 3.09188e+01 1.48898e+05
3.03060e+00 3.09189e+01 1.48898e+05
3.03037e+00 3.09190e+01 1.48898e+05
3.03014e+00 3.09191e+01 1.48898e+05
3.02991e+00 3.09192e+01 1.48898e+05
3.02967e+00 3.09193e+01 1.48898e+05
3.02944e+00 3.09194e+01 1.48898e+05
3.02921e+00 3.09195e+01 1.48898e+05
3.02899e+00 3.09196e+01 1.48898e+05
3.02876e+00 3.09197e+01 1.48898e+05
3.02853e+00 3.09198e+01 1.48898e+05
3.02831e+00 3.09199e+01 1.48898e+05
3.02808e+00 3.09200e+01 1.48898e+05
3.02785e+00 3.09201e+01 1.48898e+05
3.02763e+00 3.09202e+01 1.48898e+05
3.02740e+00 3.09203e+01 1.48898e+05
3.02718e+00 3.09204e+01 1.48898e+05
3.02695e+00 3.09205e+01 1.48898e+05
3.02673e+00 3.09206e+01 1.48898e+05
3.02651e+00 3.09207e+01 1.48898e+05
3.02628e+00 3.09208e+01 1.48898e+05
3.02606e+00 3.09209e+01 1.48898e+05
3.02584e+00 3.09210e+01 1.48898e+05
3.02562e+00 3.09211e+01 1.48898e+05
3.02539e+00 3.09212e+01 1.48898e+05
3.02517e+00 3.09213e+01 1.48898e+05
3.02495e+00 3.09214e+01 1.48898e+05
3.02473e+00 3.09215e+01 1.48898e+05
3.02451e+00 3.09216e+01 1.48898e+05
3.02429e+00 3.09217e+01 1.48898e+05
3.02407e+00 3.09218e+01 1.48898e+05
3.02385e+00 3.09219e+01 1.48898e+05
3.02363e+00 3.09220e+01 1.48898e+05
3.02341e+00 3.09221e+01 1.48898e+05
3.02319e+00 3.09222e+01 1.48898e+05
3.02297e+00 3.09222e+01 1.48898e+05
3.02276e+00 3.09223e+01 1.48898e+05
3.02254e+00 3.09224e+01 1.48898e+05
3.02232e+00 3.09225e+01 1.48898e+05
3.02211e+00 3.09226e+01 1.48898e+05
3.02189e+00 3.09227e+01 1.48898e+05
3.02168e+00 3.09228e+01 1.48898e+05
3.02147e+00 3.09229e+01 1.48898e+05
3.02125e+00 3.09230e+01 1.48898e+05
3.02104e+00 3.09231e+01 1.48898e+05
3.02083e+00 3.09232e+01 1.48898e+05
3.02061e+00 3.09233e+01 1.48898e+05
3.02040e+00 3.09234e+01 1.48898e+05
3.02019e+00 3.09235e+01 1.48898e+05
3.01998e+00 3.09236e+01 1.48898e+05
3.01977e+00 3.09237e+01 1.48898e+05
3.01956e+00 3.09237e+01 1.48898e+05
3.01935e+00 3.09238e+01 1.48898e+05
3.01914e+00 3.09239e+01 1.48898e+05
3.01893e+00 3.09240e+01 1.48898e+05
3.01872e+00 3.09241e+01 1.48898e+05
3.01851e+00 3.09242e+01 1.48898e+05
3.01830e+00 3.09243e+01 1.48898e+05
3.01809e+00 3.09244e+01 1.48898e+05
3.01789e+00 3.09245e+01 1.48898e+05
3.01768e+00 3.09246e+01 1.48898e+05
3.01747e+00 3.09247e+01 1.48898e+05
3.01725e+00 3.09248e+01 1.48898e+05
3.01704e+00 3.09249e+01 1.48898e+05
3.01683e+00 3.09249e+01 1.48898e+05
3.01662e+00 3.09250e+01 1.48898e+05
3.01641e+00 3.09251e+01 1.48898e+05
3.01620e+00 3.09252e+01 1.48898e+05
3.01599e+00 3.09253e+01 1.48898e+05
3.01578e+00 3.09254e+01 1.48898e+05
3.01557e+00 3.09255e+01 1.48898e+05
3.01536e+00 3.09256e+01 1.48898e+05
3.01515e+00 3.09257e+01 1.48898e+05
3.01494e+00 3.09258e+01 1.48898e+05
3.01473e+00 3.09259e+01 1.48898e+05
3.01452e+00 3.09260e+01 1.48898e+05
3.01432e+00 3.09261e+01 1.48898e+05
3.01411e+00 3.09261e+01 1.48898e+05
3.01390e+00 3.09262e+01 1.48898e+05
3.01370e+00 3.09263e+01 1.48898e+05
3.01349e+00 3.09264e+01 1.48898e+05
3.01329e+00 3.09265e+01 1.48898e+05
3.01308e+00 3.09266e+01 1.48898e+05
3.01288e+00 3.09267e+01 1.48898e+05
3.01267e+00 3.09268e+01 1.48898e+05
3.01247e+00 3.09269e+01 1.48898e+05
3.01226e+00 3.09270e+01 1.48898e+05
3.01206e+00 3.09270e+01 1.48898e+05
3.01186e+00 3.09271e+01 1.48898e+05
3.01166e+00 3.09272e+01 1.48898e+05
3.01145e+00 3.09273e+01 1.48898e+05
3.01125e+00 3.09274e+01 1.48898e+05
3.01105e+00 3.09275e+01 1.48898e+05
3.01085e+00 3.09276e+01 1.48898e+05
3.01065e+00 3.09277e+01 1.48898e+05
3.01045e+00 3.09278e+01 1.48898e+05
3.01025e+00 3.09278e+01 1.48898e+05
3.01005e+00 3.09279e+01 1.48898e+05
3.00985e+00 3.09280e+01 1.48898e+05
3.00965e+00 3.09281e+01 1.48898e+05
3.00945e+00 3.09282e+01 1.48898e+05
3.00925e+00 3.09283e+01 1.48898e+05
3.00906e+00 3.09284e+01 1.48898e+05
3.00886e+00 3.09284e+01 1.48898e+05
3.00866e+00 3.09285e+01 1.48898e+05
3.00846e+00 3.09286e+01 1.48898e+05
3.00827e+00 3.09287e+01 1.48898e+05
3.00807e+00 3.09288e+01 1.48898e+05
3.00788e+00 3.09289e+01 1.48898e+05
3.00768e+00 3.09290e+01 1.48898e+05
3.00749e+00 3.09291e+01 1.48898e+05
3.00729e+00 3.09291e+01 1.48898e+05
3.00710e+00 3.09292e+01 1.48898e+05
3.00690e+00 3.09293e+01 1.48898e+05
3.00671e+00 3.09294e+01 1.48898e+05
3.00651e+00 3.09295e+01 1.48898e+05
3.00632e+00 3.09296e+01 1.48898e+05
3.00613e+00 3.09296e+01 1.48898e+05
3.00594e+00 3.09297e+01 1.48898e+05
3.00574e+00 3.09298e+01 1.48898e+05
3.00555e+00 3.09299e+01 1.48898e+05
3.00536e+00 3.09300e+01 1.48898e+05
3.00517e+00 3.09301e+01 1.48898e+05
3.00499e+00 3.09301e+01 1.48898e+05
3.00480e+00 3.09302e+01 1.48898e+05
3.00461e+00 3.09303e+01 1.48898e+05
3.00443e+00 3.09304e+01 1.48898e+05
3.00424e+00 3.09305e+01 1.48898e+05
3.00405e+00 3.09305e+01 1.48898e+05
3.00387e+00 3.09306e+01 1.48898e+05
3.00368e+00 3.09307e+01 1.48898e+05
3.00350e+00 3.09308e+01 1.48898e+05
3.00331e+00 3.09309e+01 1.48898e+05
3.00313e+00 3.09309e+01 1.48898e+05
3.00294e+00 3.09310e+01 1.48898e+05
3.00276e+00 3.09311e+01 1.48898e+05
3.00258e+00 3.09312e+01 1.48898e+05
3.00239e+00 3.09313e+01 1.48898e+05
3.00221e+00 3.09313e+01 1.48898e+05
3.00203e+00 3.09314e+01 1.48898e+05
3.00184e+00 3.09315e+01 1.48898e+05
3.00166e+00 3.09316e+01 1.48898e+05
3.00148e+00 3.09317e+01 1.48898e+05
3.00130e+00 3.09317e+01 1.48898e+05
3.00111e+00 3.09318e+01 1.48898e+05
3.00093e+00 3.09319e+01 1.48898e+05
3.00075e+00 3.09320e+01 1.48898e+05
3.00057e+00 3.09321e+01 1.48898e+05
3.00039e+00 3.09321e+01 1.48898e+05
3.00021e+00 3.09322e+01 1.48898e+05
3.00003e+00 3.09323e+01 1.48898e+05
2.99985e+00 3.09324e+01 1.48898e+05
2.99967e+00 3.09324e+01 1.48898e+05
2.99949e+00 3.09325e+01 1.48898e+05
2.99931e+00 3.09326e+01 1.48898e+05
2.99913e+00 3.09327e+01 1.48898e+05
2.99896e+00 3.09328e+01 1.48898e+05
2.99878e+00 3.09328e+01 1.48898e+05
2.99860e+00 3.09329e+01 1.48898e+05
2.99842e+00 3.09330e+01 1.48898e+05
2.99825e+00 3.09331e+01 1.48898e+05
2.99807e+00 3.09331e+01 1.48898e+05
2.99789e+00 3.09332e+01 1.48898e+05
2.99771e+00 3.09333e+01 1.48898e+05
2.99754e+00 3.09334e+01 1.48898e+05
2.99736e+00 3.09334e+01 1.48898e+05
2.99719e+00 3.09335e+01 1.48898e+05
2.99701e+00 3.09336e+01 1.48898e+05
2.99684e+00 3.09337e+01 1.48898e+05
2.99666e+00 3.09337e+01 1.48898e+05
2.99649e+00 3.09338e+01 1.48898e+05
2.99631e+00 3.09339e+01 1.48898e+05
2.99614e+00 3.09340e+01 1.48898e+05
2.99596e+00 3.09340e+01 1.48898e+05
2.99579e+00 3.09341e+01 1.48898e+05
2.99562e+00 3.09342e+01 1.48898e+05
2.99544e+00 3.09343e+01 1.48898e+05
2.99527e+00 3.09343e+01 1.48898e+05
2.99510e+00 3.09344e+01 1.48898e+05
2.99492e+00 3.09345e+01 1.48898e+05
2.99475e+00 3.09346e+01 1.48898e+05
2.99458e+00 3.09346e+01 1.48898e+05
2.99441e+00 3.09347e+01 1.48898e+05
2.99424e+00 3.09348e+01 1.48898e+05
2.99407e+00 3.09349e+01 1.48898e+05
2.99390e+00 3.09349e+01 1.48898e+05
2.99372e+00 3.09350e+01 1.48898e+05
2.99355e+00 3.09351e+01 1.48898e+05
2.99338e+00 3.09351e+01 1.48898e+05
2.99321e+00 3.09352e+01 1.48898e+05
2.99304e+00 3.09353e+01 1.48898e+05
2.99287e+00 3.09354e+01 1.48898e+05
2.99271e+00 3.09354e+01 1.48898e+05
2.99254e+00 3.09355e+01 1.48898e+05
2.99237e+00 3.09356e+01 1.48898e+05
2.99220e+00 3.09356e+01 1.48898e+05
2.99203e+00 3.09357e+01 1.48898e+05
2.99186e+00 3.09358e+01 1.48898e+05
2.99169e+00 3.09359e+01 1.48898e+05
2.99153e+00 3.09359e+01 1.48898e+05
2.99136e+00 3.09360e+01 1.48898e+05
2.99119e+00 3.09361e+01 1.48898e+05
2.99103e+00 3.09361e+01 1.48898e+05
2.99086e+00 3.09362e+01 1.48898e+05
2.99069e+00 3.09363e+01 1.48898e+05
2.99053e+00 3.09364e+01 1.48898e+05
2.99036e+00 3.09364e+01 1.48898e+05
2.99019e+00 3.09365e+01 1.48898e+05
2.99003e+00 3.09366e+01 1.48898e+05
2.98986e+00 3.09366e+01 1.48898e+05
2.98970e+00 3.09367e+01 1.48898e+05
2.98953e+00 3.09368e+01 1.48898e+05
2.98937e+00 3.09369e+01 1.48898e+05
2.98921e+00 3.09369e+01 1.48898e+05
2.98904e+00 3.09370e+01 1.48898e+05
2.98888e+00 3.09371e+01 1.48898e+05
2.98871e+00 3.09371e+01 1.48898e+05
2.98855e+00 3.09372e+01 1.48898e+05
2.98839e+00 3.09373e+01 1.48898e+05
2.98822e+00 3.09373e+01 1.48898e+05
2.98806e+00 3.09374e+01 1.48898e+05
2.98790e+00 3.09375e+01 1.48898e+05
2.98774e+00 3.09375e+01 1.48898e+05
2.98757e+00 3.09376e+01 1.48898e+05
2.98741e+00 3.09377e+01 1.48898e+05
2.98725e+00 3.09378e+01 1.48898e+05
2.98709e+00 3.09378e+01 1.48898e+05
2.98693e+00 3.09379e+01 1.48898e+05
2.98677e+00 3.09380e+01 1.48898e+05
2.98661e+00 3.09380e+01 1.48898e+05
2.98645e+00 3.09381e+01 1.48898e+05
2.98629e+00 3.09382e+01 1.48898e+05
2.98612e+00 3.09382e+01 1.48898e+05
2.98596e+00 3.09383e+01 1.48898e+05
2.98580e+00 3.09384e+01 1.48898e+05
2.98565e+00 3.09384e+01 1.48898e+05
2.98549e+00 3.09385e+01 1.48898e+05
2.98533e+00 3.09386e+01 1.48898e+05
2.98517e+00 3.09386e+01 1.48898e+05
2.98501e+00 3.09387e+01 1.48898e+05
2.98485e+00 3.09388e+01 1.48898e+05
2.98469e+00 3.09388e+01 1.48898e+05
2.98453e+00 3.09389e+01 1.48898e+05
2.98438e+00 3.09390e+01 1.48898e+05
2.98422e+00 3.09390e+01 1.48898e+05
2.98406e+00 3.09391e+01 1.48898e+05
2.98390e+00 3.09392e+01 1.48898e+05
2.98375e+00 3.09392e+01 1.48898e+05
2.98359e+00 3.09393e+01 1.48898e+05
2.98343e+00 3.09394e+01 1.48898e+05
2.98328e+00 3.09394e+01 1.48898e+05
2.98312e+00 3.09395e+01 1.48898e+05
2.98296e+00 3.09396e+01 1.48898e+05
2.98281e+00 3.09396e+01 1.48898e+05
2.98265e+00 3.09397e+01 1.48898e+05
2.98250e+00 3.09398e+01 1.48420e+05
2.98234e+00 3.09398e+01 1.48420e+05
3.01991e+00 3.09278e+01 1.48420e+05
3.01175e+00 3.09250e+01 1.48420e+05
3.01162e+00 3.09238e+01 1.48420e+05
3.01171e+00 3.09231e+01 1.48420e+05
3.01165e+00 3.09227e+01 1.48420e+05
3.01151e+00 3.09224e+01 1.48420e+05
3.01140e+00 3.09221e+01 1.48420e+05
3.01128e+00 3.09219e+01 1.48420e+05
3.01116e+00 3.09217e+01 1.48420e+05
3.01104e+00 3.09216e+01 1.48420e+05
3.01092e+00 3.09214e+01 1.48420e+05
3.01079e+00 3.09214e+01 1.48420e+05
3.01065e+00 3.09213e+01 1.48420e+05
3.01050e+00 3.09212e+01 1.48420e+05
3.01034e+00 3.09212e+01 1.48420e+05
3.01019e+00 3.09212e+01 1.48420e+05
3.01003e+00 3.09212e+01 1.48420e+05
3.00986e+00 3.09212e+01 1.48420e+05
3.00969e+00 3.09212e+01 1.48420e+05
3.00951e+00 3.09212e+01 1.48420e+05
3.00932e+00 3.09212e+01 1.48420e+05
3.00913e+00 3.09213e+01 1.48420e+05
3.00893e+00 3.09213e+01 1.48420e+05
3.00872e+00 3.09214e+01 1.48420e+05
3.00850e+00 3.09214e+01 1.48420e+05
3.00828e+00 3.09215e+01 1.48420e+05
3.00806e+00 3.09215e+01 1.48420e+05
3.00783e+00 3.09216e+01 1.48420e+05
3.00760e+00 3.09217e+01 1.48420e+05
3.00735e+00 3.09218e+01 1.48420e+05
3.00709e+00 3.09219e+01 1.48420e+05
3.00683e+00 3.09220e+01 1.48420e+05
3.00656e+00 3.09220e+01 1.48420e+05
3.00629e+00 3.09221e+01 1.48420e+05
3.00601e+00 3.09223e+01 1.48420e+05
3.00573e+00 3.09224e+01 1.48420e+05
3.00546e+00 3.09225e+01 1.48420e+05
3.00517e+00 3.09226e+01 1.48420e+05
3.00489e+00 3.09227e+01 1.48420e+05
3.00460e+00 3.09228e+01 1.48420e+05
3.00430e+00 3.09229e+01 1.48420e+05
3.00401e+00 3.09231e+01 1.48420e+05
3.00371e+00 3.09232e+01 1.48420e+05
3.00341e+00 3.09233e+01 1.48420e+05
3.00311e+00 3.09234e+01 1.48420e+05
3.00281e+00 3.09235e+01 1.48420e+05
3.00251e+00 3.09237e+01 1.48420e+05
3.00221e+00 3.09238e+01 1.48420e+05
3.00190e+00 3.09239e+01 1.48420e+05
3.00159e+00 3.09241e+01 1.48420e+05
3.00128e+00 3.09242e+01 1.48420e+05
3.00097e+00 3.09243e+01 1.48420e+05
3.00065e+00 3.09245e+01 1.48420e+05
3.00034e+00 3.09246e+01 1.48420e+05
3.00002e+00 3.09248e+01 1.48420e+05
2.99970e+00 3.09249e+01 1.48420e+05
2.99939e+00 3.09250e+01 1.48420e+05
2.99908e+00 3.09252e+01 1.48420e+05
2.99877e+00 3.09253e+01 1.48420e+05
2.99846e+00 3.09254e+01 1.48420e+05
2.99815e+00 3.09256e+01 1.48420e+05
2.99783e+00 3.09257e+01 1.48420e+05
2.99751e+00 3.09259e+01 1.48420e+05
2.99720e+00 3.09260e+01 1.48420e+05
2.99688e+00 3.09261e+01 1.48420e+05
2.99656e+00 3.09263e+01 1.48420e+05
2.99624e+00 3.09264e+01 1.48420e+05
2.99592e+00 3.09266e+01 1.48420e+05
2.99560e+00 3.09267e+01 1.48420e+05
2.99528e+00 3.09269e+01 1.48420e+05
2.99496e+00 3.09270e+01 1.48420e+05
2.99463e+00 3.09271e+01 1.48420e+05
2.99431e+00 3.09273e+01 1.48420e+05
2.99399e+00 3.09274e+01 1.48420e+05
2.99367e+00 3.09276e+01 1.48420e+05
2.99334e+00 3.09277e+01 1.48420e+05
2.99302e+00 3.09279e+01 1.48420e+05
2.99270e+00 3.09280e+01 1.48420e+05
2.99237e+00 3.09282e+01 1.48420e+05
2.99205e+00 3.09283e+01 1.48420e+05
2.99173e+00 3.09285e+01 1.48420e+05
2.99140e+00 3.09286e+01 1.48420e+05
2.99108e+00 3.09288e+01 1.48420e+05
2.99076e+00 3.09289e+01 1.48420e+05
2.99044e+00 3.09290e+01 1.48420e+05
2.99012e+00 3.09292e+01 1.48420e+05
2.98980e+00 3.09293e+01 1.48420e+05
2.98948e+00 3.09295e+01 1.48420e+05
2.98916e+00 3.09296e+01 1.48420e+05
2.98884e+00 3.09298e+01 1.48420e+05
2.98852e+00 3.09299e+01 1.48420e+05
2.98820e+00 3.09301e+01 1.48420e+05
2.98788e+00 3.09302e+01 1.48420e+05
2.98756e+00 3.09304e+01 1.48420e+05
2.98725e+00 3.09305e+01 1.48420e+05
2.98693e+00 3.09306e+01 1.48420e+05
2.98662e+00 3.09308e+01 1.48420e+05
2.98630e+00 3.09309e+01 1.48420e+05
2.98599e+00 3.09311e+01 1.48420e+05
2.98568e+00 3.09312e+01 1.48420e+05
2.98537e+00 3.09314e+01 1.48420e+05
2.98506e+00 3.09315e+01 1.48420e+05
2.98475e+00 3.09317e+01 1.48420e+05
2.98444e+00 3.09318e+01 1.48420e+05
2.98413e+00 3.09319e+01 1.48420e+05
2.98382e+00 3.09321e+01 1.48420e+05
2.98351e+00 3.09322e+01 1.48420e+05
2.98321e+00 3.09324e+01 1.48420e+05
2.98290e+00 3.09325e+01 1.48420e+05
2.98259e+00 3.09326e+01 1.48420e+05
2.98229e+00 3.09328e+01 1.48420e+05
2.98198e+00 3.09329e+01 1.48420e+05
2.98168e+00 3.09331e+01 1.48420e+05
2.98137e+00 3.09332e+01 1.48420e+05
2.98107e+00 3.09333e+01 1.48420e+05
2.98076e+00 3.09335e+01 1.48420e+05
2.98046e+00 3.09336e+01 1.48420e+05
2.98016e+00 3.09338e+01 1.48420e+05
2.97986e+00 3.09339e+01 1.48420e+05
2.97956e+00 3.09340e+01 1.48420e+05
2.97927e+00 3.09342e+01 1.48420e+05
2.97897e+00 3.09343e+01 1.48420e+05
2.97867e+00 3.09345e+01 1.48420e+05
2.97838e+00 3.09346e+01 1.48420e+05
2.97808e+00 3.09347e+01 1.48420e+05
2.97779e+00 3.09349e+01 1.48420e+05
2.97750e+00 3.09350e+01 1.48420e+05
2.97720e+00 3.09351e+01 1.48420e+05
2.97691e+00 3.09353e+01 1.48420e+05
2.97662e+00 3.09354e+01 1.48420e+05
2.97633e+00 3.09355e+01 1.48420e+05
2.97604e+00 3.09357e+01 1.48420e+05
2.97575e+00 3.09358e+01 1.48420e+05
2.97546e+00 3.09359e+01 1.48420e+05
2.97517e+00 3.09361e+01 1.48420e+05
2.97489e+00 3.09362e+01 1.48420e+05
2.97460e+00 3.09363e+01 1.48420e+05
2.97431e+00 3.09365e+01 1.48420e+05
2.97403e+00 3.09366e+01 1.48420e+05
2.97374e+00 3.09367e+01 1.48420e+05
2.97346e+00 3.09369e+01 1.48420e+05
2.97318e+00 3.09370e+01 1.48420e+05
2.97289e+00 3.09371e+01 1.48420e+05
2.97261e+00 3.09373e+01 1.48420e+05
2.97233e+00 3.09374e+01 1.48420e+05
2.97205e+00 3.09375e+01 1.48420e+05
2.97177e+00 3.09377e+01 1.48420e+05
2.97149e+00 3.09378e+01 1.48420e+05
2.97122e+00 3.09379e+01 1.48420e+05
2.97094e+00 3.09381e+01 1.48420e+05
2.97066e+00 3.09382e+01 1.48420e+05
2.97039e+00 3.09383e+01 1.48420e+05
2.97011e+00 3.09384e+01 1.48420e+05
2.96984e+00 3.09386e+01 1.48420e+05
2.96957e+00 3.09387e+01 1.48420e+05
2.96929e+00 3.09388e+01 1.48420e+05
2.96902e+00 3.09389e+01 1.48420e+05
2.96875e+00 3.09391e+01 1.48420e+05
2.96848e+00 3.09392e+01 1.48420e+05
2.96821e+00 3.09393e+01 1.48420e+05
2.96794e+00 3.09394e+01 1.48420e+05
2.96768e+00 3.09396e+01 1.48420e+05
2.96742e+00 3.09397e+01 1.48420e+05
2.96716e+00 3.09398e+01 1.48420e+05
2.96690e+00 3.09399e+01 1.48420e+05
2.96664e+00 3.09401e+01 1.48420e+05
2.96638e+00 3.09402e+01 1.48420e+05
2.96613e+00 3.09403e+01 1.48420e+05
2.96587e+00 3.09404e+01 1.48420e+05
2.96562e+00 3.09405e+01 1.48420e+05
2.96536e+00 3.09407e+01 1.48420e+05
2.96511e+00 3.09408e+01 1.48420e+05
2.96486e+00 3.09409e+01 1.48420e+05
2.96461e+00 3.09410e+01 1.48420e+05
2.96435e+00 3.09411e+01 1.48420e+05
2.96410e+00 3.09412e+01 1.48420e+05
2.96385e+00 3.09414e+01 1.48420e+05
2.96361e+00 3.09415e+01 1.48420e+05
2.96336e+00 3.09416e+01 1.48420e+05
2.96311e+00 3.09417e+01 1.48420e+05
2.96286e+00 3.09418e+01 1.48420e+05
2.96261e+00 3.09419e+01 1.48420e+05
2.96237e+00 3.09421e+01 1.48420e+05
2.96212e+00 3.09422e+01 1.48420e+05
2.96187e+00 3.09423e+01 1.48420e+05
2.96163e+00 3.09424e+01 1.48420e+05
2.96138e+00 3.09425e+01 1.48420e+05
2.96114e+00 3.09426e+01 1.48420e+05
2.96090e+00 3.09427e+01 1.48420e+05
2.96066e+00 3.09428e+01 1.48420e+05
2.96041e+00 3.09430e+01 1.48420e+05
2.96017e+00 3.09431e+01 1.48420e+05
2.95993e+00 3.09432e+01 1.48420e+05
2.95969e+00 3.09433e+01 1.48420e+05
2.95945e+00 3.09434e+01 1.48420e+05
2.95921e+00 3.09435e+01 1.48420e+05
2.95898e+00 3.09436e+01 1.48420e+05
2.95874e+00 3.09437e+01 1.48420e+05
2.95850e+00 3.09439e+01 1.48420e+05
2.95827e+00 3.09440e+01 1.48420e+05
2.95803e+00 3.09441e+01 1.48420e+05
2.95780e+00 3.09442e+01 1.48420e+05
2.95756e+00 3.09443e+01 1.48420e+05
2.95733e+00 3.09444e+01 1.48420e+05
2.95710e+00 3.09445e+01 1.48420e+05
2.95687e+00 3.09446e+01 1.48420e+05
2.95663e+00 3.09447e+01 1.48420e+05
2.95640e+00 3.09448e+01 1.48420e+05
2.95617e+00 3.09449e+01 1.48420e+05
2.95594e+00 3.09450e+01 1.48420e+05
2.95572e+00 3.09452e+01 1.48420e+05
2.95549e+00 3.09453e+01 1.48420e+05
2.95526e+00 3.09454e+01 1.48420e+05
2.95503e+00 3.09455e+01 1.48420e+05
2.95480e+00 3.09456e+01 1.48420e+05
2.95457e+00 3.09457e+01 1.48420e+05
2.95434e+00 3.09458e+01 1.48420e+05
2.95411e+00 3.09459e+01 1.48420e+05
2.95388e+00 3.09460e+01 1.48420e+05
2.95365e+00 3.09461e+01 1.48420e+05
2.95342e+00 3.09462e+01 1.48420e+05
2.95319e+00 3.09463e+01 1.48420e+05
2.95297e+00 3.09465e+01 1.48420e+05
2.95274e+00 3.09466e+01 1.48420e+05
2.95252e+00 3.09467e+01 1.48420e+05
2.95229e+00 3.09468e+01 1.48420e+05
2.95207e+00 3.09469e+01 1.48420e+05
2.95184e+00 3.09470e+01 1.48420e+05
2.95162e+00 3.09471e+01 1.48420e+05
2.95140e+00 3.09472e+01 1.48420e+05
2.95118e+00 3.09473e+01 1.48420e+05
2.95096e+00 3.09474e+01 1.48420e+05
2.95074e+00 3.09475e+01 1.48420e+05
2.95052e+00 3.09476e+01 1.48420e+05
2.95030e+00 3.09477e+01 1.48420e+05
2.95008e+00 3.09478e+01 1.48420e+05
2.94987e+00 3.09479e+01 1.48420e+05
2.94965e+00 3.09480e+01 1.48420e+05
2.94944e+00 3.09481e+01 1.48898e+05
2.94923e+00 3.09482e+01 1.48898e+05
2.94901e+00 3.09483e+01 1.48898e+05
2.94879e+00 3.09484e+01 1.48898e+05
2.94857e+00 3.09485e+01 1.48898e+05
2.94836e+00 3.09486e+01 1.48898e+05
2.94814e+00 3.09487e+01 1.48898e+05
2.94792e+00 3.09488e+01 1.48898e+05
2.94771e+00 3.09489e+01 1.48898e+05
2.94749e+00 3.09490e+01 1.48898e+05
2.94728e+00 3.09491e+01 1.48898e+05
2.94707e+00 3.09492e+01 1.48898e+05
2.94685e+00 3.09493e+01 1.48898e+05
2.94664e+00 3.09494e+01 1.48898e+05
2.94643e+00 3.09495e+01 1.48898e+05
2.94622e+00 3.09496e+01 1.48898e+05
2.94601e+00 3.09497e+01 1.48898e+05
2.94580e+00 3.09498e+01 1.48898e+05
2.94559e+00 3.09499e+01 1.48898e+05
2.94538e+00 3.09500e+01 1.48898e+05
2.94517e+00 3.09501e+01 1.48898e+05
2.94496e+00 3.09502e+01 1.48898e+05
2.94475e+00 3.09503e+01 1.48898e+05
2.94454e+00 3.09504e+01 1.48898e+05
2.94434e+00 3.09505e+01 1.48898e+05
2.94413e+00 3.09506e+01 1.48898e+05
2.94393e+00 3.09507e+01 1.48898e+05
2.94372e+00 3.09508e+01 1.48898e+05
2.94352e+00 3.09509e+01 1.48898e+05
2.94331e+00 3.09510e+01 1.48898e+05
2.94311e+00 3.09511e+01 1.48898e+05
2.94290e+00 3.09512e+01 1.48898e+05
2.94270e+00 3.09513e+01 1.48898e+05
2.94250e+00 3.09514e+01 1.48898e+05
2.94230e+00 3.09515e+01 1.48898e+05
2.94209e+00 3.09516e+01 1.48898e+05
2.94189e+00 3.09517e+01 1.48898e+05
2.94169e+00 3.09518e+01 1.48898e+05
2.94149e+00 3.09519e+01 1.48898e+05
2.94129e+00 3.09520e+01 1.48898e+05
2.94109e+00 3.09521e+01 1.48898e+05
2.94090e+00 3.09522e+01 1.48898e+05
2.94070e+00 3.09522e+01 1.48898e+05
2.94050e+00 3.09523e+01 1.48898e+05
2.94030e+00 3.09524e+01 1.48898e+05
2.94011e+00 3.09525e+01 1.48898e+05
2.93991e+00 3.09526e+01 1.48898e+05
2.93971e+00 3.09527e+01 1.48898e+05
2.93952e+00 3.09528e+01 1.48898e+05
2.93932e+00 3.09529e+01 1.48898e+05
2.93913e+00 3.09530e+01 1.48898e+05
2.93893e+00 3.09531e+01 1.48898e+05
2.93874e+00 3.09532e+01 1.48898e+05
2.93854e+00 3.09533e+01 1.48898e+05
2.93835e+00 3.09534e+01 1.48898e+05
2.93816e+00 3.09534e+01 1.48898e+05
2.93796e+00 3.09535e+01 1.48898e+05
2.93777e+00 3.09536e+01 1.48898e+05
2.93758e+00 3.09537e+01 1.48898e+05
2.93739e+00 3.09538e+01 1.48898e+05
2.93720e+00 3.09539e+01 1.48898e+05
2.93701e+00 3.09540e+01 1.48898e+05
2.93682e+00 3.09541e+01 1.48898e+05
2.93663e+00 3.09542e+01 1.48898e+05
2.93644e+00 3.09543e+01 1.48898e+05
2.93625e+00 3.09543e+01 1.48898e+05
2.93606e+00 3.09544e+01 1.48898e+05
2.93588e+00 3.09545e+01 1.48898e+05
2.93569e+00 3.09546e+01 1.48898e+05
2.93551e+00 3.09547e+01 1.48898e+05
2.93532e+00 3.09548e+01 1.48898e+05
2.93514e+00 3.09549e+01 1.48898e+05
2.93496e+00 3.09550e+01 1.48898e+05
2.93477e+00 3.09550e+01 1.48898e+05
2.93459e+00 3.09551e+01 1.48898e+05
2.93441e+00 3.09552e+01 1.48898e+05
2.93423e+00 3.09553e+01 1.48898e+05
2.93405e+00 3.09554e+01 1.48898e+05
2.93386e+00 3.09555e+01 1.48898e+05
2.93368e+00 3.09555e+01 1.48898e+05
2.93350e+00 3.09556e+01 1.48898e+05
2.93332e+00 3.09557e+01 1.48898e+05
2.93314e+00 3.09558e+01 1.48898e+05
2.93297e+00 3.09559e+01 1.48898e+05
2.93279e+00 3.09560e+01 1.48898e+05
2.93261e+00 3.09561e+01 1.48898e+05
2.93243e+00 3.09561e+01 1.48898e+05
2.93225e+00 3.09562e+01 1.48898e+05
2.93208e+00 3.09563e+01 1.48898e+05
2.93190e+00 3.09564e+01 1.48898e+05
2.93172e+00 3.09565e+01 1.48898e+05
2.93155e+00 3.09565e+01 1.48898e+05
2.93137e+00 3.09566e+01 1.48898e+05
2.93120e+00 3.09567e+01 1.48898e+05
2.93102e+00 3.09568e+01 1.48898e+05
2.93085e+00 3.09569e+01 1.48898e+05
2.93067e+00 3.09570e+01 1.48898e+05
2.93050e+00 3.09570e+01 1.48898e+05
2.93033e+00 3.09571e+01 1.48898e+05
2.93015e+00 3.09572e+01 1.48898e+05
2.92998e+00 3.09573e+01 1.48898e+05
2.92981e+00 3.09574e+01 1.48898e+05
2.92964e+00 3.09574e+01 1.48898e+05
2.92947e+00 3.09575e+01 1.48898e+05
2.92929e+00 3.09576e+01 1.48898e+05
2.92912e+00 3.09577e+01 1.48898e+05
2.92895e+00 3.09578e+01 1.48898e+05
2.92878e+00 3.09578e+01 1.48898e+05
2.92861e+00 3.09579e+01 1.48898e+05
2.92844e+00 3.09580e+01 1.48898e+05
2.92828e+00 3.09581e+01 1.48898e+05
2.92811e+00 3.09581e+01 1.48898e+05
2.92795e+00 3.09582e+01 1.48898e+05
2.92778e+00 3.09583e+01 1.48898e+05
2.92762e+00 3.09584e+01 1.48898e+05
2.92745e+00 3.09585e+01 1.48898e+05
2.92729e+00 3.09585e+01 1.48898e+05
2.92712e+00 3.09586e+01 1.48898e+05
2.92696e+00 3.09587e+01 1.48898e+05
2.92680e+00 3.09588e+01 1.48898e+05
2.92663e+00 3.09588e+01 1.48898e+05
2.92647e+00 3.09589e+01 1.48898e+05
2.92631e+00 3.09590e+01 1.48898e+05
2.92614e+00 3.09591e+01 1.48898e+05
2.92598e+00 3.09591e+01 1.48898e+05
2.92582e+00 3.09592e+01 1.48898e+05
2.92566e+00 3.09593e+01 1.48898e+05
2.92550e+00 3.09594e+01 1.48898e+05
2.92534e+00 3.09594e+01 1.48898e+05
2.92518e+00 3.09595e+01 1.48898e+05
2.92502e+00 3.09596e+01 1.48898e+05
2.92486e+00 3.09597e+01 1.48898e+05
2.92470e+00 3.09597e+01 1.48898e+05
2.92454e+00 3.09598e+01 1.48898e+05
2.92438e+00 3.09599e+01 1.48898e+05
2.92422e+00 3.09600e+01 1.48898e+05
2.92406e+00 3.09600e+01 1.48898e+05
2.92390e+00 3.09601e+01 1.48898e+05
2.92375e+00 3.09602e+01 1.48898e+05
2.92359e+00 3.09602e+01 1.48898e+05
2.92343e+00 3.09603e+01 1.48898e+05
2.92328e+00 3.09604e+01 1.48898e+05
2.92312e+00 3.09605e+01 1.48898e+05
2.92296e+00 3.09605e+01 1.48898e+05
2.92281e+00 3.09606e+01 1.48898e+05
2.92265e+00 3.09607e+01 1.48898e+05
2.92250e+00 3.09607e+01 1.48898e+05
2.92234e+00 3.09608e+01 1.48898e+05
2.92219e+00 3.09609e+01 1.48898e+05
2.92203e+00 3.09610e+01 1.48898e+05
2.92188e+00 3.09610e+01 1.48898e+05
2.92172e+00 3.09611e+01 1.48898e+05
2.92157e+00 3.09612e+01 1.48898e+05
2.92142e+00 3.09612e+01 1.48898e+05
2.92126e+00 3.09613e+01 1.48898e+05
2.92111e+00 3.09614e+01 1.48898e+05
2.92096e+00 3.09615e+01 1.48898e+05
2.92081e+00 3.09615e+01 1.48898e+05
2.92066e+00 3.09616e+01 1.48898e+05
2.92050e+00 3.09617e+01 1.48898e+05
2.92035e+00 3.09617e+01 1.48898e+05
2.92020e+00 3.09618e+01 1.48898e+05
2.92005e+00 3.09619e+01 1.48898e+05
2.91990e+00 3.09619e+01 1.48898e+05
2.91975e+00 3.09620e+01 1.48898e+05
2.91960e+00 3.09621e+01 1.48898e+05
2.91945e+00 3.09621e+01 1.48898e+05
2.91931e+00 3.09622e+01 1.48898e+05
2.91916e+00 3.09623e+01 1.48898e+05
2.91901e+00 3.09623e+01 1.48898e+05
2.91887e+00 3.09624e+01 1.48898e+05
2.91872e+00 3.09625e+01 1.48898e+05
2.91857e+00 3.09625e+01 1.48898e+05
2.91843e+00 3.09626e+01 1.48898e+05
2.91828e+00 3.09627e+01 1.48898e+05
2.91814e+00 3.09627e+01 1.48898e+05
2.91799e+00 3.09628e+01 1.48898e+05
2.91784e+00 3.09629e+01 1.48898e+05
2.91770e+00 3.09629e+01 1.48898e+05
2.91755e+00 3.09630e+01 1.48898e+05
2.91741e+00 3.09631e+01 1.48898e+05
2.91727e+00 3.09631e+01 1.48898e+05
2.91712e+00 3.09632e+01 1.48898e+05
2.91698e+00 3.09633e+01 1.48898e+05
2.91683e+00 3.09633e+01 1.48898e+05
2.91669e+00 3.09634e+01 1.48898e+05
2.91655e+00 3.09635e+01 1.48898e+05
2.91641e+00 3.09635e+01 1.48898e+05
2.91626e+00 3.09636e+01 1.48898e+05
2.91612e+00 3.09637e+01 1.48898e+05
2.91598e+00 3.09637e+01 1.48898e+05
2.91584e+00 3.09638e+01 1.48898e+05
2.91570e+00 3.09639e+01 1.48898e+05
2.91555e+00 3.09639e+01 1.48898e+05
2.91541e+00 3.09640e+01 1.48898e+05
2.91527e+00 3.09641e+01 1.48898e+05
2.91513e+00 3.09641e+01 1.48898e+05
2.91499e+00 3.09642e+01 1.48898e+05
2.91485e+00 3.09642e+01 1.48898e+05
2.91471e+00 3.09643e+01 1.48898e+05
2.91457e+00 3.09644e+01 1.48898e+05
2.91443e+00 3.09644e+01 1.48898e+05
2.91429e+00 3.09645e+01 1.48898e+05
2.91415e+00 3.09646e+01 1.48898e+05
2.91402e+00 3.09646e+01 1.48898e+05
2.91388e+00 3.09647e+01 1.48898e+05
2.91374e+00 3.09648e+01 1.48898e+05
2.91360e+00 3.09648e+01 1.48898e+05
2.91346e+00 3.09649e+01 1.48898e+05
2.91333e+00 3.09649e+01 1.48898e+05
2.91319e+00 3.09650e+01 1.48898e+05
2.91305e+00 3.09651e+01 1.48898e+05
2.91291e+00 3.09651e+01 1.48898e+05
2.91278e+00 3.09652e+01 1.48898e+05
2.91264e+00 3.09652e+01 1.48898e+05
2.91251e+00 3.09653e+01 1.48898e+05
2.91237e+00 3.09654e+01 1.48898e+05
2.91223e+00 3.09654e+01 1.48898e+05
2.91210e+00 3.09655e+01 1.48898e+05
2.91196e+00 3.09656e+01 1.48898e+05
2.91183e+00 3.09656e+01 1.48898e+05
2.91169e+00 3.09657e+01 1.48898e+05
2.91156e+00 3.09657e+01 1.48898e+05
2.91142e+00 3.09658e+01 1.48898e+05
2.91129e+00 3.09659e+01 1.48898e+05
2.91116e+00 3.09659e+01 1.48898e+05
2.91102e+00 3.09660e+01 1.48898e+05
2.91089e+00 3.09660e+01 1.48898e+05
2.91076e+00 3.09661e+01 1.48898e+05
2.91062e+00 3.09662e+01 1.48898e+05
2.91049e+00 3.09662e+01 1.48898e+05
2.91036e+00 3.09663e+01 1.48898e+05
2.91023e+00 3.09663e+01 1.48898e+05
2.91009e+00 3.09664e+01 1.48898e+05
2.90996e+00 3.09665e+01 1.48898e+05
2.90983e+00 3.09665e+01 1.48898e+05
2.90970e+00 3.09666e+01 1.48898e+05
2.90957e+00 3.09666e+01 1.48898e+05
2.90944e+00 3.09667e+01 1.48898e+05
2.90930e+00 3.09668e+01 1.48898e+05
2.90917e+00 3.09668e+01 1.48898e+05
2.90904e+00 3.09669e+01 1.48898e+05
2.90891e+00 3.09669e+01 1.48898e+05
2.90878e+00 3.09670e+01 1.48898e+05
2.90865e+00 3.09670e+01 1.48898e+05
2.90852e+00 3.09671e+01 1.48898e+05
2.90839e+00 3.09672e+01 1.48898e+05
2.90827e+00 3.09672e+01 1.48898e+05
2.90814e+00 3.09673e+01 1.48898e+05
2.90801e+00 3.09673e+01 1.48898e+05
2.90788e+00 3.09674e+01 1.48898e+05
2.90775e+00 3.09674e+01 1.48898e+05
2.90762e+00 3.09675e+01 1.48898e+05
2.90749e+00 3.09676e+01 1.48898e+05
2.90737e+00 3.09676e+01 1.48898e+05
2.90724e+00 3.09677e+01 1.48898e+05
2.90711e+00 3.09677e+01 1.48898e+05
2.90698e+00 3.09678e+01 1.48898e+05
2.90686e+00 3.09678e+01 1.48898e+05
2.90673e+00 3.09679e+01 1.48898e+05
2.90660e+00 3.09680e+01 1.48898e+05
2.90648e+00 3.09680e+01 1.48898e+05
2.90635e+00 3.09681e+01 1.48898e+05
2.90623e+00 3.09681e+01 1.48898e+05
2.90610e+00 3.09682e+01 1.48898e+05
2.90597e+00 3.09682e+01 1.48898e+05
2.90585e+00 3.09683e+01 1.48898e+05
2.90572e+00 3.09684e+01 1.48898e+05
2.90560e+00 3.09684e+01 1.48898e+05
2.90547e+00 3.09685e+01 1.48898e+05
2.90535e+00 3.09685e+01 1.48898e+05
2.90522e+00 3.09686e+01 1.48898e+05
2.90510e+00 3.09686e+01 1.48898e+05
2.90498e+00 3.09687e+01 1.48898e+05
2.90485e+00 3.09687e+01 1.48898e+05
2.90473e+00 3.09688e+01 1.48898e+05
2.90461e+00 3.09689e+01 1.48898e+05
2.90448e+00 3.09689e+01 1.48898e+05
2.90436e+00 3.09690e+01 1.48898e+05
2.90424e+00 3.09690e+01 1.48898e+05
2.90411e+00 3.09691e+01 1.48898e+05
2.90399e+00 3.09691e+01 1.48898e+05
2.90387e+00 3.09692e+01 1.48898e+05
2.90375e+00 3.09692e+01 1.48898e+05
2.90362e+00 3.09693e+01 1.48898e+05
2.90350e+00 3.09693e+01 1.48898e+05
2.90338e+00 3.09694e+01 1.48898e+05
2.90326e+00 3.09694e+01 1.48898e+05
2.90314e+00 3.09695e+01 1.48898e+05
2.90302e+00 3.09696e+01 1.48898e+05
2.90290e+00 3.09696e+01 1.48898e+05
2.90277e+00 3.09697e+01 1.48898e+05
2.90265e+00 3.09697e+01 1.48898e+05
2.90253e+00 3.09698e+01 1.48898e+05
2.90241e+00 3.09698e+01 1.48898e+05
2.90229e+00 3.09699e+01 1.48898e+05
2.90217e+00 3.09699e+01 1.48898e+05
2.90205e+00 3.09700e+01 1.48898e+05
2.90193e+00 3.09700e+01 1.48898e+05
2.90182e+00 3.09701e+01 1.48898e+05
2.90170e+00 3.09701e+01 1.48898e+05
2.90158e+00 3.09702e+01 1.48898e+05
2.90146e+00 3.09702e+01 1.48898e+05
2.90134e+00 3.09703e+01 1.48898e+05
2.90122e+00 3.09703e+01 1.48898e+05
2.90110e+00 3.09704e+01 1.48898e+05
2.90098e+00 3.09704e+01 1.48898e+05
2.90087e+00 3.09705e+01 1.48898e+05
2.90075e+00 3.09706e+01 1.48898e+05
2.90063e+00 3.09706e+01 1.48898e+05
2.90051e+00 3.09707e+01 1.48898e+05
2.90040e+00 3.09707e+01 1.48898e+05
2.90028e+00 3.09708e+01 1.48898e+05
2.90016e+00 3.09708e+01 1.48898e+05
2.90005e+00 3.09709e+01 1.48898e+05
2.89993e+00 3.09709e+01 1.48898e+05
2.89981e+00 3.09710e+01 1.48898e+05
2.89970e+00 3.09710e+01 1.48898e+05
2.89958e+00 3.09711e+01 1.48898e+05
2.89946e+00 3.09711e+01 1.48898e+05
2.89935e+00 3.09712e+01 1.48898e+05
2.89923e+00 3.09712e+01 1.48898e+05
2.89912e+00 3.09713e+01 1.48898e+05
2.89900e+00 3.09713e+01 1.48898e+05
2.89889e+00 3.09714e+01 1.48898e+05
2.89877e+00 3.09714e+01 1.48898e+05
2.89866e+00 3.09715e+01 1.48898e+05
2.89854e+00 3.09715e+01 1.48898e+05
2.89843e+00 3.09716e+01 1.48898e+05
2.89831e+00 3.09716e+01 1.48898e+05
2.89820e+00 3.09717e+01 1.48898e+05
2.89808e+00 3.09717e+01 1.48898e+05
2.89797e+00 3.09718e+01 1.48898e+05
2.89786e+00 3.09718e+01 1.48898e+05
2.89774e+00 3.09719e+01 1.48898e+05
2.89763e+00 3.09719e+01 1.48898e+05
2.89752e+00 3.09720e+01 1.48898e+05
2.89740e+00 3.09720e+01 1.48898e+05
2.89729e+00 3.09721e+01 1.48898e+05
2.89718e+00 3.09721e+01 1.48898e+05
2.89707e+00 3.09722e+01 1.48898e+05
2.89695e+00 3.09722e+01 1.48898e+05
2.89684e+00 3.09723e+01 1.48898e+05
2.89673e+00 3.09723e+01 1.48898e+05
2.89662e+00 3.09724e+01 1.48898e+05
2.89650e+00 3.09724e+01 1.48898e+05
2.89639e+00 3.09725e+01 1.48898e+05
2.89628e+00 3.09725e+01 1.48898e+05
2.89617e+00 3.09725e+01 1.48898e+05
2.89606e+00 3.09726e+01 1.48898e+05
2.89595e+00 3.09726e+01 1.48898e+05
2.89584e+00 3.09727e+01 1.48898e+05
2.89572e+00 3.09727e+01 1.48898e+05
2.89561e+00 3.09728e+01 1.48898e+05
2.89550e+00 3.09728e+01 1.48898e+05
2.89539e+00 3.09729e+01 1.48898e+05
2.89528e+00 3.09729e+01 1.48898e+05
2.89517e+00 3.09730e+01 1.48898e+05
2.89506e+00 3.09730e+01 1.48898e+05
2.89495e+00 3.09731e+01 1.48898e+05
2.89484e+00 3.09731e+01 1.48898e+05
2.89473e+00 3.09732e+01 1.48898e+05
2.89462e+00 3.09732e+01 1.48898e+05
2.89452e+00 3.09733e+01 1.48898e+05
2.89441e+00 3.09733e+01 1.48898e+05
2.89430e+00 3.09734e+01 1.48898e+05
2.89419e+00 3.09734e+01 1.48898e+05
2.89408e+00 3.09734e+01 1.48898e+05
2.89397e+00 3.09735e+01 1.48898e+05
2.89386e+00 3.09735e+01 1.48898e+05
2.89375e+00 3.09736e+01 1.48898e+05
2.89365e+00 3.09736e+01 1.48898e+05
2.89354e+00 3.09737e+01 1.48898e+05
2.89343e+00 3.09737e+01 1.48898e+05
2.89332e+00 3.09738e+01 1.48898e+05
2.89322e+00 3.09738e+01 1.48898e+05
2.89311e+00 3.09739e+01 1.48898e+05
2.89300e+00 3.09739e+01 1.48898e+05
2.89289e+00 3.09740e+01 1.48898e+05
2.89279e+00 3.09740e+01 1.48898e+05
2.89268e+00 3.09740e+01 1.48898e+05
2.89257e+00 3.09741e+01 1.48898e+05
2.89247e+00 3.09741e+01 1.48898e+05
2.89236e+00 3.09742e+01 1.48898e+05
2.89225e+00 3.09742e+01 1.48898e+05
2.89215e+00 3.09743e+01 1.48898e+05
2.89204e+00 3.09743e+01 1.48898e+05
2.89194e+00 3.09744e+01 1.48898e+05
2.89183e+00 3.09744e+01 1.48898e+05
2.89173e+00 3.09745e+01 1.48898e+05
2.89162e+00 3.09745e+01 1.48898e+05
2.89152e+00 3.09745e+01 1.48898e+05
2.89141e+00 3.09746e+01 1.48898e+05
2.89131e+00 3.09746e+01 1.48898e+05
2.89120e+00 3.09747e+01 1.48898e+05
2.89110e+00 3.09747e+01 1.48898e+05
2.89100e+00 3.09748e+01 1.48898e+05
2.89089e+00 3.09748e+01 1.48898e+05
2.89079e+00 3.09749e+01 1.48898e+05
2.89068e+00 3.09749e+01 1.48898e+05
2.89058e+00 3.09749e+01 1.48898e+05
2.89048e+00 3.09750e+01 1.48898e+05
2.89037e+00 3.09750e+01 1.48898e+05
2.89027e+00 3.09751e+01 1.48898e+05
2.89017e+00 3.09751e+01 1.48898e+05
2.89006e+00 3.09752e+01 1.48898e+05
2.88996e+00 3.09752e+01 1.48898e+05
2.88986e+00 3.09752e+01 1.48898e+05
2.88975e+00 3.09753e+01 1.48898e+05
2.88965e+00 3.09753e+01 1.48898e+05
2.88955e+00 3.09754e+01 1.48898e+05
2.88945e+00 3.09754e+01 1.48898e+05
2.88935e+00 3.09755e+01 1.48898e+05
2.88924e+00 3.09755e+01 1.48898e+05
2.88914e+00 3.09755e+01 1.48898e+05
2.88904e+00 3.09756e+01 1.48898e+05
2.88894e+00 3.09756e+01 1.48898e+05
2.88884e+00 3.09757e+01 1.48898e+05
2.88873e+00 3.09757e+01 1.48898e+05
2.88863e+00 3.09758e+01 1.48898e+05
2.88853e+00 3.09758e+01 1.48898e+05
2.88843e+00 3.09758e+01 1.48898e+05
2.88833e+00 3.09759e+01 1.48898e+05
2.88823e+00 3.09759e+01 1.48898e+05
2.88813e+00 3.09760e+01 1.48898e+05
2.88804e+00 3.09760e+01 1.48898e+05
2.88794e+00 3.09761e+01 1.48898e+05
2.88784e+00 3.09761e+01 1.48898e+05
2.88774e+00 3.09761e+01 1.48898e+05
2.88764e+00 3.09762e+01 1.48898e+05
2.88755e+00 3.09762e+01 1.48898e+05
2.88745e+00 3.09763e+01 1.48898e+05
2.88735e+00 3.09763e+01 1.48898e+05
2.88725e+00 3.09763e+01 1.48898e+05
2.88715e+00 3.09764e+01 1.48898e+05
2.88706e+00 3.09764e+01 1.48898e+05
2.88696e+00 3.09765e+01 1.48898e+05
2.88686e+00 3.09765e+01 1.48898e+05
2.88676e+00 3.09765e+01 1.48898e+05
2.88666e+00 3.09766e+01 1.48898e+05
2.88657e+00 3.09766e+01 1.48898e+05
2.88647e+00 3.09767e+01 1.48898e+05
2.88637e+00 3.09767e+01 1.48898e+05
2.88628e+00 3.09768e+01 1.48898e+05
2.88618e+00 3.09768e+01 1.48898e+05
2.88608e+00 3.09768e+01 1.48898e+05
2.88598e+00 3.09769e+01 1.48898e+05
2.88589e+00 3.09769e+01 1.48898e+05
2.88579e+00 3.09770e+01 1.48898e+05
2.88569e+00 3.09770e+01 1.48898e+05
2.88560e+00 3.09770e+01 1.48898e+05
2.88550e+00 3.09771e+01 1.48898e+05
2.88541e+00 3.09771e+01 1.48898e+05
2.88531e+00 3.09772e+01 1.48898e+05
2.88521e+00 3.09772e+01 1.48898e+05
2.88512e+00 3.09772e+01 1.48898e+05
2.88502e+00 3.09773e+01 1.48898e+05
2.88493e+00 3.09773e+01 1.48898e+05
2.88483e+00 3.09774e+01 1.48898e+05
2.88473e+00 3.09774e+01 1.48898e+05
2.88464e+00 3.09774e+01 1.48898e+05
2.88454e+00 3.09775e+01 1.48898e+05
2.88445e+00 3.09775e+01 1.48898e+05
2.88435e+00 3.09776e+01 1.48898e+05
2.88426e+00 3.09776e+01 1.48898e+05
2.88416e+00 3.09776e+01 1.48898e+05
2.88407e+00 3.09777e+01 1.48898e+05
2.88397e+00 3.09777e+01 1.48898e+05
2.88388e+00 3.09777e+01 1.48898e+05
2.88378e+00 3.09778e+01 1.48898e+05
2.88369e+00 3.09778e+01 1.48898e+05
2.88359e+00 3.09779e+01 1.48898e+05
2.88350e+00 3.09779e+01 1.48898e+05
2.88340e+00 3.09779e+01 1.48898e+05
2.88331e+00 3.09780e+01 1.48898e+05
