source_pdb,ensemble,fit,weight
outputs/Tau5_joint_refinement/WT/helix_lengths_1/conformer_1.pdb,1,raw,0.0033333333333333335
outputs/Tau5_joint_refinement/WT/helix_lengths_1/conformer_10.pdb,1,raw,0.0033333333333333335
outputs/Tau5_joint_refinement/WT/helix_lengths_1/conformer_100.pdb,1,raw,0.0033333333333333335
outputs/Tau5_joint_refinement/WT/helix_lengths_1/conformer_101.pdb,1,raw,0.0033333333333333335
outputs/Tau5_joint_refinement/WT/helix_lengths_1/conformer_102.pdb,1,raw,0.0033333333333333335
outputs/Tau5_joint_refinement/WT/helix_lengths_1/conformer_103.pdb,1,raw,0.0033333333333333335
outputs/Tau5_joint_refinement/WT/helix_lengths_1/conformer_104.pdb,1,raw,0.0033333333333333335
outputs/Tau5_joint_refinement/WT/helix_lengths_1/conformer_105.pdb,1,raw,0.0033333333333333335
outputs/Tau5_joint_refinement/WT/helix_lengths_1/conformer_106.pdb,1,raw,0.0033333333333333335
outputs/Tau5_joint_refinement/WT/helix_lengths_1/conformer_107.pdb,1,raw,0.0033333333333333335
outputs/Tau5_joint_refinement/WT/helix_lengths_1/conformer_108.pdb,1,raw,0.0033333333333333335
outputs/Tau5_joint_refinement/WT/helix_lengths_1/conformer_109.pdb,1,raw,0.0033333333333333335
outputs/Tau5_joint_refinement/WT/helix_lengths_1/conformer_11.pdb,1,raw,0.0033333333333333335
outputs/Tau5_joint_refinement/WT/helix_lengths_1/conformer_110.pdb,1,raw,0.0033333333333333335
outputs/Tau5_joint_refinement/WT/helix_lengths_1/conformer_12.pdb,1,raw,0.0033333333333333335
outputs/Tau5_joint_refinement/WT/helix_lengths_1/conformer_13.pdb,1,raw,0.0033333333333333335
outputs/Tau5_joint_refinement/WT/helix_lengths_1/conformer_14.pdb,1,raw,0.0033333333333333335
outputs/Tau5_joint_refinement/WT/helix_lengths_1/conformer_15.pdb,1,raw,0.0033333333333333335
outputs/Tau5_joint_refinement/WT/helix_lengths_1/conformer_16.pdb,1,raw,0.0033333333333333335
outputs/Tau5_joint_refinement/WT/helix_lengths_1/conformer_17.pdb,1,raw,0.0033333333333333335
outputs/Tau5_joint_refinement/WT/helix_lengths_1/conformer_18.pdb,1,raw,0.0033333333333333335
outputs/Tau5_joint_refinement/WT/helix_lengths_1/conformer_19.pdb,1,raw,0.0033333333333333335
outputs/Tau5_joint_refinement/WT/helix_lengths_1/conformer_2.pdb,1,raw,0.0033333333333333335
outputs/Tau5_joint_refinement/WT/helix_lengths_1/conformer_20.pdb,1,raw,0.0033333333333333335
outputs/Tau5_joint_refinement/WT/helix_lengths_1/conformer_21.pdb,1,raw,0.0033333333333333335
outputs/Tau5_joint_refinement/WT/helix_lengths_1/conformer_22.pdb,1,raw,0.0033333333333333335
outputs/Tau5_joint_refinement/WT/helix_lengths_1/conformer_23.pdb,1,raw,0.0033333333333333335
outputs/Tau5_joint_refinement/WT/helix_lengths_1/conformer_24.pdb,1,raw,0.0033333333333333335
outputs/Tau5_joint_refinement/WT/helix_lengths_1/conformer_25.pdb,1,raw,0.0033333333333333335
outputs/Tau5_joint_refinement/WT/helix_lengths_1/conformer_26.pdb,1,raw,0.0033333333333333335
outputs/Tau5_joint_refinement/WT/helix_lengths_1/conformer_27.pdb,1,raw,0.0033333333333333335
outputs/Tau5_joint_refinement/WT/helix_lengths_1/conformer_28.pdb,1,raw,0.0033333333333333335
outputs/Tau5_joint_refinement/WT/helix_lengths_1/conformer_29.pdb,1,raw,0.0033333333333333335
outputs/Tau5_joint_refinement/WT/helix_lengths_1/conformer_3.pdb,1,raw,0.0033333333333333335
outputs/Tau5_joint_refinement/WT/helix_lengths_1/conformer_30.pdb,1,raw,0.0033333333333333335
outputs/Tau5_joint_refinement/WT/helix_lengths_1/conformer_31.pdb,1,raw,0.0033333333333333335
outputs/Tau5_joint_refinement/WT/helix_lengths_1/conformer_32.pdb,1,raw,0.0033333333333333335
outputs/Tau5_joint_refinement/WT/helix_lengths_1/conformer_33.pdb,1,raw,0.0033333333333333335
outputs/Tau5_joint_refinement/WT/helix_lengths_1/conformer_34.pdb,1,raw,0.0033333333333333335
outputs/Tau5_joint_refinement/WT/helix_lengths_1/conformer_35.pdb,1,raw,0.0033333333333333335
outputs/Tau5_joint_refinement/WT/helix_lengths_1/conformer_36.pdb,1,raw,0.0033333333333333335
outputs/Tau5_joint_refinement/WT/helix_lengths_1/conformer_37.pdb,1,raw,0.0033333333333333335
outputs/Tau5_joint_refinement/WT/helix_lengths_1/conformer_38.pdb,1,raw,0.0033333333333333335
outputs/Tau5_joint_refinement/WT/helix_lengths_1/conformer_39.pdb,1,raw,0.0033333333333333335
outputs/Tau5_joint_refinement/WT/helix_lengths_1/conformer_4.pdb,1,raw,0.0033333333333333335
outputs/Tau5_joint_refinement/WT/helix_lengths_1/conformer_40.pdb,1,raw,0.0033333333333333335
outputs/Tau5_joint_refinement/WT/helix_lengths_1/conformer_41.pdb,1,raw,0.0033333333333333335
outputs/Tau5_joint_refinement/WT/helix_lengths_1/conformer_42.pdb,1,raw,0.0033333333333333335
outputs/Tau5_joint_refinement/WT/helix_lengths_1/conformer_43.pdb,1,raw,0.0033333333333333335
outputs/Tau5_joint_refinement/WT/helix_lengths_1/conformer_44.pdb,1,raw,0.0033333333333333335
outputs/Tau5_joint_refinement/WT/pool_1/conformer_1.pdb,1,raw,0.0033333333333333335
outputs/Tau5_joint_refinement/WT/pool_1/conformer_10.pdb,1,raw,0.0033333333333333335
outputs/Tau5_joint_refinement/WT/pool_1/conformer_100.pdb,1,raw,0.0033333333333333335
outputs/Tau5_joint_refinement/WT/pool_1/conformer_101.pdb,1,raw,0.0033333333333333335
outputs/Tau5_joint_refinement/WT/pool_1/conformer_102.pdb,1,raw,0.0033333333333333335
outputs/Tau5_joint_refinement/WT/pool_1/conformer_103.pdb,1,raw,0.0033333333333333335
outputs/Tau5_joint_refinement/WT/pool_1/conformer_104.pdb,1,raw,0.0033333333333333335
outputs/Tau5_joint_refinement/WT/pool_1/conformer_105.pdb,1,raw,0.0033333333333333335
outputs/Tau5_joint_refinement/WT/pool_1/conformer_106.pdb,1,raw,0.0033333333333333335
outputs/Tau5_joint_refinement/WT/pool_1/conformer_107.pdb,1,raw,0.0033333333333333335
outputs/Tau5_joint_refinement/WT/pool_1/conformer_108.pdb,1,raw,0.0033333333333333335
outputs/Tau5_joint_refinement/WT/pool_1/conformer_109.pdb,1,raw,0.0033333333333333335
outputs/Tau5_joint_refinement/WT/pool_1/conformer_11.pdb,1,raw,0.0033333333333333335
outputs/Tau5_joint_refinement/WT/pool_1/conformer_110.pdb,1,raw,0.0033333333333333335
outputs/Tau5_joint_refinement/WT/pool_1/conformer_111.pdb,1,raw,0.0033333333333333335
outputs/Tau5_joint_refinement/WT/pool_1/conformer_112.pdb,1,raw,0.0033333333333333335
outputs/Tau5_joint_refinement/WT/pool_1/conformer_113.pdb,1,raw,0.0033333333333333335
outputs/Tau5_joint_refinement/WT/pool_1/conformer_114.pdb,1,raw,0.0033333333333333335
outputs/Tau5_joint_refinement/WT/pool_1/conformer_115.pdb,1,raw,0.0033333333333333335
outputs/Tau5_joint_refinement/WT/pool_1/conformer_116.pdb,1,raw,0.0033333333333333335
outputs/Tau5_joint_refinement/WT/pool_1/conformer_117.pdb,1,raw,0.0033333333333333335
outputs/Tau5_joint_refinement/WT/pool_1/conformer_118.pdb,1,raw,0.0033333333333333335
outputs/Tau5_joint_refinement/WT/pool_1/conformer_119.pdb,1,raw,0.0033333333333333335
outputs/Tau5_joint_refinement/WT/pool_1/conformer_12.pdb,1,raw,0.0033333333333333335
outputs/Tau5_joint_refinement/WT/pool_1/conformer_120.pdb,1,raw,0.0033333333333333335
outputs/Tau5_joint_refinement/WT/pool_1/conformer_121.pdb,1,raw,0.0033333333333333335
outputs/Tau5_joint_refinement/WT/pool_1/conformer_122.pdb,1,raw,0.0033333333333333335
outputs/Tau5_joint_refinement/WT/pool_1/conformer_123.pdb,1,raw,0.0033333333333333335
outputs/Tau5_joint_refinement/WT/pool_1/conformer_124.pdb,1,raw,0.0033333333333333335
outputs/Tau5_joint_refinement/WT/pool_1/conformer_125.pdb,1,raw,0.0033333333333333335
outputs/Tau5_joint_refinement/WT/pool_1/conformer_126.pdb,1,raw,0.0033333333333333335
outputs/Tau5_joint_refinement/WT/pool_1/conformer_127.pdb,1,raw,0.0033333333333333335
outputs/Tau5_joint_refinement/WT/pool_1/conformer_128.pdb,1,raw,0.0033333333333333335
outputs/Tau5_joint_refinement/WT/pool_1/conformer_129.pdb,1,raw,0.0033333333333333335
outputs/Tau5_joint_refinement/WT/pool_1/conformer_13.pdb,1,raw,0.0033333333333333335
outputs/Tau5_joint_refinement/WT/pool_1/conformer_130.pdb,1,raw,0.0033333333333333335
outputs/Tau5_joint_refinement/WT/pool_1/conformer_131.pdb,1,raw,0.0033333333333333335
outputs/Tau5_joint_refinement/WT/pool_1/conformer_132.pdb,1,raw,0.0033333333333333335
outputs/Tau5_joint_refinement/WT/pool_1/conformer_133.pdb,1,raw,0.0033333333333333335
outputs/Tau5_joint_refinement/WT/pool_1/conformer_134.pdb,1,raw,0.0033333333333333335
outputs/Tau5_joint_refinement/WT/pool_1/conformer_135.pdb,1,raw,0.0033333333333333335
outputs/Tau5_joint_refinement/WT/pool_1/conformer_136.pdb,1,raw,0.0033333333333333335
outputs/Tau5_joint_refinement/WT/pool_1/conformer_137.pdb,1,raw,0.0033333333333333335
outputs/Tau5_joint_refinement/WT/pool_1/conformer_138.pdb,1,raw,0.0033333333333333335
outputs/Tau5_joint_refinement/WT/pool_1/conformer_139.pdb,1,raw,0.0033333333333333335
outputs/Tau5_joint_refinement/WT/pool_1/conformer_14.pdb,1,raw,0.0033333333333333335
outputs/Tau5_joint_refinement/WT/pool_1/conformer_140.pdb,1,raw,0.0033333333333333335
outputs/Tau5_joint_refinement/WT/pool_1/conformer_141.pdb,1,raw,0.0033333333333333335
outputs/Tau5_joint_refinement/WT/pool_1/conformer_142.pdb,1,raw,0.0033333333333333335
outputs/Tau5_joint_refinement/WT/pool_1/conformer_143.pdb,1,raw,0.0033333333333333335
outputs/Tau5_joint_refinement/WT/pool_1/conformer_144.pdb,1,raw,0.0033333333333333335
outputs/Tau5_joint_refinement/WT/pool_1/conformer_145.pdb,1,raw,0.0033333333333333335
outputs/Tau5_joint_refinement/WT/pool_1/conformer_146.pdb,1,raw,0.0033333333333333335
outputs/Tau5_joint_refinement/WT/pool_1/conformer_147.pdb,1,raw,0.0033333333333333335
outputs/Tau5_joint_refinement/WT/pool_1/conformer_148.pdb,1,raw,0.0033333333333333335
outputs/Tau5_joint_refinement/WT/pool_1/conformer_149.pdb,1,raw,0.0033333333333333335
outputs/Tau5_joint_refinement/WT/pool_1/conformer_15.pdb,1,raw,0.0033333333333333335
outputs/Tau5_joint_refinement/WT/pool_1/conformer_150.pdb,1,raw,0.0033333333333333335
outputs/Tau5_joint_refinement/WT/pool_1/conformer_151.pdb,1,raw,0.0033333333333333335
outputs/Tau5_joint_refinement/WT/pool_1/conformer_152.pdb,1,raw,0.0033333333333333335
outputs/Tau5_joint_refinement/WT/pool_1/conformer_153.pdb,1,raw,0.0033333333333333335
outputs/Tau5_joint_refinement/WT/pool_1/conformer_154.pdb,1,raw,0.0033333333333333335
outputs/Tau5_joint_refinement/WT/pool_1/conformer_155.pdb,1,raw,0.0033333333333333335
outputs/Tau5_joint_refinement/WT/pool_1/conformer_156.pdb,1,raw,0.0033333333333333335
outputs/Tau5_joint_refinement/WT/pool_1/conformer_157.pdb,1,raw,0.0033333333333333335
outputs/Tau5_joint_refinement/WT/pool_1/conformer_158.pdb,1,raw,0.0033333333333333335
outputs/Tau5_joint_refinement/WT/pool_1/conformer_159.pdb,1,raw,0.0033333333333333335
outputs/Tau5_joint_refinement/WT/pool_1/conformer_16.pdb,1,raw,0.0033333333333333335
outputs/Tau5_joint_refinement/WT/pool_1/conformer_160.pdb,1,raw,0.0033333333333333335
outputs/Tau5_joint_refinement/WT/pool_1/conformer_161.pdb,1,raw,0.0033333333333333335
outputs/Tau5_joint_refinement/WT/pool_1/conformer_162.pdb,1,raw,0.0033333333333333335
outputs/Tau5_joint_refinement/WT/pool_1/conformer_163.pdb,1,raw,0.0033333333333333335
outputs/Tau5_joint_refinement/WT/pool_1/conformer_164.pdb,1,raw,0.0033333333333333335
outputs/Tau5_joint_refinement/WT/pool_1/conformer_165.pdb,1,raw,0.0033333333333333335
outputs/Tau5_joint_refinement/WT/pool_1/conformer_166.pdb,1,raw,0.0033333333333333335
outputs/Tau5_joint_refinement/WT/pool_1/conformer_167.pdb,1,raw,0.0033333333333333335
outputs/Tau5_joint_refinement/WT/pool_1/conformer_168.pdb,1,raw,0.0033333333333333335
outputs/Tau5_joint_refinement/WT/pool_1/conformer_169.pdb,1,raw,0.0033333333333333335
outputs/Tau5_joint_refinement/WT/pool_1/conformer_17.pdb,1,raw,0.0033333333333333335
outputs/Tau5_joint_refinement/WT/pool_1/conformer_170.pdb,1,raw,0.0033333333333333335
outputs/Tau5_joint_refinement/WT/pool_1/conformer_171.pdb,1,raw,0.0033333333333333335
outputs/Tau5_joint_refinement/WT/pool_1/conformer_172.pdb,1,raw,0.0033333333333333335
outputs/Tau5_joint_refinement/WT/pool_1/conformer_173.pdb,1,raw,0.0033333333333333335
outputs/Tau5_joint_refinement/WT/pool_1/conformer_174.pdb,1,raw,0.0033333333333333335
outputs/Tau5_joint_refinement/WT/pool_1/conformer_175.pdb,1,raw,0.0033333333333333335
outputs/Tau5_joint_refinement/WT/pool_1/conformer_176.pdb,1,raw,0.0033333333333333335
outputs/Tau5_joint_refinement/WT/pool_1/conformer_177.pdb,1,raw,0.0033333333333333335
outputs/Tau5_joint_refinement/WT/pool_1/conformer_178.pdb,1,raw,0.0033333333333333335
outputs/Tau5_joint_refinement/WT/pool_1/conformer_179.pdb,1,raw,0.0033333333333333335
outputs/Tau5_joint_refinement/WT/pool_1/conformer_18.pdb,1,raw,0.0033333333333333335
outputs/Tau5_joint_refinement/WT/pool_1/conformer_180.pdb,1,raw,0.0033333333333333335
outputs/Tau5_joint_refinement/WT/pool_1/conformer_181.pdb,1,raw,0.0033333333333333335
outputs/Tau5_joint_refinement/WT/pool_1/conformer_182.pdb,1,raw,0.0033333333333333335
outputs/Tau5_joint_refinement/WT/pool_1/conformer_183.pdb,1,raw,0.0033333333333333335
outputs/Tau5_joint_refinement/WT/pool_1/conformer_184.pdb,1,raw,0.0033333333333333335
outputs/Tau5_joint_refinement/WT/pool_1/conformer_185.pdb,1,raw,0.0033333333333333335
outputs/Tau5_joint_refinement/WT/pool_1/conformer_186.pdb,1,raw,0.0033333333333333335
outputs/Tau5_joint_refinement/WT/pool_1/conformer_187.pdb,1,raw,0.0033333333333333335
outputs/Tau5_joint_refinement/WT/pool_1/conformer_188.pdb,1,raw,0.0033333333333333335
outputs/Tau5_joint_refinement/WT/pool_1/conformer_189.pdb,1,raw,0.0033333333333333335
outputs/Tau5_joint_refinement/WT/pool_1/conformer_19.pdb,1,raw,0.0033333333333333335
outputs/Tau5_joint_refinement/WT/pool_1/conformer_190.pdb,1,raw,0.0033333333333333335
outputs/Tau5_joint_refinement/WT/pool_1/conformer_191.pdb,1,raw,0.0033333333333333335
outputs/Tau5_joint_refinement/WT/pool_1/conformer_192.pdb,1,raw,0.0033333333333333335
outputs/Tau5_joint_refinement/WT/pool_1/conformer_193.pdb,1,raw,0.0033333333333333335
outputs/Tau5_joint_refinement/WT/pool_1/conformer_194.pdb,1,raw,0.0033333333333333335
outputs/Tau5_joint_refinement/WT/pool_1/conformer_195.pdb,1,raw,0.0033333333333333335
outputs/Tau5_joint_refinement/WT/pool_1/conformer_196.pdb,1,raw,0.0033333333333333335
outputs/Tau5_joint_refinement/WT/pool_1/conformer_197.pdb,1,raw,0.0033333333333333335
outputs/Tau5_joint_refinement/WT/pool_1/conformer_198.pdb,1,raw,0.0033333333333333335
outputs/Tau5_joint_refinement/WT/pool_1/conformer_199.pdb,1,raw,0.0033333333333333335
outputs/Tau5_joint_refinement/WT/pool_1/conformer_2.pdb,1,raw,0.0033333333333333335
outputs/Tau5_joint_refinement/WT/pool_1/conformer_20.pdb,1,raw,0.0033333333333333335
outputs/Tau5_joint_refinement/WT/pool_1/conformer_200.pdb,1,raw,0.0033333333333333335
outputs/Tau5_joint_refinement/WT/pool_1/conformer_201.pdb,1,raw,0.0033333333333333335
outputs/Tau5_joint_refinement/WT/pool_1/conformer_202.pdb,1,raw,0.0033333333333333335
outputs/Tau5_joint_refinement/WT/pool_1/conformer_203.pdb,1,raw,0.0033333333333333335
outputs/Tau5_joint_refinement/WT/pool_1/conformer_204.pdb,1,raw,0.0033333333333333335
outputs/Tau5_joint_refinement/WT/pool_1/conformer_205.pdb,1,raw,0.0033333333333333335
outputs/Tau5_joint_refinement/WT/pool_1/conformer_206.pdb,1,raw,0.0033333333333333335
outputs/Tau5_joint_refinement/WT/pool_1/conformer_207.pdb,1,raw,0.0033333333333333335
outputs/Tau5_joint_refinement/WT/pool_1/conformer_208.pdb,1,raw,0.0033333333333333335
outputs/Tau5_joint_refinement/WT/pool_1/conformer_209.pdb,1,raw,0.0033333333333333335
outputs/Tau5_joint_refinement/WT/pool_1/conformer_21.pdb,1,raw,0.0033333333333333335
outputs/Tau5_joint_refinement/WT/pool_1/conformer_210.pdb,1,raw,0.0033333333333333335
outputs/Tau5_joint_refinement/WT/pool_1/conformer_211.pdb,1,raw,0.0033333333333333335
outputs/Tau5_joint_refinement/WT/pool_1/conformer_212.pdb,1,raw,0.0033333333333333335
outputs/Tau5_joint_refinement/WT/pool_1/conformer_213.pdb,1,raw,0.0033333333333333335
outputs/Tau5_joint_refinement/WT/pool_1/conformer_214.pdb,1,raw,0.0033333333333333335
outputs/Tau5_joint_refinement/WT/pool_1/conformer_215.pdb,1,raw,0.0033333333333333335
outputs/Tau5_joint_refinement/WT/pool_1/conformer_216.pdb,1,raw,0.0033333333333333335
outputs/Tau5_joint_refinement/WT/pool_1/conformer_217.pdb,1,raw,0.0033333333333333335
outputs/Tau5_joint_refinement/WT/pool_1/conformer_218.pdb,1,raw,0.0033333333333333335
outputs/Tau5_joint_refinement/WT/pool_1/conformer_219.pdb,1,raw,0.0033333333333333335
outputs/Tau5_joint_refinement/WT/pool_1/conformer_22.pdb,1,raw,0.0033333333333333335
outputs/Tau5_joint_refinement/WT/pool_1/conformer_220.pdb,1,raw,0.0033333333333333335
outputs/Tau5_joint_refinement/WT/pool_1/conformer_221.pdb,1,raw,0.0033333333333333335
outputs/Tau5_joint_refinement/WT/pool_1/conformer_222.pdb,1,raw,0.0033333333333333335
outputs/Tau5_joint_refinement/WT/pool_1/conformer_223.pdb,1,raw,0.0033333333333333335
outputs/Tau5_joint_refinement/WT/pool_1/conformer_224.pdb,1,raw,0.0033333333333333335
outputs/Tau5_joint_refinement/WT/pool_1/conformer_225.pdb,1,raw,0.0033333333333333335
outputs/Tau5_joint_refinement/WT/pool_1/conformer_226.pdb,1,raw,0.0033333333333333335
outputs/Tau5_joint_refinement/WT/pool_1/conformer_227.pdb,1,raw,0.0033333333333333335
outputs/Tau5_joint_refinement/WT/pool_1/conformer_228.pdb,1,raw,0.0033333333333333335
outputs/Tau5_joint_refinement/WT/pool_1/conformer_229.pdb,1,raw,0.0033333333333333335
outputs/Tau5_joint_refinement/WT/pool_1/conformer_23.pdb,1,raw,0.0033333333333333335
outputs/Tau5_joint_refinement/WT/pool_1/conformer_230.pdb,1,raw,0.0033333333333333335
outputs/Tau5_joint_refinement/WT/pool_1/conformer_231.pdb,1,raw,0.0033333333333333335
outputs/Tau5_joint_refinement/WT/pool_1/conformer_232.pdb,1,raw,0.0033333333333333335
outputs/Tau5_joint_refinement/WT/pool_1/conformer_233.pdb,1,raw,0.0033333333333333335
outputs/Tau5_joint_refinement/WT/pool_1/conformer_234.pdb,1,raw,0.0033333333333333335
outputs/Tau5_joint_refinement/WT/pool_1/conformer_235.pdb,1,raw,0.0033333333333333335
outputs/Tau5_joint_refinement/WT/pool_1/conformer_236.pdb,1,raw,0.0033333333333333335
outputs/Tau5_joint_refinement/WT/pool_1/conformer_237.pdb,1,raw,0.0033333333333333335
outputs/Tau5_joint_refinement/WT/pool_1/conformer_238.pdb,1,raw,0.0033333333333333335
outputs/Tau5_joint_refinement/WT/pool_1/conformer_239.pdb,1,raw,0.0033333333333333335
outputs/Tau5_joint_refinement/WT/pool_1/conformer_24.pdb,1,raw,0.0033333333333333335
outputs/Tau5_joint_refinement/WT/pool_1/conformer_240.pdb,1,raw,0.0033333333333333335
outputs/Tau5_joint_refinement/WT/pool_1/conformer_241.pdb,1,raw,0.0033333333333333335
outputs/Tau5_joint_refinement/WT/pool_1/conformer_242.pdb,1,raw,0.0033333333333333335
outputs/Tau5_joint_refinement/WT/pool_1/conformer_243.pdb,1,raw,0.0033333333333333335
outputs/Tau5_joint_refinement/WT/pool_1/conformer_244.pdb,1,raw,0.0033333333333333335
outputs/Tau5_joint_refinement/WT/pool_1/conformer_245.pdb,1,raw,0.0033333333333333335
outputs/Tau5_joint_refinement/WT/pool_1/conformer_246.pdb,1,raw,0.0033333333333333335
outputs/Tau5_joint_refinement/WT/pool_1/conformer_247.pdb,1,raw,0.0033333333333333335
outputs/Tau5_joint_refinement/WT/pool_1/conformer_248.pdb,1,raw,0.0033333333333333335
outputs/Tau5_joint_refinement/WT/pool_1/conformer_249.pdb,1,raw,0.0033333333333333335
outputs/Tau5_joint_refinement/WT/pool_1/conformer_25.pdb,1,raw,0.0033333333333333335
outputs/Tau5_joint_refinement/WT/pool_1/conformer_250.pdb,1,raw,0.0033333333333333335
outputs/Tau5_joint_refinement/WT/pool_1/conformer_26.pdb,1,raw,0.0033333333333333335
outputs/Tau5_joint_refinement/WT/pool_1/conformer_27.pdb,1,raw,0.0033333333333333335
outputs/Tau5_joint_refinement/WT/pool_1/conformer_28.pdb,1,raw,0.0033333333333333335
outputs/Tau5_joint_refinement/WT/pool_1/conformer_29.pdb,1,raw,0.0033333333333333335
outputs/Tau5_joint_refinement/WT/pool_1/conformer_3.pdb,1,raw,0.0033333333333333335
outputs/Tau5_joint_refinement/WT/pool_1/conformer_30.pdb,1,raw,0.0033333333333333335
outputs/Tau5_joint_refinement/WT/pool_1/conformer_31.pdb,1,raw,0.0033333333333333335
outputs/Tau5_joint_refinement/WT/pool_1/conformer_32.pdb,1,raw,0.0033333333333333335
outputs/Tau5_joint_refinement/WT/pool_1/conformer_33.pdb,1,raw,0.0033333333333333335
outputs/Tau5_joint_refinement/WT/pool_1/conformer_34.pdb,1,raw,0.0033333333333333335
outputs/Tau5_joint_refinement/WT/pool_1/conformer_35.pdb,1,raw,0.0033333333333333335
outputs/Tau5_joint_refinement/WT/pool_1/conformer_36.pdb,1,raw,0.0033333333333333335
outputs/Tau5_joint_refinement/WT/pool_1/conformer_37.pdb,1,raw,0.0033333333333333335
outputs/Tau5_joint_refinement/WT/pool_1/conformer_38.pdb,1,raw,0.0033333333333333335
outputs/Tau5_joint_refinement/WT/pool_1/conformer_39.pdb,1,raw,0.0033333333333333335
outputs/Tau5_joint_refinement/WT/pool_1/conformer_4.pdb,1,raw,0.0033333333333333335
outputs/Tau5_joint_refinement/WT/pool_1/conformer_40.pdb,1,raw,0.0033333333333333335
outputs/Tau5_joint_refinement/WT/pool_1/conformer_41.pdb,1,raw,0.0033333333333333335
outputs/Tau5_joint_refinement/WT/pool_1/conformer_42.pdb,1,raw,0.0033333333333333335
outputs/Tau5_joint_refinement/WT/pool_1/conformer_43.pdb,1,raw,0.0033333333333333335
outputs/Tau5_joint_refinement/WT/pool_1/conformer_44.pdb,1,raw,0.0033333333333333335
outputs/Tau5_joint_refinement/WT/pool_1/conformer_45.pdb,1,raw,0.0033333333333333335
outputs/Tau5_joint_refinement/WT/pool_1/conformer_46.pdb,1,raw,0.0033333333333333335
outputs/Tau5_joint_refinement/WT/pool_1/conformer_47.pdb,1,raw,0.0033333333333333335
outputs/Tau5_joint_refinement/WT/pool_1/conformer_48.pdb,1,raw,0.0033333333333333335
outputs/Tau5_joint_refinement/WT/pool_1/conformer_49.pdb,1,raw,0.0033333333333333335
outputs/Tau5_joint_refinement/WT/pool_1/conformer_5.pdb,1,raw,0.0033333333333333335
outputs/Tau5_joint_refinement/WT/pool_1/conformer_50.pdb,1,raw,0.0033333333333333335
outputs/Tau5_joint_refinement/WT/pool_1/conformer_51.pdb,1,raw,0.0033333333333333335
outputs/Tau5_joint_refinement/WT/pool_1/conformer_52.pdb,1,raw,0.0033333333333333335
outputs/Tau5_joint_refinement/WT/pool_1/conformer_53.pdb,1,raw,0.0033333333333333335
outputs/Tau5_joint_refinement/WT/pool_1/conformer_54.pdb,1,raw,0.0033333333333333335
outputs/Tau5_joint_refinement/WT/pool_1/conformer_55.pdb,1,raw,0.0033333333333333335
outputs/Tau5_joint_refinement/WT/pool_1/conformer_56.pdb,1,raw,0.0033333333333333335
outputs/Tau5_joint_refinement/WT/pool_1/conformer_57.pdb,1,raw,0.0033333333333333335
outputs/Tau5_joint_refinement/WT/pool_1/conformer_58.pdb,1,raw,0.0033333333333333335
outputs/Tau5_joint_refinement/WT/pool_1/conformer_59.pdb,1,raw,0.0033333333333333335
outputs/Tau5_joint_refinement/WT/pool_1/conformer_6.pdb,1,raw,0.0033333333333333335
outputs/Tau5_joint_refinement/WT/pool_1/conformer_60.pdb,1,raw,0.0033333333333333335
outputs/Tau5_joint_refinement/WT/pool_1/conformer_61.pdb,1,raw,0.0033333333333333335
outputs/Tau5_joint_refinement/WT/pool_1/conformer_62.pdb,1,raw,0.0033333333333333335
outputs/Tau5_joint_refinement/WT/pool_1/conformer_63.pdb,1,raw,0.0033333333333333335
outputs/Tau5_joint_refinement/WT/pool_1/conformer_64.pdb,1,raw,0.0033333333333333335
outputs/Tau5_joint_refinement/WT/pool_1/conformer_65.pdb,1,raw,0.0033333333333333335
outputs/Tau5_joint_refinement/WT/pool_1/conformer_66.pdb,1,raw,0.0033333333333333335
outputs/Tau5_joint_refinement/WT/pool_1/conformer_67.pdb,1,raw,0.0033333333333333335
outputs/Tau5_joint_refinement/WT/pool_1/conformer_68.pdb,1,raw,0.0033333333333333335
outputs/Tau5_joint_refinement/WT/pool_1/conformer_69.pdb,1,raw,0.0033333333333333335
outputs/Tau5_joint_refinement/WT/pool_1/conformer_7.pdb,1,raw,0.0033333333333333335
outputs/Tau5_joint_refinement/WT/pool_1/conformer_70.pdb,1,raw,0.0033333333333333335
outputs/Tau5_joint_refinement/WT/pool_1/conformer_71.pdb,1,raw,0.0033333333333333335
outputs/Tau5_joint_refinement/WT/pool_1/conformer_72.pdb,1,raw,0.0033333333333333335
outputs/Tau5_joint_refinement/WT/pool_1/conformer_73.pdb,1,raw,0.0033333333333333335
outputs/Tau5_joint_refinement/WT/pool_1/conformer_74.pdb,1,raw,0.0033333333333333335
outputs/Tau5_joint_refinement/WT/pool_1/conformer_75.pdb,1,raw,0.0033333333333333335
outputs/Tau5_joint_refinement/WT/pool_1/conformer_76.pdb,1,raw,0.0033333333333333335
outputs/Tau5_joint_refinement/WT/pool_1/conformer_77.pdb,1,raw,0.0033333333333333335
outputs/Tau5_joint_refinement/WT/pool_1/conformer_78.pdb,1,raw,0.0033333333333333335
outputs/Tau5_joint_refinement/WT/pool_1/conformer_79.pdb,1,raw,0.0033333333333333335
outputs/Tau5_joint_refinement/WT/pool_1/conformer_8.pdb,1,raw,0.0033333333333333335
outputs/Tau5_joint_refinement/WT/pool_1/conformer_80.pdb,1,raw,0.0033333333333333335
outputs/Tau5_joint_refinement/WT/pool_1/conformer_81.pdb,1,raw,0.0033333333333333335
outputs/Tau5_joint_refinement/WT/pool_1/conformer_82.pdb,1,raw,0.0033333333333333335
outputs/Tau5_joint_refinement/WT/pool_1/conformer_83.pdb,1,raw,0.0033333333333333335
outputs/Tau5_joint_refinement/WT/pool_1/conformer_84.pdb,1,raw,0.0033333333333333335
outputs/Tau5_joint_refinement/WT/pool_1/conformer_85.pdb,1,raw,0.0033333333333333335
outputs/Tau5_joint_refinement/WT/pool_1/conformer_86.pdb,1,raw,0.0033333333333333335
outputs/Tau5_joint_refinement/WT/pool_1/conformer_87.pdb,1,raw,0.0033333333333333335
outputs/Tau5_joint_refinement/WT/pool_1/conformer_88.pdb,1,raw,0.0033333333333333335
outputs/Tau5_joint_refinement/WT/pool_1/conformer_89.pdb,1,raw,0.0033333333333333335
outputs/Tau5_joint_refinement/WT/pool_1/conformer_9.pdb,1,raw,0.0033333333333333335
outputs/Tau5_joint_refinement/WT/pool_1/conformer_90.pdb,1,raw,0.0033333333333333335
outputs/Tau5_joint_refinement/WT/pool_1/conformer_91.pdb,1,raw,0.0033333333333333335
outputs/Tau5_joint_refinement/WT/pool_1/conformer_92.pdb,1,raw,0.0033333333333333335
outputs/Tau5_joint_refinement/WT/pool_1/conformer_93.pdb,1,raw,0.0033333333333333335
outputs/Tau5_joint_refinement/WT/pool_1/conformer_94.pdb,1,raw,0.0033333333333333335
outputs/Tau5_joint_refinement/WT/pool_1/conformer_95.pdb,1,raw,0.0033333333333333335
outputs/Tau5_joint_refinement/WT/pool_1/conformer_96.pdb,1,raw,0.0033333333333333335
outputs/Tau5_joint_refinement/WT/pool_1/conformer_97.pdb,1,raw,0.0033333333333333335
outputs/Tau5_joint_refinement/WT/pool_1/conformer_98.pdb,1,raw,0.0033333333333333335
outputs/Tau5_joint_refinement/WT/pool_1/conformer_99.pdb,1,raw,0.0033333333333333335
outputs/Tau5_joint_refinement/WT/helix_lengths_1/conformer_1.pdb,1,carbon_only,0.0
outputs/Tau5_joint_refinement/WT/helix_lengths_1/conformer_10.pdb,1,carbon_only,0.0
outputs/Tau5_joint_refinement/WT/helix_lengths_1/conformer_100.pdb,1,carbon_only,0.0
outputs/Tau5_joint_refinement/WT/helix_lengths_1/conformer_101.pdb,1,carbon_only,0.0
outputs/Tau5_joint_refinement/WT/helix_lengths_1/conformer_102.pdb,1,carbon_only,0.0
outputs/Tau5_joint_refinement/WT/helix_lengths_1/conformer_103.pdb,1,carbon_only,0.0
outputs/Tau5_joint_refinement/WT/helix_lengths_1/conformer_104.pdb,1,carbon_only,0.0
outputs/Tau5_joint_refinement/WT/helix_lengths_1/conformer_105.pdb,1,carbon_only,0.0
outputs/Tau5_joint_refinement/WT/helix_lengths_1/conformer_106.pdb,1,carbon_only,0.0
outputs/Tau5_joint_refinement/WT/helix_lengths_1/conformer_107.pdb,1,carbon_only,0.07861441057376835
outputs/Tau5_joint_refinement/WT/helix_lengths_1/conformer_108.pdb,1,carbon_only,0.0
outputs/Tau5_joint_refinement/WT/helix_lengths_1/conformer_109.pdb,1,carbon_only,0.0031832548905821375
outputs/Tau5_joint_refinement/WT/helix_lengths_1/conformer_11.pdb,1,carbon_only,0.06011938143241707
outputs/Tau5_joint_refinement/WT/helix_lengths_1/conformer_110.pdb,1,carbon_only,0.05599411420509636
outputs/Tau5_joint_refinement/WT/helix_lengths_1/conformer_12.pdb,1,carbon_only,0.01126524320628327
outputs/Tau5_joint_refinement/WT/helix_lengths_1/conformer_13.pdb,1,carbon_only,0.009770294267973968
outputs/Tau5_joint_refinement/WT/helix_lengths_1/conformer_14.pdb,1,carbon_only,0.0
outputs/Tau5_joint_refinement/WT/helix_lengths_1/conformer_15.pdb,1,carbon_only,0.03070207380588884
outputs/Tau5_joint_refinement/WT/helix_lengths_1/conformer_16.pdb,1,carbon_only,0.0
outputs/Tau5_joint_refinement/WT/helix_lengths_1/conformer_17.pdb,1,carbon_only,0.0
outputs/Tau5_joint_refinement/WT/helix_lengths_1/conformer_18.pdb,1,carbon_only,0.0
outputs/Tau5_joint_refinement/WT/helix_lengths_1/conformer_19.pdb,1,carbon_only,0.0
outputs/Tau5_joint_refinement/WT/helix_lengths_1/conformer_2.pdb,1,carbon_only,0.020656659886909158
outputs/Tau5_joint_refinement/WT/helix_lengths_1/conformer_20.pdb,1,carbon_only,0.0031502522554089103
outputs/Tau5_joint_refinement/WT/helix_lengths_1/conformer_21.pdb,1,carbon_only,0.0
outputs/Tau5_joint_refinement/WT/helix_lengths_1/conformer_22.pdb,1,carbon_only,0.0
outputs/Tau5_joint_refinement/WT/helix_lengths_1/conformer_23.pdb,1,carbon_only,0.028074470433369688
outputs/Tau5_joint_refinement/WT/helix_lengths_1/conformer_24.pdb,1,carbon_only,0.0
outputs/Tau5_joint_refinement/WT/helix_lengths_1/conformer_25.pdb,1,carbon_only,0.0
outputs/Tau5_joint_refinement/WT/helix_lengths_1/conformer_26.pdb,1,carbon_only,0.0
outputs/Tau5_joint_refinement/WT/helix_lengths_1/conformer_27.pdb,1,carbon_only,0.0
outputs/Tau5_joint_refinement/WT/helix_lengths_1/conformer_28.pdb,1,carbon_only,0.024707589460928565
outputs/Tau5_joint_refinement/WT/helix_lengths_1/conformer_29.pdb,1,carbon_only,0.0011878224944957333
outputs/Tau5_joint_refinement/WT/helix_lengths_1/conformer_3.pdb,1,carbon_only,0.0
outputs/Tau5_joint_refinement/WT/helix_lengths_1/conformer_30.pdb,1,carbon_only,0.007519369040200348
outputs/Tau5_joint_refinement/WT/helix_lengths_1/conformer_31.pdb,1,carbon_only,0.0
outputs/Tau5_joint_refinement/WT/helix_lengths_1/conformer_32.pdb,1,carbon_only,0.0
outputs/Tau5_joint_refinement/WT/helix_lengths_1/conformer_33.pdb,1,carbon_only,0.0
outputs/Tau5_joint_refinement/WT/helix_lengths_1/conformer_34.pdb,1,carbon_only,0.0
outputs/Tau5_joint_refinement/WT/helix_lengths_1/conformer_35.pdb,1,carbon_only,0.0
outputs/Tau5_joint_refinement/WT/helix_lengths_1/conformer_36.pdb,1,carbon_only,0.0
outputs/Tau5_joint_refinement/WT/helix_lengths_1/conformer_37.pdb,1,carbon_only,0.025582914233284536
outputs/Tau5_joint_refinement/WT/helix_lengths_1/conformer_38.pdb,1,carbon_only,0.0
outputs/Tau5_joint_refinement/WT/helix_lengths_1/conformer_39.pdb,1,carbon_only,0.0
outputs/Tau5_joint_refinement/WT/helix_lengths_1/conformer_4.pdb,1,carbon_only,0.0005425243783325439
outputs/Tau5_joint_refinement/WT/helix_lengths_1/conformer_40.pdb,1,carbon_only,0.008902692441796627
outputs/Tau5_joint_refinement/WT/helix_lengths_1/conformer_41.pdb,1,carbon_only,0.0
outputs/Tau5_joint_refinement/WT/helix_lengths_1/conformer_42.pdb,1,carbon_only,0.0
outputs/Tau5_joint_refinement/WT/helix_lengths_1/conformer_43.pdb,1,carbon_only,0.0062562736299813645
outputs/Tau5_joint_refinement/WT/helix_lengths_1/conformer_44.pdb,1,carbon_only,0.0
outputs/Tau5_joint_refinement/WT/pool_1/conformer_1.pdb,1,carbon_only,0.0014575285074092082
outputs/Tau5_joint_refinement/WT/pool_1/conformer_10.pdb,1,carbon_only,0.0
outputs/Tau5_joint_refinement/WT/pool_1/conformer_100.pdb,1,carbon_only,0.0
outputs/Tau5_joint_refinement/WT/pool_1/conformer_101.pdb,1,carbon_only,0.0
outputs/Tau5_joint_refinement/WT/pool_1/conformer_102.pdb,1,carbon_only,0.0
outputs/Tau5_joint_refinement/WT/pool_1/conformer_103.pdb,1,carbon_only,0.04270687746156207
outputs/Tau5_joint_refinement/WT/pool_1/conformer_104.pdb,1,carbon_only,0.0
outputs/Tau5_joint_refinement/WT/pool_1/conformer_105.pdb,1,carbon_only,0.0
outputs/Tau5_joint_refinement/WT/pool_1/conformer_106.pdb,1,carbon_only,0.0
outputs/Tau5_joint_refinement/WT/pool_1/conformer_107.pdb,1,carbon_only,0.05207986012065656
outputs/Tau5_joint_refinement/WT/pool_1/conformer_108.pdb,1,carbon_only,0.0
outputs/Tau5_joint_refinement/WT/pool_1/conformer_109.pdb,1,carbon_only,0.0
outputs/Tau5_joint_refinement/WT/pool_1/conformer_11.pdb,1,carbon_only,0.019002695040997688
outputs/Tau5_joint_refinement/WT/pool_1/conformer_110.pdb,1,carbon_only,0.0
outputs/Tau5_joint_refinement/WT/pool_1/conformer_111.pdb,1,carbon_only,0.0
outputs/Tau5_joint_refinement/WT/pool_1/conformer_112.pdb,1,carbon_only,0.0
outputs/Tau5_joint_refinement/WT/pool_1/conformer_113.pdb,1,carbon_only,0.0
outputs/Tau5_joint_refinement/WT/pool_1/conformer_114.pdb,1,carbon_only,0.0
outputs/Tau5_joint_refinement/WT/pool_1/conformer_115.pdb,1,carbon_only,0.02412925655044705
outputs/Tau5_joint_refinement/WT/pool_1/conformer_116.pdb,1,carbon_only,0.0
outputs/Tau5_joint_refinement/WT/pool_1/conformer_117.pdb,1,carbon_only,0.0
outputs/Tau5_joint_refinement/WT/pool_1/conformer_118.pdb,1,carbon_only,0.0
outputs/Tau5_joint_refinement/WT/pool_1/conformer_119.pdb,1,carbon_only,0.0
outputs/Tau5_joint_refinement/WT/pool_1/conformer_12.pdb,1,carbon_only,0.0
outputs/Tau5_joint_refinement/WT/pool_1/conformer_120.pdb,1,carbon_only,0.0016478767356632971
outputs/Tau5_joint_refinement/WT/pool_1/conformer_121.pdb,1,carbon_only,0.0
outputs/Tau5_joint_refinement/WT/pool_1/conformer_122.pdb,1,carbon_only,0.0
outputs/Tau5_joint_refinement/WT/pool_1/conformer_123.pdb,1,carbon_only,0.0
outputs/Tau5_joint_refinement/WT/pool_1/conformer_124.pdb,1,carbon_only,0.0
outputs/Tau5_joint_refinement/WT/pool_1/conformer_125.pdb,1,carbon_only,0.0
outputs/Tau5_joint_refinement/WT/pool_1/conformer_126.pdb,1,carbon_only,0.0
outputs/Tau5_joint_refinement/WT/pool_1/conformer_127.pdb,1,carbon_only,0.0
outputs/Tau5_joint_refinement/WT/pool_1/conformer_128.pdb,1,carbon_only,0.0
outputs/Tau5_joint_refinement/WT/pool_1/conformer_129.pdb,1,carbon_only,0.0
outputs/Tau5_joint_refinement/WT/pool_1/conformer_13.pdb,1,carbon_only,0.0
outputs/Tau5_joint_refinement/WT/pool_1/conformer_130.pdb,1,carbon_only,0.0
outputs/Tau5_joint_refinement/WT/pool_1/conformer_131.pdb,1,carbon_only,0.0
outputs/Tau5_joint_refinement/WT/pool_1/conformer_132.pdb,1,carbon_only,0.0
outputs/Tau5_joint_refinement/WT/pool_1/conformer_133.pdb,1,carbon_only,0.0
outputs/Tau5_joint_refinement/WT/pool_1/conformer_134.pdb,1,carbon_only,0.0
outputs/Tau5_joint_refinement/WT/pool_1/conformer_135.pdb,1,carbon_only,0.0
outputs/Tau5_joint_refinement/WT/pool_1/conformer_136.pdb,1,carbon_only,0.0
outputs/Tau5_joint_refinement/WT/pool_1/conformer_137.pdb,1,carbon_only,0.0
outputs/Tau5_joint_refinement/WT/pool_1/conformer_138.pdb,1,carbon_only,0.0
outputs/Tau5_joint_refinement/WT/pool_1/conformer_139.pdb,1,carbon_only,0.0
outputs/Tau5_joint_refinement/WT/pool_1/conformer_14.pdb,1,carbon_only,0.0
outputs/Tau5_joint_refinement/WT/pool_1/conformer_140.pdb,1,carbon_only,0.0
outputs/Tau5_joint_refinement/WT/pool_1/conformer_141.pdb,1,carbon_only,0.0
outputs/Tau5_joint_refinement/WT/pool_1/conformer_142.pdb,1,carbon_only,0.0
outputs/Tau5_joint_refinement/WT/pool_1/conformer_143.pdb,1,carbon_only,0.0
outputs/Tau5_joint_refinement/WT/pool_1/conformer_144.pdb,1,carbon_only,0.0703483203295356
outputs/Tau5_joint_refinement/WT/pool_1/conformer_145.pdb,1,carbon_only,0.0
outputs/Tau5_joint_refinement/WT/pool_1/conformer_146.pdb,1,carbon_only,0.0
outputs/Tau5_joint_refinement/WT/pool_1/conformer_147.pdb,1,carbon_only,0.0
outputs/Tau5_joint_refinement/WT/pool_1/conformer_148.pdb,1,carbon_only,0.008797229423169404
outputs/Tau5_joint_refinement/WT/pool_1/conformer_149.pdb,1,carbon_only,0.0
outputs/Tau5_joint_refinement/WT/pool_1/conformer_15.pdb,1,carbon_only,0.0
outputs/Tau5_joint_refinement/WT/pool_1/conformer_150.pdb,1,carbon_only,0.0
outputs/Tau5_joint_refinement/WT/pool_1/conformer_151.pdb,1,carbon_only,0.0
outputs/Tau5_joint_refinement/WT/pool_1/conformer_152.pdb,1,carbon_only,0.0
outputs/Tau5_joint_refinement/WT/pool_1/conformer_153.pdb,1,carbon_only,0.0
outputs/Tau5_joint_refinement/WT/pool_1/conformer_154.pdb,1,carbon_only,0.0
outputs/Tau5_joint_refinement/WT/pool_1/conformer_155.pdb,1,carbon_only,0.0
outputs/Tau5_joint_refinement/WT/pool_1/conformer_156.pdb,1,carbon_only,0.0
outputs/Tau5_joint_refinement/WT/pool_1/conformer_157.pdb,1,carbon_only,0.0
outputs/Tau5_joint_refinement/WT/pool_1/conformer_158.pdb,1,carbon_only,0.0
outputs/Tau5_joint_refinement/WT/pool_1/conformer_159.pdb,1,carbon_only,0.0
outputs/Tau5_joint_refinement/WT/pool_1/conformer_16.pdb,1,carbon_only,0.0
outputs/Tau5_joint_refinement/WT/pool_1/conformer_160.pdb,1,carbon_only,0.0
outputs/Tau5_joint_refinement/WT/pool_1/conformer_161.pdb,1,carbon_only,0.0
outputs/Tau5_joint_refinement/WT/pool_1/conformer_162.pdb,1,carbon_only,0.0
outputs/Tau5_joint_refinement/WT/pool_1/conformer_163.pdb,1,carbon_only,0.0
outputs/Tau5_joint_refinement/WT/pool_1/conformer_164.pdb,1,carbon_only,0.0
outputs/Tau5_joint_refinement/WT/pool_1/conformer_165.pdb,1,carbon_only,0.0
outputs/Tau5_joint_refinement/WT/pool_1/conformer_166.pdb,1,carbon_only,0.0
outputs/Tau5_joint_refinement/WT/pool_1/conformer_167.pdb,1,carbon_only,0.0
outputs/Tau5_joint_refinement/WT/pool_1/conformer_168.pdb,1,carbon_only,0.0
outputs/Tau5_joint_refinement/WT/pool_1/conformer_169.pdb,1,carbon_only,0.0
outputs/Tau5_joint_refinement/WT/pool_1/conformer_17.pdb,1,carbon_only,0.0
outputs/Tau5_joint_refinement/WT/pool_1/conformer_170.pdb,1,carbon_only,0.0
outputs/Tau5_joint_refinement/WT/pool_1/conformer_171.pdb,1,carbon_only,0.0
outputs/Tau5_joint_refinement/WT/pool_1/conformer_172.pdb,1,carbon_only,0.0
outputs/Tau5_joint_refinement/WT/pool_1/conformer_173.pdb,1,carbon_only,0.0
outputs/Tau5_joint_refinement/WT/pool_1/conformer_174.pdb,1,carbon_only,0.0
outputs/Tau5_joint_refinement/WT/pool_1/conformer_175.pdb,1,carbon_only,0.0
outputs/Tau5_joint_refinement/WT/pool_1/conformer_176.pdb,1,carbon_only,0.0
outputs/Tau5_joint_refinement/WT/pool_1/conformer_177.pdb,1,carbon_only,0.0
outputs/Tau5_joint_refinement/WT/pool_1/conformer_178.pdb,1,carbon_only,0.0
outputs/Tau5_joint_refinement/WT/pool_1/conformer_179.pdb,1,carbon_only,0.0
outputs/Tau5_joint_refinement/WT/pool_1/conformer_18.pdb,1,carbon_only,0.0
outputs/Tau5_joint_refinement/WT/pool_1/conformer_180.pdb,1,carbon_only,0.0
outputs/Tau5_joint_refinement/WT/pool_1/conformer_181.pdb,1,carbon_only,0.0
outputs/Tau5_joint_refinement/WT/pool_1/conformer_182.pdb,1,carbon_only,0.0
outputs/Tau5_joint_refinement/WT/pool_1/conformer_183.pdb,1,carbon_only,0.0
outputs/Tau5_joint_refinement/WT/pool_1/conformer_184.pdb,1,carbon_only,0.013758878718621723
outputs/Tau5_joint_refinement/WT/pool_1/conformer_185.pdb,1,carbon_only,0.0
outputs/Tau5_joint_refinement/WT/pool_1/conformer_186.pdb,1,carbon_only,0.0
outputs/Tau5_joint_refinement/WT/pool_1/conformer_187.pdb,1,carbon_only,0.0
outputs/Tau5_joint_refinement/WT/pool_1/conformer_188.pdb,1,carbon_only,0.0
outputs/Tau5_joint_refinement/WT/pool_1/conformer_189.pdb,1,carbon_only,0.0
outputs/Tau5_joint_refinement/WT/pool_1/conformer_19.pdb,1,carbon_only,0.0
outputs/Tau5_joint_refinement/WT/pool_1/conformer_190.pdb,1,carbon_only,0.0
outputs/Tau5_joint_refinement/WT/pool_1/conformer_191.pdb,1,carbon_only,0.0
outputs/Tau5_joint_refinement/WT/pool_1/conformer_192.pdb,1,carbon_only,0.0
outputs/Tau5_joint_refinement/WT/pool_1/conformer_193.pdb,1,carbon_only,0.0
outputs/Tau5_joint_refinement/WT/pool_1/conformer_194.pdb,1,carbon_only,0.028828476420377072
outputs/Tau5_joint_refinement/WT/pool_1/conformer_195.pdb,1,carbon_only,0.0
outputs/Tau5_joint_refinement/WT/pool_1/conformer_196.pdb,1,carbon_only,0.0
outputs/Tau5_joint_refinement/WT/pool_1/conformer_197.pdb,1,carbon_only,0.0
outputs/Tau5_joint_refinement/WT/pool_1/conformer_198.pdb,1,carbon_only,0.0
outputs/Tau5_joint_refinement/WT/pool_1/conformer_199.pdb,1,carbon_only,0.0
outputs/Tau5_joint_refinement/WT/pool_1/conformer_2.pdb,1,carbon_only,0.015756603955365912
outputs/Tau5_joint_refinement/WT/pool_1/conformer_20.pdb,1,carbon_only,0.0
outputs/Tau5_joint_refinement/WT/pool_1/conformer_200.pdb,1,carbon_only,0.016360686443418423
outputs/Tau5_joint_refinement/WT/pool_1/conformer_201.pdb,1,carbon_only,0.0
outputs/Tau5_joint_refinement/WT/pool_1/conformer_202.pdb,1,carbon_only,0.0
outputs/Tau5_joint_refinement/WT/pool_1/conformer_203.pdb,1,carbon_only,0.0
outputs/Tau5_joint_refinement/WT/pool_1/conformer_204.pdb,1,carbon_only,0.0
outputs/Tau5_joint_refinement/WT/pool_1/conformer_205.pdb,1,carbon_only,0.0
outputs/Tau5_joint_refinement/WT/pool_1/conformer_206.pdb,1,carbon_only,0.0
outputs/Tau5_joint_refinement/WT/pool_1/conformer_207.pdb,1,carbon_only,0.0
outputs/Tau5_joint_refinement/WT/pool_1/conformer_208.pdb,1,carbon_only,0.0
outputs/Tau5_joint_refinement/WT/pool_1/conformer_209.pdb,1,carbon_only,0.0
outputs/Tau5_joint_refinement/WT/pool_1/conformer_21.pdb,1,carbon_only,0.0
outputs/Tau5_joint_refinement/WT/pool_1/conformer_210.pdb,1,carbon_only,0.0
outputs/Tau5_joint_refinement/WT/pool_1/conformer_211.pdb,1,carbon_only,0.0
outputs/Tau5_joint_refinement/WT/pool_1/conformer_212.pdb,1,carbon_only,0.0
outputs/Tau5_joint_refinement/WT/pool_1/conformer_213.pdb,1,carbon_only,0.0
outputs/Tau5_joint_refinement/WT/pool_1/conformer_214.pdb,1,carbon_only,0.0
outputs/Tau5_joint_refinement/WT/pool_1/conformer_215.pdb,1,carbon_only,0.0
outputs/Tau5_joint_refinement/WT/pool_1/conformer_216.pdb,1,carbon_only,0.01332804473931341
outputs/Tau5_joint_refinement/WT/pool_1/conformer_217.pdb,1,carbon_only,0.0
outputs/Tau5_joint_refinement/WT/pool_1/conformer_218.pdb,1,carbon_only,0.0
outputs/Tau5_joint_refinement/WT/pool_1/conformer_219.pdb,1,carbon_only,0.0
outputs/Tau5_joint_refinement/WT/pool_1/conformer_22.pdb,1,carbon_only,0.0
outputs/Tau5_joint_refinement/WT/pool_1/conformer_220.pdb,1,carbon_only,0.05260078271027173
outputs/Tau5_joint_refinement/WT/pool_1/conformer_221.pdb,1,carbon_only,0.0
outputs/Tau5_joint_refinement/WT/pool_1/conformer_222.pdb,1,carbon_only,0.0
outputs/Tau5_joint_refinement/WT/pool_1/conformer_223.pdb,1,carbon_only,0.0
outputs/Tau5_joint_refinement/WT/pool_1/conformer_224.pdb,1,carbon_only,0.0
outputs/Tau5_joint_refinement/WT/pool_1/conformer_225.pdb,1,carbon_only,0.0
outputs/Tau5_joint_refinement/WT/pool_1/conformer_226.pdb,1,carbon_only,0.0
outputs/Tau5_joint_refinement/WT/pool_1/conformer_227.pdb,1,carbon_only,0.0
outputs/Tau5_joint_refinement/WT/pool_1/conformer_228.pdb,1,carbon_only,0.0
outputs/Tau5_joint_refinement/WT/pool_1/conformer_229.pdb,1,carbon_only,0.0
outputs/Tau5_joint_refinement/WT/pool_1/conformer_23.pdb,1,carbon_only,0.0
outputs/Tau5_joint_refinement/WT/pool_1/conformer_230.pdb,1,carbon_only,0.0
outputs/Tau5_joint_refinement/WT/pool_1/conformer_231.pdb,1,carbon_only,0.020314482309479614
outputs/Tau5_joint_refinement/WT/pool_1/conformer_232.pdb,1,carbon_only,0.0
outputs/Tau5_joint_refinement/WT/pool_1/conformer_233.pdb,1,carbon_only,0.0
outputs/Tau5_joint_refinement/WT/pool_1/conformer_234.pdb,1,carbon_only,0.0
outputs/Tau5_joint_refinement/WT/pool_1/conformer_235.pdb,1,carbon_only,0.0075189852272677
outputs/Tau5_joint_refinement/WT/pool_1/conformer_236.pdb,1,carbon_only,0.0
outputs/Tau5_joint_refinement/WT/pool_1/conformer_237.pdb,1,carbon_only,0.0450403080876522
outputs/Tau5_joint_refinement/WT/pool_1/conformer_238.pdb,1,carbon_only,0.0
outputs/Tau5_joint_refinement/WT/pool_1/conformer_239.pdb,1,carbon_only,0.0191734002859276
outputs/Tau5_joint_refinement/WT/pool_1/conformer_24.pdb,1,carbon_only,0.0
outputs/Tau5_joint_refinement/WT/pool_1/conformer_240.pdb,1,carbon_only,0.0
outputs/Tau5_joint_refinement/WT/pool_1/conformer_241.pdb,1,carbon_only,0.0
outputs/Tau5_joint_refinement/WT/pool_1/conformer_242.pdb,1,carbon_only,0.0
outputs/Tau5_joint_refinement/WT/pool_1/conformer_243.pdb,1,carbon_only,0.0
outputs/Tau5_joint_refinement/WT/pool_1/conformer_244.pdb,1,carbon_only,0.0
outputs/Tau5_joint_refinement/WT/pool_1/conformer_245.pdb,1,carbon_only,0.0
outputs/Tau5_joint_refinement/WT/pool_1/conformer_246.pdb,1,carbon_only,0.0
outputs/Tau5_joint_refinement/WT/pool_1/conformer_247.pdb,1,carbon_only,0.0
outputs/Tau5_joint_refinement/WT/pool_1/conformer_248.pdb,1,carbon_only,0.0
outputs/Tau5_joint_refinement/WT/pool_1/conformer_249.pdb,1,carbon_only,0.0
outputs/Tau5_joint_refinement/WT/pool_1/conformer_25.pdb,1,carbon_only,0.0
outputs/Tau5_joint_refinement/WT/pool_1/conformer_250.pdb,1,carbon_only,0.0
outputs/Tau5_joint_refinement/WT/pool_1/conformer_26.pdb,1,carbon_only,0.0
outputs/Tau5_joint_refinement/WT/pool_1/conformer_27.pdb,1,carbon_only,0.0
outputs/Tau5_joint_refinement/WT/pool_1/conformer_28.pdb,1,carbon_only,0.0
outputs/Tau5_joint_refinement/WT/pool_1/conformer_29.pdb,1,carbon_only,0.0
outputs/Tau5_joint_refinement/WT/pool_1/conformer_3.pdb,1,carbon_only,0.0
outputs/Tau5_joint_refinement/WT/pool_1/conformer_30.pdb,1,carbon_only,0.0
outputs/Tau5_joint_refinement/WT/pool_1/conformer_31.pdb,1,carbon_only,0.0
outputs/Tau5_joint_refinement/WT/pool_1/conformer_32.pdb,1,carbon_only,0.0
outputs/Tau5_joint_refinement/WT/pool_1/conformer_33.pdb,1,carbon_only,0.0441917977960238
outputs/Tau5_joint_refinement/WT/pool_1/conformer_34.pdb,1,carbon_only,0.0
outputs/Tau5_joint_refinement/WT/pool_1/conformer_35.pdb,1,carbon_only,0.0
outputs/Tau5_joint_refinement/WT/pool_1/conformer_36.pdb,1,carbon_only,0.0
outputs/Tau5_joint_refinement/WT/pool_1/conformer_37.pdb,1,carbon_only,0.0
outputs/Tau5_joint_refinement/WT/pool_1/conformer_38.pdb,1,carbon_only,0.0
outputs/Tau5_joint_refinement/WT/pool_1/conformer_39.pdb,1,carbon_only,0.0
outputs/Tau5_joint_refinement/WT/pool_1/conformer_4.pdb,1,carbon_only,0.0
outputs/Tau5_joint_refinement/WT/pool_1/conformer_40.pdb,1,carbon_only,0.0
outputs/Tau5_joint_refinement/WT/pool_1/conformer_41.pdb,1,carbon_only,0.0
outputs/Tau5_joint_refinement/WT/pool_1/conformer_42.pdb,1,carbon_only,0.0
outputs/Tau5_joint_refinement/WT/pool_1/conformer_43.pdb,1,carbon_only,0.0
outputs/Tau5_joint_refinement/WT/pool_1/conformer_44.pdb,1,carbon_only,0.0
outputs/Tau5_joint_refinement/WT/pool_1/conformer_45.pdb,1,carbon_only,0.0
outputs/Tau5_joint_refinement/WT/pool_1/conformer_46.pdb,1,carbon_only,0.0
outputs/Tau5_joint_refinement/WT/pool_1/conformer_47.pdb,1,carbon_only,0.0
outputs/Tau5_joint_refinement/WT/pool_1/conformer_48.pdb,1,carbon_only,0.0
outputs/Tau5_joint_refinement/WT/pool_1/conformer_49.pdb,1,carbon_only,0.0
outputs/Tau5_joint_refinement/WT/pool_1/conformer_5.pdb,1,carbon_only,0.0
outputs/Tau5_joint_refinement/WT/pool_1/conformer_50.pdb,1,carbon_only,0.0
outputs/Tau5_joint_refinement/WT/pool_1/conformer_51.pdb,1,carbon_only,0.0
outputs/Tau5_joint_refinement/WT/pool_1/conformer_52.pdb,1,carbon_only,0.0
outputs/Tau5_joint_refinement/WT/pool_1/conformer_53.pdb,1,carbon_only,0.0
outputs/Tau5_joint_refinement/WT/pool_1/conformer_54.pdb,1,carbon_only,0.0
outputs/Tau5_joint_refinement/WT/pool_1/conformer_55.pdb,1,carbon_only,0.0045626219307203465
outputs/Tau5_joint_refinement/WT/pool_1/conformer_56.pdb,1,carbon_only,0.0
outputs/Tau5_joint_refinement/WT/pool_1/conformer_57.pdb,1,carbon_only,0.0
outputs/Tau5_joint_refinement/WT/pool_1/conformer_58.pdb,1,carbon_only,0.0
outputs/Tau5_joint_refinement/WT/pool_1/conformer_59.pdb,1,carbon_only,0.0
outputs/Tau5_joint_refinement/WT/pool_1/conformer_6.pdb,1,carbon_only,0.0
outputs/Tau5_joint_refinement/WT/pool_1/conformer_60.pdb,1,carbon_only,0.0
outputs/Tau5_joint_refinement/WT/pool_1/conformer_61.pdb,1,carbon_only,0.0
outputs/Tau5_joint_refinement/WT/pool_1/conformer_62.pdb,1,carbon_only,0.0
outputs/Tau5_joint_refinement/WT/pool_1/conformer_63.pdb,1,carbon_only,0.0015661156694206123
outputs/Tau5_joint_refinement/WT/pool_1/conformer_64.pdb,1,carbon_only,0.0
outputs/Tau5_joint_refinement/WT/pool_1/conformer_65.pdb,1,carbon_only,0.0
outputs/Tau5_joint_refinement/WT/pool_1/conformer_66.pdb,1,carbon_only,0.0
outputs/Tau5_joint_refinement/WT/pool_1/conformer_67.pdb,1,carbon_only,0.0
outputs/Tau5_joint_refinement/WT/pool_1/conformer_68.pdb,1,carbon_only,0.0
outputs/Tau5_joint_refinement/WT/pool_1/conformer_69.pdb,1,carbon_only,0.0
outputs/Tau5_joint_refinement/WT/pool_1/conformer_7.pdb,1,carbon_only,0.06021217274822862
outputs/Tau5_joint_refinement/WT/pool_1/conformer_70.pdb,1,carbon_only,0.0
outputs/Tau5_joint_refinement/WT/pool_1/conformer_71.pdb,1,carbon_only,0.0
outputs/Tau5_joint_refinement/WT/pool_1/conformer_72.pdb,1,carbon_only,0.0
outputs/Tau5_joint_refinement/WT/pool_1/conformer_73.pdb,1,carbon_only,0.0
outputs/Tau5_joint_refinement/WT/pool_1/conformer_74.pdb,1,carbon_only,0.0
outputs/Tau5_joint_refinement/WT/pool_1/conformer_75.pdb,1,carbon_only,0.0
outputs/Tau5_joint_refinement/WT/pool_1/conformer_76.pdb,1,carbon_only,0.0
outputs/Tau5_joint_refinement/WT/pool_1/conformer_77.pdb,1,carbon_only,0.0
outputs/Tau5_joint_refinement/WT/pool_1/conformer_78.pdb,1,carbon_only,0.0
outputs/Tau5_joint_refinement/WT/pool_1/conformer_79.pdb,1,carbon_only,0.0007878564284756858
outputs/Tau5_joint_refinement/WT/pool_1/conformer_8.pdb,1,carbon_only,0.049402843407547616
outputs/Tau5_joint_refinement/WT/pool_1/conformer_80.pdb,1,carbon_only,0.0
outputs/Tau5_joint_refinement/WT/pool_1/conformer_81.pdb,1,carbon_only,0.001525724698706275
outputs/Tau5_joint_refinement/WT/pool_1/conformer_82.pdb,1,carbon_only,0.0
outputs/Tau5_joint_refinement/WT/pool_1/conformer_83.pdb,1,carbon_only,0.0
outputs/Tau5_joint_refinement/WT/pool_1/conformer_84.pdb,1,carbon_only,0.0
outputs/Tau5_joint_refinement/WT/pool_1/conformer_85.pdb,1,carbon_only,0.0
outputs/Tau5_joint_refinement/WT/pool_1/conformer_86.pdb,1,carbon_only,0.0
outputs/Tau5_joint_refinement/WT/pool_1/conformer_87.pdb,1,carbon_only,0.0
outputs/Tau5_joint_refinement/WT/pool_1/conformer_88.pdb,1,carbon_only,0.0
outputs/Tau5_joint_refinement/WT/pool_1/conformer_89.pdb,1,carbon_only,0.0
outputs/Tau5_joint_refinement/WT/pool_1/conformer_9.pdb,1,carbon_only,0.0
outputs/Tau5_joint_refinement/WT/pool_1/conformer_90.pdb,1,carbon_only,0.0
outputs/Tau5_joint_refinement/WT/pool_1/conformer_91.pdb,1,carbon_only,0.008212215992702495
outputs/Tau5_joint_refinement/WT/pool_1/conformer_92.pdb,1,carbon_only,0.0
outputs/Tau5_joint_refinement/WT/pool_1/conformer_93.pdb,1,carbon_only,0.0
outputs/Tau5_joint_refinement/WT/pool_1/conformer_94.pdb,1,carbon_only,0.0
outputs/Tau5_joint_refinement/WT/pool_1/conformer_95.pdb,1,carbon_only,0.0
outputs/Tau5_joint_refinement/WT/pool_1/conformer_96.pdb,1,carbon_only,0.0
outputs/Tau5_joint_refinement/WT/pool_1/conformer_97.pdb,1,carbon_only,0.0
outputs/Tau5_joint_refinement/WT/pool_1/conformer_98.pdb,1,carbon_only,0.00045901762432106375
outputs/Tau5_joint_refinement/WT/pool_1/conformer_99.pdb,1,carbon_only,0.0
outputs/Tau5_joint_refinement/WT/helix_lengths_1/conformer_1.pdb,1,all_shifts,0.022580149455001513
outputs/Tau5_joint_refinement/WT/helix_lengths_1/conformer_10.pdb,1,all_shifts,0.0
outputs/Tau5_joint_refinement/WT/helix_lengths_1/conformer_100.pdb,1,all_shifts,0.0
outputs/Tau5_joint_refinement/WT/helix_lengths_1/conformer_101.pdb,1,all_shifts,0.0
outputs/Tau5_joint_refinement/WT/helix_lengths_1/conformer_102.pdb,1,all_shifts,0.01401492087526604
outputs/Tau5_joint_refinement/WT/helix_lengths_1/conformer_103.pdb,1,all_shifts,0.0
outputs/Tau5_joint_refinement/WT/helix_lengths_1/conformer_104.pdb,1,all_shifts,0.0
outputs/Tau5_joint_refinement/WT/helix_lengths_1/conformer_105.pdb,1,all_shifts,0.0
outputs/Tau5_joint_refinement/WT/helix_lengths_1/conformer_106.pdb,1,all_shifts,0.0
outputs/Tau5_joint_refinement/WT/helix_lengths_1/conformer_107.pdb,1,all_shifts,0.040838312927647814
outputs/Tau5_joint_refinement/WT/helix_lengths_1/conformer_108.pdb,1,all_shifts,0.0
outputs/Tau5_joint_refinement/WT/helix_lengths_1/conformer_109.pdb,1,all_shifts,0.02285395510500308
outputs/Tau5_joint_refinement/WT/helix_lengths_1/conformer_11.pdb,1,all_shifts,0.029834797987376614
outputs/Tau5_joint_refinement/WT/helix_lengths_1/conformer_110.pdb,1,all_shifts,0.04118024225307769
outputs/Tau5_joint_refinement/WT/helix_lengths_1/conformer_12.pdb,1,all_shifts,0.04786974239449207
outputs/Tau5_joint_refinement/WT/helix_lengths_1/conformer_13.pdb,1,all_shifts,0.003696678055133766
outputs/Tau5_joint_refinement/WT/helix_lengths_1/conformer_14.pdb,1,all_shifts,0.0
outputs/Tau5_joint_refinement/WT/helix_lengths_1/conformer_15.pdb,1,all_shifts,0.021998011924442226
outputs/Tau5_joint_refinement/WT/helix_lengths_1/conformer_16.pdb,1,all_shifts,0.0
outputs/Tau5_joint_refinement/WT/helix_lengths_1/conformer_17.pdb,1,all_shifts,0.0
outputs/Tau5_joint_refinement/WT/helix_lengths_1/conformer_18.pdb,1,all_shifts,0.020714592864493855
outputs/Tau5_joint_refinement/WT/helix_lengths_1/conformer_19.pdb,1,all_shifts,0.0
outputs/Tau5_joint_refinement/WT/helix_lengths_1/conformer_2.pdb,1,all_shifts,0.0
outputs/Tau5_joint_refinement/WT/helix_lengths_1/conformer_20.pdb,1,all_shifts,0.005501068128031535
outputs/Tau5_joint_refinement/WT/helix_lengths_1/conformer_21.pdb,1,all_shifts,0.0
outputs/Tau5_joint_refinement/WT/helix_lengths_1/conformer_22.pdb,1,all_shifts,0.0
outputs/Tau5_joint_refinement/WT/helix_lengths_1/conformer_23.pdb,1,all_shifts,0.029793206069814514
outputs/Tau5_joint_refinement/WT/helix_lengths_1/conformer_24.pdb,1,all_shifts,0.0
outputs/Tau5_joint_refinement/WT/helix_lengths_1/conformer_25.pdb,1,all_shifts,0.010792901074681711
outputs/Tau5_joint_refinement/WT/helix_lengths_1/conformer_26.pdb,1,all_shifts,0.0
outputs/Tau5_joint_refinement/WT/helix_lengths_1/conformer_27.pdb,1,all_shifts,0.0
outputs/Tau5_joint_refinement/WT/helix_lengths_1/conformer_28.pdb,1,all_shifts,0.008225256997361447
outputs/Tau5_joint_refinement/WT/helix_lengths_1/conformer_29.pdb,1,all_shifts,0.0
outputs/Tau5_joint_refinement/WT/helix_lengths_1/conformer_3.pdb,1,all_shifts,0.0
outputs/Tau5_joint_refinement/WT/helix_lengths_1/conformer_30.pdb,1,all_shifts,0.0
outputs/Tau5_joint_refinement/WT/helix_lengths_1/conformer_31.pdb,1,all_shifts,0.0
outputs/Tau5_joint_refinement/WT/helix_lengths_1/conformer_32.pdb,1,all_shifts,0.0
outputs/Tau5_joint_refinement/WT/helix_lengths_1/conformer_33.pdb,1,all_shifts,0.0
outputs/Tau5_joint_refinement/WT/helix_lengths_1/conformer_34.pdb,1,all_shifts,0.0
outputs/Tau5_joint_refinement/WT/helix_lengths_1/conformer_35.pdb,1,all_shifts,0.0
outputs/Tau5_joint_refinement/WT/helix_lengths_1/conformer_36.pdb,1,all_shifts,0.0015499973354205184
outputs/Tau5_joint_refinement/WT/helix_lengths_1/conformer_37.pdb,1,all_shifts,0.05914631256368695
outputs/Tau5_joint_refinement/WT/helix_lengths_1/conformer_38.pdb,1,all_shifts,0.0
outputs/Tau5_joint_refinement/WT/helix_lengths_1/conformer_39.pdb,1,all_shifts,0.0
outputs/Tau5_joint_refinement/WT/helix_lengths_1/conformer_4.pdb,1,all_shifts,0.0
outputs/Tau5_joint_refinement/WT/helix_lengths_1/conformer_40.pdb,1,all_shifts,0.0
outputs/Tau5_joint_refinement/WT/helix_lengths_1/conformer_41.pdb,1,all_shifts,0.0
outputs/Tau5_joint_refinement/WT/helix_lengths_1/conformer_42.pdb,1,all_shifts,0.0
outputs/Tau5_joint_refinement/WT/helix_lengths_1/conformer_43.pdb,1,all_shifts,0.0
outputs/Tau5_joint_refinement/WT/helix_lengths_1/conformer_44.pdb,1,all_shifts,0.0
outputs/Tau5_joint_refinement/WT/pool_1/conformer_1.pdb,1,all_shifts,0.0018146894498909075
outputs/Tau5_joint_refinement/WT/pool_1/conformer_10.pdb,1,all_shifts,0.0
outputs/Tau5_joint_refinement/WT/pool_1/conformer_100.pdb,1,all_shifts,0.0
outputs/Tau5_joint_refinement/WT/pool_1/conformer_101.pdb,1,all_shifts,0.0
outputs/Tau5_joint_refinement/WT/pool_1/conformer_102.pdb,1,all_shifts,0.0
outputs/Tau5_joint_refinement/WT/pool_1/conformer_103.pdb,1,all_shifts,0.012645256510210368
outputs/Tau5_joint_refinement/WT/pool_1/conformer_104.pdb,1,all_shifts,0.0
outputs/Tau5_joint_refinement/WT/pool_1/conformer_105.pdb,1,all_shifts,0.0
outputs/Tau5_joint_refinement/WT/pool_1/conformer_106.pdb,1,all_shifts,0.0
outputs/Tau5_joint_refinement/WT/pool_1/conformer_107.pdb,1,all_shifts,0.02779546320097646
outputs/Tau5_joint_refinement/WT/pool_1/conformer_108.pdb,1,all_shifts,0.0
outputs/Tau5_joint_refinement/WT/pool_1/conformer_109.pdb,1,all_shifts,0.0
outputs/Tau5_joint_refinement/WT/pool_1/conformer_11.pdb,1,all_shifts,0.0
outputs/Tau5_joint_refinement/WT/pool_1/conformer_110.pdb,1,all_shifts,0.0
outputs/Tau5_joint_refinement/WT/pool_1/conformer_111.pdb,1,all_shifts,0.003780206631917155
outputs/Tau5_joint_refinement/WT/pool_1/conformer_112.pdb,1,all_shifts,0.0
outputs/Tau5_joint_refinement/WT/pool_1/conformer_113.pdb,1,all_shifts,0.0
outputs/Tau5_joint_refinement/WT/pool_1/conformer_114.pdb,1,all_shifts,0.0
outputs/Tau5_joint_refinement/WT/pool_1/conformer_115.pdb,1,all_shifts,0.03142055322836566
outputs/Tau5_joint_refinement/WT/pool_1/conformer_116.pdb,1,all_shifts,0.0
outputs/Tau5_joint_refinement/WT/pool_1/conformer_117.pdb,1,all_shifts,0.0
outputs/Tau5_joint_refinement/WT/pool_1/conformer_118.pdb,1,all_shifts,0.00033922055519629594
outputs/Tau5_joint_refinement/WT/pool_1/conformer_119.pdb,1,all_shifts,0.0
outputs/Tau5_joint_refinement/WT/pool_1/conformer_12.pdb,1,all_shifts,0.0
outputs/Tau5_joint_refinement/WT/pool_1/conformer_120.pdb,1,all_shifts,0.0
outputs/Tau5_joint_refinement/WT/pool_1/conformer_121.pdb,1,all_shifts,0.01903012656057655
outputs/Tau5_joint_refinement/WT/pool_1/conformer_122.pdb,1,all_shifts,0.0
outputs/Tau5_joint_refinement/WT/pool_1/conformer_123.pdb,1,all_shifts,0.0
outputs/Tau5_joint_refinement/WT/pool_1/conformer_124.pdb,1,all_shifts,0.0
outputs/Tau5_joint_refinement/WT/pool_1/conformer_125.pdb,1,all_shifts,0.0
outputs/Tau5_joint_refinement/WT/pool_1/conformer_126.pdb,1,all_shifts,0.009045846496006758
outputs/Tau5_joint_refinement/WT/pool_1/conformer_127.pdb,1,all_shifts,0.0
outputs/Tau5_joint_refinement/WT/pool_1/conformer_128.pdb,1,all_shifts,0.0
outputs/Tau5_joint_refinement/WT/pool_1/conformer_129.pdb,1,all_shifts,0.004246584117795884
outputs/Tau5_joint_refinement/WT/pool_1/conformer_13.pdb,1,all_shifts,0.0
outputs/Tau5_joint_refinement/WT/pool_1/conformer_130.pdb,1,all_shifts,0.007329541666839853
outputs/Tau5_joint_refinement/WT/pool_1/conformer_131.pdb,1,all_shifts,0.0
outputs/Tau5_joint_refinement/WT/pool_1/conformer_132.pdb,1,all_shifts,0.003052155192449617
outputs/Tau5_joint_refinement/WT/pool_1/conformer_133.pdb,1,all_shifts,0.0
outputs/Tau5_joint_refinement/WT/pool_1/conformer_134.pdb,1,all_shifts,0.0
outputs/Tau5_joint_refinement/WT/pool_1/conformer_135.pdb,1,all_shifts,0.0
outputs/Tau5_joint_refinement/WT/pool_1/conformer_136.pdb,1,all_shifts,0.0
outputs/Tau5_joint_refinement/WT/pool_1/conformer_137.pdb,1,all_shifts,0.0
outputs/Tau5_joint_refinement/WT/pool_1/conformer_138.pdb,1,all_shifts,0.0
outputs/Tau5_joint_refinement/WT/pool_1/conformer_139.pdb,1,all_shifts,0.0
outputs/Tau5_joint_refinement/WT/pool_1/conformer_14.pdb,1,all_shifts,0.0
outputs/Tau5_joint_refinement/WT/pool_1/conformer_140.pdb,1,all_shifts,0.0
outputs/Tau5_joint_refinement/WT/pool_1/conformer_141.pdb,1,all_shifts,0.0
outputs/Tau5_joint_refinement/WT/pool_1/conformer_142.pdb,1,all_shifts,0.0
outputs/Tau5_joint_refinement/WT/pool_1/conformer_143.pdb,1,all_shifts,0.0
outputs/Tau5_joint_refinement/WT/pool_1/conformer_144.pdb,1,all_shifts,0.009383373738571107
outputs/Tau5_joint_refinement/WT/pool_1/conformer_145.pdb,1,all_shifts,0.0
outputs/Tau5_joint_refinement/WT/pool_1/conformer_146.pdb,1,all_shifts,0.0
outputs/Tau5_joint_refinement/WT/pool_1/conformer_147.pdb,1,all_shifts,0.011969233359264073
outputs/Tau5_joint_refinement/WT/pool_1/conformer_148.pdb,1,all_shifts,0.0
outputs/Tau5_joint_refinement/WT/pool_1/conformer_149.pdb,1,all_shifts,0.0
outputs/Tau5_joint_refinement/WT/pool_1/conformer_15.pdb,1,all_shifts,0.0
outputs/Tau5_joint_refinement/WT/pool_1/conformer_150.pdb,1,all_shifts,0.0
outputs/Tau5_joint_refinement/WT/pool_1/conformer_151.pdb,1,all_shifts,0.0
outputs/Tau5_joint_refinement/WT/pool_1/conformer_152.pdb,1,all_shifts,0.021633499235304176
outputs/Tau5_joint_refinement/WT/pool_1/conformer_153.pdb,1,all_shifts,0.0
outputs/Tau5_joint_refinement/WT/pool_1/conformer_154.pdb,1,all_shifts,0.0
outputs/Tau5_joint_refinement/WT/pool_1/conformer_155.pdb,1,all_shifts,0.0
outputs/Tau5_joint_refinement/WT/pool_1/conformer_156.pdb,1,all_shifts,0.0
outputs/Tau5_joint_refinement/WT/pool_1/conformer_157.pdb,1,all_shifts,0.0
outputs/Tau5_joint_refinement/WT/pool_1/conformer_158.pdb,1,all_shifts,0.0
outputs/Tau5_joint_refinement/WT/pool_1/conformer_159.pdb,1,all_shifts,0.0
outputs/Tau5_joint_refinement/WT/pool_1/conformer_16.pdb,1,all_shifts,0.0
outputs/Tau5_joint_refinement/WT/pool_1/conformer_160.pdb,1,all_shifts,0.0
outputs/Tau5_joint_refinement/WT/pool_1/conformer_161.pdb,1,all_shifts,0.0
outputs/Tau5_joint_refinement/WT/pool_1/conformer_162.pdb,1,all_shifts,0.0
outputs/Tau5_joint_refinement/WT/pool_1/conformer_163.pdb,1,all_shifts,0.0
outputs/Tau5_joint_refinement/WT/pool_1/conformer_164.pdb,1,all_shifts,0.0
outputs/Tau5_joint_refinement/WT/pool_1/conformer_165.pdb,1,all_shifts,0.0
outputs/Tau5_joint_refinement/WT/pool_1/conformer_166.pdb,1,all_shifts,0.0
outputs/Tau5_joint_refinement/WT/pool_1/conformer_167.pdb,1,all_shifts,0.01438035077794677
outputs/Tau5_joint_refinement/WT/pool_1/conformer_168.pdb,1,all_shifts,0.0
outputs/Tau5_joint_refinement/WT/pool_1/conformer_169.pdb,1,all_shifts,0.0
outputs/Tau5_joint_refinement/WT/pool_1/conformer_17.pdb,1,all_shifts,0.0
outputs/Tau5_joint_refinement/WT/pool_1/conformer_170.pdb,1,all_shifts,0.0
outputs/Tau5_joint_refinement/WT/pool_1/conformer_171.pdb,1,all_shifts,0.0
outputs/Tau5_joint_refinement/WT/pool_1/conformer_172.pdb,1,all_shifts,0.0
outputs/Tau5_joint_refinement/WT/pool_1/conformer_173.pdb,1,all_shifts,0.0
outputs/Tau5_joint_refinement/WT/pool_1/conformer_174.pdb,1,all_shifts,0.0
outputs/Tau5_joint_refinement/WT/pool_1/conformer_175.pdb,1,all_shifts,0.0
outputs/Tau5_joint_refinement/WT/pool_1/conformer_176.pdb,1,all_shifts,0.0
outputs/Tau5_joint_refinement/WT/pool_1/conformer_177.pdb,1,all_shifts,0.0
outputs/Tau5_joint_refinement/WT/pool_1/conformer_178.pdb,1,all_shifts,0.0
outputs/Tau5_joint_refinement/WT/pool_1/conformer_179.pdb,1,all_shifts,0.0
outputs/Tau5_joint_refinement/WT/pool_1/conformer_18.pdb,1,all_shifts,0.0
outputs/Tau5_joint_refinement/WT/pool_1/conformer_180.pdb,1,all_shifts,0.031141177631096754
outputs/Tau5_joint_refinement/WT/pool_1/conformer_181.pdb,1,all_shifts,0.0
outputs/Tau5_joint_refinement/WT/pool_1/conformer_182.pdb,1,all_shifts,0.0
outputs/Tau5_joint_refinement/WT/pool_1/conformer_183.pdb,1,all_shifts,0.0
outputs/Tau5_joint_refinement/WT/pool_1/conformer_184.pdb,1,all_shifts,0.0
outputs/Tau5_joint_refinement/WT/pool_1/conformer_185.pdb,1,all_shifts,0.0
outputs/Tau5_joint_refinement/WT/pool_1/conformer_186.pdb,1,all_shifts,0.0
outputs/Tau5_joint_refinement/WT/pool_1/conformer_187.pdb,1,all_shifts,0.0
outputs/Tau5_joint_refinement/WT/pool_1/conformer_188.pdb,1,all_shifts,0.0
outputs/Tau5_joint_refinement/WT/pool_1/conformer_189.pdb,1,all_shifts,0.0
outputs/Tau5_joint_refinement/WT/pool_1/conformer_19.pdb,1,all_shifts,0.0
outputs/Tau5_joint_refinement/WT/pool_1/conformer_190.pdb,1,all_shifts,0.0
outputs/Tau5_joint_refinement/WT/pool_1/conformer_191.pdb,1,all_shifts,0.0
outputs/Tau5_joint_refinement/WT/pool_1/conformer_192.pdb,1,all_shifts,0.0
outputs/Tau5_joint_refinement/WT/pool_1/conformer_193.pdb,1,all_shifts,0.0
outputs/Tau5_joint_refinement/WT/pool_1/conformer_194.pdb,1,all_shifts,0.0
outputs/Tau5_joint_refinement/WT/pool_1/conformer_195.pdb,1,all_shifts,0.0
outputs/Tau5_joint_refinement/WT/pool_1/conformer_196.pdb,1,all_shifts,0.0
outputs/Tau5_joint_refinement/WT/pool_1/conformer_197.pdb,1,all_shifts,0.0
outputs/Tau5_joint_refinement/WT/pool_1/conformer_198.pdb,1,all_shifts,0.0
outputs/Tau5_joint_refinement/WT/pool_1/conformer_199.pdb,1,all_shifts,0.0
outputs/Tau5_joint_refinement/WT/pool_1/conformer_2.pdb,1,all_shifts,0.0
outputs/Tau5_joint_refinement/WT/pool_1/conformer_20.pdb,1,all_shifts,0.0
outputs/Tau5_joint_refinement/WT/pool_1/conformer_200.pdb,1,all_shifts,0.012985919977631247
outputs/Tau5_joint_refinement/WT/pool_1/conformer_201.pdb,1,all_shifts,0.0102667147693269
outputs/Tau5_joint_refinement/WT/pool_1/conformer_202.pdb,1,all_shifts,0.0
outputs/Tau5_joint_refinement/WT/pool_1/conformer_203.pdb,1,all_shifts,0.0
outputs/Tau5_joint_refinement/WT/pool_1/conformer_204.pdb,1,all_shifts,0.0
outputs/Tau5_joint_refinement/WT/pool_1/conformer_205.pdb,1,all_shifts,0.0
outputs/Tau5_joint_refinement/WT/pool_1/conformer_206.pdb,1,all_shifts,0.0
outputs/Tau5_joint_refinement/WT/pool_1/conformer_207.pdb,1,all_shifts,0.0
outputs/Tau5_joint_refinement/WT/pool_1/conformer_208.pdb,1,all_shifts,0.0
outputs/Tau5_joint_refinement/WT/pool_1/conformer_209.pdb,1,all_shifts,0.014782670178689672
outputs/Tau5_joint_refinement/WT/pool_1/conformer_21.pdb,1,all_shifts,0.0
outputs/Tau5_joint_refinement/WT/pool_1/conformer_210.pdb,1,all_shifts,0.0017167947932459687
outputs/Tau5_joint_refinement/WT/pool_1/conformer_211.pdb,1,all_shifts,0.0
outputs/Tau5_joint_refinement/WT/pool_1/conformer_212.pdb,1,all_shifts,0.01053411986560147
outputs/Tau5_joint_refinement/WT/pool_1/conformer_213.pdb,1,all_shifts,0.0
outputs/Tau5_joint_refinement/WT/pool_1/conformer_214.pdb,1,all_shifts,0.0
outputs/Tau5_joint_refinement/WT/pool_1/conformer_215.pdb,1,all_shifts,0.012108402927767827
outputs/Tau5_joint_refinement/WT/pool_1/conformer_216.pdb,1,all_shifts,0.003175378236379023
outputs/Tau5_joint_refinement/WT/pool_1/conformer_217.pdb,1,all_shifts,0.0
outputs/Tau5_joint_refinement/WT/pool_1/conformer_218.pdb,1,all_shifts,0.0
outputs/Tau5_joint_refinement/WT/pool_1/conformer_219.pdb,1,all_shifts,0.0
outputs/Tau5_joint_refinement/WT/pool_1/conformer_22.pdb,1,all_shifts,0.0
outputs/Tau5_joint_refinement/WT/pool_1/conformer_220.pdb,1,all_shifts,0.053600919559579394
outputs/Tau5_joint_refinement/WT/pool_1/conformer_221.pdb,1,all_shifts,0.0
outputs/Tau5_joint_refinement/WT/pool_1/conformer_222.pdb,1,all_shifts,0.0
outputs/Tau5_joint_refinement/WT/pool_1/conformer_223.pdb,1,all_shifts,0.0
outputs/Tau5_joint_refinement/WT/pool_1/conformer_224.pdb,1,all_shifts,0.0
outputs/Tau5_joint_refinement/WT/pool_1/conformer_225.pdb,1,all_shifts,0.0
outputs/Tau5_joint_refinement/WT/pool_1/conformer_226.pdb,1,all_shifts,0.0
outputs/Tau5_joint_refinement/WT/pool_1/conformer_227.pdb,1,all_shifts,0.0
outputs/Tau5_joint_refinement/WT/pool_1/conformer_228.pdb,1,all_shifts,0.0
outputs/Tau5_joint_refinement/WT/pool_1/conformer_229.pdb,1,all_shifts,0.0
outputs/Tau5_joint_refinement/WT/pool_1/conformer_23.pdb,1,all_shifts,0.0
outputs/Tau5_joint_refinement/WT/pool_1/conformer_230.pdb,1,all_shifts,0.0011529450775138949
outputs/Tau5_joint_refinement/WT/pool_1/conformer_231.pdb,1,all_shifts,0.0240568421735752
outputs/Tau5_joint_refinement/WT/pool_1/conformer_232.pdb,1,all_shifts,0.0
outputs/Tau5_joint_refinement/WT/pool_1/conformer_233.pdb,1,all_shifts,0.0
outputs/Tau5_joint_refinement/WT/pool_1/conformer_234.pdb,1,all_shifts,0.0
outputs/Tau5_joint_refinement/WT/pool_1/conformer_235.pdb,1,all_shifts,0.0008585152642196566
outputs/Tau5_joint_refinement/WT/pool_1/conformer_236.pdb,1,all_shifts,0.0
outputs/Tau5_joint_refinement/WT/pool_1/conformer_237.pdb,1,all_shifts,0.04482111530313584
outputs/Tau5_joint_refinement/WT/pool_1/conformer_238.pdb,1,all_shifts,0.0
outputs/Tau5_joint_refinement/WT/pool_1/conformer_239.pdb,1,all_shifts,0.038318079169617804
outputs/Tau5_joint_refinement/WT/pool_1/conformer_24.pdb,1,all_shifts,0.0
outputs/Tau5_joint_refinement/WT/pool_1/conformer_240.pdb,1,all_shifts,0.0
outputs/Tau5_joint_refinement/WT/pool_1/conformer_241.pdb,1,all_shifts,0.0
outputs/Tau5_joint_refinement/WT/pool_1/conformer_242.pdb,1,all_shifts,0.0
outputs/Tau5_joint_refinement/WT/pool_1/conformer_243.pdb,1,all_shifts,0.0
outputs/Tau5_joint_refinement/WT/pool_1/conformer_244.pdb,1,all_shifts,0.0
outputs/Tau5_joint_refinement/WT/pool_1/conformer_245.pdb,1,all_shifts,0.0
outputs/Tau5_joint_refinement/WT/pool_1/conformer_246.pdb,1,all_shifts,0.000469903768978095
outputs/Tau5_joint_refinement/WT/pool_1/conformer_247.pdb,1,all_shifts,0.0
outputs/Tau5_joint_refinement/WT/pool_1/conformer_248.pdb,1,all_shifts,0.0
outputs/Tau5_joint_refinement/WT/pool_1/conformer_249.pdb,1,all_shifts,0.0
outputs/Tau5_joint_refinement/WT/pool_1/conformer_25.pdb,1,all_shifts,0.0
outputs/Tau5_joint_refinement/WT/pool_1/conformer_250.pdb,1,all_shifts,0.02567838421356303
outputs/Tau5_joint_refinement/WT/pool_1/conformer_26.pdb,1,all_shifts,0.0
outputs/Tau5_joint_refinement/WT/pool_1/conformer_27.pdb,1,all_shifts,0.0
outputs/Tau5_joint_refinement/WT/pool_1/conformer_28.pdb,1,all_shifts,0.0
outputs/Tau5_joint_refinement/WT/pool_1/conformer_29.pdb,1,all_shifts,0.0
outputs/Tau5_joint_refinement/WT/pool_1/conformer_3.pdb,1,all_shifts,0.0
outputs/Tau5_joint_refinement/WT/pool_1/conformer_30.pdb,1,all_shifts,0.0
outputs/Tau5_joint_refinement/WT/pool_1/conformer_31.pdb,1,all_shifts,0.0
outputs/Tau5_joint_refinement/WT/pool_1/conformer_32.pdb,1,all_shifts,0.0
outputs/Tau5_joint_refinement/WT/pool_1/conformer_33.pdb,1,all_shifts,0.03448937487450516
outputs/Tau5_joint_refinement/WT/pool_1/conformer_34.pdb,1,all_shifts,0.0
outputs/Tau5_joint_refinement/WT/pool_1/conformer_35.pdb,1,all_shifts,0.0
outputs/Tau5_joint_refinement/WT/pool_1/conformer_36.pdb,1,all_shifts,0.0
outputs/Tau5_joint_refinement/WT/pool_1/conformer_37.pdb,1,all_shifts,0.0
outputs/Tau5_joint_refinement/WT/pool_1/conformer_38.pdb,1,all_shifts,0.0
outputs/Tau5_joint_refinement/WT/pool_1/conformer_39.pdb,1,all_shifts,0.0
outputs/Tau5_joint_refinement/WT/pool_1/conformer_4.pdb,1,all_shifts,0.0
outputs/Tau5_joint_refinement/WT/pool_1/conformer_40.pdb,1,all_shifts,0.0
outputs/Tau5_joint_refinement/WT/pool_1/conformer_41.pdb,1,all_shifts,0.0
outputs/Tau5_joint_refinement/WT/pool_1/conformer_42.pdb,1,all_shifts,0.0038600021177897514
outputs/Tau5_joint_refinement/WT/pool_1/conformer_43.pdb,1,all_shifts,0.0
outputs/Tau5_joint_refinement/WT/pool_1/conformer_44.pdb,1,all_shifts,0.0
outputs/Tau5_joint_refinement/WT/pool_1/conformer_45.pdb,1,all_shifts,0.01131205894387596
outputs/Tau5_joint_refinement/WT/pool_1/conformer_46.pdb,1,all_shifts,0.0
outputs/Tau5_joint_refinement/WT/pool_1/conformer_47.pdb,1,all_shifts,0.0
outputs/Tau5_joint_refinement/WT/pool_1/conformer_48.pdb,1,all_shifts,0.0
outputs/Tau5_joint_refinement/WT/pool_1/conformer_49.pdb,1,all_shifts,0.0
outputs/Tau5_joint_refinement/WT/pool_1/conformer_5.pdb,1,all_shifts,0.0
outputs/Tau5_joint_refinement/WT/pool_1/conformer_50.pdb,1,all_shifts,0.0
outputs/Tau5_joint_refinement/WT/pool_1/conformer_51.pdb,1,all_shifts,0.0
outputs/Tau5_joint_refinement/WT/pool_1/conformer_52.pdb,1,all_shifts,0.0
outputs/Tau5_joint_refinement/WT/pool_1/conformer_53.pdb,1,all_shifts,0.0
outputs/Tau5_joint_refinement/WT/pool_1/conformer_54.pdb,1,all_shifts,0.0
outputs/Tau5_joint_refinement/WT/pool_1/conformer_55.pdb,1,all_shifts,0.0
outputs/Tau5_joint_refinement/WT/pool_1/conformer_56.pdb,1,all_shifts,0.0
outputs/Tau5_joint_refinement/WT/pool_1/conformer_57.pdb,1,all_shifts,0.0
outputs/Tau5_joint_refinement/WT/pool_1/conformer_58.pdb,1,all_shifts,0.0
outputs/Tau5_joint_refinement/WT/pool_1/conformer_59.pdb,1,all_shifts,0.022227585491393288
outputs/Tau5_joint_refinement/WT/pool_1/conformer_6.pdb,1,all_shifts,0.0
outputs/Tau5_joint_refinement/WT/pool_1/conformer_60.pdb,1,all_shifts,0.0
outputs/Tau5_joint_refinement/WT/pool_1/conformer_61.pdb,1,all_shifts,0.0
outputs/Tau5_joint_refinement/WT/pool_1/conformer_62.pdb,1,all_shifts,0.0
outputs/Tau5_joint_refinement/WT/pool_1/conformer_63.pdb,1,all_shifts,0.0
outputs/Tau5_joint_refinement/WT/pool_1/conformer_64.pdb,1,all_shifts,0.0
outputs/Tau5_joint_refinement/WT/pool_1/conformer_65.pdb,1,all_shifts,0.0
outputs/Tau5_joint_refinement/WT/pool_1/conformer_66.pdb,1,all_shifts,0.0
outputs/Tau5_joint_refinement/WT/pool_1/conformer_67.pdb,1,all_shifts,0.0
outputs/Tau5_joint_refinement/WT/pool_1/conformer_68.pdb,1,all_shifts,0.0
outputs/Tau5_joint_refinement/WT/pool_1/conformer_69.pdb,1,all_shifts,0.0
outputs/Tau5_joint_refinement/WT/pool_1/conformer_7.pdb,1,all_shifts,0.00933762802298435
outputs/Tau5_joint_refinement/WT/pool_1/conformer_70.pdb,1,all_shifts,0.0
outputs/Tau5_joint_refinement/WT/pool_1/conformer_71.pdb,1,all_shifts,0.0
outputs/Tau5_joint_refinement/WT/pool_1/conformer_72.pdb,1,all_shifts,0.0
outputs/Tau5_joint_refinement/WT/pool_1/conformer_73.pdb,1,all_shifts,0.0
outputs/Tau5_joint_refinement/WT/pool_1/conformer_74.pdb,1,all_shifts,0.0
outputs/Tau5_joint_refinement/WT/pool_1/conformer_75.pdb,1,all_shifts,0.0
outputs/Tau5_joint_refinement/WT/pool_1/conformer_76.pdb,1,all_shifts,0.0
outputs/Tau5_joint_refinement/WT/pool_1/conformer_77.pdb,1,all_shifts,0.018808147408973474
outputs/Tau5_joint_refinement/WT/pool_1/conformer_78.pdb,1,all_shifts,0.0
outputs/Tau5_joint_refinement/WT/pool_1/conformer_79.pdb,1,all_shifts,0.0
outputs/Tau5_joint_refinement/WT/pool_1/conformer_8.pdb,1,all_shifts,0.012127413032723817
outputs/Tau5_joint_refinement/WT/pool_1/conformer_80.pdb,1,all_shifts,0.0
outputs/Tau5_joint_refinement/WT/pool_1/conformer_81.pdb,1,all_shifts,0.009984730471363848
outputs/Tau5_joint_refinement/WT/pool_1/conformer_82.pdb,1,all_shifts,0.0
outputs/Tau5_joint_refinement/WT/pool_1/conformer_83.pdb,1,all_shifts,0.0
outputs/Tau5_joint_refinement/WT/pool_1/conformer_84.pdb,1,all_shifts,0.0
outputs/Tau5_joint_refinement/WT/pool_1/conformer_85.pdb,1,all_shifts,0.0
outputs/Tau5_joint_refinement/WT/pool_1/conformer_86.pdb,1,all_shifts,0.011670982423345425
outputs/Tau5_joint_refinement/WT/pool_1/conformer_87.pdb,1,all_shifts,0.0
outputs/Tau5_joint_refinement/WT/pool_1/conformer_88.pdb,1,all_shifts,0.0027414539752717427
outputs/Tau5_joint_refinement/WT/pool_1/conformer_89.pdb,1,all_shifts,0.0
outputs/Tau5_joint_refinement/WT/pool_1/conformer_9.pdb,1,all_shifts,0.0
outputs/Tau5_joint_refinement/WT/pool_1/conformer_90.pdb,1,all_shifts,0.0
outputs/Tau5_joint_refinement/WT/pool_1/conformer_91.pdb,1,all_shifts,0.001782915980431276
outputs/Tau5_joint_refinement/WT/pool_1/conformer_92.pdb,1,all_shifts,0.0
outputs/Tau5_joint_refinement/WT/pool_1/conformer_93.pdb,1,all_shifts,0.0
outputs/Tau5_joint_refinement/WT/pool_1/conformer_94.pdb,1,all_shifts,0.0
outputs/Tau5_joint_refinement/WT/pool_1/conformer_95.pdb,1,all_shifts,0.0
outputs/Tau5_joint_refinement/WT/pool_1/conformer_96.pdb,1,all_shifts,0.0
outputs/Tau5_joint_refinement/WT/pool_1/conformer_97.pdb,1,all_shifts,0.0
outputs/Tau5_joint_refinement/WT/pool_1/conformer_98.pdb,1,all_shifts,0.017533577615177584
outputs/Tau5_joint_refinement/WT/pool_1/conformer_99.pdb,1,all_shifts,0.0
outputs/Tau5_joint_refinement/WT/pool_2/conformer_1.pdb,2,raw,0.004
outputs/Tau5_joint_refinement/WT/pool_2/conformer_10.pdb,2,raw,0.004
outputs/Tau5_joint_refinement/WT/pool_2/conformer_100.pdb,2,raw,0.004
outputs/Tau5_joint_refinement/WT/pool_2/conformer_101.pdb,2,raw,0.004
outputs/Tau5_joint_refinement/WT/pool_2/conformer_102.pdb,2,raw,0.004
outputs/Tau5_joint_refinement/WT/pool_2/conformer_103.pdb,2,raw,0.004
outputs/Tau5_joint_refinement/WT/pool_2/conformer_104.pdb,2,raw,0.004
outputs/Tau5_joint_refinement/WT/pool_2/conformer_105.pdb,2,raw,0.004
outputs/Tau5_joint_refinement/WT/pool_2/conformer_106.pdb,2,raw,0.004
outputs/Tau5_joint_refinement/WT/pool_2/conformer_107.pdb,2,raw,0.004
outputs/Tau5_joint_refinement/WT/pool_2/conformer_108.pdb,2,raw,0.004
outputs/Tau5_joint_refinement/WT/pool_2/conformer_109.pdb,2,raw,0.004
outputs/Tau5_joint_refinement/WT/pool_2/conformer_11.pdb,2,raw,0.004
outputs/Tau5_joint_refinement/WT/pool_2/conformer_110.pdb,2,raw,0.004
outputs/Tau5_joint_refinement/WT/pool_2/conformer_111.pdb,2,raw,0.004
outputs/Tau5_joint_refinement/WT/pool_2/conformer_112.pdb,2,raw,0.004
outputs/Tau5_joint_refinement/WT/pool_2/conformer_113.pdb,2,raw,0.004
outputs/Tau5_joint_refinement/WT/pool_2/conformer_114.pdb,2,raw,0.004
outputs/Tau5_joint_refinement/WT/pool_2/conformer_115.pdb,2,raw,0.004
outputs/Tau5_joint_refinement/WT/pool_2/conformer_116.pdb,2,raw,0.004
outputs/Tau5_joint_refinement/WT/pool_2/conformer_117.pdb,2,raw,0.004
outputs/Tau5_joint_refinement/WT/pool_2/conformer_118.pdb,2,raw,0.004
outputs/Tau5_joint_refinement/WT/pool_2/conformer_119.pdb,2,raw,0.004
outputs/Tau5_joint_refinement/WT/pool_2/conformer_12.pdb,2,raw,0.004
outputs/Tau5_joint_refinement/WT/pool_2/conformer_120.pdb,2,raw,0.004
outputs/Tau5_joint_refinement/WT/pool_2/conformer_121.pdb,2,raw,0.004
outputs/Tau5_joint_refinement/WT/pool_2/conformer_122.pdb,2,raw,0.004
outputs/Tau5_joint_refinement/WT/pool_2/conformer_123.pdb,2,raw,0.004
outputs/Tau5_joint_refinement/WT/pool_2/conformer_124.pdb,2,raw,0.004
outputs/Tau5_joint_refinement/WT/pool_2/conformer_125.pdb,2,raw,0.004
outputs/Tau5_joint_refinement/WT/pool_2/conformer_126.pdb,2,raw,0.004
outputs/Tau5_joint_refinement/WT/pool_2/conformer_127.pdb,2,raw,0.004
outputs/Tau5_joint_refinement/WT/pool_2/conformer_128.pdb,2,raw,0.004
outputs/Tau5_joint_refinement/WT/pool_2/conformer_129.pdb,2,raw,0.004
outputs/Tau5_joint_refinement/WT/pool_2/conformer_13.pdb,2,raw,0.004
outputs/Tau5_joint_refinement/WT/pool_2/conformer_130.pdb,2,raw,0.004
outputs/Tau5_joint_refinement/WT/pool_2/conformer_131.pdb,2,raw,0.004
outputs/Tau5_joint_refinement/WT/pool_2/conformer_132.pdb,2,raw,0.004
outputs/Tau5_joint_refinement/WT/pool_2/conformer_133.pdb,2,raw,0.004
outputs/Tau5_joint_refinement/WT/pool_2/conformer_134.pdb,2,raw,0.004
outputs/Tau5_joint_refinement/WT/pool_2/conformer_135.pdb,2,raw,0.004
outputs/Tau5_joint_refinement/WT/pool_2/conformer_136.pdb,2,raw,0.004
outputs/Tau5_joint_refinement/WT/pool_2/conformer_137.pdb,2,raw,0.004
outputs/Tau5_joint_refinement/WT/pool_2/conformer_138.pdb,2,raw,0.004
outputs/Tau5_joint_refinement/WT/pool_2/conformer_139.pdb,2,raw,0.004
outputs/Tau5_joint_refinement/WT/pool_2/conformer_14.pdb,2,raw,0.004
outputs/Tau5_joint_refinement/WT/pool_2/conformer_140.pdb,2,raw,0.004
outputs/Tau5_joint_refinement/WT/pool_2/conformer_141.pdb,2,raw,0.004
outputs/Tau5_joint_refinement/WT/pool_2/conformer_142.pdb,2,raw,0.004
outputs/Tau5_joint_refinement/WT/pool_2/conformer_143.pdb,2,raw,0.004
outputs/Tau5_joint_refinement/WT/pool_2/conformer_144.pdb,2,raw,0.004
outputs/Tau5_joint_refinement/WT/pool_2/conformer_145.pdb,2,raw,0.004
outputs/Tau5_joint_refinement/WT/pool_2/conformer_146.pdb,2,raw,0.004
outputs/Tau5_joint_refinement/WT/pool_2/conformer_147.pdb,2,raw,0.004
outputs/Tau5_joint_refinement/WT/pool_2/conformer_148.pdb,2,raw,0.004
outputs/Tau5_joint_refinement/WT/pool_2/conformer_149.pdb,2,raw,0.004
outputs/Tau5_joint_refinement/WT/pool_2/conformer_15.pdb,2,raw,0.004
outputs/Tau5_joint_refinement/WT/pool_2/conformer_150.pdb,2,raw,0.004
outputs/Tau5_joint_refinement/WT/pool_2/conformer_151.pdb,2,raw,0.004
outputs/Tau5_joint_refinement/WT/pool_2/conformer_152.pdb,2,raw,0.004
outputs/Tau5_joint_refinement/WT/pool_2/conformer_153.pdb,2,raw,0.004
outputs/Tau5_joint_refinement/WT/pool_2/conformer_154.pdb,2,raw,0.004
outputs/Tau5_joint_refinement/WT/pool_2/conformer_155.pdb,2,raw,0.004
outputs/Tau5_joint_refinement/WT/pool_2/conformer_156.pdb,2,raw,0.004
outputs/Tau5_joint_refinement/WT/pool_2/conformer_157.pdb,2,raw,0.004
outputs/Tau5_joint_refinement/WT/pool_2/conformer_158.pdb,2,raw,0.004
outputs/Tau5_joint_refinement/WT/pool_2/conformer_159.pdb,2,raw,0.004
outputs/Tau5_joint_refinement/WT/pool_2/conformer_16.pdb,2,raw,0.004
outputs/Tau5_joint_refinement/WT/pool_2/conformer_160.pdb,2,raw,0.004
outputs/Tau5_joint_refinement/WT/pool_2/conformer_161.pdb,2,raw,0.004
outputs/Tau5_joint_refinement/WT/pool_2/conformer_162.pdb,2,raw,0.004
outputs/Tau5_joint_refinement/WT/pool_2/conformer_163.pdb,2,raw,0.004
outputs/Tau5_joint_refinement/WT/pool_2/conformer_164.pdb,2,raw,0.004
outputs/Tau5_joint_refinement/WT/pool_2/conformer_165.pdb,2,raw,0.004
outputs/Tau5_joint_refinement/WT/pool_2/conformer_166.pdb,2,raw,0.004
outputs/Tau5_joint_refinement/WT/pool_2/conformer_167.pdb,2,raw,0.004
outputs/Tau5_joint_refinement/WT/pool_2/conformer_168.pdb,2,raw,0.004
outputs/Tau5_joint_refinement/WT/pool_2/conformer_169.pdb,2,raw,0.004
outputs/Tau5_joint_refinement/WT/pool_2/conformer_17.pdb,2,raw,0.004
outputs/Tau5_joint_refinement/WT/pool_2/conformer_170.pdb,2,raw,0.004
outputs/Tau5_joint_refinement/WT/pool_2/conformer_171.pdb,2,raw,0.004
outputs/Tau5_joint_refinement/WT/pool_2/conformer_172.pdb,2,raw,0.004
outputs/Tau5_joint_refinement/WT/pool_2/conformer_173.pdb,2,raw,0.004
outputs/Tau5_joint_refinement/WT/pool_2/conformer_174.pdb,2,raw,0.004
outputs/Tau5_joint_refinement/WT/pool_2/conformer_175.pdb,2,raw,0.004
outputs/Tau5_joint_refinement/WT/pool_2/conformer_176.pdb,2,raw,0.004
outputs/Tau5_joint_refinement/WT/pool_2/conformer_177.pdb,2,raw,0.004
outputs/Tau5_joint_refinement/WT/pool_2/conformer_178.pdb,2,raw,0.004
outputs/Tau5_joint_refinement/WT/pool_2/conformer_179.pdb,2,raw,0.004
outputs/Tau5_joint_refinement/WT/pool_2/conformer_18.pdb,2,raw,0.004
outputs/Tau5_joint_refinement/WT/pool_2/conformer_180.pdb,2,raw,0.004
outputs/Tau5_joint_refinement/WT/pool_2/conformer_181.pdb,2,raw,0.004
outputs/Tau5_joint_refinement/WT/pool_2/conformer_182.pdb,2,raw,0.004
outputs/Tau5_joint_refinement/WT/pool_2/conformer_183.pdb,2,raw,0.004
outputs/Tau5_joint_refinement/WT/pool_2/conformer_184.pdb,2,raw,0.004
outputs/Tau5_joint_refinement/WT/pool_2/conformer_185.pdb,2,raw,0.004
outputs/Tau5_joint_refinement/WT/pool_2/conformer_186.pdb,2,raw,0.004
outputs/Tau5_joint_refinement/WT/pool_2/conformer_187.pdb,2,raw,0.004
outputs/Tau5_joint_refinement/WT/pool_2/conformer_188.pdb,2,raw,0.004
outputs/Tau5_joint_refinement/WT/pool_2/conformer_189.pdb,2,raw,0.004
outputs/Tau5_joint_refinement/WT/pool_2/conformer_19.pdb,2,raw,0.004
outputs/Tau5_joint_refinement/WT/pool_2/conformer_190.pdb,2,raw,0.004
outputs/Tau5_joint_refinement/WT/pool_2/conformer_191.pdb,2,raw,0.004
outputs/Tau5_joint_refinement/WT/pool_2/conformer_192.pdb,2,raw,0.004
outputs/Tau5_joint_refinement/WT/pool_2/conformer_193.pdb,2,raw,0.004
outputs/Tau5_joint_refinement/WT/pool_2/conformer_194.pdb,2,raw,0.004
outputs/Tau5_joint_refinement/WT/pool_2/conformer_195.pdb,2,raw,0.004
outputs/Tau5_joint_refinement/WT/pool_2/conformer_196.pdb,2,raw,0.004
outputs/Tau5_joint_refinement/WT/pool_2/conformer_197.pdb,2,raw,0.004
outputs/Tau5_joint_refinement/WT/pool_2/conformer_198.pdb,2,raw,0.004
outputs/Tau5_joint_refinement/WT/pool_2/conformer_199.pdb,2,raw,0.004
outputs/Tau5_joint_refinement/WT/pool_2/conformer_2.pdb,2,raw,0.004
outputs/Tau5_joint_refinement/WT/pool_2/conformer_20.pdb,2,raw,0.004
outputs/Tau5_joint_refinement/WT/pool_2/conformer_200.pdb,2,raw,0.004
outputs/Tau5_joint_refinement/WT/pool_2/conformer_201.pdb,2,raw,0.004
outputs/Tau5_joint_refinement/WT/pool_2/conformer_202.pdb,2,raw,0.004
outputs/Tau5_joint_refinement/WT/pool_2/conformer_203.pdb,2,raw,0.004
outputs/Tau5_joint_refinement/WT/pool_2/conformer_204.pdb,2,raw,0.004
outputs/Tau5_joint_refinement/WT/pool_2/conformer_205.pdb,2,raw,0.004
outputs/Tau5_joint_refinement/WT/pool_2/conformer_206.pdb,2,raw,0.004
outputs/Tau5_joint_refinement/WT/pool_2/conformer_207.pdb,2,raw,0.004
outputs/Tau5_joint_refinement/WT/pool_2/conformer_208.pdb,2,raw,0.004
outputs/Tau5_joint_refinement/WT/pool_2/conformer_209.pdb,2,raw,0.004
outputs/Tau5_joint_refinement/WT/pool_2/conformer_21.pdb,2,raw,0.004
outputs/Tau5_joint_refinement/WT/pool_2/conformer_210.pdb,2,raw,0.004
outputs/Tau5_joint_refinement/WT/pool_2/conformer_211.pdb,2,raw,0.004
outputs/Tau5_joint_refinement/WT/pool_2/conformer_212.pdb,2,raw,0.004
outputs/Tau5_joint_refinement/WT/pool_2/conformer_213.pdb,2,raw,0.004
outputs/Tau5_joint_refinement/WT/pool_2/conformer_214.pdb,2,raw,0.004
outputs/Tau5_joint_refinement/WT/pool_2/conformer_215.pdb,2,raw,0.004
outputs/Tau5_joint_refinement/WT/pool_2/conformer_216.pdb,2,raw,0.004
outputs/Tau5_joint_refinement/WT/pool_2/conformer_217.pdb,2,raw,0.004
outputs/Tau5_joint_refinement/WT/pool_2/conformer_218.pdb,2,raw,0.004
outputs/Tau5_joint_refinement/WT/pool_2/conformer_219.pdb,2,raw,0.004
outputs/Tau5_joint_refinement/WT/pool_2/conformer_22.pdb,2,raw,0.004
outputs/Tau5_joint_refinement/WT/pool_2/conformer_220.pdb,2,raw,0.004
outputs/Tau5_joint_refinement/WT/pool_2/conformer_221.pdb,2,raw,0.004
outputs/Tau5_joint_refinement/WT/pool_2/conformer_222.pdb,2,raw,0.004
outputs/Tau5_joint_refinement/WT/pool_2/conformer_223.pdb,2,raw,0.004
outputs/Tau5_joint_refinement/WT/pool_2/conformer_224.pdb,2,raw,0.004
outputs/Tau5_joint_refinement/WT/pool_2/conformer_225.pdb,2,raw,0.004
outputs/Tau5_joint_refinement/WT/pool_2/conformer_226.pdb,2,raw,0.004
outputs/Tau5_joint_refinement/WT/pool_2/conformer_227.pdb,2,raw,0.004
outputs/Tau5_joint_refinement/WT/pool_2/conformer_228.pdb,2,raw,0.004
outputs/Tau5_joint_refinement/WT/pool_2/conformer_229.pdb,2,raw,0.004
outputs/Tau5_joint_refinement/WT/pool_2/conformer_23.pdb,2,raw,0.004
outputs/Tau5_joint_refinement/WT/pool_2/conformer_230.pdb,2,raw,0.004
outputs/Tau5_joint_refinement/WT/pool_2/conformer_231.pdb,2,raw,0.004
outputs/Tau5_joint_refinement/WT/pool_2/conformer_232.pdb,2,raw,0.004
outputs/Tau5_joint_refinement/WT/pool_2/conformer_233.pdb,2,raw,0.004
outputs/Tau5_joint_refinement/WT/pool_2/conformer_234.pdb,2,raw,0.004
outputs/Tau5_joint_refinement/WT/pool_2/conformer_235.pdb,2,raw,0.004
outputs/Tau5_joint_refinement/WT/pool_2/conformer_236.pdb,2,raw,0.004
outputs/Tau5_joint_refinement/WT/pool_2/conformer_237.pdb,2,raw,0.004
outputs/Tau5_joint_refinement/WT/pool_2/conformer_238.pdb,2,raw,0.004
outputs/Tau5_joint_refinement/WT/pool_2/conformer_239.pdb,2,raw,0.004
outputs/Tau5_joint_refinement/WT/pool_2/conformer_24.pdb,2,raw,0.004
outputs/Tau5_joint_refinement/WT/pool_2/conformer_240.pdb,2,raw,0.004
outputs/Tau5_joint_refinement/WT/pool_2/conformer_241.pdb,2,raw,0.004
outputs/Tau5_joint_refinement/WT/pool_2/conformer_242.pdb,2,raw,0.004
outputs/Tau5_joint_refinement/WT/pool_2/conformer_243.pdb,2,raw,0.004
outputs/Tau5_joint_refinement/WT/pool_2/conformer_244.pdb,2,raw,0.004
outputs/Tau5_joint_refinement/WT/pool_2/conformer_245.pdb,2,raw,0.004
outputs/Tau5_joint_refinement/WT/pool_2/conformer_246.pdb,2,raw,0.004
outputs/Tau5_joint_refinement/WT/pool_2/conformer_247.pdb,2,raw,0.004
outputs/Tau5_joint_refinement/WT/pool_2/conformer_248.pdb,2,raw,0.004
outputs/Tau5_joint_refinement/WT/pool_2/conformer_249.pdb,2,raw,0.004
outputs/Tau5_joint_refinement/WT/pool_2/conformer_25.pdb,2,raw,0.004
outputs/Tau5_joint_refinement/WT/pool_2/conformer_250.pdb,2,raw,0.004
outputs/Tau5_joint_refinement/WT/pool_2/conformer_26.pdb,2,raw,0.004
outputs/Tau5_joint_refinement/WT/pool_2/conformer_27.pdb,2,raw,0.004
outputs/Tau5_joint_refinement/WT/pool_2/conformer_28.pdb,2,raw,0.004
outputs/Tau5_joint_refinement/WT/pool_2/conformer_29.pdb,2,raw,0.004
outputs/Tau5_joint_refinement/WT/pool_2/conformer_3.pdb,2,raw,0.004
outputs/Tau5_joint_refinement/WT/pool_2/conformer_30.pdb,2,raw,0.004
outputs/Tau5_joint_refinement/WT/pool_2/conformer_31.pdb,2,raw,0.004
outputs/Tau5_joint_refinement/WT/pool_2/conformer_32.pdb,2,raw,0.004
outputs/Tau5_joint_refinement/WT/pool_2/conformer_33.pdb,2,raw,0.004
outputs/Tau5_joint_refinement/WT/pool_2/conformer_34.pdb,2,raw,0.004
outputs/Tau5_joint_refinement/WT/pool_2/conformer_35.pdb,2,raw,0.004
outputs/Tau5_joint_refinement/WT/pool_2/conformer_36.pdb,2,raw,0.004
outputs/Tau5_joint_refinement/WT/pool_2/conformer_37.pdb,2,raw,0.004
outputs/Tau5_joint_refinement/WT/pool_2/conformer_38.pdb,2,raw,0.004
outputs/Tau5_joint_refinement/WT/pool_2/conformer_39.pdb,2,raw,0.004
outputs/Tau5_joint_refinement/WT/pool_2/conformer_4.pdb,2,raw,0.004
outputs/Tau5_joint_refinement/WT/pool_2/conformer_40.pdb,2,raw,0.004
outputs/Tau5_joint_refinement/WT/pool_2/conformer_41.pdb,2,raw,0.004
outputs/Tau5_joint_refinement/WT/pool_2/conformer_42.pdb,2,raw,0.004
outputs/Tau5_joint_refinement/WT/pool_2/conformer_43.pdb,2,raw,0.004
outputs/Tau5_joint_refinement/WT/pool_2/conformer_44.pdb,2,raw,0.004
outputs/Tau5_joint_refinement/WT/pool_2/conformer_45.pdb,2,raw,0.004
outputs/Tau5_joint_refinement/WT/pool_2/conformer_46.pdb,2,raw,0.004
outputs/Tau5_joint_refinement/WT/pool_2/conformer_47.pdb,2,raw,0.004
outputs/Tau5_joint_refinement/WT/pool_2/conformer_48.pdb,2,raw,0.004
outputs/Tau5_joint_refinement/WT/pool_2/conformer_49.pdb,2,raw,0.004
outputs/Tau5_joint_refinement/WT/pool_2/conformer_5.pdb,2,raw,0.004
outputs/Tau5_joint_refinement/WT/pool_2/conformer_50.pdb,2,raw,0.004
outputs/Tau5_joint_refinement/WT/pool_2/conformer_51.pdb,2,raw,0.004
outputs/Tau5_joint_refinement/WT/pool_2/conformer_52.pdb,2,raw,0.004
outputs/Tau5_joint_refinement/WT/pool_2/conformer_53.pdb,2,raw,0.004
outputs/Tau5_joint_refinement/WT/pool_2/conformer_54.pdb,2,raw,0.004
outputs/Tau5_joint_refinement/WT/pool_2/conformer_55.pdb,2,raw,0.004
outputs/Tau5_joint_refinement/WT/pool_2/conformer_56.pdb,2,raw,0.004
outputs/Tau5_joint_refinement/WT/pool_2/conformer_57.pdb,2,raw,0.004
outputs/Tau5_joint_refinement/WT/pool_2/conformer_58.pdb,2,raw,0.004
outputs/Tau5_joint_refinement/WT/pool_2/conformer_59.pdb,2,raw,0.004
outputs/Tau5_joint_refinement/WT/pool_2/conformer_6.pdb,2,raw,0.004
outputs/Tau5_joint_refinement/WT/pool_2/conformer_60.pdb,2,raw,0.004
outputs/Tau5_joint_refinement/WT/pool_2/conformer_61.pdb,2,raw,0.004
outputs/Tau5_joint_refinement/WT/pool_2/conformer_62.pdb,2,raw,0.004
outputs/Tau5_joint_refinement/WT/pool_2/conformer_63.pdb,2,raw,0.004
outputs/Tau5_joint_refinement/WT/pool_2/conformer_64.pdb,2,raw,0.004
outputs/Tau5_joint_refinement/WT/pool_2/conformer_65.pdb,2,raw,0.004
outputs/Tau5_joint_refinement/WT/pool_2/conformer_66.pdb,2,raw,0.004
outputs/Tau5_joint_refinement/WT/pool_2/conformer_67.pdb,2,raw,0.004
outputs/Tau5_joint_refinement/WT/pool_2/conformer_68.pdb,2,raw,0.004
outputs/Tau5_joint_refinement/WT/pool_2/conformer_69.pdb,2,raw,0.004
outputs/Tau5_joint_refinement/WT/pool_2/conformer_7.pdb,2,raw,0.004
outputs/Tau5_joint_refinement/WT/pool_2/conformer_70.pdb,2,raw,0.004
outputs/Tau5_joint_refinement/WT/pool_2/conformer_71.pdb,2,raw,0.004
outputs/Tau5_joint_refinement/WT/pool_2/conformer_72.pdb,2,raw,0.004
outputs/Tau5_joint_refinement/WT/pool_2/conformer_73.pdb,2,raw,0.004
outputs/Tau5_joint_refinement/WT/pool_2/conformer_74.pdb,2,raw,0.004
outputs/Tau5_joint_refinement/WT/pool_2/conformer_75.pdb,2,raw,0.004
outputs/Tau5_joint_refinement/WT/pool_2/conformer_76.pdb,2,raw,0.004
outputs/Tau5_joint_refinement/WT/pool_2/conformer_77.pdb,2,raw,0.004
outputs/Tau5_joint_refinement/WT/pool_2/conformer_78.pdb,2,raw,0.004
outputs/Tau5_joint_refinement/WT/pool_2/conformer_79.pdb,2,raw,0.004
outputs/Tau5_joint_refinement/WT/pool_2/conformer_8.pdb,2,raw,0.004
outputs/Tau5_joint_refinement/WT/pool_2/conformer_80.pdb,2,raw,0.004
outputs/Tau5_joint_refinement/WT/pool_2/conformer_81.pdb,2,raw,0.004
outputs/Tau5_joint_refinement/WT/pool_2/conformer_82.pdb,2,raw,0.004
outputs/Tau5_joint_refinement/WT/pool_2/conformer_83.pdb,2,raw,0.004
outputs/Tau5_joint_refinement/WT/pool_2/conformer_84.pdb,2,raw,0.004
outputs/Tau5_joint_refinement/WT/pool_2/conformer_85.pdb,2,raw,0.004
outputs/Tau5_joint_refinement/WT/pool_2/conformer_86.pdb,2,raw,0.004
outputs/Tau5_joint_refinement/WT/pool_2/conformer_87.pdb,2,raw,0.004
outputs/Tau5_joint_refinement/WT/pool_2/conformer_88.pdb,2,raw,0.004
outputs/Tau5_joint_refinement/WT/pool_2/conformer_89.pdb,2,raw,0.004
outputs/Tau5_joint_refinement/WT/pool_2/conformer_9.pdb,2,raw,0.004
outputs/Tau5_joint_refinement/WT/pool_2/conformer_90.pdb,2,raw,0.004
outputs/Tau5_joint_refinement/WT/pool_2/conformer_91.pdb,2,raw,0.004
outputs/Tau5_joint_refinement/WT/pool_2/conformer_92.pdb,2,raw,0.004
outputs/Tau5_joint_refinement/WT/pool_2/conformer_93.pdb,2,raw,0.004
outputs/Tau5_joint_refinement/WT/pool_2/conformer_94.pdb,2,raw,0.004
outputs/Tau5_joint_refinement/WT/pool_2/conformer_95.pdb,2,raw,0.004
outputs/Tau5_joint_refinement/WT/pool_2/conformer_96.pdb,2,raw,0.004
outputs/Tau5_joint_refinement/WT/pool_2/conformer_97.pdb,2,raw,0.004
outputs/Tau5_joint_refinement/WT/pool_2/conformer_98.pdb,2,raw,0.004
outputs/Tau5_joint_refinement/WT/pool_2/conformer_99.pdb,2,raw,0.004
outputs/Tau5_joint_refinement/WT/pool_2/conformer_1.pdb,2,carbon_only,0.0
outputs/Tau5_joint_refinement/WT/pool_2/conformer_10.pdb,2,carbon_only,0.0
outputs/Tau5_joint_refinement/WT/pool_2/conformer_100.pdb,2,carbon_only,0.0
outputs/Tau5_joint_refinement/WT/pool_2/conformer_101.pdb,2,carbon_only,0.01771248475358985
outputs/Tau5_joint_refinement/WT/pool_2/conformer_102.pdb,2,carbon_only,0.0
outputs/Tau5_joint_refinement/WT/pool_2/conformer_103.pdb,2,carbon_only,0.05000559820376389
outputs/Tau5_joint_refinement/WT/pool_2/conformer_104.pdb,2,carbon_only,0.0
outputs/Tau5_joint_refinement/WT/pool_2/conformer_105.pdb,2,carbon_only,0.0
outputs/Tau5_joint_refinement/WT/pool_2/conformer_106.pdb,2,carbon_only,0.05214399582276277
outputs/Tau5_joint_refinement/WT/pool_2/conformer_107.pdb,2,carbon_only,0.0
outputs/Tau5_joint_refinement/WT/pool_2/conformer_108.pdb,2,carbon_only,0.0
outputs/Tau5_joint_refinement/WT/pool_2/conformer_109.pdb,2,carbon_only,0.0
outputs/Tau5_joint_refinement/WT/pool_2/conformer_11.pdb,2,carbon_only,0.0
outputs/Tau5_joint_refinement/WT/pool_2/conformer_110.pdb,2,carbon_only,0.0
outputs/Tau5_joint_refinement/WT/pool_2/conformer_111.pdb,2,carbon_only,0.0
outputs/Tau5_joint_refinement/WT/pool_2/conformer_112.pdb,2,carbon_only,0.0
outputs/Tau5_joint_refinement/WT/pool_2/conformer_113.pdb,2,carbon_only,0.0
outputs/Tau5_joint_refinement/WT/pool_2/conformer_114.pdb,2,carbon_only,0.0
outputs/Tau5_joint_refinement/WT/pool_2/conformer_115.pdb,2,carbon_only,0.0
outputs/Tau5_joint_refinement/WT/pool_2/conformer_116.pdb,2,carbon_only,0.0
outputs/Tau5_joint_refinement/WT/pool_2/conformer_117.pdb,2,carbon_only,0.009692203835071826
outputs/Tau5_joint_refinement/WT/pool_2/conformer_118.pdb,2,carbon_only,0.0
outputs/Tau5_joint_refinement/WT/pool_2/conformer_119.pdb,2,carbon_only,0.0
outputs/Tau5_joint_refinement/WT/pool_2/conformer_12.pdb,2,carbon_only,0.008709542729477077
outputs/Tau5_joint_refinement/WT/pool_2/conformer_120.pdb,2,carbon_only,0.0
outputs/Tau5_joint_refinement/WT/pool_2/conformer_121.pdb,2,carbon_only,0.0
outputs/Tau5_joint_refinement/WT/pool_2/conformer_122.pdb,2,carbon_only,0.0
outputs/Tau5_joint_refinement/WT/pool_2/conformer_123.pdb,2,carbon_only,0.040921177743071954
outputs/Tau5_joint_refinement/WT/pool_2/conformer_124.pdb,2,carbon_only,0.0
outputs/Tau5_joint_refinement/WT/pool_2/conformer_125.pdb,2,carbon_only,0.0
outputs/Tau5_joint_refinement/WT/pool_2/conformer_126.pdb,2,carbon_only,0.0
outputs/Tau5_joint_refinement/WT/pool_2/conformer_127.pdb,2,carbon_only,0.0
outputs/Tau5_joint_refinement/WT/pool_2/conformer_128.pdb,2,carbon_only,0.0
outputs/Tau5_joint_refinement/WT/pool_2/conformer_129.pdb,2,carbon_only,0.0
outputs/Tau5_joint_refinement/WT/pool_2/conformer_13.pdb,2,carbon_only,0.0
outputs/Tau5_joint_refinement/WT/pool_2/conformer_130.pdb,2,carbon_only,0.03878220874714218
outputs/Tau5_joint_refinement/WT/pool_2/conformer_131.pdb,2,carbon_only,0.0
outputs/Tau5_joint_refinement/WT/pool_2/conformer_132.pdb,2,carbon_only,0.0
outputs/Tau5_joint_refinement/WT/pool_2/conformer_133.pdb,2,carbon_only,0.04549295812981186
outputs/Tau5_joint_refinement/WT/pool_2/conformer_134.pdb,2,carbon_only,0.0
outputs/Tau5_joint_refinement/WT/pool_2/conformer_135.pdb,2,carbon_only,0.0
outputs/Tau5_joint_refinement/WT/pool_2/conformer_136.pdb,2,carbon_only,0.0
outputs/Tau5_joint_refinement/WT/pool_2/conformer_137.pdb,2,carbon_only,0.016908435294130057
outputs/Tau5_joint_refinement/WT/pool_2/conformer_138.pdb,2,carbon_only,0.0
outputs/Tau5_joint_refinement/WT/pool_2/conformer_139.pdb,2,carbon_only,0.0017832624172318193
outputs/Tau5_joint_refinement/WT/pool_2/conformer_14.pdb,2,carbon_only,0.0
outputs/Tau5_joint_refinement/WT/pool_2/conformer_140.pdb,2,carbon_only,0.0
outputs/Tau5_joint_refinement/WT/pool_2/conformer_141.pdb,2,carbon_only,0.0
outputs/Tau5_joint_refinement/WT/pool_2/conformer_142.pdb,2,carbon_only,0.0
outputs/Tau5_joint_refinement/WT/pool_2/conformer_143.pdb,2,carbon_only,0.0
outputs/Tau5_joint_refinement/WT/pool_2/conformer_144.pdb,2,carbon_only,0.0
outputs/Tau5_joint_refinement/WT/pool_2/conformer_145.pdb,2,carbon_only,0.0
outputs/Tau5_joint_refinement/WT/pool_2/conformer_146.pdb,2,carbon_only,0.0
outputs/Tau5_joint_refinement/WT/pool_2/conformer_147.pdb,2,carbon_only,0.0
outputs/Tau5_joint_refinement/WT/pool_2/conformer_148.pdb,2,carbon_only,0.0
outputs/Tau5_joint_refinement/WT/pool_2/conformer_149.pdb,2,carbon_only,0.0
outputs/Tau5_joint_refinement/WT/pool_2/conformer_15.pdb,2,carbon_only,0.0
outputs/Tau5_joint_refinement/WT/pool_2/conformer_150.pdb,2,carbon_only,0.0
outputs/Tau5_joint_refinement/WT/pool_2/conformer_151.pdb,2,carbon_only,0.0
outputs/Tau5_joint_refinement/WT/pool_2/conformer_152.pdb,2,carbon_only,0.0
outputs/Tau5_joint_refinement/WT/pool_2/conformer_153.pdb,2,carbon_only,0.0
outputs/Tau5_joint_refinement/WT/pool_2/conformer_154.pdb,2,carbon_only,0.0
outputs/Tau5_joint_refinement/WT/pool_2/conformer_155.pdb,2,carbon_only,0.01812945488692028
outputs/Tau5_joint_refinement/WT/pool_2/conformer_156.pdb,2,carbon_only,0.0
outputs/Tau5_joint_refinement/WT/pool_2/conformer_157.pdb,2,carbon_only,0.0
outputs/Tau5_joint_refinement/WT/pool_2/conformer_158.pdb,2,carbon_only,0.0
outputs/Tau5_joint_refinement/WT/pool_2/conformer_159.pdb,2,carbon_only,0.0223242481174947
outputs/Tau5_joint_refinement/WT/pool_2/conformer_16.pdb,2,carbon_only,0.0
outputs/Tau5_joint_refinement/WT/pool_2/conformer_160.pdb,2,carbon_only,0.0
outputs/Tau5_joint_refinement/WT/pool_2/conformer_161.pdb,2,carbon_only,0.0
outputs/Tau5_joint_refinement/WT/pool_2/conformer_162.pdb,2,carbon_only,0.0
outputs/Tau5_joint_refinement/WT/pool_2/conformer_163.pdb,2,carbon_only,0.0
outputs/Tau5_joint_refinement/WT/pool_2/conformer_164.pdb,2,carbon_only,0.0
outputs/Tau5_joint_refinement/WT/pool_2/conformer_165.pdb,2,carbon_only,0.0
outputs/Tau5_joint_refinement/WT/pool_2/conformer_166.pdb,2,carbon_only,0.0012189275002692694
outputs/Tau5_joint_refinement/WT/pool_2/conformer_167.pdb,2,carbon_only,0.0
outputs/Tau5_joint_refinement/WT/pool_2/conformer_168.pdb,2,carbon_only,0.0
outputs/Tau5_joint_refinement/WT/pool_2/conformer_169.pdb,2,carbon_only,0.0
outputs/Tau5_joint_refinement/WT/pool_2/conformer_17.pdb,2,carbon_only,0.0
outputs/Tau5_joint_refinement/WT/pool_2/conformer_170.pdb,2,carbon_only,0.0
outputs/Tau5_joint_refinement/WT/pool_2/conformer_171.pdb,2,carbon_only,0.0
outputs/Tau5_joint_refinement/WT/pool_2/conformer_172.pdb,2,carbon_only,0.0
outputs/Tau5_joint_refinement/WT/pool_2/conformer_173.pdb,2,carbon_only,0.0
outputs/Tau5_joint_refinement/WT/pool_2/conformer_174.pdb,2,carbon_only,0.0
outputs/Tau5_joint_refinement/WT/pool_2/conformer_175.pdb,2,carbon_only,0.0
outputs/Tau5_joint_refinement/WT/pool_2/conformer_176.pdb,2,carbon_only,0.0
outputs/Tau5_joint_refinement/WT/pool_2/conformer_177.pdb,2,carbon_only,0.0
outputs/Tau5_joint_refinement/WT/pool_2/conformer_178.pdb,2,carbon_only,0.0
outputs/Tau5_joint_refinement/WT/pool_2/conformer_179.pdb,2,carbon_only,0.0
outputs/Tau5_joint_refinement/WT/pool_2/conformer_18.pdb,2,carbon_only,0.0
outputs/Tau5_joint_refinement/WT/pool_2/conformer_180.pdb,2,carbon_only,0.0
outputs/Tau5_joint_refinement/WT/pool_2/conformer_181.pdb,2,carbon_only,0.0
outputs/Tau5_joint_refinement/WT/pool_2/conformer_182.pdb,2,carbon_only,0.03576567984360245
outputs/Tau5_joint_refinement/WT/pool_2/conformer_183.pdb,2,carbon_only,0.0
outputs/Tau5_joint_refinement/WT/pool_2/conformer_184.pdb,2,carbon_only,0.0
outputs/Tau5_joint_refinement/WT/pool_2/conformer_185.pdb,2,carbon_only,0.0
outputs/Tau5_joint_refinement/WT/pool_2/conformer_186.pdb,2,carbon_only,0.0
outputs/Tau5_joint_refinement/WT/pool_2/conformer_187.pdb,2,carbon_only,0.007406255534135811
outputs/Tau5_joint_refinement/WT/pool_2/conformer_188.pdb,2,carbon_only,0.003097819963074425
outputs/Tau5_joint_refinement/WT/pool_2/conformer_189.pdb,2,carbon_only,0.0
outputs/Tau5_joint_refinement/WT/pool_2/conformer_19.pdb,2,carbon_only,0.0
outputs/Tau5_joint_refinement/WT/pool_2/conformer_190.pdb,2,carbon_only,0.011723581012821362
outputs/Tau5_joint_refinement/WT/pool_2/conformer_191.pdb,2,carbon_only,0.0
outputs/Tau5_joint_refinement/WT/pool_2/conformer_192.pdb,2,carbon_only,0.0
outputs/Tau5_joint_refinement/WT/pool_2/conformer_193.pdb,2,carbon_only,0.0
outputs/Tau5_joint_refinement/WT/pool_2/conformer_194.pdb,2,carbon_only,0.0
outputs/Tau5_joint_refinement/WT/pool_2/conformer_195.pdb,2,carbon_only,0.0
outputs/Tau5_joint_refinement/WT/pool_2/conformer_196.pdb,2,carbon_only,0.0
outputs/Tau5_joint_refinement/WT/pool_2/conformer_197.pdb,2,carbon_only,0.0
outputs/Tau5_joint_refinement/WT/pool_2/conformer_198.pdb,2,carbon_only,0.027464032645477247
outputs/Tau5_joint_refinement/WT/pool_2/conformer_199.pdb,2,carbon_only,0.0
outputs/Tau5_joint_refinement/WT/pool_2/conformer_2.pdb,2,carbon_only,0.015790884920117453
outputs/Tau5_joint_refinement/WT/pool_2/conformer_20.pdb,2,carbon_only,0.015810029104795773
outputs/Tau5_joint_refinement/WT/pool_2/conformer_200.pdb,2,carbon_only,0.005642679515390333
outputs/Tau5_joint_refinement/WT/pool_2/conformer_201.pdb,2,carbon_only,0.0
outputs/Tau5_joint_refinement/WT/pool_2/conformer_202.pdb,2,carbon_only,0.0
outputs/Tau5_joint_refinement/WT/pool_2/conformer_203.pdb,2,carbon_only,0.0
outputs/Tau5_joint_refinement/WT/pool_2/conformer_204.pdb,2,carbon_only,0.003830138929682464
outputs/Tau5_joint_refinement/WT/pool_2/conformer_205.pdb,2,carbon_only,0.04269312058918072
outputs/Tau5_joint_refinement/WT/pool_2/conformer_206.pdb,2,carbon_only,0.044326508302604005
outputs/Tau5_joint_refinement/WT/pool_2/conformer_207.pdb,2,carbon_only,0.01725039945474929
outputs/Tau5_joint_refinement/WT/pool_2/conformer_208.pdb,2,carbon_only,0.0
outputs/Tau5_joint_refinement/WT/pool_2/conformer_209.pdb,2,carbon_only,0.0
outputs/Tau5_joint_refinement/WT/pool_2/conformer_21.pdb,2,carbon_only,0.02039002393911156
outputs/Tau5_joint_refinement/WT/pool_2/conformer_210.pdb,2,carbon_only,0.0
outputs/Tau5_joint_refinement/WT/pool_2/conformer_211.pdb,2,carbon_only,0.0
outputs/Tau5_joint_refinement/WT/pool_2/conformer_212.pdb,2,carbon_only,0.010725249779986186
outputs/Tau5_joint_refinement/WT/pool_2/conformer_213.pdb,2,carbon_only,0.05619018672606178
outputs/Tau5_joint_refinement/WT/pool_2/conformer_214.pdb,2,carbon_only,0.0017118999847282707
outputs/Tau5_joint_refinement/WT/pool_2/conformer_215.pdb,2,carbon_only,0.0
outputs/Tau5_joint_refinement/WT/pool_2/conformer_216.pdb,2,carbon_only,0.0
outputs/Tau5_joint_refinement/WT/pool_2/conformer_217.pdb,2,carbon_only,0.0
outputs/Tau5_joint_refinement/WT/pool_2/conformer_218.pdb,2,carbon_only,0.0
outputs/Tau5_joint_refinement/WT/pool_2/conformer_219.pdb,2,carbon_only,0.0
outputs/Tau5_joint_refinement/WT/pool_2/conformer_22.pdb,2,carbon_only,0.0
outputs/Tau5_joint_refinement/WT/pool_2/conformer_220.pdb,2,carbon_only,0.0
outputs/Tau5_joint_refinement/WT/pool_2/conformer_221.pdb,2,carbon_only,0.006522046049625034
outputs/Tau5_joint_refinement/WT/pool_2/conformer_222.pdb,2,carbon_only,0.0
outputs/Tau5_joint_refinement/WT/pool_2/conformer_223.pdb,2,carbon_only,0.0
outputs/Tau5_joint_refinement/WT/pool_2/conformer_224.pdb,2,carbon_only,0.0
outputs/Tau5_joint_refinement/WT/pool_2/conformer_225.pdb,2,carbon_only,0.0
outputs/Tau5_joint_refinement/WT/pool_2/conformer_226.pdb,2,carbon_only,0.0
outputs/Tau5_joint_refinement/WT/pool_2/conformer_227.pdb,2,carbon_only,0.0
outputs/Tau5_joint_refinement/WT/pool_2/conformer_228.pdb,2,carbon_only,0.0
outputs/Tau5_joint_refinement/WT/pool_2/conformer_229.pdb,2,carbon_only,0.0
outputs/Tau5_joint_refinement/WT/pool_2/conformer_23.pdb,2,carbon_only,0.0
outputs/Tau5_joint_refinement/WT/pool_2/conformer_230.pdb,2,carbon_only,0.0
outputs/Tau5_joint_refinement/WT/pool_2/conformer_231.pdb,2,carbon_only,0.0
outputs/Tau5_joint_refinement/WT/pool_2/conformer_232.pdb,2,carbon_only,0.0
outputs/Tau5_joint_refinement/WT/pool_2/conformer_233.pdb,2,carbon_only,0.0
outputs/Tau5_joint_refinement/WT/pool_2/conformer_234.pdb,2,carbon_only,0.0
outputs/Tau5_joint_refinement/WT/pool_2/conformer_235.pdb,2,carbon_only,0.0
outputs/Tau5_joint_refinement/WT/pool_2/conformer_236.pdb,2,carbon_only,0.0
outputs/Tau5_joint_refinement/WT/pool_2/conformer_237.pdb,2,carbon_only,0.0
outputs/Tau5_joint_refinement/WT/pool_2/conformer_238.pdb,2,carbon_only,0.0
outputs/Tau5_joint_refinement/WT/pool_2/conformer_239.pdb,2,carbon_only,0.0
outputs/Tau5_joint_refinement/WT/pool_2/conformer_24.pdb,2,carbon_only,0.0
outputs/Tau5_joint_refinement/WT/pool_2/conformer_240.pdb,2,carbon_only,0.0
outputs/Tau5_joint_refinement/WT/pool_2/conformer_241.pdb,2,carbon_only,0.0
outputs/Tau5_joint_refinement/WT/pool_2/conformer_242.pdb,2,carbon_only,0.0
outputs/Tau5_joint_refinement/WT/pool_2/conformer_243.pdb,2,carbon_only,0.0
outputs/Tau5_joint_refinement/WT/pool_2/conformer_244.pdb,2,carbon_only,0.0
outputs/Tau5_joint_refinement/WT/pool_2/conformer_245.pdb,2,carbon_only,0.0
outputs/Tau5_joint_refinement/WT/pool_2/conformer_246.pdb,2,carbon_only,0.0
outputs/Tau5_joint_refinement/WT/pool_2/conformer_247.pdb,2,carbon_only,0.006296256835254582
outputs/Tau5_joint_refinement/WT/pool_2/conformer_248.pdb,2,carbon_only,0.0
outputs/Tau5_joint_refinement/WT/pool_2/conformer_249.pdb,2,carbon_only,0.0
outputs/Tau5_joint_refinement/WT/pool_2/conformer_25.pdb,2,carbon_only,0.0
outputs/Tau5_joint_refinement/WT/pool_2/conformer_250.pdb,2,carbon_only,0.04037811942094162
outputs/Tau5_joint_refinement/WT/pool_2/conformer_26.pdb,2,carbon_only,0.0
outputs/Tau5_joint_refinement/WT/pool_2/conformer_27.pdb,2,carbon_only,0.0
outputs/Tau5_joint_refinement/WT/pool_2/conformer_28.pdb,2,carbon_only,0.02371670116518412
outputs/Tau5_joint_refinement/WT/pool_2/conformer_29.pdb,2,carbon_only,0.06153593023634429
outputs/Tau5_joint_refinement/WT/pool_2/conformer_3.pdb,2,carbon_only,0.0
outputs/Tau5_joint_refinement/WT/pool_2/conformer_30.pdb,2,carbon_only,0.0
outputs/Tau5_joint_refinement/WT/pool_2/conformer_31.pdb,2,carbon_only,0.0
outputs/Tau5_joint_refinement/WT/pool_2/conformer_32.pdb,2,carbon_only,0.0
outputs/Tau5_joint_refinement/WT/pool_2/conformer_33.pdb,2,carbon_only,0.0
outputs/Tau5_joint_refinement/WT/pool_2/conformer_34.pdb,2,carbon_only,0.0
outputs/Tau5_joint_refinement/WT/pool_2/conformer_35.pdb,2,carbon_only,0.0
outputs/Tau5_joint_refinement/WT/pool_2/conformer_36.pdb,2,carbon_only,0.0
outputs/Tau5_joint_refinement/WT/pool_2/conformer_37.pdb,2,carbon_only,0.0
outputs/Tau5_joint_refinement/WT/pool_2/conformer_38.pdb,2,carbon_only,0.0
outputs/Tau5_joint_refinement/WT/pool_2/conformer_39.pdb,2,carbon_only,0.0
outputs/Tau5_joint_refinement/WT/pool_2/conformer_4.pdb,2,carbon_only,0.0
outputs/Tau5_joint_refinement/WT/pool_2/conformer_40.pdb,2,carbon_only,0.0
outputs/Tau5_joint_refinement/WT/pool_2/conformer_41.pdb,2,carbon_only,0.0
outputs/Tau5_joint_refinement/WT/pool_2/conformer_42.pdb,2,carbon_only,0.0
outputs/Tau5_joint_refinement/WT/pool_2/conformer_43.pdb,2,carbon_only,0.009861996995481246
outputs/Tau5_joint_refinement/WT/pool_2/conformer_44.pdb,2,carbon_only,0.028920356654778618
outputs/Tau5_joint_refinement/WT/pool_2/conformer_45.pdb,2,carbon_only,0.0
outputs/Tau5_joint_refinement/WT/pool_2/conformer_46.pdb,2,carbon_only,0.0
outputs/Tau5_joint_refinement/WT/pool_2/conformer_47.pdb,2,carbon_only,0.009011071336898872
outputs/Tau5_joint_refinement/WT/pool_2/conformer_48.pdb,2,carbon_only,0.0
outputs/Tau5_joint_refinement/WT/pool_2/conformer_49.pdb,2,carbon_only,0.0
outputs/Tau5_joint_refinement/WT/pool_2/conformer_5.pdb,2,carbon_only,0.0
outputs/Tau5_joint_refinement/WT/pool_2/conformer_50.pdb,2,carbon_only,0.0
outputs/Tau5_joint_refinement/WT/pool_2/conformer_51.pdb,2,carbon_only,0.0
outputs/Tau5_joint_refinement/WT/pool_2/conformer_52.pdb,2,carbon_only,0.02748012917160595
outputs/Tau5_joint_refinement/WT/pool_2/conformer_53.pdb,2,carbon_only,0.0
outputs/Tau5_joint_refinement/WT/pool_2/conformer_54.pdb,2,carbon_only,0.0
outputs/Tau5_joint_refinement/WT/pool_2/conformer_55.pdb,2,carbon_only,0.0
outputs/Tau5_joint_refinement/WT/pool_2/conformer_56.pdb,2,carbon_only,0.0
outputs/Tau5_joint_refinement/WT/pool_2/conformer_57.pdb,2,carbon_only,0.0
outputs/Tau5_joint_refinement/WT/pool_2/conformer_58.pdb,2,carbon_only,0.0
outputs/Tau5_joint_refinement/WT/pool_2/conformer_59.pdb,2,carbon_only,0.0
outputs/Tau5_joint_refinement/WT/pool_2/conformer_6.pdb,2,carbon_only,0.0
outputs/Tau5_joint_refinement/WT/pool_2/conformer_60.pdb,2,carbon_only,0.0
outputs/Tau5_joint_refinement/WT/pool_2/conformer_61.pdb,2,carbon_only,0.0
outputs/Tau5_joint_refinement/WT/pool_2/conformer_62.pdb,2,carbon_only,0.0
outputs/Tau5_joint_refinement/WT/pool_2/conformer_63.pdb,2,carbon_only,0.0
outputs/Tau5_joint_refinement/WT/pool_2/conformer_64.pdb,2,carbon_only,0.0
outputs/Tau5_joint_refinement/WT/pool_2/conformer_65.pdb,2,carbon_only,0.0014173347556880914
outputs/Tau5_joint_refinement/WT/pool_2/conformer_66.pdb,2,carbon_only,0.0
outputs/Tau5_joint_refinement/WT/pool_2/conformer_67.pdb,2,carbon_only,0.0004424952450237153
outputs/Tau5_joint_refinement/WT/pool_2/conformer_68.pdb,2,carbon_only,0.0
outputs/Tau5_joint_refinement/WT/pool_2/conformer_69.pdb,2,carbon_only,0.0
outputs/Tau5_joint_refinement/WT/pool_2/conformer_7.pdb,2,carbon_only,0.0
outputs/Tau5_joint_refinement/WT/pool_2/conformer_70.pdb,2,carbon_only,0.010001740806316928
outputs/Tau5_joint_refinement/WT/pool_2/conformer_71.pdb,2,carbon_only,0.002303760134042204
outputs/Tau5_joint_refinement/WT/pool_2/conformer_72.pdb,2,carbon_only,0.0
outputs/Tau5_joint_refinement/WT/pool_2/conformer_73.pdb,2,carbon_only,0.0
outputs/Tau5_joint_refinement/WT/pool_2/conformer_74.pdb,2,carbon_only,0.0
outputs/Tau5_joint_refinement/WT/pool_2/conformer_75.pdb,2,carbon_only,0.020687885991009385
outputs/Tau5_joint_refinement/WT/pool_2/conformer_76.pdb,2,carbon_only,0.0
outputs/Tau5_joint_refinement/WT/pool_2/conformer_77.pdb,2,carbon_only,0.0
outputs/Tau5_joint_refinement/WT/pool_2/conformer_78.pdb,2,carbon_only,0.0
outputs/Tau5_joint_refinement/WT/pool_2/conformer_79.pdb,2,carbon_only,0.042429521665380686
outputs/Tau5_joint_refinement/WT/pool_2/conformer_8.pdb,2,carbon_only,0.0
outputs/Tau5_joint_refinement/WT/pool_2/conformer_80.pdb,2,carbon_only,0.0
outputs/Tau5_joint_refinement/WT/pool_2/conformer_81.pdb,2,carbon_only,0.0
outputs/Tau5_joint_refinement/WT/pool_2/conformer_82.pdb,2,carbon_only,0.0
outputs/Tau5_joint_refinement/WT/pool_2/conformer_83.pdb,2,carbon_only,0.0
outputs/Tau5_joint_refinement/WT/pool_2/conformer_84.pdb,2,carbon_only,0.0071880696076369365
outputs/Tau5_joint_refinement/WT/pool_2/conformer_85.pdb,2,carbon_only,0.028553488257666165
outputs/Tau5_joint_refinement/WT/pool_2/conformer_86.pdb,2,carbon_only,0.0
outputs/Tau5_joint_refinement/WT/pool_2/conformer_87.pdb,2,carbon_only,0.0
outputs/Tau5_joint_refinement/WT/pool_2/conformer_88.pdb,2,carbon_only,0.0
outputs/Tau5_joint_refinement/WT/pool_2/conformer_89.pdb,2,carbon_only,0.009821135752352692
outputs/Tau5_joint_refinement/WT/pool_2/conformer_9.pdb,2,carbon_only,0.0
outputs/Tau5_joint_refinement/WT/pool_2/conformer_90.pdb,2,carbon_only,0.0
outputs/Tau5_joint_refinement/WT/pool_2/conformer_91.pdb,2,carbon_only,0.0
outputs/Tau5_joint_refinement/WT/pool_2/conformer_92.pdb,2,carbon_only,0.0
outputs/Tau5_joint_refinement/WT/pool_2/conformer_93.pdb,2,carbon_only,0.0
outputs/Tau5_joint_refinement/WT/pool_2/conformer_94.pdb,2,carbon_only,0.0
outputs/Tau5_joint_refinement/WT/pool_2/conformer_95.pdb,2,carbon_only,0.0
outputs/Tau5_joint_refinement/WT/pool_2/conformer_96.pdb,2,carbon_only,0.0
outputs/Tau5_joint_refinement/WT/pool_2/conformer_97.pdb,2,carbon_only,0.019788971492512297
outputs/Tau5_joint_refinement/WT/pool_2/conformer_98.pdb,2,carbon_only,0.0
outputs/Tau5_joint_refinement/WT/pool_2/conformer_99.pdb,2,carbon_only,0.0
outputs/Tau5_joint_refinement/WT/pool_2/conformer_1.pdb,2,all_shifts,0.0
outputs/Tau5_joint_refinement/WT/pool_2/conformer_10.pdb,2,all_shifts,0.0
outputs/Tau5_joint_refinement/WT/pool_2/conformer_100.pdb,2,all_shifts,0.009207079525633047
outputs/Tau5_joint_refinement/WT/pool_2/conformer_101.pdb,2,all_shifts,0.01010880234341285
outputs/Tau5_joint_refinement/WT/pool_2/conformer_102.pdb,2,all_shifts,0.0
outputs/Tau5_joint_refinement/WT/pool_2/conformer_103.pdb,2,all_shifts,0.03705900052544311
outputs/Tau5_joint_refinement/WT/pool_2/conformer_104.pdb,2,all_shifts,0.0
outputs/Tau5_joint_refinement/WT/pool_2/conformer_105.pdb,2,all_shifts,0.00878301307352864
outputs/Tau5_joint_refinement/WT/pool_2/conformer_106.pdb,2,all_shifts,0.040322206088110914
outputs/Tau5_joint_refinement/WT/pool_2/conformer_107.pdb,2,all_shifts,0.0
outputs/Tau5_joint_refinement/WT/pool_2/conformer_108.pdb,2,all_shifts,0.0
outputs/Tau5_joint_refinement/WT/pool_2/conformer_109.pdb,2,all_shifts,0.0
outputs/Tau5_joint_refinement/WT/pool_2/conformer_11.pdb,2,all_shifts,0.0
outputs/Tau5_joint_refinement/WT/pool_2/conformer_110.pdb,2,all_shifts,5.7750201720576516e-05
outputs/Tau5_joint_refinement/WT/pool_2/conformer_111.pdb,2,all_shifts,0.0
outputs/Tau5_joint_refinement/WT/pool_2/conformer_112.pdb,2,all_shifts,0.0
outputs/Tau5_joint_refinement/WT/pool_2/conformer_113.pdb,2,all_shifts,0.004913871765288293
outputs/Tau5_joint_refinement/WT/pool_2/conformer_114.pdb,2,all_shifts,0.0
outputs/Tau5_joint_refinement/WT/pool_2/conformer_115.pdb,2,all_shifts,0.0
outputs/Tau5_joint_refinement/WT/pool_2/conformer_116.pdb,2,all_shifts,0.0
outputs/Tau5_joint_refinement/WT/pool_2/conformer_117.pdb,2,all_shifts,0.0
outputs/Tau5_joint_refinement/WT/pool_2/conformer_118.pdb,2,all_shifts,0.0
outputs/Tau5_joint_refinement/WT/pool_2/conformer_119.pdb,2,all_shifts,0.0
outputs/Tau5_joint_refinement/WT/pool_2/conformer_12.pdb,2,all_shifts,0.008295695418401226
outputs/Tau5_joint_refinement/WT/pool_2/conformer_120.pdb,2,all_shifts,0.0
outputs/Tau5_joint_refinement/WT/pool_2/conformer_121.pdb,2,all_shifts,0.0
outputs/Tau5_joint_refinement/WT/pool_2/conformer_122.pdb,2,all_shifts,0.0
outputs/Tau5_joint_refinement/WT/pool_2/conformer_123.pdb,2,all_shifts,0.021852425168432135
outputs/Tau5_joint_refinement/WT/pool_2/conformer_124.pdb,2,all_shifts,0.005253176489921086
outputs/Tau5_joint_refinement/WT/pool_2/conformer_125.pdb,2,all_shifts,0.0
outputs/Tau5_joint_refinement/WT/pool_2/conformer_126.pdb,2,all_shifts,0.0
outputs/Tau5_joint_refinement/WT/pool_2/conformer_127.pdb,2,all_shifts,0.0
outputs/Tau5_joint_refinement/WT/pool_2/conformer_128.pdb,2,all_shifts,0.0
outputs/Tau5_joint_refinement/WT/pool_2/conformer_129.pdb,2,all_shifts,0.0
outputs/Tau5_joint_refinement/WT/pool_2/conformer_13.pdb,2,all_shifts,0.0
outputs/Tau5_joint_refinement/WT/pool_2/conformer_130.pdb,2,all_shifts,0.014561412799615599
outputs/Tau5_joint_refinement/WT/pool_2/conformer_131.pdb,2,all_shifts,0.0
outputs/Tau5_joint_refinement/WT/pool_2/conformer_132.pdb,2,all_shifts,0.0
outputs/Tau5_joint_refinement/WT/pool_2/conformer_133.pdb,2,all_shifts,0.04233750812300933
outputs/Tau5_joint_refinement/WT/pool_2/conformer_134.pdb,2,all_shifts,0.0
outputs/Tau5_joint_refinement/WT/pool_2/conformer_135.pdb,2,all_shifts,0.0
outputs/Tau5_joint_refinement/WT/pool_2/conformer_136.pdb,2,all_shifts,0.0
outputs/Tau5_joint_refinement/WT/pool_2/conformer_137.pdb,2,all_shifts,0.003422975342208291
outputs/Tau5_joint_refinement/WT/pool_2/conformer_138.pdb,2,all_shifts,0.0
outputs/Tau5_joint_refinement/WT/pool_2/conformer_139.pdb,2,all_shifts,0.0029688875803496407
outputs/Tau5_joint_refinement/WT/pool_2/conformer_14.pdb,2,all_shifts,0.0
outputs/Tau5_joint_refinement/WT/pool_2/conformer_140.pdb,2,all_shifts,0.0
outputs/Tau5_joint_refinement/WT/pool_2/conformer_141.pdb,2,all_shifts,0.0102058506811168
outputs/Tau5_joint_refinement/WT/pool_2/conformer_142.pdb,2,all_shifts,0.0
outputs/Tau5_joint_refinement/WT/pool_2/conformer_143.pdb,2,all_shifts,0.0
outputs/Tau5_joint_refinement/WT/pool_2/conformer_144.pdb,2,all_shifts,0.0
outputs/Tau5_joint_refinement/WT/pool_2/conformer_145.pdb,2,all_shifts,0.0
outputs/Tau5_joint_refinement/WT/pool_2/conformer_146.pdb,2,all_shifts,0.0
outputs/Tau5_joint_refinement/WT/pool_2/conformer_147.pdb,2,all_shifts,0.0
outputs/Tau5_joint_refinement/WT/pool_2/conformer_148.pdb,2,all_shifts,0.0
outputs/Tau5_joint_refinement/WT/pool_2/conformer_149.pdb,2,all_shifts,0.0
outputs/Tau5_joint_refinement/WT/pool_2/conformer_15.pdb,2,all_shifts,0.0
outputs/Tau5_joint_refinement/WT/pool_2/conformer_150.pdb,2,all_shifts,0.0008039852206795917
outputs/Tau5_joint_refinement/WT/pool_2/conformer_151.pdb,2,all_shifts,0.0
outputs/Tau5_joint_refinement/WT/pool_2/conformer_152.pdb,2,all_shifts,0.0
outputs/Tau5_joint_refinement/WT/pool_2/conformer_153.pdb,2,all_shifts,0.0
outputs/Tau5_joint_refinement/WT/pool_2/conformer_154.pdb,2,all_shifts,0.0
outputs/Tau5_joint_refinement/WT/pool_2/conformer_155.pdb,2,all_shifts,0.021180830794356124
outputs/Tau5_joint_refinement/WT/pool_2/conformer_156.pdb,2,all_shifts,0.0
outputs/Tau5_joint_refinement/WT/pool_2/conformer_157.pdb,2,all_shifts,0.0
outputs/Tau5_joint_refinement/WT/pool_2/conformer_158.pdb,2,all_shifts,0.0
outputs/Tau5_joint_refinement/WT/pool_2/conformer_159.pdb,2,all_shifts,0.0019189351440232177
outputs/Tau5_joint_refinement/WT/pool_2/conformer_16.pdb,2,all_shifts,0.0
outputs/Tau5_joint_refinement/WT/pool_2/conformer_160.pdb,2,all_shifts,0.0
outputs/Tau5_joint_refinement/WT/pool_2/conformer_161.pdb,2,all_shifts,0.0
outputs/Tau5_joint_refinement/WT/pool_2/conformer_162.pdb,2,all_shifts,0.0
outputs/Tau5_joint_refinement/WT/pool_2/conformer_163.pdb,2,all_shifts,0.0
outputs/Tau5_joint_refinement/WT/pool_2/conformer_164.pdb,2,all_shifts,0.0
outputs/Tau5_joint_refinement/WT/pool_2/conformer_165.pdb,2,all_shifts,0.0
outputs/Tau5_joint_refinement/WT/pool_2/conformer_166.pdb,2,all_shifts,0.0
outputs/Tau5_joint_refinement/WT/pool_2/conformer_167.pdb,2,all_shifts,0.008430236239004095
outputs/Tau5_joint_refinement/WT/pool_2/conformer_168.pdb,2,all_shifts,0.0
outputs/Tau5_joint_refinement/WT/pool_2/conformer_169.pdb,2,all_shifts,0.0
outputs/Tau5_joint_refinement/WT/pool_2/conformer_17.pdb,2,all_shifts,0.0
outputs/Tau5_joint_refinement/WT/pool_2/conformer_170.pdb,2,all_shifts,0.0
outputs/Tau5_joint_refinement/WT/pool_2/conformer_171.pdb,2,all_shifts,0.0
outputs/Tau5_joint_refinement/WT/pool_2/conformer_172.pdb,2,all_shifts,0.008595605647624328
outputs/Tau5_joint_refinement/WT/pool_2/conformer_173.pdb,2,all_shifts,0.0
outputs/Tau5_joint_refinement/WT/pool_2/conformer_174.pdb,2,all_shifts,0.0
outputs/Tau5_joint_refinement/WT/pool_2/conformer_175.pdb,2,all_shifts,0.0
outputs/Tau5_joint_refinement/WT/pool_2/conformer_176.pdb,2,all_shifts,0.0
outputs/Tau5_joint_refinement/WT/pool_2/conformer_177.pdb,2,all_shifts,0.0
outputs/Tau5_joint_refinement/WT/pool_2/conformer_178.pdb,2,all_shifts,0.0
outputs/Tau5_joint_refinement/WT/pool_2/conformer_179.pdb,2,all_shifts,0.0
outputs/Tau5_joint_refinement/WT/pool_2/conformer_18.pdb,2,all_shifts,0.0
outputs/Tau5_joint_refinement/WT/pool_2/conformer_180.pdb,2,all_shifts,0.0
outputs/Tau5_joint_refinement/WT/pool_2/conformer_181.pdb,2,all_shifts,0.0
outputs/Tau5_joint_refinement/WT/pool_2/conformer_182.pdb,2,all_shifts,0.013555577094484909
outputs/Tau5_joint_refinement/WT/pool_2/conformer_183.pdb,2,all_shifts,0.0
outputs/Tau5_joint_refinement/WT/pool_2/conformer_184.pdb,2,all_shifts,0.0
outputs/Tau5_joint_refinement/WT/pool_2/conformer_185.pdb,2,all_shifts,0.0
outputs/Tau5_joint_refinement/WT/pool_2/conformer_186.pdb,2,all_shifts,0.0
outputs/Tau5_joint_refinement/WT/pool_2/conformer_187.pdb,2,all_shifts,0.0
outputs/Tau5_joint_refinement/WT/pool_2/conformer_188.pdb,2,all_shifts,0.010371987786039285
outputs/Tau5_joint_refinement/WT/pool_2/conformer_189.pdb,2,all_shifts,0.0017395016852267153
outputs/Tau5_joint_refinement/WT/pool_2/conformer_19.pdb,2,all_shifts,0.0
outputs/Tau5_joint_refinement/WT/pool_2/conformer_190.pdb,2,all_shifts,0.0
outputs/Tau5_joint_refinement/WT/pool_2/conformer_191.pdb,2,all_shifts,0.0
outputs/Tau5_joint_refinement/WT/pool_2/conformer_192.pdb,2,all_shifts,0.0
outputs/Tau5_joint_refinement/WT/pool_2/conformer_193.pdb,2,all_shifts,0.0
outputs/Tau5_joint_refinement/WT/pool_2/conformer_194.pdb,2,all_shifts,0.0
outputs/Tau5_joint_refinement/WT/pool_2/conformer_195.pdb,2,all_shifts,0.0
outputs/Tau5_joint_refinement/WT/pool_2/conformer_196.pdb,2,all_shifts,0.0
outputs/Tau5_joint_refinement/WT/pool_2/conformer_197.pdb,2,all_shifts,0.0
outputs/Tau5_joint_refinement/WT/pool_2/conformer_198.pdb,2,all_shifts,0.035439739260321165
outputs/Tau5_joint_refinement/WT/pool_2/conformer_199.pdb,2,all_shifts,0.013157738143906451
outputs/Tau5_joint_refinement/WT/pool_2/conformer_2.pdb,2,all_shifts,0.0018074086724620294
outputs/Tau5_joint_refinement/WT/pool_2/conformer_20.pdb,2,all_shifts,0.0
outputs/Tau5_joint_refinement/WT/pool_2/conformer_200.pdb,2,all_shifts,0.004761373302239072
outputs/Tau5_joint_refinement/WT/pool_2/conformer_201.pdb,2,all_shifts,0.0
outputs/Tau5_joint_refinement/WT/pool_2/conformer_202.pdb,2,all_shifts,0.0
outputs/Tau5_joint_refinement/WT/pool_2/conformer_203.pdb,2,all_shifts,0.0
outputs/Tau5_joint_refinement/WT/pool_2/conformer_204.pdb,2,all_shifts,0.0
outputs/Tau5_joint_refinement/WT/pool_2/conformer_205.pdb,2,all_shifts,0.0
outputs/Tau5_joint_refinement/WT/pool_2/conformer_206.pdb,2,all_shifts,0.0
outputs/Tau5_joint_refinement/WT/pool_2/conformer_207.pdb,2,all_shifts,0.013009005205198852
outputs/Tau5_joint_refinement/WT/pool_2/conformer_208.pdb,2,all_shifts,0.0
outputs/Tau5_joint_refinement/WT/pool_2/conformer_209.pdb,2,all_shifts,0.0
outputs/Tau5_joint_refinement/WT/pool_2/conformer_21.pdb,2,all_shifts,0.0038887557854264767
outputs/Tau5_joint_refinement/WT/pool_2/conformer_210.pdb,2,all_shifts,0.0025940609991258233
outputs/Tau5_joint_refinement/WT/pool_2/conformer_211.pdb,2,all_shifts,0.0
outputs/Tau5_joint_refinement/WT/pool_2/conformer_212.pdb,2,all_shifts,0.013204897471678603
outputs/Tau5_joint_refinement/WT/pool_2/conformer_213.pdb,2,all_shifts,0.0223896602979353
outputs/Tau5_joint_refinement/WT/pool_2/conformer_214.pdb,2,all_shifts,0.042487282593762346
outputs/Tau5_joint_refinement/WT/pool_2/conformer_215.pdb,2,all_shifts,0.0
outputs/Tau5_joint_refinement/WT/pool_2/conformer_216.pdb,2,all_shifts,0.0
outputs/Tau5_joint_refinement/WT/pool_2/conformer_217.pdb,2,all_shifts,0.0
outputs/Tau5_joint_refinement/WT/pool_2/conformer_218.pdb,2,all_shifts,0.0
outputs/Tau5_joint_refinement/WT/pool_2/conformer_219.pdb,2,all_shifts,0.0
outputs/Tau5_joint_refinement/WT/pool_2/conformer_22.pdb,2,all_shifts,0.0
outputs/Tau5_joint_refinement/WT/pool_2/conformer_220.pdb,2,all_shifts,0.0
outputs/Tau5_joint_refinement/WT/pool_2/conformer_221.pdb,2,all_shifts,0.04489958692608268
outputs/Tau5_joint_refinement/WT/pool_2/conformer_222.pdb,2,all_shifts,0.0
outputs/Tau5_joint_refinement/WT/pool_2/conformer_223.pdb,2,all_shifts,0.0
outputs/Tau5_joint_refinement/WT/pool_2/conformer_224.pdb,2,all_shifts,0.0
outputs/Tau5_joint_refinement/WT/pool_2/conformer_225.pdb,2,all_shifts,0.0
outputs/Tau5_joint_refinement/WT/pool_2/conformer_226.pdb,2,all_shifts,0.0
outputs/Tau5_joint_refinement/WT/pool_2/conformer_227.pdb,2,all_shifts,0.007123361758942101
outputs/Tau5_joint_refinement/WT/pool_2/conformer_228.pdb,2,all_shifts,0.0
outputs/Tau5_joint_refinement/WT/pool_2/conformer_229.pdb,2,all_shifts,0.0
outputs/Tau5_joint_refinement/WT/pool_2/conformer_23.pdb,2,all_shifts,0.0
outputs/Tau5_joint_refinement/WT/pool_2/conformer_230.pdb,2,all_shifts,0.0
outputs/Tau5_joint_refinement/WT/pool_2/conformer_231.pdb,2,all_shifts,0.0
outputs/Tau5_joint_refinement/WT/pool_2/conformer_232.pdb,2,all_shifts,0.0
outputs/Tau5_joint_refinement/WT/pool_2/conformer_233.pdb,2,all_shifts,0.0
outputs/Tau5_joint_refinement/WT/pool_2/conformer_234.pdb,2,all_shifts,0.0
outputs/Tau5_joint_refinement/WT/pool_2/conformer_235.pdb,2,all_shifts,0.0
outputs/Tau5_joint_refinement/WT/pool_2/conformer_236.pdb,2,all_shifts,0.0
outputs/Tau5_joint_refinement/WT/pool_2/conformer_237.pdb,2,all_shifts,0.0014343319880471882
outputs/Tau5_joint_refinement/WT/pool_2/conformer_238.pdb,2,all_shifts,0.0
outputs/Tau5_joint_refinement/WT/pool_2/conformer_239.pdb,2,all_shifts,0.0
outputs/Tau5_joint_refinement/WT/pool_2/conformer_24.pdb,2,all_shifts,0.0
outputs/Tau5_joint_refinement/WT/pool_2/conformer_240.pdb,2,all_shifts,0.0
outputs/Tau5_joint_refinement/WT/pool_2/conformer_241.pdb,2,all_shifts,0.0
outputs/Tau5_joint_refinement/WT/pool_2/conformer_242.pdb,2,all_shifts,0.0
outputs/Tau5_joint_refinement/WT/pool_2/conformer_243.pdb,2,all_shifts,0.0
outputs/Tau5_joint_refinement/WT/pool_2/conformer_244.pdb,2,all_shifts,0.0
outputs/Tau5_joint_refinement/WT/pool_2/conformer_245.pdb,2,all_shifts,0.0
outputs/Tau5_joint_refinement/WT/pool_2/conformer_246.pdb,2,all_shifts,0.0
outputs/Tau5_joint_refinement/WT/pool_2/conformer_247.pdb,2,all_shifts,0.0
outputs/Tau5_joint_refinement/WT/pool_2/conformer_248.pdb,2,all_shifts,0.0
outputs/Tau5_joint_refinement/WT/pool_2/conformer_249.pdb,2,all_shifts,0.0
outputs/Tau5_joint_refinement/WT/pool_2/conformer_25.pdb,2,all_shifts,0.0
outputs/Tau5_joint_refinement/WT/pool_2/conformer_250.pdb,2,all_shifts,0.007569424569968341
outputs/Tau5_joint_refinement/WT/pool_2/conformer_26.pdb,2,all_shifts,0.0048773161699907815
outputs/Tau5_joint_refinement/WT/pool_2/conformer_27.pdb,2,all_shifts,0.0
outputs/Tau5_joint_refinement/WT/pool_2/conformer_28.pdb,2,all_shifts,0.0
outputs/Tau5_joint_refinement/WT/pool_2/conformer_29.pdb,2,all_shifts,0.06257518918670686
outputs/Tau5_joint_refinement/WT/pool_2/conformer_3.pdb,2,all_shifts,0.0
outputs/Tau5_joint_refinement/WT/pool_2/conformer_30.pdb,2,all_shifts,0.0
outputs/Tau5_joint_refinement/WT/pool_2/conformer_31.pdb,2,all_shifts,0.0
outputs/Tau5_joint_refinement/WT/pool_2/conformer_32.pdb,2,all_shifts,0.0
outputs/Tau5_joint_refinement/WT/pool_2/conformer_33.pdb,2,all_shifts,0.0
outputs/Tau5_joint_refinement/WT/pool_2/conformer_34.pdb,2,all_shifts,0.0005415071654124425
outputs/Tau5_joint_refinement/WT/pool_2/conformer_35.pdb,2,all_shifts,0.0
outputs/Tau5_joint_refinement/WT/pool_2/conformer_36.pdb,2,all_shifts,0.0
outputs/Tau5_joint_refinement/WT/pool_2/conformer_37.pdb,2,all_shifts,0.005324675725980865
outputs/Tau5_joint_refinement/WT/pool_2/conformer_38.pdb,2,all_shifts,0.0
outputs/Tau5_joint_refinement/WT/pool_2/conformer_39.pdb,2,all_shifts,0.0
outputs/Tau5_joint_refinement/WT/pool_2/conformer_4.pdb,2,all_shifts,0.0
outputs/Tau5_joint_refinement/WT/pool_2/conformer_40.pdb,2,all_shifts,0.0
outputs/Tau5_joint_refinement/WT/pool_2/conformer_41.pdb,2,all_shifts,0.0
outputs/Tau5_joint_refinement/WT/pool_2/conformer_42.pdb,2,all_shifts,0.000878285648580611
outputs/Tau5_joint_refinement/WT/pool_2/conformer_43.pdb,2,all_shifts,0.03308131568471009
outputs/Tau5_joint_refinement/WT/pool_2/conformer_44.pdb,2,all_shifts,0.03278811956045216
outputs/Tau5_joint_refinement/WT/pool_2/conformer_45.pdb,2,all_shifts,0.0
outputs/Tau5_joint_refinement/WT/pool_2/conformer_46.pdb,2,all_shifts,0.0
outputs/Tau5_joint_refinement/WT/pool_2/conformer_47.pdb,2,all_shifts,0.012364422591007989
outputs/Tau5_joint_refinement/WT/pool_2/conformer_48.pdb,2,all_shifts,0.0
outputs/Tau5_joint_refinement/WT/pool_2/conformer_49.pdb,2,all_shifts,0.009678973858564333
outputs/Tau5_joint_refinement/WT/pool_2/conformer_5.pdb,2,all_shifts,0.0
outputs/Tau5_joint_refinement/WT/pool_2/conformer_50.pdb,2,all_shifts,0.0
outputs/Tau5_joint_refinement/WT/pool_2/conformer_51.pdb,2,all_shifts,0.0
outputs/Tau5_joint_refinement/WT/pool_2/conformer_52.pdb,2,all_shifts,0.042126440623738846
outputs/Tau5_joint_refinement/WT/pool_2/conformer_53.pdb,2,all_shifts,0.0
outputs/Tau5_joint_refinement/WT/pool_2/conformer_54.pdb,2,all_shifts,0.0
outputs/Tau5_joint_refinement/WT/pool_2/conformer_55.pdb,2,all_shifts,0.0
outputs/Tau5_joint_refinement/WT/pool_2/conformer_56.pdb,2,all_shifts,0.0
outputs/Tau5_joint_refinement/WT/pool_2/conformer_57.pdb,2,all_shifts,0.0
outputs/Tau5_joint_refinement/WT/pool_2/conformer_58.pdb,2,all_shifts,0.0
outputs/Tau5_joint_refinement/WT/pool_2/conformer_59.pdb,2,all_shifts,0.0
outputs/Tau5_joint_refinement/WT/pool_2/conformer_6.pdb,2,all_shifts,0.0
outputs/Tau5_joint_refinement/WT/pool_2/conformer_60.pdb,2,all_shifts,0.0
outputs/Tau5_joint_refinement/WT/pool_2/conformer_61.pdb,2,all_shifts,0.0
outputs/Tau5_joint_refinement/WT/pool_2/conformer_62.pdb,2,all_shifts,0.014461620872197854
outputs/Tau5_joint_refinement/WT/pool_2/conformer_63.pdb,2,all_shifts,0.0
outputs/Tau5_joint_refinement/WT/pool_2/conformer_64.pdb,2,all_shifts,0.0
outputs/Tau5_joint_refinement/WT/pool_2/conformer_65.pdb,2,all_shifts,0.018475212496683362
outputs/Tau5_joint_refinement/WT/pool_2/conformer_66.pdb,2,all_shifts,0.0
outputs/Tau5_joint_refinement/WT/pool_2/conformer_67.pdb,2,all_shifts,0.0175845117802698
outputs/Tau5_joint_refinement/WT/pool_2/conformer_68.pdb,2,all_shifts,0.0
outputs/Tau5_joint_refinement/WT/pool_2/conformer_69.pdb,2,all_shifts,0.0
outputs/Tau5_joint_refinement/WT/pool_2/conformer_7.pdb,2,all_shifts,0.0
outputs/Tau5_joint_refinement/WT/pool_2/conformer_70.pdb,2,all_shifts,0.011077293318679984
outputs/Tau5_joint_refinement/WT/pool_2/conformer_71.pdb,2,all_shifts,0.006601167933588709
outputs/Tau5_joint_refinement/WT/pool_2/conformer_72.pdb,2,all_shifts,0.0
outputs/Tau5_joint_refinement/WT/pool_2/conformer_73.pdb,2,all_shifts,0.0
outputs/Tau5_joint_refinement/WT/pool_2/conformer_74.pdb,2,all_shifts,0.0
outputs/Tau5_joint_refinement/WT/pool_2/conformer_75.pdb,2,all_shifts,0.03726063453711414
outputs/Tau5_joint_refinement/WT/pool_2/conformer_76.pdb,2,all_shifts,0.0
outputs/Tau5_joint_refinement/WT/pool_2/conformer_77.pdb,2,all_shifts,0.019359755698628533
outputs/Tau5_joint_refinement/WT/pool_2/conformer_78.pdb,2,all_shifts,0.04355331220669366
outputs/Tau5_joint_refinement/WT/pool_2/conformer_79.pdb,2,all_shifts,0.019162844862612518
outputs/Tau5_joint_refinement/WT/pool_2/conformer_8.pdb,2,all_shifts,0.03728184795976447
outputs/Tau5_joint_refinement/WT/pool_2/conformer_80.pdb,2,all_shifts,0.0
outputs/Tau5_joint_refinement/WT/pool_2/conformer_81.pdb,2,all_shifts,0.0
outputs/Tau5_joint_refinement/WT/pool_2/conformer_82.pdb,2,all_shifts,0.0
outputs/Tau5_joint_refinement/WT/pool_2/conformer_83.pdb,2,all_shifts,0.0
outputs/Tau5_joint_refinement/WT/pool_2/conformer_84.pdb,2,all_shifts,0.020318640255665595
outputs/Tau5_joint_refinement/WT/pool_2/conformer_85.pdb,2,all_shifts,0.017492513072556
outputs/Tau5_joint_refinement/WT/pool_2/conformer_86.pdb,2,all_shifts,0.0
outputs/Tau5_joint_refinement/WT/pool_2/conformer_87.pdb,2,all_shifts,0.005498425719948971
outputs/Tau5_joint_refinement/WT/pool_2/conformer_88.pdb,2,all_shifts,0.005576872936427813
outputs/Tau5_joint_refinement/WT/pool_2/conformer_89.pdb,2,all_shifts,0.0
outputs/Tau5_joint_refinement/WT/pool_2/conformer_9.pdb,2,all_shifts,0.0
outputs/Tau5_joint_refinement/WT/pool_2/conformer_90.pdb,2,all_shifts,0.0
outputs/Tau5_joint_refinement/WT/pool_2/conformer_91.pdb,2,all_shifts,0.0
outputs/Tau5_joint_refinement/WT/pool_2/conformer_92.pdb,2,all_shifts,0.0
outputs/Tau5_joint_refinement/WT/pool_2/conformer_93.pdb,2,all_shifts,0.0
outputs/Tau5_joint_refinement/WT/pool_2/conformer_94.pdb,2,all_shifts,0.0
outputs/Tau5_joint_refinement/WT/pool_2/conformer_95.pdb,2,all_shifts,0.0
outputs/Tau5_joint_refinement/WT/pool_2/conformer_96.pdb,2,all_shifts,0.02234615842129729
outputs/Tau5_joint_refinement/WT/pool_2/conformer_97.pdb,2,all_shifts,0.0
outputs/Tau5_joint_refinement/WT/pool_2/conformer_98.pdb,2,all_shifts,0.0
outputs/Tau5_joint_refinement/WT/pool_2/conformer_99.pdb,2,all_shifts,0.0
