source_pdb,protonated_pdb,CA_Rg_A,pool,joint_theta_1000,joint_theta_300,joint_theta_100,joint_theta_30,joint_theta_10,joint_theta_3,joint_theta_1,shifts_only,saxs_only
outputs/Tau5_joint_refinement/WT/pool_1/conformer_1.pdb,outputs/Tau5_joint_refinement/WT/backcalc/pool_1/conformer_1/model.pdb,30.82087392281925,0.002,0.0009859921679828657,0.0003863684916841058,0.00011185258011765774,1.1881109429102619e-05,1.2850870919491404e-07,1.259010376916274e-09,7.275465224680131e-11,0.0019693034730543573,0.00011794691231338808
outputs/Tau5_joint_refinement/WT/pool_1/conformer_10.pdb,outputs/Tau5_joint_refinement/WT/backcalc/pool_1/conformer_10/model.pdb,26.91325981730603,0.002,0.003074375972969027,0.004736589357061758,0.010065387157515183,0.026766681645825165,0.0529899179719053,0.07391426390539647,0.08144147172945283,0.0019372104394382167,0.009370658683900957
outputs/Tau5_joint_refinement/WT/pool_1/conformer_100.pdb,outputs/Tau5_joint_refinement/WT/backcalc/pool_1/conformer_100/model.pdb,37.29680927982294,0.002,0.0018250870795084137,0.0014794916103431993,0.0008639075992889623,0.0001729307472393641,2.0857711449607615e-06,1.6351791367397724e-08,9.32627414934233e-10,0.0016273853245827067,0.0010714832955631135
outputs/Tau5_joint_refinement/WT/pool_1/conformer_101.pdb,outputs/Tau5_joint_refinement/WT/backcalc/pool_1/conformer_101/model.pdb,24.802302321162596,0.002,0.000886128806061825,0.00038325555810589656,0.00016685590021325717,4.2145490706200985e-05,9.329736833885621e-07,8.479913587692723e-09,4.875030525080866e-10,0.0018440000324973086,0.0001840594329813354
outputs/Tau5_joint_refinement/WT/pool_1/conformer_102.pdb,outputs/Tau5_joint_refinement/WT/backcalc/pool_1/conformer_102/model.pdb,29.61758663964964,0.002,0.0025312170837319754,0.002664177773504985,0.0029999638526486743,0.0039239773921489664,0.005167044031400021,0.005370572566030535,0.004049710810158096,0.0025220452658934844,0.002396960661595553
outputs/Tau5_joint_refinement/WT/pool_1/conformer_103.pdb,outputs/Tau5_joint_refinement/WT/backcalc/pool_1/conformer_103/model.pdb,27.308239209145086,0.002,0.0005198322076856662,0.00020464550969660972,9.241142861114959e-05,2.3308148947446534e-05,3.4287452087975397e-07,3.2798368427775808e-09,1.8921282070649505e-10,0.0022835781831227163,8.606786358391984e-05
outputs/Tau5_joint_refinement/WT/pool_1/conformer_104.pdb,outputs/Tau5_joint_refinement/WT/backcalc/pool_1/conformer_104/model.pdb,21.827970089323852,0.002,0.010532543137092808,0.012380630759406763,0.00969876741677734,0.005344750795596384,0.001255901601216444,1.5989195156364138e-06,6.769709707710797e-08,0.0021981016696004008,0.008867438349757884
outputs/Tau5_joint_refinement/WT/pool_1/conformer_105.pdb,outputs/Tau5_joint_refinement/WT/backcalc/pool_1/conformer_105/model.pdb,32.69756039686443,0.002,0.0038223175078475648,0.005717981476895662,0.008910593910061848,0.016114904687637467,0.02834366564275334,0.0405097728945982,0.04526875823768249,0.0020945848012187615,0.008378353026560252
outputs/Tau5_joint_refinement/WT/pool_1/conformer_106.pdb,outputs/Tau5_joint_refinement/WT/backcalc/pool_1/conformer_106/model.pdb,33.30403884242746,0.002,0.002284075107305449,0.002086141597431914,0.0017188353900595985,0.0011989443848128445,0.00037081820465060324,8.422441042488241e-07,4.1001976555512084e-08,0.002253626064960317,0.0015795127228028641
outputs/Tau5_joint_refinement/WT/pool_1/conformer_107.pdb,outputs/Tau5_joint_refinement/WT/backcalc/pool_1/conformer_107/model.pdb,26.64963859889932,0.002,0.0029329391700473094,0.0023980604683594624,0.0018626171492662413,0.00148859859811189,0.0008178173443254464,3.739877796085371e-05,3.271775887725715e-07,0.00261261709558877,0.0014167662214449913
outputs/Tau5_joint_refinement/WT/pool_1/conformer_108.pdb,outputs/Tau5_joint_refinement/WT/backcalc/pool_1/conformer_108/model.pdb,33.32054547790922,0.002,0.001208765602301479,0.0008700761437923626,0.0005812276457570741,0.00020298676008241633,9.703194377482826e-06,5.306185115258647e-08,2.9737930026892544e-09,0.0016875249343699483,0.0006992075198652366
outputs/Tau5_joint_refinement/WT/pool_1/conformer_109.pdb,outputs/Tau5_joint_refinement/WT/backcalc/pool_1/conformer_109/model.pdb,33.35155985256308,0.002,0.0019785567173341992,0.0018745499035069649,0.001724404426088698,0.0012422130599830136,0.00036358543381118325,6.846431365869092e-07,3.4089805083871724e-08,0.0020009561461698604,0.0016442845668793624
outputs/Tau5_joint_refinement/WT/pool_1/conformer_11.pdb,outputs/Tau5_joint_refinement/WT/backcalc/pool_1/conformer_11/model.pdb,52.07988503360794,0.002,0.0018769763483823582,0.0017603057419051558,0.0012525798870249712,0.00048642154572274776,4.354445006172829e-05,1.175509229040452e-07,6.433724663186208e-09,0.0018456791063015234,0.0013403463349625422
outputs/Tau5_joint_refinement/WT/pool_1/conformer_110.pdb,outputs/Tau5_joint_refinement/WT/backcalc/pool_1/conformer_110/model.pdb,25.135825826169743,0.002,0.0024533906054991813,0.0019636837687133793,0.0014904669847068408,0.0008012895440852838,0.00012592452763994044,2.316237763381679e-07,1.2412875458766006e-08,0.0018561406506738252,0.001577514897103488
outputs/Tau5_joint_refinement/WT/pool_1/conformer_111.pdb,outputs/Tau5_joint_refinement/WT/backcalc/pool_1/conformer_111/model.pdb,29.412641938339814,0.002,0.0014831702261646634,0.0012608317825084981,0.0013568507324271627,0.0018738953074283792,0.002006675648264587,0.0004634951904888603,1.5969312382613227e-06,0.002596000772721514,0.0010743478510261183
outputs/Tau5_joint_refinement/WT/pool_1/conformer_112.pdb,outputs/Tau5_joint_refinement/WT/backcalc/pool_1/conformer_112/model.pdb,32.33255795837804,0.002,0.0024593683591818123,0.002625755102135559,0.002544537994668542,0.001733182297044255,0.00044327255016373703,8.578266167685708e-07,4.164609999998718e-08,0.001956703534063137,0.0026682364818351677
outputs/Tau5_joint_refinement/WT/pool_1/conformer_113.pdb,outputs/Tau5_joint_refinement/WT/backcalc/pool_1/conformer_113/model.pdb,26.929611767659686,0.002,0.0005144410458205579,0.00012728698993527264,2.3202055930012492e-05,1.0004799132326461e-06,2.7161834685318643e-08,2.6970864400669847e-10,1.5600141871326115e-11,0.0019394541747297372,2.6904564551437624e-05
outputs/Tau5_joint_refinement/WT/pool_1/conformer_114.pdb,outputs/Tau5_joint_refinement/WT/backcalc/pool_1/conformer_114/model.pdb,24.291079056424937,0.002,0.0015826264940798813,0.0006108425392517843,0.00016707134214757172,2.0003454295624453e-05,1.8264886826585427e-07,1.7777920501173829e-09,1.0268732464718393e-10,0.0020469285816709067,0.00016613877152940596
outputs/Tau5_joint_refinement/WT/pool_1/conformer_115.pdb,outputs/Tau5_joint_refinement/WT/backcalc/pool_1/conformer_115/model.pdb,43.24981870126982,0.002,0.002151347833646215,0.0024850080369327315,0.0025900595155204913,0.0023866438642414127,0.0017036181846303389,0.00016586304043499816,4.889506526604658e-07,0.0024238849539933794,0.002215544534440635
outputs/Tau5_joint_refinement/WT/pool_1/conformer_116.pdb,outputs/Tau5_joint_refinement/WT/backcalc/pool_1/conformer_116/model.pdb,34.97577174970653,0.002,0.0006361454949131455,0.0002667194108816678,9.787731756457323e-05,1.7647851530467946e-05,2.646317108670025e-07,2.565093404406375e-09,1.4811281637931258e-10,0.002248616314324851,9.456459893356531e-05
outputs/Tau5_joint_refinement/WT/pool_1/conformer_117.pdb,outputs/Tau5_joint_refinement/WT/backcalc/pool_1/conformer_117/model.pdb,44.80469466243806,0.002,0.004247906510240048,0.006224498708818345,0.006491471258967719,0.003869615304019418,0.0009916894569217342,2.4071109847518652e-06,9.116141745661395e-08,0.0015324628934781455,0.008237634618265172
outputs/Tau5_joint_refinement/WT/pool_1/conformer_118.pdb,outputs/Tau5_joint_refinement/WT/backcalc/pool_1/conformer_118/model.pdb,33.83502695047918,0.002,0.0012276930677050661,0.0006860603504304033,0.0003050619536319785,5.488624262018113e-05,4.745454676583363e-07,4.46343561782844e-09,2.5720968248647716e-10,0.00196220438254307,0.0003313177042160097
outputs/Tau5_joint_refinement/WT/pool_1/conformer_119.pdb,outputs/Tau5_joint_refinement/WT/backcalc/pool_1/conformer_119/model.pdb,42.03381310393901,0.002,0.0005648024677965699,0.00022205611625203953,5.0408788598707876e-05,1.666203782128879e-06,3.425155330827928e-08,3.3941777772820866e-10,1.9629875922805192e-11,0.00159268489183024,7.008643866831911e-05
outputs/Tau5_joint_refinement/WT/pool_1/conformer_12.pdb,outputs/Tau5_joint_refinement/WT/backcalc/pool_1/conformer_12/model.pdb,31.060898862295502,0.002,0.001209901128291413,0.0007848891839336063,0.00047457133215531526,0.00013071858384295536,3.176677876386925e-06,2.3275284199297058e-08,1.3229141987851668e-09,0.0018116604633708255,0.0005077103765967858
outputs/Tau5_joint_refinement/WT/pool_1/conformer_120.pdb,outputs/Tau5_joint_refinement/WT/backcalc/pool_1/conformer_120/model.pdb,35.94894893643353,0.002,0.002202059785977709,0.001683811152698048,0.0008833086262948722,0.00018309530705389222,3.7082659729342553e-06,2.5664085290935745e-08,1.454961664805951e-09,0.0019238021015326933,0.0008973094992987779
outputs/Tau5_joint_refinement/WT/pool_1/conformer_121.pdb,outputs/Tau5_joint_refinement/WT/backcalc/pool_1/conformer_121/model.pdb,31.679994790867234,0.002,0.0025332735562969325,0.002195451183504289,0.0016449465436060256,0.0009315023443538408,0.0002422535989711674,5.977551682579295e-07,3.0360758700373294e-08,0.0024977214422238652,0.0013822086263421264
outputs/Tau5_joint_refinement/WT/pool_1/conformer_122.pdb,outputs/Tau5_joint_refinement/WT/backcalc/pool_1/conformer_122/model.pdb,34.88716344568149,0.002,0.0015543054335431412,0.0008579037514611174,0.0002927285963166126,3.0920769722735076e-05,1.8073678022214824e-07,1.7565329805324534e-09,1.0144984780835353e-10,0.0017915530740899646,0.0003522979768222061
outputs/Tau5_joint_refinement/WT/pool_1/conformer_123.pdb,outputs/Tau5_joint_refinement/WT/backcalc/pool_1/conformer_123/model.pdb,28.858098956740275,0.002,0.0006657366561614814,0.0003472877846319258,0.00021353083423046262,6.92551532129512e-05,1.4887008156093516e-06,1.266642340681963e-08,7.253973754277877e-10,0.001847599236349963,0.0002265340726773208
outputs/Tau5_joint_refinement/WT/pool_1/conformer_124.pdb,outputs/Tau5_joint_refinement/WT/backcalc/pool_1/conformer_124/model.pdb,31.915036884504858,0.002,0.0016021140374926628,0.0011699841968821384,0.000763908497081655,0.00031417703505146565,3.211092645621316e-05,1.1227145097638249e-07,6.1795769547069775e-09,0.0018664456555852135,0.0008255342693841136
outputs/Tau5_joint_refinement/WT/pool_1/conformer_125.pdb,outputs/Tau5_joint_refinement/WT/backcalc/pool_1/conformer_125/model.pdb,43.09402906200757,0.002,0.0009515154042997773,0.0005715639920561179,0.0002808827072082878,7.01607347875516e-05,2.625213174152532e-06,2.0795903464495516e-08,1.1857979105612098e-09,0.0018842091686934786,0.00031280004590358146
outputs/Tau5_joint_refinement/WT/pool_1/conformer_126.pdb,outputs/Tau5_joint_refinement/WT/backcalc/pool_1/conformer_126/model.pdb,34.44324128794881,0.002,0.0010049499399987292,0.0007299046015783731,0.0005384437086558272,0.00025844103794771223,2.711721544556347e-05,1.108312112608557e-07,6.131244443294483e-09,0.002267242934168488,0.000536874005643954
outputs/Tau5_joint_refinement/WT/pool_1/conformer_127.pdb,outputs/Tau5_joint_refinement/WT/backcalc/pool_1/conformer_127/model.pdb,41.88253824423647,0.002,0.0016224952142998457,0.0014697006248596772,0.0011499401865554045,0.0006634841833736522,0.0001341580547688581,2.497315127591592e-07,1.3301976065979113e-08,0.0023049890862014834,0.0010447074196015388
outputs/Tau5_joint_refinement/WT/pool_1/conformer_128.pdb,outputs/Tau5_joint_refinement/WT/backcalc/pool_1/conformer_128/model.pdb,36.063315059395116,0.002,0.002453840995549549,0.002535232469948768,0.0022243734379418802,0.0011498537622885178,0.00013275135259493653,1.8935541475565213e-07,1.0183074494400872e-08,0.0018087209830603345,0.0024553742042999227
outputs/Tau5_joint_refinement/WT/pool_1/conformer_129.pdb,outputs/Tau5_joint_refinement/WT/backcalc/pool_1/conformer_129/model.pdb,26.766439617761083,0.002,0.00085474717621754,0.000558534392218447,0.00048375988137172127,0.0002912775056579801,2.5880017507486112e-05,8.783701029280959e-08,4.849648873955451e-09,0.0021828763822989896,0.00042020862142346557
outputs/Tau5_joint_refinement/WT/pool_1/conformer_13.pdb,outputs/Tau5_joint_refinement/WT/backcalc/pool_1/conformer_13/model.pdb,32.25194278655724,0.002,0.001441549251702882,0.0010081482331414245,0.0005938821469418026,0.00017819430707818857,6.911278263301864e-06,4.225870915643618e-08,2.3798892516850334e-09,0.0016872456412626194,0.0007051892395514292
outputs/Tau5_joint_refinement/WT/pool_1/conformer_130.pdb,outputs/Tau5_joint_refinement/WT/backcalc/pool_1/conformer_130/model.pdb,27.19598712106689,0.002,0.0010181967543895218,0.0003628664614166813,9.654820449502719e-05,1.0493549386125235e-05,1.2357314125181315e-07,1.2119325822468363e-09,7.004016539391257e-11,0.0022148429118555536,9.181093291209319e-05
outputs/Tau5_joint_refinement/WT/pool_1/conformer_131.pdb,outputs/Tau5_joint_refinement/WT/backcalc/pool_1/conformer_131/model.pdb,27.424457073416544,0.002,0.0004175485927139286,0.00011241944822361683,2.9099174894335346e-05,2.877783630364538e-06,5.8206164212764245e-08,5.751734701787954e-10,3.325794399309802e-11,0.001885684173174515,3.305632922558154e-05
outputs/Tau5_joint_refinement/WT/pool_1/conformer_132.pdb,outputs/Tau5_joint_refinement/WT/backcalc/pool_1/conformer_132/model.pdb,34.144129516343206,0.002,0.0006845006380185627,0.0002581431115955208,7.486855152345518e-05,7.632551204912101e-06,9.528437365678449e-08,9.368537121408668e-10,5.415259532962466e-11,0.002117514294369994,7.758134237123191e-05
outputs/Tau5_joint_refinement/WT/pool_1/conformer_133.pdb,outputs/Tau5_joint_refinement/WT/backcalc/pool_1/conformer_133/model.pdb,36.07367469229447,0.002,0.0009031009231390142,0.00040572360753045366,0.0001322718721760671,1.4761101856560356e-05,1.3103733352155964e-07,1.2826185407778773e-09,7.411497570135279e-11,0.002289209411360674,0.00012809254968238216
outputs/Tau5_joint_refinement/WT/pool_1/conformer_134.pdb,outputs/Tau5_joint_refinement/WT/backcalc/pool_1/conformer_134/model.pdb,26.09003365974975,0.002,0.0011102885002553093,0.00035136584523823495,7.030519520752365e-05,4.178056723907993e-06,5.96789694171986e-08,5.890402310448049e-10,3.405761171560074e-11,0.0017611921104073842,9.358702726542475e-05
outputs/Tau5_joint_refinement/WT/pool_1/conformer_135.pdb,outputs/Tau5_joint_refinement/WT/backcalc/pool_1/conformer_135/model.pdb,27.32837005948697,0.002,0.0010500960554052838,0.0004641928090980831,0.00015457396847558613,1.2418551545234433e-05,7.60420681136491e-08,7.478186983441492e-10,4.322786407287793e-11,0.0014671006513362614,0.00022217228161332042
outputs/Tau5_joint_refinement/WT/pool_1/conformer_136.pdb,outputs/Tau5_joint_refinement/WT/backcalc/pool_1/conformer_136/model.pdb,24.36174046189594,0.002,0.0022745965970991074,0.0012198206947608996,0.00045456682009839056,6.121718709576003e-05,3.5198138031626213e-07,3.3486749364851986e-09,1.9312983402087693e-10,0.001661371258822485,0.0005528156068002037
outputs/Tau5_joint_refinement/WT/pool_1/conformer_137.pdb,outputs/Tau5_joint_refinement/WT/backcalc/pool_1/conformer_137/model.pdb,54.958755613832565,0.002,0.004143384466970596,0.007453937734280498,0.012262692030345647,0.01823242783181232,0.02147857909229105,0.0217084717512179,0.02042347583752887,0.0022047742027496518,0.010984958167943353
outputs/Tau5_joint_refinement/WT/pool_1/conformer_138.pdb,outputs/Tau5_joint_refinement/WT/backcalc/pool_1/conformer_138/model.pdb,27.58277821476403,0.002,0.0012765165593218036,0.0009512525746231599,0.0008400984462483126,0.0005901846607589576,0.00010768310857507807,2.140868715503114e-07,1.151805957046663e-08,0.0019895079888276016,0.0008584851684777216
outputs/Tau5_joint_refinement/WT/pool_1/conformer_139.pdb,outputs/Tau5_joint_refinement/WT/backcalc/pool_1/conformer_139/model.pdb,32.360356464592385,0.002,0.0013958814379156556,0.0009574101254926728,0.0005552162727706027,0.00015137582526486118,5.250501037072398e-06,3.446088869278986e-08,1.9476328554589064e-09,0.001705621001148827,0.0006595059031454535
outputs/Tau5_joint_refinement/WT/pool_1/conformer_14.pdb,outputs/Tau5_joint_refinement/WT/backcalc/pool_1/conformer_14/model.pdb,27.90626702836111,0.002,0.0013252053327499395,0.0008731463480967024,0.0006249182342290004,0.0003635860363211542,5.955764542263198e-05,1.6511318870604034e-07,8.991031743320194e-09,0.0021099858153933054,0.0005537350719620827
outputs/Tau5_joint_refinement/WT/pool_1/conformer_140.pdb,outputs/Tau5_joint_refinement/WT/backcalc/pool_1/conformer_140/model.pdb,32.60813628788748,0.002,0.002071394923102542,0.0018968316666368083,0.001713874390791682,0.001179136366196354,0.00023598594996067802,3.106868841187789e-07,1.6370608974883517e-08,0.002014576522878037,0.0016490142144280685
outputs/Tau5_joint_refinement/WT/pool_1/conformer_141.pdb,outputs/Tau5_joint_refinement/WT/backcalc/pool_1/conformer_141/model.pdb,46.5194318286351,0.002,0.0021303522310851188,0.0021247969567569566,0.0016862597494353997,0.0008777837808264413,0.00016596924145266493,3.417361947946189e-07,1.80022642803578e-08,0.0022230680915180383,0.0015470504514817926
outputs/Tau5_joint_refinement/WT/pool_1/conformer_142.pdb,outputs/Tau5_joint_refinement/WT/backcalc/pool_1/conformer_142/model.pdb,29.63479769248148,0.002,0.0005951618612076583,0.00023511787778505001,8.038537216241601e-05,7.189212128163066e-06,6.7153363622569e-08,6.612622738522575e-10,3.822779072939061e-11,0.0019104368167179682,9.878819855369565e-05
outputs/Tau5_joint_refinement/WT/pool_1/conformer_143.pdb,outputs/Tau5_joint_refinement/WT/backcalc/pool_1/conformer_143/model.pdb,47.410875183598144,0.002,0.0014980007801162515,0.0012719200085113754,0.0008619702628631341,0.000284033707330108,1.5125985551925499e-05,6.898441219450552e-08,3.8403631333232794e-09,0.0016507631426134698,0.0010157256296049158
outputs/Tau5_joint_refinement/WT/pool_1/conformer_144.pdb,outputs/Tau5_joint_refinement/WT/backcalc/pool_1/conformer_144/model.pdb,35.93286222933488,0.002,0.004230163153361526,0.0072814935172518394,0.01238343073545976,0.02517422569981956,0.04630651279267413,0.0615840113093553,0.06692789041101839,0.0024453057921810547,0.01065125987582194
outputs/Tau5_joint_refinement/WT/pool_1/conformer_145.pdb,outputs/Tau5_joint_refinement/WT/backcalc/pool_1/conformer_145/model.pdb,37.25232450299615,0.002,0.0010552118754612676,0.0005399005613983192,0.00018310674370419606,1.5568804144889536e-05,9.836451703826575e-08,9.655426206554646e-10,5.580507077334407e-11,0.0016747894841120084,0.00023631237895119968
outputs/Tau5_joint_refinement/WT/pool_1/conformer_146.pdb,outputs/Tau5_joint_refinement/WT/backcalc/pool_1/conformer_146/model.pdb,21.967839210170148,0.002,0.012599703723152946,0.02369699370184237,0.03640715191911022,0.04835898899645967,0.055473210139928314,0.06207729859581069,0.06537115542111584,0.0017348466968629417,0.04015367687170252
outputs/Tau5_joint_refinement/WT/pool_1/conformer_147.pdb,outputs/Tau5_joint_refinement/WT/backcalc/pool_1/conformer_147/model.pdb,36.30543644089818,0.002,0.0019936119128253775,0.0014957113626730013,0.0008230548757942066,0.0002582161203630385,1.643730013485498e-05,7.259583528646296e-08,4.033367793930611e-09,0.0022568314828251813,0.0007128724889619019
outputs/Tau5_joint_refinement/WT/pool_1/conformer_148.pdb,outputs/Tau5_joint_refinement/WT/backcalc/pool_1/conformer_148/model.pdb,29.116025605935405,0.002,0.000725578481718458,0.0002422345451364381,6.433298737492258e-05,6.387865455240376e-06,8.403051163779799e-08,8.271974358792954e-10,4.78185848589105e-11,0.0021861891311684674,6.733592486638413e-05
outputs/Tau5_joint_refinement/WT/pool_1/conformer_149.pdb,outputs/Tau5_joint_refinement/WT/backcalc/pool_1/conformer_149/model.pdb,29.663474783760677,0.002,0.00045951337108049195,0.00017100217379973,6.584851190658807e-05,9.32741918677246e-06,1.0286441711798288e-07,1.0096744784214552e-09,5.83552295667025e-11,0.002155481280462694,6.629224286690914e-05
outputs/Tau5_joint_refinement/WT/pool_1/conformer_15.pdb,outputs/Tau5_joint_refinement/WT/backcalc/pool_1/conformer_15/model.pdb,31.91330203156976,0.002,0.0027896295179260663,0.0026641351076252765,0.0020861540076821676,0.001084872395158513,0.00016829456616262526,2.8028235615808487e-07,1.491626035201651e-08,0.0020611613365258247,0.0019953432747901825
outputs/Tau5_joint_refinement/WT/pool_1/conformer_150.pdb,outputs/Tau5_joint_refinement/WT/backcalc/pool_1/conformer_150/model.pdb,26.84162354639763,0.002,0.0009105751072538879,0.0004072182224396689,0.00015965583887815515,2.136188415808313e-05,1.321799762361109e-07,1.2909170441200406e-09,7.45852672740775e-11,0.002076369477908115,0.00017244785491366967
outputs/Tau5_joint_refinement/WT/pool_1/conformer_151.pdb,outputs/Tau5_joint_refinement/WT/backcalc/pool_1/conformer_151/model.pdb,32.77885849545723,0.002,0.0019750306578176506,0.0019127872356295384,0.0018795325749783236,0.0018717635929239214,0.0016110444240348017,0.0006209432398719654,2.5539266158669893e-05,0.0018008107764700405,0.002002877552057403
outputs/Tau5_joint_refinement/WT/pool_1/conformer_152.pdb,outputs/Tau5_joint_refinement/WT/backcalc/pool_1/conformer_152/model.pdb,27.367841417730443,0.002,0.0006118005226513581,0.00016206177216079583,3.3292960510211494e-05,2.282741450596419e-06,4.998672202768254e-08,4.94662072918351e-10,2.860522764123422e-11,0.0021663187961833024,3.3293921137701916e-05
outputs/Tau5_joint_refinement/WT/pool_1/conformer_153.pdb,outputs/Tau5_joint_refinement/WT/backcalc/pool_1/conformer_153/model.pdb,37.85766775096467,0.002,0.0008622393498006357,0.00046147828472529236,0.00020341304452790035,3.9027823089276557e-05,4.283435036754527e-07,4.058443450046275e-09,2.3398065344358867e-10,0.0020165634267617304,0.00020880116523401543
outputs/Tau5_joint_refinement/WT/pool_1/conformer_154.pdb,outputs/Tau5_joint_refinement/WT/backcalc/pool_1/conformer_154/model.pdb,26.948790414337765,0.002,0.0006110406097587879,0.00024878667697831295,0.00010157238448701609,1.3653940049985268e-05,1.0711299604137575e-07,1.0498053094566308e-09,6.06691023850423e-11,0.0018201834365502787,0.0001178706517321071
outputs/Tau5_joint_refinement/WT/pool_1/conformer_155.pdb,outputs/Tau5_joint_refinement/WT/backcalc/pool_1/conformer_155/model.pdb,24.983123646136107,0.002,0.0034526230918618516,0.0021527808879059193,0.0008463694813397492,0.00014409354596207452,2.775748143221034e-06,2.0879850670358078e-08,1.1882800135820397e-09,0.001869915461145619,0.0009458515673186394
outputs/Tau5_joint_refinement/WT/pool_1/conformer_156.pdb,outputs/Tau5_joint_refinement/WT/backcalc/pool_1/conformer_156/model.pdb,33.892218695235854,0.002,0.0005510920622814596,0.0002964101288106711,0.0001884740740208463,7.494336172701656e-05,3.528790704221743e-06,2.5912166076049772e-08,1.472023715131264e-09,0.0018468201304497845,0.00020598537958199236
outputs/Tau5_joint_refinement/WT/pool_1/conformer_157.pdb,outputs/Tau5_joint_refinement/WT/backcalc/pool_1/conformer_157/model.pdb,21.946942199153533,0.002,0.004051706078441426,0.0024136593320887687,0.0009600394855742659,0.00023614702080819187,1.1978986994078285e-05,6.129561715907796e-08,3.4291487873576978e-09,0.0018421061933089759,0.0010193747695946005
outputs/Tau5_joint_refinement/WT/pool_1/conformer_158.pdb,outputs/Tau5_joint_refinement/WT/backcalc/pool_1/conformer_158/model.pdb,24.464182187314115,0.002,0.001147581673916904,0.0004188431173755145,0.00011444452672718558,1.1504052669999715e-05,1.0750531123415073e-07,1.0544956131053832e-09,6.094293274743076e-11,0.0016799504669024557,0.00014226862174968578
outputs/Tau5_joint_refinement/WT/pool_1/conformer_159.pdb,outputs/Tau5_joint_refinement/WT/backcalc/pool_1/conformer_159/model.pdb,27.70429009956335,0.002,0.0019135522104199163,0.0009956785575158885,0.0003621908394211244,5.4992325860402475e-05,4.705621060894106e-07,4.4309459653915575e-09,2.5536328184816144e-10,0.0018418646401637733,0.00041798529579066643
outputs/Tau5_joint_refinement/WT/pool_1/conformer_16.pdb,outputs/Tau5_joint_refinement/WT/backcalc/pool_1/conformer_16/model.pdb,29.05338021559889,0.002,0.0018941677616705673,0.002167667172103512,0.0032028810204042897,0.004831864484756594,0.005262863207073976,0.004044504713549569,0.002435208475375005,0.0018040482060758185,0.003319427052285743
outputs/Tau5_joint_refinement/WT/pool_1/conformer_160.pdb,outputs/Tau5_joint_refinement/WT/backcalc/pool_1/conformer_160/model.pdb,38.55828052729887,0.002,0.0012680362526329507,0.0009148378002171542,0.0005432563380590061,0.00017990278439338286,1.3102643366780818e-05,6.953709046844815e-08,3.885710605921111e-09,0.00219593255347774,0.0005246616927893172
outputs/Tau5_joint_refinement/WT/pool_1/conformer_161.pdb,outputs/Tau5_joint_refinement/WT/backcalc/pool_1/conformer_161/model.pdb,30.63039354340763,0.002,0.003220349831233796,0.003359730887694553,0.0030794143312820074,0.002175570708866733,0.0005880673366160584,9.867890682832836e-07,4.6614066990530715e-08,0.0020006111125083414,0.0030698709179284283
outputs/Tau5_joint_refinement/WT/pool_1/conformer_162.pdb,outputs/Tau5_joint_refinement/WT/backcalc/pool_1/conformer_162/model.pdb,29.563276410460997,0.002,0.0016310532649368946,0.001297259962604784,0.0010880130187409707,0.0007192789654111536,0.0001341463214239967,2.40183644201187e-07,1.2858474035561135e-08,0.001891018597600596,0.0011364291880590883
outputs/Tau5_joint_refinement/WT/pool_1/conformer_163.pdb,outputs/Tau5_joint_refinement/WT/backcalc/pool_1/conformer_163/model.pdb,29.726268153877808,0.002,0.0008814343681629415,0.0003360478148853198,8.982423040635011e-05,6.373193918115641e-06,6.686395010129213e-08,6.588855332676264e-10,3.8092084599136484e-11,0.001796722971016091,0.00011468347311589027
outputs/Tau5_joint_refinement/WT/pool_1/conformer_164.pdb,outputs/Tau5_joint_refinement/WT/backcalc/pool_1/conformer_164/model.pdb,35.850718328588115,0.002,0.0038492398808419328,0.004334901801849371,0.0035709165571094193,0.0020390146211095132,0.0005338964734864728,1.053889092382436e-06,4.9207884930734807e-08,0.0022561184383191393,0.003103275454784575
outputs/Tau5_joint_refinement/WT/pool_1/conformer_165.pdb,outputs/Tau5_joint_refinement/WT/backcalc/pool_1/conformer_165/model.pdb,35.01032929020833,0.002,0.0007680656905327602,0.0003943096031660818,0.00017486695558565702,3.429704083380692e-05,4.3842732443211123e-07,4.173413643679393e-09,2.4067710850267306e-10,0.0020855401816566323,0.00018718262881147602
outputs/Tau5_joint_refinement/WT/pool_1/conformer_166.pdb,outputs/Tau5_joint_refinement/WT/backcalc/pool_1/conformer_166/model.pdb,45.08740562390933,0.002,0.0025130974926039157,0.0023946793130165205,0.0016675879505897357,0.0007552315614058395,0.000118394416031308,2.1669124220657346e-07,1.160125236274446e-08,0.0022694389420148055,0.0014580149855236194
outputs/Tau5_joint_refinement/WT/pool_1/conformer_167.pdb,outputs/Tau5_joint_refinement/WT/backcalc/pool_1/conformer_167/model.pdb,29.811326152985092,0.002,0.0010856768058466527,0.000466289569432047,0.00015406636590944192,2.1502986363832424e-05,2.0404427721852976e-07,1.9816119225321707e-09,1.1444243122368485e-10,0.0023561266406184104,0.0001374237203622953
outputs/Tau5_joint_refinement/WT/pool_1/conformer_168.pdb,outputs/Tau5_joint_refinement/WT/backcalc/pool_1/conformer_168/model.pdb,32.71492373157725,0.002,0.0012445847944049229,0.0007109014299268643,0.0003320788453105905,6.692360383318374e-05,7.342710451126744e-07,6.729048016966374e-09,3.87141594745648e-10,0.001887959570468156,0.00035909531986909955
outputs/Tau5_joint_refinement/WT/pool_1/conformer_169.pdb,outputs/Tau5_joint_refinement/WT/backcalc/pool_1/conformer_169/model.pdb,32.15350627030671,0.002,0.0014378606011694645,0.0008919736600722535,0.00042568356275912505,7.244631973004291e-05,4.5640817677981003e-07,4.284104569397845e-09,2.4686078096842364e-10,0.001625031839624548,0.0005236907806560199
outputs/Tau5_joint_refinement/WT/pool_1/conformer_17.pdb,outputs/Tau5_joint_refinement/WT/backcalc/pool_1/conformer_17/model.pdb,36.78780308219337,0.002,0.0011358976010223919,0.000570143134916663,0.00018286767798927458,1.5597181289540376e-05,9.861278181581426e-08,9.676637458310582e-10,5.5926780711256656e-11,0.0017988631193939994,0.00021858447525398473
outputs/Tau5_joint_refinement/WT/pool_1/conformer_170.pdb,outputs/Tau5_joint_refinement/WT/backcalc/pool_1/conformer_170/model.pdb,32.48426203953424,0.002,0.00151581406330305,0.001515837402718124,0.0018387721594194822,0.0021599149286892325,0.0013653427129687707,6.0074704117690234e-05,3.3156546563097656e-07,0.0021146366968437186,0.0016659145403900755
outputs/Tau5_joint_refinement/WT/pool_1/conformer_171.pdb,outputs/Tau5_joint_refinement/WT/backcalc/pool_1/conformer_171/model.pdb,39.6154019501482,0.002,0.001103434651650542,0.0006269874642251672,0.0002728871244807535,6.02792716208083e-05,1.8454339610006086e-06,1.5569899248031557e-08,8.909627612630239e-10,0.0021050994064600575,0.0002603279118957273
outputs/Tau5_joint_refinement/WT/pool_1/conformer_172.pdb,outputs/Tau5_joint_refinement/WT/backcalc/pool_1/conformer_172/model.pdb,31.91939652528324,0.002,0.0020954317898393255,0.0020019366075583233,0.0018851669482009368,0.0013244943317908453,0.00031294942363802383,4.975145700867507e-07,2.5480842418984425e-08,0.0019839771807191376,0.001966405612199268
outputs/Tau5_joint_refinement/WT/pool_1/conformer_173.pdb,outputs/Tau5_joint_refinement/WT/backcalc/pool_1/conformer_173/model.pdb,32.2047408128209,0.002,0.00028588821829412446,7.34542785619575e-05,1.6145400996045843e-05,8.15072944558407e-07,2.357132192936874e-08,2.342458361196463e-10,1.3549604305650313e-11,0.001494215635993272,2.3590341548621396e-05
outputs/Tau5_joint_refinement/WT/pool_1/conformer_174.pdb,outputs/Tau5_joint_refinement/WT/backcalc/pool_1/conformer_174/model.pdb,46.15053241565328,0.002,0.0022013143803979924,0.0022678110219205012,0.0018963394098753812,0.0008096366897023941,4.47723356963368e-05,9.262631568202692e-08,5.076453004941781e-09,0.002048709817418437,0.0018885282108743948
outputs/Tau5_joint_refinement/WT/pool_1/conformer_175.pdb,outputs/Tau5_joint_refinement/WT/backcalc/pool_1/conformer_175/model.pdb,28.064566131633065,0.002,0.0010660862369676113,0.0004812630801162075,0.0001898706055390199,3.5967774206458576e-05,4.0036454837241355e-07,3.812115345716704e-09,2.1985797790561863e-10,0.0021582052116296373,0.00018116998171417036
outputs/Tau5_joint_refinement/WT/pool_1/conformer_176.pdb,outputs/Tau5_joint_refinement/WT/backcalc/pool_1/conformer_176/model.pdb,28.559695219774124,0.002,0.0017579854583002535,0.0010601630784788725,0.0005098602780381316,0.00011596418299695878,3.181364524456091e-06,2.4024695457907398e-08,1.3672314854447286e-09,0.001834580004281567,0.0005781435388329931
outputs/Tau5_joint_refinement/WT/pool_1/conformer_177.pdb,outputs/Tau5_joint_refinement/WT/backcalc/pool_1/conformer_177/model.pdb,37.455884266597,0.002,0.0008342586144071936,0.0004509925296887808,0.00018518221272834104,2.9569050467305507e-05,3.3196292151888357e-07,3.1880896110868227e-09,1.8396890706415172e-10,0.001916199760126665,0.0002035165705991905
outputs/Tau5_joint_refinement/WT/pool_1/conformer_178.pdb,outputs/Tau5_joint_refinement/WT/backcalc/pool_1/conformer_178/model.pdb,25.91777693138036,0.002,0.0028148854708163833,0.0019278668087582345,0.0009592051024641509,0.00022057823846893804,5.4928661755436225e-06,3.416912606386843e-08,1.9276188593586103e-09,0.0018056895881389922,0.0010654454683929257
outputs/Tau5_joint_refinement/WT/pool_1/conformer_179.pdb,outputs/Tau5_joint_refinement/WT/backcalc/pool_1/conformer_179/model.pdb,24.33322721729716,0.002,0.0016178359485909538,0.0008423372919026511,0.0003655460143761147,7.441418914063003e-05,9.220903244275813e-07,8.241426365383424e-09,4.733728132639145e-10,0.0016892411733798495,0.00039137565868340357
outputs/Tau5_joint_refinement/WT/pool_1/conformer_18.pdb,outputs/Tau5_joint_refinement/WT/backcalc/pool_1/conformer_18/model.pdb,42.1297152593234,0.002,0.0028695556200364026,0.0033834523715855,0.0033322709568591766,0.0025389473086977815,0.0010073334658477252,8.591326511811057e-06,1.6918865191252564e-07,0.0022067131241440803,0.0030100325818401955
outputs/Tau5_joint_refinement/WT/pool_1/conformer_180.pdb,outputs/Tau5_joint_refinement/WT/backcalc/pool_1/conformer_180/model.pdb,35.466968224045964,0.002,0.0012905738433572531,0.0008939547261151583,0.0005887895227412726,0.00033319063681203705,7.954872219037363e-05,2.5272797583948983e-07,1.3591741723423451e-08,0.0023371023755956676,0.0005425042388206969
outputs/Tau5_joint_refinement/WT/pool_1/conformer_181.pdb,outputs/Tau5_joint_refinement/WT/backcalc/pool_1/conformer_181/model.pdb,43.1529095486861,0.002,0.002457521264213519,0.0024859396949183958,0.0018434832521295047,0.000767319733316292,6.466925347194339e-05,1.218294717287286e-07,6.633547646668906e-09,0.0026078011184027944,0.0014619252288134133
outputs/Tau5_joint_refinement/WT/pool_1/conformer_182.pdb,outputs/Tau5_joint_refinement/WT/backcalc/pool_1/conformer_182/model.pdb,24.81255328430607,0.002,0.0006874767781927237,0.0001942635551013561,4.244247095914361e-05,2.7402384942983302e-06,5.010922541562167e-08,4.952953972084579e-10,2.8640023610544525e-11,0.001858827626199484,5.05663891215503e-05
outputs/Tau5_joint_refinement/WT/pool_1/conformer_183.pdb,outputs/Tau5_joint_refinement/WT/backcalc/pool_1/conformer_183/model.pdb,45.37789801825563,0.002,0.0011051126057516813,0.0005942766416483982,0.0001864912935071859,1.1370417727284478e-05,7.023690393466444e-08,6.915018313288637e-10,3.997539826295839e-11,0.001675426502201763,0.0002418444504052187
outputs/Tau5_joint_refinement/WT/pool_1/conformer_184.pdb,outputs/Tau5_joint_refinement/WT/backcalc/pool_1/conformer_184/model.pdb,18.982575509381622,0.002,0.015792816058333527,0.02358933688446333,0.02731628669037332,0.04176558549838038,0.06126652249124443,0.07148396749383851,0.07499053581795172,0.0025290547964554808,0.023359995558915863
outputs/Tau5_joint_refinement/WT/pool_1/conformer_185.pdb,outputs/Tau5_joint_refinement/WT/backcalc/pool_1/conformer_185/model.pdb,25.10499021944724,0.002,0.00276242721470057,0.002061328675911272,0.0012114697463173794,0.00033740942786029623,1.2075134900760534e-05,5.679109927037011e-08,3.171314033212236e-09,0.0017390341494348995,0.0013410863621125852
outputs/Tau5_joint_refinement/WT/pool_1/conformer_186.pdb,outputs/Tau5_joint_refinement/WT/backcalc/pool_1/conformer_186/model.pdb,27.0343783053916,0.002,0.0011415595852201435,0.0006888781336874289,0.0004485264261301582,0.00018490741135152201,9.044884556934525e-06,4.932987472167931e-08,2.766049883786634e-09,0.0019125819870935083,0.0004665923141733738
outputs/Tau5_joint_refinement/WT/pool_1/conformer_187.pdb,outputs/Tau5_joint_refinement/WT/backcalc/pool_1/conformer_187/model.pdb,28.89660935166938,0.002,0.000950260167883812,0.0004487325621230594,0.0001935340607087662,3.7759624783173306e-05,3.4732012150957045e-07,3.313298713936641e-09,1.911149651239606e-10,0.0022578058055110453,0.0001845292852969896
outputs/Tau5_joint_refinement/WT/pool_1/conformer_188.pdb,outputs/Tau5_joint_refinement/WT/backcalc/pool_1/conformer_188/model.pdb,47.648553227075766,0.002,0.0010921303150910346,0.0007018504087463543,0.00031098059301266017,4.076815037036081e-05,2.410387298701461e-07,2.3261941589194628e-09,1.3428403946415825e-10,0.001818953971054259,0.000348862247196116
outputs/Tau5_joint_refinement/WT/pool_1/conformer_189.pdb,outputs/Tau5_joint_refinement/WT/backcalc/pool_1/conformer_189/model.pdb,29.966280719208893,0.002,0.001135037665635288,0.0008065062082327178,0.0006295875792439144,0.0003142514516828745,2.2147247273077424e-05,8.267023878544607e-08,4.577163529316732e-09,0.0017570574414313485,0.0007230426950559761
outputs/Tau5_joint_refinement/WT/pool_1/conformer_19.pdb,outputs/Tau5_joint_refinement/WT/backcalc/pool_1/conformer_19/model.pdb,38.808884284754065,0.002,0.002295917679183426,0.0020444560654433157,0.0012811517101157996,0.0004094443898961659,2.531054961522961e-05,8.52797397540182e-08,4.7069173231224035e-09,0.0019140850227604693,0.0013491053673563007
outputs/Tau5_joint_refinement/WT/pool_1/conformer_190.pdb,outputs/Tau5_joint_refinement/WT/backcalc/pool_1/conformer_190/model.pdb,22.075819947301945,0.002,0.0025313463358984196,0.0013486215558624081,0.0005019336300700872,7.517333987494068e-05,4.909102020130988e-07,4.585119943136721e-09,2.641237068679654e-10,0.0020359895683723186,0.0005465591185324861
outputs/Tau5_joint_refinement/WT/pool_1/conformer_191.pdb,outputs/Tau5_joint_refinement/WT/backcalc/pool_1/conformer_191/model.pdb,30.35907705855633,0.002,0.0010578126745334378,0.00039351667927487295,9.362584770426545e-05,6.282083853273665e-06,7.273943570878971e-08,7.170476642994442e-10,4.145509672285618e-11,0.0019528292538398587,0.00010341845429812606
outputs/Tau5_joint_refinement/WT/pool_1/conformer_192.pdb,outputs/Tau5_joint_refinement/WT/backcalc/pool_1/conformer_192/model.pdb,34.3982443681582,0.002,0.0006258755267999475,0.00021963012091277722,5.1906121110403296e-05,2.2553016163414743e-06,4.0236528787457394e-08,3.981607489090093e-10,2.3025238220368222e-11,0.0017409669743260147,6.45037436030233e-05
outputs/Tau5_joint_refinement/WT/pool_1/conformer_193.pdb,outputs/Tau5_joint_refinement/WT/backcalc/pool_1/conformer_193/model.pdb,33.42643524606394,0.002,0.0015964650392158353,0.0011991285982423216,0.0007675709075749417,0.00025386738554026433,8.850032832400784e-06,4.6721920633378105e-08,2.6176019003704474e-09,0.0018898165791995315,0.000858155811259815
outputs/Tau5_joint_refinement/WT/pool_1/conformer_194.pdb,outputs/Tau5_joint_refinement/WT/backcalc/pool_1/conformer_194/model.pdb,36.51215646136267,0.002,0.0008344324567325209,0.00041435983240633857,0.00016187700091940138,2.5851711753419725e-05,2.323606452787376e-07,2.2474040097268743e-09,1.2975390272485835e-10,0.0020492112977863143,0.00018318242945104972
outputs/Tau5_joint_refinement/WT/pool_1/conformer_195.pdb,outputs/Tau5_joint_refinement/WT/backcalc/pool_1/conformer_195/model.pdb,41.31204578197099,0.002,0.0015962202450159136,0.0012404621229997518,0.0007069842764813291,0.00015887641675988196,4.122370869173409e-06,2.8244940771311057e-08,1.5999369982861252e-09,0.001758695469163009,0.0007926305856438468
outputs/Tau5_joint_refinement/WT/pool_1/conformer_196.pdb,outputs/Tau5_joint_refinement/WT/backcalc/pool_1/conformer_196/model.pdb,30.657987142830017,0.002,0.0013647366884276253,0.0006057368131911376,0.00017927962626490174,1.765972222575835e-05,1.316771109593759e-07,1.2879106638804327e-09,7.441752891368827e-11,0.0018649683333665716,0.00020167741554875615
outputs/Tau5_joint_refinement/WT/pool_1/conformer_197.pdb,outputs/Tau5_joint_refinement/WT/backcalc/pool_1/conformer_197/model.pdb,48.25733889626271,0.002,0.0022979932799441546,0.0022657536300302265,0.00162725684314246,0.0006911118256958339,0.00010379451231355146,2.4135612942828095e-07,1.2946300212365945e-08,0.002093107151958222,0.0015054756936098543
outputs/Tau5_joint_refinement/WT/pool_1/conformer_198.pdb,outputs/Tau5_joint_refinement/WT/backcalc/pool_1/conformer_198/model.pdb,35.48814817620161,0.002,0.0036122329882103924,0.004790600732721385,0.0050681855344157575,0.0033271733428157885,0.0007548051759126435,8.95680044584253e-07,4.242840881494129e-08,0.0016807849883994604,0.0054685308115712036
outputs/Tau5_joint_refinement/WT/pool_1/conformer_199.pdb,outputs/Tau5_joint_refinement/WT/backcalc/pool_1/conformer_199/model.pdb,34.650530553160166,0.002,0.000614375025820155,0.0002266154129337643,6.0192218365671705e-05,4.710976777766865e-06,7.07016622088082e-08,6.97447987606093e-10,4.03236335512163e-11,0.0018601971545355392,6.939982927418076e-05
outputs/Tau5_joint_refinement/WT/pool_1/conformer_2.pdb,outputs/Tau5_joint_refinement/WT/backcalc/pool_1/conformer_2/model.pdb,27.494236431554818,0.002,0.00042188152093232867,0.00012327105971676869,3.5476971449526924e-05,3.6917912222673444e-06,6.182910719388891e-08,6.100426924069078e-10,3.5270964466161594e-11,0.002008564955273346,3.8601965431173535e-05
outputs/Tau5_joint_refinement/WT/pool_1/conformer_20.pdb,outputs/Tau5_joint_refinement/WT/backcalc/pool_1/conformer_20/model.pdb,23.555526277687353,0.002,0.0013582632667294842,0.00048052771862921377,0.00013015544232797009,1.9046415973952146e-05,2.554317957842432e-07,2.4733585153855116e-09,1.4280881579426592e-10,0.0023253758864132607,0.00011364942725596238
outputs/Tau5_joint_refinement/WT/pool_1/conformer_200.pdb,outputs/Tau5_joint_refinement/WT/backcalc/pool_1/conformer_200/model.pdb,42.72365310452715,0.002,0.00212778675405126,0.0020636236843191084,0.0016072903473183051,0.0008740987406392096,0.00019840997352347503,3.60898231922841e-07,1.887806160054146e-08,0.0022459594857376516,0.0014127429692141538
outputs/Tau5_joint_refinement/WT/pool_1/conformer_201.pdb,outputs/Tau5_joint_refinement/WT/backcalc/pool_1/conformer_201/model.pdb,35.02274744922438,0.002,0.0023059706768117005,0.0023357713886205216,0.00222761596520764,0.0018844187204473239,0.0009815093111477623,2.8185937242606762e-05,2.6023016952549794e-07,0.002211884226388658,0.0019393677162549288
outputs/Tau5_joint_refinement/WT/pool_1/conformer_202.pdb,outputs/Tau5_joint_refinement/WT/backcalc/pool_1/conformer_202/model.pdb,32.62785510379811,0.002,0.004997558200681753,0.0075771860255011364,0.009566459646229705,0.008856565433101522,0.005496291085672124,0.0010368311673705642,2.528301157864133e-06,0.001684244403840572,0.011506025847390517
outputs/Tau5_joint_refinement/WT/pool_1/conformer_203.pdb,outputs/Tau5_joint_refinement/WT/backcalc/pool_1/conformer_203/model.pdb,32.26351955533848,0.002,0.0007382607833683793,0.0003216522391609606,0.00012551562051801426,2.2487016538936456e-05,2.2021131377783884e-07,2.1326807502425152e-09,1.2314248491711162e-10,0.0022530837194098437,0.0001249063561997378
outputs/Tau5_joint_refinement/WT/pool_1/conformer_204.pdb,outputs/Tau5_joint_refinement/WT/backcalc/pool_1/conformer_204/model.pdb,43.95027817307841,0.002,0.0014160203880082833,0.0008863297840456384,0.0003441721384535115,4.004535490436695e-05,2.2849982845596125e-07,2.2060124062677835e-09,1.273502682950235e-10,0.001951742088335527,0.0003848007977648815
outputs/Tau5_joint_refinement/WT/pool_1/conformer_205.pdb,outputs/Tau5_joint_refinement/WT/backcalc/pool_1/conformer_205/model.pdb,37.50839530766561,0.002,0.0019780420071424886,0.0014735052710725543,0.0007387831801141492,0.00019106320632929284,8.805991516796896e-06,4.940719794491107e-08,2.7714737530328963e-09,0.0017719137825925404,0.0008463866837381335
outputs/Tau5_joint_refinement/WT/pool_1/conformer_206.pdb,outputs/Tau5_joint_refinement/WT/backcalc/pool_1/conformer_206/model.pdb,27.18382714456183,0.002,0.004715419388704456,0.006550112688689735,0.009374253491669326,0.016283062661453535,0.02769656930214417,0.03858033048957443,0.04331661533926663,0.0021384405701450424,0.008776591533999066
outputs/Tau5_joint_refinement/WT/pool_1/conformer_207.pdb,outputs/Tau5_joint_refinement/WT/backcalc/pool_1/conformer_207/model.pdb,32.257768472142665,0.002,0.000704029165785183,0.00025051447416279867,5.911163044545374e-05,2.5162344968018657e-06,3.986365244563963e-08,3.943351463246313e-10,2.2803765024745767e-11,0.001518857464708517,8.264322617497862e-05
outputs/Tau5_joint_refinement/WT/pool_1/conformer_208.pdb,outputs/Tau5_joint_refinement/WT/backcalc/pool_1/conformer_208/model.pdb,54.97451885615141,0.002,0.0018509850033734288,0.00166614217209209,0.0011320492993284659,0.0004156002175833602,3.391185584837581e-05,1.0793479487325206e-07,5.935789703152202e-09,0.002026718140441793,0.0011714664629801166
outputs/Tau5_joint_refinement/WT/pool_1/conformer_209.pdb,outputs/Tau5_joint_refinement/WT/backcalc/pool_1/conformer_209/model.pdb,27.827930447392788,0.002,0.001154631800418222,0.0005255325335948999,0.0002110572131420951,4.675006544542934e-05,8.552397755896022e-07,7.814570219465692e-09,4.494219710237541e-10,0.002347942842787671,0.00018522432631348272
outputs/Tau5_joint_refinement/WT/pool_1/conformer_21.pdb,outputs/Tau5_joint_refinement/WT/backcalc/pool_1/conformer_21/model.pdb,27.82653884473792,0.002,0.0004888826504594493,0.00015027207624225794,3.84255228367815e-05,2.1576330486336195e-06,4.131865401390135e-08,4.0891196651397074e-10,2.3647056831373343e-11,0.0015969299763575952,5.08440559414501e-05
outputs/Tau5_joint_refinement/WT/pool_1/conformer_210.pdb,outputs/Tau5_joint_refinement/WT/backcalc/pool_1/conformer_210/model.pdb,26.4716160877211,0.002,0.0029487800076766412,0.0023084076120567826,0.0016538121272798635,0.0013445724092682678,0.001047022607113771,0.00018241627943254334,9.515355741431325e-07,0.002394701290548785,0.0012932812766046908
outputs/Tau5_joint_refinement/WT/pool_1/conformer_211.pdb,outputs/Tau5_joint_refinement/WT/backcalc/pool_1/conformer_211/model.pdb,25.207458733938143,0.002,0.0016897986229400467,0.0009405946988948798,0.00044393248885920845,0.00010984392014934756,3.0328672666406223e-06,2.2660012162643236e-08,1.2889140623889203e-09,0.0020282962281669265,0.0004538301777309759
outputs/Tau5_joint_refinement/WT/pool_1/conformer_212.pdb,outputs/Tau5_joint_refinement/WT/backcalc/pool_1/conformer_212/model.pdb,49.1267111388273,0.002,0.000939874711216974,0.0005746946782977278,0.00025828105139342133,4.088354709655826e-05,3.460542769087649e-07,3.311232066746614e-09,1.9103180783427353e-10,0.002043841679325116,0.0002568696821624238
outputs/Tau5_joint_refinement/WT/pool_1/conformer_213.pdb,outputs/Tau5_joint_refinement/WT/backcalc/pool_1/conformer_213/model.pdb,42.773543289157665,0.002,0.0029718607983208085,0.0029826143460891857,0.0019335701729450607,0.0005733170604682996,2.9515452934043154e-05,8.605960165757272e-08,4.739143662513354e-09,0.0020850627276899083,0.0018587437475547748
outputs/Tau5_joint_refinement/WT/pool_1/conformer_214.pdb,outputs/Tau5_joint_refinement/WT/backcalc/pool_1/conformer_214/model.pdb,29.73372590712322,0.002,0.0012835956875948814,0.0006253628257666392,0.00023746723084486682,3.837795623910667e-05,3.6454124950996416e-07,3.4760791908849966e-09,2.0049486508107464e-10,0.0019354172561478924,0.00024439020144844233
outputs/Tau5_joint_refinement/WT/pool_1/conformer_215.pdb,outputs/Tau5_joint_refinement/WT/backcalc/pool_1/conformer_215/model.pdb,43.06476740298414,0.002,0.002172679897805438,0.0020108222788407675,0.0014292011706481707,0.0006154352234008566,8.306542685945043e-05,1.8854218252115838e-07,1.0192610355300499e-08,0.0022472807024784577,0.0012937165477691786
outputs/Tau5_joint_refinement/WT/pool_1/conformer_216.pdb,outputs/Tau5_joint_refinement/WT/backcalc/pool_1/conformer_216/model.pdb,35.37376951821964,0.002,0.0014937765840604801,0.0011539211815804772,0.0008337733600223916,0.00041095196313737,4.5195742201566614e-05,1.250930957851786e-07,6.847641015301232e-09,0.00233217270260433,0.0007397508946801245
outputs/Tau5_joint_refinement/WT/pool_1/conformer_217.pdb,outputs/Tau5_joint_refinement/WT/backcalc/pool_1/conformer_217/model.pdb,26.131693997959378,0.002,0.002108644818070906,0.0015160024132168436,0.0010098041199943506,0.0004637293424377679,5.3375877989667524e-05,1.4471659582571548e-07,7.90834138998553e-09,0.001887850676387423,0.0010561873269770037
outputs/Tau5_joint_refinement/WT/pool_1/conformer_218.pdb,outputs/Tau5_joint_refinement/WT/backcalc/pool_1/conformer_218/model.pdb,35.93560147468567,0.002,0.0017863428943570442,0.0013780555332069098,0.0007550092034911514,0.0001518150316348315,2.923006921413893e-06,2.1760451727854246e-08,1.237643772367782e-09,0.0015226933240176346,0.0009862299570634453
outputs/Tau5_joint_refinement/WT/pool_1/conformer_219.pdb,outputs/Tau5_joint_refinement/WT/backcalc/pool_1/conformer_219/model.pdb,33.89636565082421,0.002,0.0005091411533880598,0.00017124612320514374,4.2692606072001576e-05,1.95081295906237e-06,3.6797454761246854e-08,3.6425792308961283e-10,2.106515312373556e-11,0.0015840683148054587,5.9026526508695285e-05
outputs/Tau5_joint_refinement/WT/pool_1/conformer_22.pdb,outputs/Tau5_joint_refinement/WT/backcalc/pool_1/conformer_22/model.pdb,22.009540191946375,0.002,0.004522658545364848,0.00394483118496943,0.0028133347046450812,0.0015533517566832327,0.0003500779107183311,4.702819870271969e-07,2.4122603324427733e-08,0.0019057912379596836,0.0028868352025138502
outputs/Tau5_joint_refinement/WT/pool_1/conformer_220.pdb,outputs/Tau5_joint_refinement/WT/backcalc/pool_1/conformer_220/model.pdb,35.98709164796107,0.002,0.002652654049684783,0.0028185624209518963,0.0028885758883209728,0.003845770397840213,0.007353520323582031,0.013814043896510848,0.018517908237627553,0.002448772764363749,0.0022259255927441265
outputs/Tau5_joint_refinement/WT/pool_1/conformer_221.pdb,outputs/Tau5_joint_refinement/WT/backcalc/pool_1/conformer_221/model.pdb,26.18044020057272,0.002,0.0010870283286169772,0.0004628501751893397,0.00016157437406342023,2.2648365484626603e-05,1.6364351842740576e-07,1.5933657989316275e-09,9.203916969929888e-11,0.001948356393604859,0.00018930274720505897
outputs/Tau5_joint_refinement/WT/pool_1/conformer_222.pdb,outputs/Tau5_joint_refinement/WT/backcalc/pool_1/conformer_222/model.pdb,27.534840390654516,0.002,0.002746817483132652,0.002453709533193455,0.0020988856623378243,0.0015805324995588244,0.000553690874032741,1.5161179468587426e-06,6.654877449055432e-08,0.002195146512415947,0.0018276120992788542
outputs/Tau5_joint_refinement/WT/pool_1/conformer_223.pdb,outputs/Tau5_joint_refinement/WT/backcalc/pool_1/conformer_223/model.pdb,26.98019317420137,0.002,0.0007469959378348651,0.00027763847243720625,9.154737728164586e-05,1.0801104286662397e-05,1.0229077269344781e-07,1.00400986973146e-09,5.802807612264712e-11,0.002059934637586545,9.294034007203683e-05
outputs/Tau5_joint_refinement/WT/pool_1/conformer_224.pdb,outputs/Tau5_joint_refinement/WT/backcalc/pool_1/conformer_224/model.pdb,29.307835219426014,0.002,0.0008219558180842243,0.0004885046418557401,0.0003396985368233977,0.0001371331808001689,5.386977715277398e-06,3.460137936528711e-08,1.9545023770766516e-09,0.0017071400484043528,0.00041471498842646026
outputs/Tau5_joint_refinement/WT/pool_1/conformer_225.pdb,outputs/Tau5_joint_refinement/WT/backcalc/pool_1/conformer_225/model.pdb,32.132510741116796,0.002,0.0008740723375373206,0.00047874102813191474,0.0002604308841630738,8.646406367757011e-05,3.703781574085004e-06,2.666254815090697e-08,1.5135385586499386e-09,0.0020618856876063406,0.0002671406416037479
outputs/Tau5_joint_refinement/WT/pool_1/conformer_226.pdb,outputs/Tau5_joint_refinement/WT/backcalc/pool_1/conformer_226/model.pdb,34.39553600683121,0.002,0.0016022485211476228,0.0012886771511720072,0.0009210241177927812,0.0003686978921767697,2.4469954721695577e-05,8.63969154740819e-08,4.775642764879656e-09,0.0016230854861753105,0.001131993676035147
outputs/Tau5_joint_refinement/WT/pool_1/conformer_227.pdb,outputs/Tau5_joint_refinement/WT/backcalc/pool_1/conformer_227/model.pdb,32.75266296147515,0.002,0.000767089294880976,0.0003926371532712778,0.00017783310054877638,3.0010266422782005e-05,2.423029106551722e-07,2.3437790352488286e-09,1.3532201379720276e-10,0.001857541733743855,0.0002029112099766084
outputs/Tau5_joint_refinement/WT/pool_1/conformer_228.pdb,outputs/Tau5_joint_refinement/WT/backcalc/pool_1/conformer_228/model.pdb,41.10808029567623,0.002,0.0017280160789052248,0.0013185990684664963,0.0007874362728059406,0.00025137568252713157,9.572988307835888e-06,4.8263737794005767e-08,2.699407435135044e-09,0.002073467683106859,0.0007703488675529712
outputs/Tau5_joint_refinement/WT/pool_1/conformer_229.pdb,outputs/Tau5_joint_refinement/WT/backcalc/pool_1/conformer_229/model.pdb,28.934635193812756,0.002,0.000647861044349043,0.00019324329446583762,4.4729081912234026e-05,2.8821656471491283e-06,4.796068817129841e-08,4.739734405198645e-10,2.740706216528383e-11,0.002042131258793166,4.564372629782945e-05
outputs/Tau5_joint_refinement/WT/pool_1/conformer_23.pdb,outputs/Tau5_joint_refinement/WT/backcalc/pool_1/conformer_23/model.pdb,39.460151071986886,0.002,0.002038858297820346,0.001923766013155402,0.0014591125217511846,0.000524640108235086,2.179614967198407e-05,7.157660561104659e-08,3.956531921101567e-09,0.0020314789059148962,0.0015053991957909734
outputs/Tau5_joint_refinement/WT/pool_1/conformer_230.pdb,outputs/Tau5_joint_refinement/WT/backcalc/pool_1/conformer_230/model.pdb,44.62738560686887,0.002,0.0015670269563637551,0.0010428156359970594,0.0004894509937156953,0.0001072634617431155,2.4237164139935424e-06,1.880287165933681e-08,1.0714296740262403e-09,0.0022145488012870525,0.0004511016446265081
outputs/Tau5_joint_refinement/WT/pool_1/conformer_231.pdb,outputs/Tau5_joint_refinement/WT/backcalc/pool_1/conformer_231/model.pdb,36.7660569661161,0.002,0.0007719134265848964,0.00039871917782723874,0.00017061941390605857,3.1275655344317754e-05,2.7711240555557326e-07,2.6640844100763485e-09,1.5375039066373292e-10,0.0026553656045504213,0.00014921726707304387
outputs/Tau5_joint_refinement/WT/pool_1/conformer_232.pdb,outputs/Tau5_joint_refinement/WT/backcalc/pool_1/conformer_232/model.pdb,37.866002407655834,0.002,0.0017740454472612176,0.0014693954382370116,0.0009476882605340807,0.00026542603604085176,8.110109945786223e-06,4.516285609234014e-08,2.534858707557955e-09,0.0017474372097844605,0.0011092859611023362
outputs/Tau5_joint_refinement/WT/pool_1/conformer_233.pdb,outputs/Tau5_joint_refinement/WT/backcalc/pool_1/conformer_233/model.pdb,29.117958154521624,0.002,0.0015030197475877484,0.0007695269884998716,0.0002806204593419297,3.840031600594612e-05,3.06638542563841e-07,2.9440515222467054e-09,1.6988850587524185e-10,0.0019019857529057667,0.00031317917263831756
outputs/Tau5_joint_refinement/WT/pool_1/conformer_234.pdb,outputs/Tau5_joint_refinement/WT/backcalc/pool_1/conformer_234/model.pdb,30.383566180984026,0.002,0.0007372690491568852,0.00043075545396077837,0.0002874070190070345,9.75615507330999e-05,2.4927847090063265e-06,1.9525270463585716e-08,1.113183116508572e-09,0.0017090348807282617,0.0003568476237123152
outputs/Tau5_joint_refinement/WT/pool_1/conformer_235.pdb,outputs/Tau5_joint_refinement/WT/backcalc/pool_1/conformer_235/model.pdb,23.364157025437606,0.002,0.0024045848166638945,0.001565510665153851,0.0008688980862417986,0.000311788064132427,2.1548055042751028e-05,8.639610043748629e-08,4.7873881501613546e-09,0.001909299078918086,0.0008251384617506929
outputs/Tau5_joint_refinement/WT/pool_1/conformer_236.pdb,outputs/Tau5_joint_refinement/WT/backcalc/pool_1/conformer_236/model.pdb,27.230305078277066,0.002,0.0006361171891342331,0.00026746454785573514,0.00012383106162927634,3.061997574414896e-05,3.941068518838132e-07,3.747257656982741e-09,2.160885362656926e-10,0.0019147748709959652,0.0001371642582519251
outputs/Tau5_joint_refinement/WT/pool_1/conformer_237.pdb,outputs/Tau5_joint_refinement/WT/backcalc/pool_1/conformer_237/model.pdb,35.44153656184482,0.002,0.0012625334766944245,0.0007293742437861513,0.00036510325840715324,0.00011817930950231669,6.984505239797545e-06,4.4215397186153926e-08,2.4909627359404305e-09,0.002732863861593524,0.000297316425543685
outputs/Tau5_joint_refinement/WT/pool_1/conformer_238.pdb,outputs/Tau5_joint_refinement/WT/backcalc/pool_1/conformer_238/model.pdb,29.119334428026512,0.002,0.0008332273834992937,0.0002985203776138498,8.321874858125365e-05,8.296198569103804e-06,9.940511386011187e-08,9.770690557043098e-10,5.647609940573766e-11,0.0020725846269293298,8.87043391203955e-05
outputs/Tau5_joint_refinement/WT/pool_1/conformer_239.pdb,outputs/Tau5_joint_refinement/WT/backcalc/pool_1/conformer_239/model.pdb,33.760455645588934,0.002,0.0021141020690252127,0.0021587493904660234,0.0022672416931321282,0.002123001457475365,0.0010458261509831363,2.367309160658952e-05,2.2826462948976463e-07,0.0024583695396655763,0.0018227374054008586
outputs/Tau5_joint_refinement/WT/pool_1/conformer_24.pdb,outputs/Tau5_joint_refinement/WT/backcalc/pool_1/conformer_24/model.pdb,25.016439465804282,0.002,0.001314302980399021,0.000522804697969525,0.00015271301682409955,1.6074842727443542e-05,1.1966269503268484e-07,1.1712257096151716e-09,6.767920516362707e-11,0.0019430384652011465,0.00017492478092552468
outputs/Tau5_joint_refinement/WT/pool_1/conformer_240.pdb,outputs/Tau5_joint_refinement/WT/backcalc/pool_1/conformer_240/model.pdb,38.90852598622523,0.002,0.0007641077977858231,0.0003542757031318258,0.00011599908935603514,1.2200926935572124e-05,1.1711477018913732e-07,1.1481676284450907e-09,6.6353475929842e-11,0.001731658985400548,0.00013808329050130864
outputs/Tau5_joint_refinement/WT/pool_1/conformer_241.pdb,outputs/Tau5_joint_refinement/WT/backcalc/pool_1/conformer_241/model.pdb,23.037989313931444,0.002,0.003096613464161798,0.003108124702547567,0.003515470873633574,0.004891497957452681,0.006418073847510176,0.004657260541220757,0.002340693921682298,0.002076205330361835,0.003332285742683703
outputs/Tau5_joint_refinement/WT/pool_1/conformer_242.pdb,outputs/Tau5_joint_refinement/WT/backcalc/pool_1/conformer_242/model.pdb,28.719399827709136,0.002,0.0026273575810062334,0.0032070962239755412,0.004584933658447434,0.006438831763293421,0.00514853962905743,0.0012923818429592159,1.0950996431995573e-05,0.0019874198824684445,0.0047237505044176184
outputs/Tau5_joint_refinement/WT/pool_1/conformer_243.pdb,outputs/Tau5_joint_refinement/WT/backcalc/pool_1/conformer_243/model.pdb,35.94094846692106,0.002,0.001988610903413528,0.0017859240721101826,0.0012918329625246194,0.0004928026244399094,3.469410471365287e-05,1.01858934299893e-07,5.599620763932707e-09,0.001767184850942592,0.0014338617168047842
outputs/Tau5_joint_refinement/WT/pool_1/conformer_244.pdb,outputs/Tau5_joint_refinement/WT/backcalc/pool_1/conformer_244/model.pdb,24.262991934469927,0.002,0.0005352543602985462,0.00011296806409341667,1.714847112044623e-05,7.080497474442971e-07,2.124436125256421e-08,2.1122566038779313e-10,1.2218399897210178e-11,0.0020039782163230662,1.905272411315925e-05
outputs/Tau5_joint_refinement/WT/pool_1/conformer_245.pdb,outputs/Tau5_joint_refinement/WT/backcalc/pool_1/conformer_245/model.pdb,29.95627646625857,0.002,0.006706480803661523,0.014029360951575753,0.02917346449879814,0.04806294992052491,0.05201722188500023,0.05267677285969606,0.053586857324625516,0.0018067924213740236,0.03192612475455213
outputs/Tau5_joint_refinement/WT/pool_1/conformer_246.pdb,outputs/Tau5_joint_refinement/WT/backcalc/pool_1/conformer_246/model.pdb,33.45647567661811,0.002,0.0031305047409682907,0.0028590982773370886,0.0018379280213846787,0.0006006166697722034,4.347159443610876e-05,1.1449634281515145e-07,6.275797032922047e-09,0.001992934669070465,0.0017176542122033802
outputs/Tau5_joint_refinement/WT/pool_1/conformer_247.pdb,outputs/Tau5_joint_refinement/WT/backcalc/pool_1/conformer_247/model.pdb,35.74825265417217,0.002,0.0016801785480246006,0.0011721488983556228,0.0005806800889324785,0.00011752751378129495,2.382361028075103e-06,1.8745197047328787e-08,1.0689320127279776e-09,0.0018189315234096773,0.0006681643819744907
outputs/Tau5_joint_refinement/WT/pool_1/conformer_248.pdb,outputs/Tau5_joint_refinement/WT/backcalc/pool_1/conformer_248/model.pdb,21.56797738640198,0.002,0.003236507052715213,0.0019711089953812996,0.0008169555523222248,0.0001449556086032234,2.4919933328687813e-06,1.911850468315762e-08,1.0891900388268825e-09,0.0017989935452949633,0.0008927596316740825
outputs/Tau5_joint_refinement/WT/pool_1/conformer_249.pdb,outputs/Tau5_joint_refinement/WT/backcalc/pool_1/conformer_249/model.pdb,31.359648064417073,0.002,0.001021619161353505,0.0005329457174482299,0.0002447682923417194,6.26799116522647e-05,1.8261645436881582e-06,1.5349097208224626e-08,8.78279128392442e-10,0.0020589277405560834,0.00025727005533087794
outputs/Tau5_joint_refinement/WT/pool_1/conformer_25.pdb,outputs/Tau5_joint_refinement/WT/backcalc/pool_1/conformer_25/model.pdb,34.532188587418176,0.002,0.0012536960251069774,0.0007595454116574534,0.0003573997438945331,7.008702558265979e-05,8.26785471766976e-07,7.51036893616978e-09,4.318412287476585e-10,0.0016355875513978792,0.0004491266035727909
outputs/Tau5_joint_refinement/WT/pool_1/conformer_250.pdb,outputs/Tau5_joint_refinement/WT/backcalc/pool_1/conformer_250/model.pdb,33.31356727379857,0.002,0.0011887603985736885,0.0005435845111611363,0.00017235206878955407,2.1256265454676823e-05,1.9398320292213985e-07,1.8864633204241782e-09,1.0895751390610102e-10,0.0020428123156884114,0.00017567968591151496
outputs/Tau5_joint_refinement/WT/pool_1/conformer_26.pdb,outputs/Tau5_joint_refinement/WT/backcalc/pool_1/conformer_26/model.pdb,36.03772880906089,0.002,0.001694947123593277,0.0014956877678145607,0.0011822262885151826,0.0005919045356112241,6.868615107327139e-05,1.5396692162155362e-07,8.36827812595454e-09,0.0020169660872690546,0.0012119178818906875
outputs/Tau5_joint_refinement/WT/pool_1/conformer_27.pdb,outputs/Tau5_joint_refinement/WT/backcalc/pool_1/conformer_27/model.pdb,20.80726524739416,0.002,0.01677890878593251,0.023903400778636546,0.021816145256907987,0.018368450878027267,0.01784719450030229,0.01650117863453683,0.014867706780852016,0.0022503309356390546,0.019105630450098353
outputs/Tau5_joint_refinement/WT/pool_1/conformer_28.pdb,outputs/Tau5_joint_refinement/WT/backcalc/pool_1/conformer_28/model.pdb,41.227606079652844,0.002,0.002038697566520258,0.00202612578060224,0.0015624438446797367,0.0005756440104711428,3.358577583588665e-05,9.427829330815532e-08,5.1820421584999325e-09,0.0018804966592384908,0.0017324507931642118
outputs/Tau5_joint_refinement/WT/pool_1/conformer_29.pdb,outputs/Tau5_joint_refinement/WT/backcalc/pool_1/conformer_29/model.pdb,30.24700852014818,0.002,0.0012965970880548829,0.0006758496491823673,0.0002977223734834826,7.50993345980677e-05,2.3501815349477694e-06,1.8800791210146982e-08,1.072927015060637e-09,0.0020518152073263803,0.0002996823113890225
outputs/Tau5_joint_refinement/WT/pool_1/conformer_3.pdb,outputs/Tau5_joint_refinement/WT/backcalc/pool_1/conformer_3/model.pdb,22.74113051651188,0.002,0.0032725540022913893,0.0020852286661144745,0.0009954223434370654,0.0003203825503850393,3.3257905283134436e-05,1.238097447059723e-07,6.8145578315659176e-09,0.002189848238924445,0.0009022552767079868
outputs/Tau5_joint_refinement/WT/pool_1/conformer_30.pdb,outputs/Tau5_joint_refinement/WT/backcalc/pool_1/conformer_30/model.pdb,32.20337818296721,0.002,0.001860061941815981,0.0014518521388892048,0.0009875364451206994,0.0004179912997322794,3.753305980417641e-05,1.1718356635670401e-07,6.437032434309436e-09,0.0022207769720731505,0.000917404549087423
outputs/Tau5_joint_refinement/WT/pool_1/conformer_31.pdb,outputs/Tau5_joint_refinement/WT/backcalc/pool_1/conformer_31/model.pdb,27.638743060415262,0.002,0.0006796021068373689,0.00025706912983565315,8.780628281100863e-05,1.0480926542202669e-05,9.689924696215316e-08,9.511026909195588e-10,5.497055566820171e-11,0.0017851815132678636,0.00010437761320919522
outputs/Tau5_joint_refinement/WT/pool_1/conformer_32.pdb,outputs/Tau5_joint_refinement/WT/backcalc/pool_1/conformer_32/model.pdb,29.16966253960278,0.002,0.0015261144363285118,0.001223678852045013,0.0010166540646940412,0.000540560887663388,5.044305575152874e-05,1.1839134599829904e-07,6.475061383137792e-09,0.0017699192626814235,0.001185576834131838
outputs/Tau5_joint_refinement/WT/pool_1/conformer_33.pdb,outputs/Tau5_joint_refinement/WT/backcalc/pool_1/conformer_33/model.pdb,28.00268274951403,0.002,0.00038957220332235074,9.851452153214279e-05,2.3529546235439402e-05,2.312224491566299e-06,5.58219773826801e-08,5.523844178700681e-10,3.194263889305001e-11,0.0021658031516712632,2.4379856907024682e-05
outputs/Tau5_joint_refinement/WT/pool_1/conformer_34.pdb,outputs/Tau5_joint_refinement/WT/backcalc/pool_1/conformer_34/model.pdb,48.00224809377421,0.002,0.00212303177041591,0.002154171297086047,0.0017152422469811554,0.0008186972187211482,0.00012266467106443867,2.41812037045707e-07,1.2941665403702767e-08,0.001828056317233475,0.0018746379709553911
outputs/Tau5_joint_refinement/WT/pool_1/conformer_35.pdb,outputs/Tau5_joint_refinement/WT/backcalc/pool_1/conformer_35/model.pdb,34.45070465524496,0.002,0.0019696141698134456,0.001736852997213785,0.0012737377504158528,0.000555175765479133,5.502705657772053e-05,1.3327250978465855e-07,7.276492070656309e-09,0.0020483846415534942,0.001252061808225821
outputs/Tau5_joint_refinement/WT/pool_1/conformer_36.pdb,outputs/Tau5_joint_refinement/WT/backcalc/pool_1/conformer_36/model.pdb,43.16934235077887,0.002,0.001509151797449234,0.0008315700597390376,0.00025834635636270845,2.694289050194073e-05,2.0597793923765922e-07,1.9981303628037133e-09,1.1538532963967349e-10,0.001988461918942561,0.0002679769618830443
outputs/Tau5_joint_refinement/WT/pool_1/conformer_37.pdb,outputs/Tau5_joint_refinement/WT/backcalc/pool_1/conformer_37/model.pdb,42.37817285688619,0.002,0.002631043536706623,0.0023567261978445016,0.0012292063131129022,0.00021152169621149568,3.965329134807372e-06,2.6979592541897854e-08,1.5279876735959756e-09,0.001776061768431136,0.0013785357692573102
outputs/Tau5_joint_refinement/WT/pool_1/conformer_38.pdb,outputs/Tau5_joint_refinement/WT/backcalc/pool_1/conformer_38/model.pdb,26.02822048730367,0.002,0.0004317267100845116,8.614209399751161e-05,1.269032550919333e-05,5.769404882992409e-07,1.8645317361856615e-08,1.855848661881243e-10,1.0735869987701742e-11,0.002067458342521013,1.4389977429300767e-05
outputs/Tau5_joint_refinement/WT/pool_1/conformer_39.pdb,outputs/Tau5_joint_refinement/WT/backcalc/pool_1/conformer_39/model.pdb,40.62657165383814,0.002,0.003540456242668067,0.005156157811843591,0.006552337118116708,0.00682755739080939,0.0050911718726473895,0.001163971764842935,3.839468300721617e-06,0.0021170484666241467,0.006123136662199904
outputs/Tau5_joint_refinement/WT/pool_1/conformer_4.pdb,outputs/Tau5_joint_refinement/WT/backcalc/pool_1/conformer_4/model.pdb,39.61522547327658,0.002,0.0024214580413053216,0.002462256810594895,0.002026904075414736,0.0009415961518120166,8.526904343759521e-05,1.393130219658415e-07,7.563398232599386e-09,0.0020863387471633217,0.00198175318763559
outputs/Tau5_joint_refinement/WT/pool_1/conformer_40.pdb,outputs/Tau5_joint_refinement/WT/backcalc/pool_1/conformer_40/model.pdb,27.521655375253797,0.002,0.0007387735887970036,0.00029655420911185823,0.00011445587587471235,2.221326887314048e-05,2.800232693356664e-07,2.7013765986837002e-09,1.5593417329845545e-10,0.0019130940523993587,0.00012491954223000507
outputs/Tau5_joint_refinement/WT/pool_1/conformer_41.pdb,outputs/Tau5_joint_refinement/WT/backcalc/pool_1/conformer_41/model.pdb,38.333699340424786,0.002,0.0017987763326085245,0.001138603324435641,0.00043297579429210723,5.674020229999814e-05,3.70209813373317e-07,3.5203215799459252e-09,2.0301794757702845e-10,0.0016764845738515607,0.000519507026542177
outputs/Tau5_joint_refinement/WT/pool_1/conformer_42.pdb,outputs/Tau5_joint_refinement/WT/backcalc/pool_1/conformer_42/model.pdb,44.417957859024106,0.002,0.001325380279866174,0.0009051588722843447,0.00041027701043124123,6.395964578934079e-05,4.595759581895326e-07,4.311088178795439e-09,2.4838805044207485e-10,0.0020623342643569928,0.0004377374645462119
outputs/Tau5_joint_refinement/WT/pool_1/conformer_43.pdb,outputs/Tau5_joint_refinement/WT/backcalc/pool_1/conformer_43/model.pdb,38.08532976800436,0.002,0.0012851975685050224,0.0009210510253393186,0.0005224848461347588,8.728576893692286e-05,4.41395289660723e-07,4.143684448026825e-09,2.3877431377276345e-10,0.0017517807381720175,0.000633657977592204
outputs/Tau5_joint_refinement/WT/pool_1/conformer_44.pdb,outputs/Tau5_joint_refinement/WT/backcalc/pool_1/conformer_44/model.pdb,28.673184495959035,0.002,0.0022201917329732405,0.0017636846945763807,0.001355516175598324,0.0009450281487543073,0.0003238591998741959,1.0633956732941563e-06,5.0859067281595154e-08,0.0023277181586000106,0.0011544741983746038
outputs/Tau5_joint_refinement/WT/pool_1/conformer_45.pdb,outputs/Tau5_joint_refinement/WT/backcalc/pool_1/conformer_45/model.pdb,26.769370058337355,0.002,0.000723355685241491,0.0001846193625130684,3.363968502634186e-05,1.9376939611572196e-06,4.329715321700014e-08,4.2872131031028603e-10,2.479319705274567e-11,0.0023247228102200325,3.245606146656321e-05
outputs/Tau5_joint_refinement/WT/pool_1/conformer_46.pdb,outputs/Tau5_joint_refinement/WT/backcalc/pool_1/conformer_46/model.pdb,32.46427809114667,0.002,0.0014254568828607713,0.000902793560485944,0.00045727803575094965,0.00010126851850396252,1.939140530427413e-06,1.587947205653826e-08,9.075453176276262e-10,0.0020224455625373608,0.000495248914098184
outputs/Tau5_joint_refinement/WT/pool_1/conformer_47.pdb,outputs/Tau5_joint_refinement/WT/backcalc/pool_1/conformer_47/model.pdb,39.80528841610416,0.002,0.0026017715597420527,0.001995355509110128,0.000858374160078917,0.00013261053891191877,1.6524034702687593e-06,1.3690723044615887e-08,7.829483675730275e-10,0.0017777278262922811,0.000990254654551806
outputs/Tau5_joint_refinement/WT/pool_1/conformer_48.pdb,outputs/Tau5_joint_refinement/WT/backcalc/pool_1/conformer_48/model.pdb,21.26755096269674,0.002,0.013889328527224978,0.021437837648799453,0.021665895355482603,0.013503381411802975,0.004729251078971862,0.00017460992246670168,4.0631878589374394e-07,0.001711499961666487,0.02369296894510475
outputs/Tau5_joint_refinement/WT/pool_1/conformer_49.pdb,outputs/Tau5_joint_refinement/WT/backcalc/pool_1/conformer_49/model.pdb,31.956080276966333,0.002,0.0010117824630586864,0.0005080025939814415,0.0002129372566110869,3.3059415723170606e-05,2.1384084321086322e-07,2.0707828706568843e-09,1.1957094631586437e-10,0.0018789218552141631,0.00024540841138919194
outputs/Tau5_joint_refinement/WT/pool_1/conformer_5.pdb,outputs/Tau5_joint_refinement/WT/backcalc/pool_1/conformer_5/model.pdb,20.429051794506737,0.002,0.008422387954355586,0.007275598552552393,0.0038082303989413965,0.0013922732093349117,0.00027472979871075295,5.415479475630511e-07,2.7734471239814777e-08,0.0018745259739881967,0.0035979985491820196
outputs/Tau5_joint_refinement/WT/pool_1/conformer_50.pdb,outputs/Tau5_joint_refinement/WT/backcalc/pool_1/conformer_50/model.pdb,40.68558343527533,0.002,0.0014208800827449776,0.0010408791189890482,0.000634379966804818,0.00024177336071745206,2.1299700876040992e-05,8.803827560635494e-08,4.872263099942322e-09,0.002248119428146516,0.000575111292203544
outputs/Tau5_joint_refinement/WT/pool_1/conformer_51.pdb,outputs/Tau5_joint_refinement/WT/backcalc/pool_1/conformer_51/model.pdb,36.678615700969075,0.002,0.000797263769692669,0.00035827831446322744,0.00011867592409129747,1.2279771237216142e-05,1.0954019375687044e-07,1.074859636353661e-09,6.212107377102922e-11,0.0018283438860891398,0.00014321103900569708
outputs/Tau5_joint_refinement/WT/pool_1/conformer_52.pdb,outputs/Tau5_joint_refinement/WT/backcalc/pool_1/conformer_52/model.pdb,25.164738413549248,0.002,0.005819424120511173,0.006609179362872928,0.005428955013756551,0.0024571384587286074,0.0003440363275202062,3.701151750129609e-07,1.932247406050069e-08,0.0018178066680213175,0.005849627471536109
outputs/Tau5_joint_refinement/WT/pool_1/conformer_53.pdb,outputs/Tau5_joint_refinement/WT/backcalc/pool_1/conformer_53/model.pdb,26.15392033148823,0.002,0.000982929123175014,0.00037822207930353173,0.00011924608363084075,1.4906638745911734e-05,1.3298881419719212e-07,1.3009035549769503e-09,7.516880251150174e-11,0.0016281686621914763,0.00015649077124423846
outputs/Tau5_joint_refinement/WT/pool_1/conformer_54.pdb,outputs/Tau5_joint_refinement/WT/backcalc/pool_1/conformer_54/model.pdb,37.76630283139139,0.002,0.0005808536716900152,0.00021401217410203408,5.7396746906634785e-05,4.351153195919782e-06,6.618630204388359e-08,6.531502584843684e-10,3.7763511003666076e-11,0.002034921953393407,5.9206232162552483e-05
outputs/Tau5_joint_refinement/WT/pool_1/conformer_55.pdb,outputs/Tau5_joint_refinement/WT/backcalc/pool_1/conformer_55/model.pdb,30.78560516319771,0.002,0.000834902687739761,0.0003649399615465023,0.00014051994375700205,2.5069142567758902e-05,2.1972726137203753e-07,2.1265439417332566e-09,1.2278487263728216e-10,0.002114762901076203,0.00015181830363358758
outputs/Tau5_joint_refinement/WT/pool_1/conformer_56.pdb,outputs/Tau5_joint_refinement/WT/backcalc/pool_1/conformer_56/model.pdb,28.63696288429567,0.002,0.0010478908865833995,0.0003793918545876645,9.148589333768404e-05,5.953757702946219e-06,6.48180262523933e-08,6.389779635571887e-10,3.6942206401152616e-11,0.001696524704073414,0.00011497939626974762
outputs/Tau5_joint_refinement/WT/pool_1/conformer_57.pdb,outputs/Tau5_joint_refinement/WT/backcalc/pool_1/conformer_57/model.pdb,36.39979068067677,0.002,0.0006985308012692768,0.00025527641618941163,6.26656063524857e-05,4.0169392832101115e-06,5.723465427800225e-08,5.650251253263558e-10,3.266957645582677e-11,0.0018124086145635374,7.474898166794376e-05
outputs/Tau5_joint_refinement/WT/pool_1/conformer_58.pdb,outputs/Tau5_joint_refinement/WT/backcalc/pool_1/conformer_58/model.pdb,31.75813638603325,0.002,0.0008469782676450695,0.0004412356299691415,0.0002309132962723364,7.159052176297062e-05,2.433252432318937e-06,1.9243638450146492e-08,1.097564568268534e-09,0.002149712390213982,0.00023814103794250096
outputs/Tau5_joint_refinement/WT/pool_1/conformer_59.pdb,outputs/Tau5_joint_refinement/WT/backcalc/pool_1/conformer_59/model.pdb,52.01592710442025,0.002,0.0014802126154747327,0.0012532739104024247,0.0009611893726219167,0.0006310817119701412,0.00021303796054299086,7.332169275024521e-07,3.662210566720865e-08,0.0023798232620533197,0.0007756428009679149
outputs/Tau5_joint_refinement/WT/pool_1/conformer_6.pdb,outputs/Tau5_joint_refinement/WT/backcalc/pool_1/conformer_6/model.pdb,30.368867773875813,0.002,0.0010971715591043313,0.0007226834399323937,0.0005129645520818955,0.0002854023206226895,5.077379264598168e-05,1.7190546123006673e-07,9.378605689477415e-09,0.0022548720826602855,0.0004636080502282017
outputs/Tau5_joint_refinement/WT/pool_1/conformer_60.pdb,outputs/Tau5_joint_refinement/WT/backcalc/pool_1/conformer_60/model.pdb,33.947240738500504,0.002,0.00460108540976845,0.00675817854998216,0.008593637747415119,0.010186148516918295,0.009582015395252304,0.006125495323138182,0.00319369718047572,0.0020926666372235968,0.008333262602793776
outputs/Tau5_joint_refinement/WT/pool_1/conformer_61.pdb,outputs/Tau5_joint_refinement/WT/backcalc/pool_1/conformer_61/model.pdb,36.476444582172746,0.002,0.0006611165834224452,0.00032765288622523827,0.00014181296751190688,2.244957597696295e-05,1.9398393057151762e-07,1.8857940529912042e-09,1.089140039624365e-10,0.002083190111551634,0.00014358545255388402
outputs/Tau5_joint_refinement/WT/pool_1/conformer_62.pdb,outputs/Tau5_joint_refinement/WT/backcalc/pool_1/conformer_62/model.pdb,41.98471830867452,0.002,0.001672898901262652,0.0012062735412608561,0.000616751362694388,0.00017050932490737504,9.208094924497144e-06,5.195279122130578e-08,2.912372342341521e-09,0.002160287218815498,0.000575289358433443
outputs/Tau5_joint_refinement/WT/pool_1/conformer_63.pdb,outputs/Tau5_joint_refinement/WT/backcalc/pool_1/conformer_63/model.pdb,35.07915113889865,0.002,0.0006891753141263393,0.00034638888957760076,0.00015656929171495158,2.2495882561995258e-05,1.523005689995779e-07,1.4855771316986789e-09,8.582267705834018e-11,0.0016746062989315051,0.00018675271644691437
outputs/Tau5_joint_refinement/WT/pool_1/conformer_64.pdb,outputs/Tau5_joint_refinement/WT/backcalc/pool_1/conformer_64/model.pdb,36.803131981910404,0.002,0.0005178114700245931,0.00016157435369541272,3.164569895009928e-05,1.1398704622025024e-06,2.83792211878779e-08,2.816144249875262e-10,1.6288230017360035e-11,0.0016466895477275172,4.2612315577083337e-05
outputs/Tau5_joint_refinement/WT/pool_1/conformer_65.pdb,outputs/Tau5_joint_refinement/WT/backcalc/pool_1/conformer_65/model.pdb,32.341888124158054,0.002,0.002194391811520496,0.0018840993702522154,0.001320516367207492,0.0003995632401225142,1.4222357568327368e-05,6.161452916632623e-08,3.4316896087061633e-09,0.0018419057261964656,0.001395535680189788
outputs/Tau5_joint_refinement/WT/pool_1/conformer_66.pdb,outputs/Tau5_joint_refinement/WT/backcalc/pool_1/conformer_66/model.pdb,30.63398889064373,0.002,0.0009922965043158815,0.0005734821128465025,0.0003166020373840465,8.68525737152363e-05,2.4064065731137624e-06,1.9053526105202793e-08,1.0869265044586733e-09,0.001855366912958286,0.0003536712376196395
outputs/Tau5_joint_refinement/WT/pool_1/conformer_67.pdb,outputs/Tau5_joint_refinement/WT/backcalc/pool_1/conformer_67/model.pdb,26.07627924297025,0.002,0.0013499606047628235,0.0006683046039576425,0.0002674541019637003,4.1312412359424656e-05,2.7665657360100593e-07,2.6599961533996332e-09,1.5352010111795648e-10,0.001805812421738166,0.0003120841190470075
outputs/Tau5_joint_refinement/WT/pool_1/conformer_68.pdb,outputs/Tau5_joint_refinement/WT/backcalc/pool_1/conformer_68/model.pdb,29.987970509863064,0.002,0.0027847143821358752,0.0025904979449286295,0.00197235292917224,0.0007411699273467996,2.9886230545880002e-05,7.68460506815161e-08,4.237691562883469e-09,0.0017365534997018594,0.002419215867555465
outputs/Tau5_joint_refinement/WT/pool_1/conformer_69.pdb,outputs/Tau5_joint_refinement/WT/backcalc/pool_1/conformer_69/model.pdb,24.160418410557266,0.002,0.0018128844327112894,0.0008367633651981964,0.00027960436667828374,3.946658930910993e-05,3.4746458192625563e-07,3.3210432378924798e-09,1.9158552076610827e-10,0.0018284342093316118,0.0003095299243111591
outputs/Tau5_joint_refinement/WT/pool_1/conformer_7.pdb,outputs/Tau5_joint_refinement/WT/backcalc/pool_1/conformer_7/model.pdb,23.106192436115293,0.002,0.00540475392773952,0.005836436320562979,0.0056970827908851655,0.006298627579004335,0.008399322761111125,0.009135431887760366,0.008546764416633433,0.0023248652710071397,0.004460217009979678
outputs/Tau5_joint_refinement/WT/pool_1/conformer_70.pdb,outputs/Tau5_joint_refinement/WT/backcalc/pool_1/conformer_70/model.pdb,37.83340944323659,0.002,0.003401537423308383,0.004204635617616566,0.0038808632777448952,0.0015200688023197437,7.936955126433288e-05,1.1082176902336513e-07,6.041725611744213e-09,0.001608672736674451,0.0047868308908442046
outputs/Tau5_joint_refinement/WT/pool_1/conformer_71.pdb,outputs/Tau5_joint_refinement/WT/backcalc/pool_1/conformer_71/model.pdb,41.01928101879685,0.002,0.0013718264040122562,0.0008580405809823346,0.00039942023222604817,7.851698133028918e-05,1.2986037413161555e-06,1.1299074842251275e-08,6.478923188920755e-10,0.0019321000702748382,0.00042049435975698797
outputs/Tau5_joint_refinement/WT/pool_1/conformer_72.pdb,outputs/Tau5_joint_refinement/WT/backcalc/pool_1/conformer_72/model.pdb,24.305326805471346,0.002,0.0009906631023725255,0.00033711256184533987,9.004380324699086e-05,9.600344441643274e-06,1.0002367391159491e-07,9.81647248984675e-10,5.673501815312061e-11,0.001625560188311399,0.00012072694559181352
outputs/Tau5_joint_refinement/WT/pool_1/conformer_73.pdb,outputs/Tau5_joint_refinement/WT/backcalc/pool_1/conformer_73/model.pdb,48.54590332768893,0.002,0.00553546602839836,0.011527271329228865,0.019646038399767765,0.025297242273339612,0.026474862759056556,0.02643533836712666,0.025624202742851678,0.0017656668589631356,0.02187610711010154
outputs/Tau5_joint_refinement/WT/pool_1/conformer_74.pdb,outputs/Tau5_joint_refinement/WT/backcalc/pool_1/conformer_74/model.pdb,22.8622064776948,0.002,0.0011860444687169318,0.00030995353813321623,4.688183846394061e-05,1.8406915043673344e-06,3.918416775298076e-08,3.880881681661006e-10,2.2443807765098012e-11,0.0019245537398246604,5.426301055472928e-05
outputs/Tau5_joint_refinement/WT/pool_1/conformer_75.pdb,outputs/Tau5_joint_refinement/WT/backcalc/pool_1/conformer_75/model.pdb,27.424749506648745,0.002,0.002674980835540329,0.0020859374898913657,0.0012811139645235484,0.00035966947176936637,9.033490995007828e-06,4.595954306764874e-08,2.574366115006483e-09,0.0018660712623248608,0.0014403313017252596
outputs/Tau5_joint_refinement/WT/pool_1/conformer_76.pdb,outputs/Tau5_joint_refinement/WT/backcalc/pool_1/conformer_76/model.pdb,20.16230519986148,0.002,0.022463792976105974,0.051766265756535305,0.08197193086178567,0.09366850583794853,0.08993866671641094,0.09002749105481905,0.09151139127695937,0.0019664214172040494,0.08977682753955726
outputs/Tau5_joint_refinement/WT/pool_1/conformer_77.pdb,outputs/Tau5_joint_refinement/WT/backcalc/pool_1/conformer_77/model.pdb,32.60298286862104,0.002,0.001986281811556936,0.002199586996307032,0.002781416323642007,0.0035898614834658327,0.0028138531381889146,0.00030695251690309627,8.960278723240787e-07,0.0025440126173057543,0.0021256878900813942
outputs/Tau5_joint_refinement/WT/pool_1/conformer_78.pdb,outputs/Tau5_joint_refinement/WT/backcalc/pool_1/conformer_78/model.pdb,30.06699252220411,0.002,0.0034522551875452007,0.0046965190098163115,0.006512209645760756,0.008148856396506926,0.007044530097524719,0.003172455211428529,0.0005865989942773941,0.0019328675904315632,0.0066760584203470925
outputs/Tau5_joint_refinement/WT/pool_1/conformer_79.pdb,outputs/Tau5_joint_refinement/WT/backcalc/pool_1/conformer_79/model.pdb,41.318702940606656,0.002,0.001458622164392554,0.0012062763192731368,0.000841890010630374,0.00034612926507633684,3.35007647529533e-05,1.1118703342966406e-07,6.111396387150756e-09,0.0022389854465668605,0.0007576110872036455
outputs/Tau5_joint_refinement/WT/pool_1/conformer_8.pdb,outputs/Tau5_joint_refinement/WT/backcalc/pool_1/conformer_8/model.pdb,31.593430117958597,0.002,0.00239729570913714,0.0025372918083019554,0.0027520839111078196,0.0032006600460142832,0.0030050265967944204,0.0010593696750355202,3.7642144270383295e-05,0.002587746695952846,0.0022146205181940853
outputs/Tau5_joint_refinement/WT/pool_1/conformer_80.pdb,outputs/Tau5_joint_refinement/WT/backcalc/pool_1/conformer_80/model.pdb,39.18190316147417,0.002,0.0012861358769762988,0.0011071866222196166,0.000928472123272355,0.000489129850797812,4.712850255582168e-05,1.1406655103071957e-07,6.237055560538212e-09,0.0018677527480733239,0.00104639632544951
outputs/Tau5_joint_refinement/WT/pool_1/conformer_81.pdb,outputs/Tau5_joint_refinement/WT/backcalc/pool_1/conformer_81/model.pdb,33.92953254095272,0.002,0.003422716082963832,0.004248088330204938,0.004490192690979352,0.003193035815216448,0.0010340774582882084,1.7883735831227504e-05,2.2519725591818258e-07,0.0020071210264875684,0.0045670087338107535
outputs/Tau5_joint_refinement/WT/pool_1/conformer_82.pdb,outputs/Tau5_joint_refinement/WT/backcalc/pool_1/conformer_82/model.pdb,38.583980240931204,0.002,0.0012453106340064332,0.0009202740742221776,0.0005556972413157199,0.00019758803042323742,1.441216141305787e-05,7.104458616639402e-08,3.959851552418364e-09,0.002290901809931441,0.0005281016155936072
outputs/Tau5_joint_refinement/WT/pool_1/conformer_83.pdb,outputs/Tau5_joint_refinement/WT/backcalc/pool_1/conformer_83/model.pdb,28.698589106374687,0.002,0.003068962622310459,0.00494366092391561,0.00994181757107599,0.017669022148223846,0.01834622583049066,0.01392845764435928,0.010992085658253608,0.0019778782110714925,0.009829315175289887
outputs/Tau5_joint_refinement/WT/pool_1/conformer_84.pdb,outputs/Tau5_joint_refinement/WT/backcalc/pool_1/conformer_84/model.pdb,44.092810415562965,0.002,0.0012732932428660337,0.0008087768555042732,0.00033859133812299283,4.441058695938523e-05,2.5230196689085635e-07,2.4302907900518062e-09,1.4027870912077173e-10,0.0018099540263699875,0.0003905181625570803
outputs/Tau5_joint_refinement/WT/pool_1/conformer_85.pdb,outputs/Tau5_joint_refinement/WT/backcalc/pool_1/conformer_85/model.pdb,28.97302751673265,0.002,0.0009701377807450377,0.0003648464265986883,0.00010808913810549098,1.4531104207607233e-05,1.6821228787332623e-07,1.641363623020156e-09,9.482262045357993e-11,0.002121509813512102,0.00010798681695752933
outputs/Tau5_joint_refinement/WT/pool_1/conformer_86.pdb,outputs/Tau5_joint_refinement/WT/backcalc/pool_1/conformer_86/model.pdb,31.626573269063982,0.002,0.0007931566883033677,0.00045373695894214655,0.00030045071047666037,0.0001620058043352322,1.901750922159994e-05,8.808037715362278e-08,4.8919066061112245e-09,0.0023140374491575732,0.00027393798301945574
outputs/Tau5_joint_refinement/WT/pool_1/conformer_87.pdb,outputs/Tau5_joint_refinement/WT/backcalc/pool_1/conformer_87/model.pdb,36.351788456235205,0.002,0.0012353638321777809,0.0006190239649261234,0.0002135474370093133,2.702032654540567e-05,2.0477576371575784e-07,1.986278769154569e-09,1.1470179745076397e-10,0.0020899112852614445,0.00021617415724442735
outputs/Tau5_joint_refinement/WT/pool_1/conformer_88.pdb,outputs/Tau5_joint_refinement/WT/backcalc/pool_1/conformer_88/model.pdb,29.503173574914406,0.002,0.0015942489464953128,0.0009351528084104313,0.00045032152408365814,0.00010529411826948273,2.1247617174886003e-06,1.692767191625711e-08,9.660502878759741e-10,0.0022114724929060206,0.0004160123992341111
outputs/Tau5_joint_refinement/WT/pool_1/conformer_89.pdb,outputs/Tau5_joint_refinement/WT/backcalc/pool_1/conformer_89/model.pdb,22.15245374752065,0.002,0.003292639985784208,0.0016357784116515692,0.0004693597448211875,5.0263144507497524e-05,2.7144415053947234e-07,2.6065401127612185e-09,1.5042151245077862e-10,0.0019207443985380065,0.0005211529487587834
outputs/Tau5_joint_refinement/WT/pool_1/conformer_9.pdb,outputs/Tau5_joint_refinement/WT/backcalc/pool_1/conformer_9/model.pdb,33.89325498131352,0.002,0.0009134748273097095,0.00046215782362422745,0.00019648303794010964,3.601738403820873e-05,3.00763933308315e-07,2.8833994611763094e-09,1.663764363657443e-10,0.0020943408099454485,0.00020325145036601615
outputs/Tau5_joint_refinement/WT/pool_1/conformer_90.pdb,outputs/Tau5_joint_refinement/WT/backcalc/pool_1/conformer_90/model.pdb,25.008863777922986,0.002,0.0012365284223639476,0.000492073503830064,0.0001484653857902725,1.7293560323506593e-05,1.4179627698254414e-07,1.3859715727823213e-09,8.007979345820389e-11,0.001910487245833684,0.00016225847076004038
outputs/Tau5_joint_refinement/WT/pool_1/conformer_91.pdb,outputs/Tau5_joint_refinement/WT/backcalc/pool_1/conformer_91/model.pdb,31.27165288604042,0.002,0.0015845351409808299,0.0016444821067726932,0.00221938011182478,0.00339171721265431,0.003385574222687859,0.001013018545167783,6.875669789439252e-06,0.002390467506985848,0.0018502422170910845
outputs/Tau5_joint_refinement/WT/pool_1/conformer_92.pdb,outputs/Tau5_joint_refinement/WT/backcalc/pool_1/conformer_92/model.pdb,31.073096992616772,0.002,0.003044499379324011,0.003803702810439109,0.004641982289702462,0.004479921650788734,0.002312349553124203,0.00019577103551228115,6.086954662494443e-07,0.0020827218004579834,0.004613769060277431
outputs/Tau5_joint_refinement/WT/pool_1/conformer_93.pdb,outputs/Tau5_joint_refinement/WT/backcalc/pool_1/conformer_93/model.pdb,25.23011648831252,0.002,0.0016953952905375501,0.0010655437464234688,0.0006891665546122638,0.00038938492036246815,4.699631213294049e-05,1.1916050319922943e-07,6.523552174775713e-09,0.0021082278154144637,0.0006870601872728346
outputs/Tau5_joint_refinement/WT/pool_1/conformer_94.pdb,outputs/Tau5_joint_refinement/WT/backcalc/pool_1/conformer_94/model.pdb,31.578492690012844,0.002,0.0011327885460533818,0.0005392803002718935,0.00018813836826275524,1.8341181618853833e-05,1.135966351520045e-07,1.1129852097386753e-09,6.431882757602809e-11,0.0018980572254906373,0.00020859130358226007
outputs/Tau5_joint_refinement/WT/pool_1/conformer_95.pdb,outputs/Tau5_joint_refinement/WT/backcalc/pool_1/conformer_95/model.pdb,25.229425760835856,0.002,0.0009459936513523164,0.0003217171734606512,8.085274586307285e-05,5.945375871015782e-06,6.756812073221579e-08,6.659317609165616e-10,3.849990719164064e-11,0.0016341606952392554,0.00010794659490535832
outputs/Tau5_joint_refinement/WT/pool_1/conformer_96.pdb,outputs/Tau5_joint_refinement/WT/backcalc/pool_1/conformer_96/model.pdb,40.44852673799598,0.002,0.0031626549581891873,0.004105497044599775,0.004547893171155214,0.00395228224226295,0.0019022532667587412,5.552592376742392e-05,2.8796170087386485e-07,0.002262479133139896,0.004126231460865563
outputs/Tau5_joint_refinement/WT/pool_1/conformer_97.pdb,outputs/Tau5_joint_refinement/WT/backcalc/pool_1/conformer_97/model.pdb,31.284305940827675,0.002,0.002020075146678157,0.0018783234519295304,0.0017662185404401433,0.0014913308957334535,0.0007299505563670313,2.3505020055608425e-05,2.692537969626014e-07,0.0019934552672075338,0.0017322147975308057
outputs/Tau5_joint_refinement/WT/pool_1/conformer_98.pdb,outputs/Tau5_joint_refinement/WT/backcalc/pool_1/conformer_98/model.pdb,32.225421906390324,0.002,0.0007566399387851308,0.00030287059523903043,0.0001041731962804676,1.5877480120057776e-05,1.5395888351950887e-07,1.50221160691454e-09,8.678528608512465e-11,0.0024455178019590503,0.00010455114660431812
outputs/Tau5_joint_refinement/WT/pool_1/conformer_99.pdb,outputs/Tau5_joint_refinement/WT/backcalc/pool_1/conformer_99/model.pdb,19.589189636325354,0.002,0.018705569724888512,0.02835019644331862,0.0268507769892385,0.022175877502343178,0.01956968575458359,0.014652664990697868,0.011052711383304239,0.0021500724209678745,0.024207507079312934
outputs/Tau5_joint_refinement/WT/pool_2/conformer_1.pdb,outputs/Tau5_joint_refinement/WT/backcalc/pool_2/conformer_1/model.pdb,29.09121147721684,0.002,0.0004948125105824248,0.00019014996659425686,7.580582371877483e-05,1.2309897035666596e-05,1.2531528153482242e-07,1.227147500002289e-09,7.091226687925228e-11,0.0017786173991398532,9.159513637134463e-05
outputs/Tau5_joint_refinement/WT/pool_2/conformer_10.pdb,outputs/Tau5_joint_refinement/WT/backcalc/pool_2/conformer_10/model.pdb,26.798428756109004,0.002,0.0007983956281043673,0.0003009365535139738,0.00010392034098233656,1.7321712583076735e-05,1.9437419954939946e-07,1.891072684298901e-09,1.0922704998601143e-10,0.0020407051600396936,0.00010495454181175121
outputs/Tau5_joint_refinement/WT/pool_2/conformer_100.pdb,outputs/Tau5_joint_refinement/WT/backcalc/pool_2/conformer_100/model.pdb,29.29826233696387,0.002,0.0005109680640056212,0.0001678646202015852,5.2021930803768774e-05,7.342647902487765e-06,1.219772538991731e-07,1.1980709844308205e-09,6.924429187067095e-11,0.0022954530165204064,5.0295302696940835e-05
outputs/Tau5_joint_refinement/WT/pool_2/conformer_101.pdb,outputs/Tau5_joint_refinement/WT/backcalc/pool_2/conformer_101/model.pdb,36.05386068880238,0.002,0.0007167367271252184,0.000330443656913483,0.00012982209886119495,2.219118706858208e-05,2.393152013982919e-07,2.3161295031710587e-09,1.3372540261852005e-10,0.0023713454954984786,0.00011441652890844774
outputs/Tau5_joint_refinement/WT/pool_2/conformer_102.pdb,outputs/Tau5_joint_refinement/WT/backcalc/pool_2/conformer_102/model.pdb,42.75605037685538,0.002,0.003398321295158175,0.0037698557418505327,0.0024842174880810894,0.000592724500497313,1.7715064260484563e-05,6.663181322435908e-08,3.69387958239712e-09,0.0015795660963167295,0.0030447055834286296
outputs/Tau5_joint_refinement/WT/pool_2/conformer_103.pdb,outputs/Tau5_joint_refinement/WT/backcalc/pool_2/conformer_103/model.pdb,51.7647565189373,0.002,0.0018200301365899384,0.0016870762321303267,0.001284958369044591,0.000602558108426934,7.205345037098312e-05,1.494510223981162e-07,8.116930369306423e-09,0.002457175750155701,0.0010278829638141844
outputs/Tau5_joint_refinement/WT/pool_2/conformer_104.pdb,outputs/Tau5_joint_refinement/WT/backcalc/pool_2/conformer_104/model.pdb,38.35219617080292,0.002,0.0007380825457320206,0.000284633883070417,7.013515927017634e-05,4.512010675497203e-06,6.537470039624393e-08,6.451278851707089e-10,3.7299564238049136e-11,0.001714886877201957,8.555231561017563e-05
outputs/Tau5_joint_refinement/WT/pool_2/conformer_105.pdb,outputs/Tau5_joint_refinement/WT/backcalc/pool_2/conformer_105/model.pdb,35.32485876751373,0.002,0.0015339871748844942,0.0009147258357248093,0.0003864280937836829,5.9755262039481056e-05,4.5178794214556986e-07,4.25808534929232e-09,2.4541368356381884e-10,0.00200232840994393,0.00041141719222937935
outputs/Tau5_joint_refinement/WT/pool_2/conformer_106.pdb,outputs/Tau5_joint_refinement/WT/backcalc/pool_2/conformer_106/model.pdb,33.302269777706634,0.002,0.001169634340312859,0.0006948668658268083,0.0003868582535577129,0.0001778549899130395,3.093654343557385e-05,1.290661306678455e-07,7.1054777924887954e-09,0.0027619699061937285,0.000304818362379269
outputs/Tau5_joint_refinement/WT/pool_2/conformer_107.pdb,outputs/Tau5_joint_refinement/WT/backcalc/pool_2/conformer_107/model.pdb,22.68526186977676,0.002,0.005831566433353107,0.006604248864367597,0.006455610425789822,0.005719193880377072,0.00401815257253192,0.000848050953090033,3.5749908199404475e-06,0.00199120698292513,0.0062126847912407045
outputs/Tau5_joint_refinement/WT/pool_2/conformer_108.pdb,outputs/Tau5_joint_refinement/WT/backcalc/pool_2/conformer_108/model.pdb,31.94489770852173,0.002,0.0006110971351731172,0.00022834054772974787,6.711507198587139e-05,5.0543237969599945e-06,5.976017922478187e-08,5.894969642135364e-10,3.408303789717049e-11,0.0016818243965257532,9.378210392102434e-05
outputs/Tau5_joint_refinement/WT/pool_2/conformer_109.pdb,outputs/Tau5_joint_refinement/WT/backcalc/pool_2/conformer_109/model.pdb,35.02647188921109,0.002,0.0006729090746369145,0.00022345640355243466,5.0567247468077096e-05,2.8372613537177145e-06,4.788299629677096e-08,4.732772413696401e-10,2.736689633917972e-11,0.001605304437797686,6.498683718267338e-05
outputs/Tau5_joint_refinement/WT/pool_2/conformer_11.pdb,outputs/Tau5_joint_refinement/WT/backcalc/pool_2/conformer_11/model.pdb,40.20575511949354,0.002,0.0020488913182585707,0.0021170474364158487,0.0017772050578136371,0.000890029792991246,0.00016063681935249923,3.2716669565396795e-07,1.724923841897724e-08,0.0019563974032838897,0.0018255485204366475
outputs/Tau5_joint_refinement/WT/pool_2/conformer_110.pdb,outputs/Tau5_joint_refinement/WT/backcalc/pool_2/conformer_110/model.pdb,32.49740682857655,0.002,0.0013029285166215102,0.000797750995578787,0.0004195444326120094,0.00012203537016074557,5.6278321613272425e-06,3.7457228268772033e-08,2.1167929620657426e-09,0.0019865490182186594,0.0004523783240588134
outputs/Tau5_joint_refinement/WT/pool_2/conformer_111.pdb,outputs/Tau5_joint_refinement/WT/backcalc/pool_2/conformer_111/model.pdb,28.79693201113064,0.002,0.00034589649592765414,0.00010827907849636017,3.61754069828807e-05,4.569128446043184e-06,7.461743772385864e-08,7.353846036726633e-10,4.251409418677741e-11,0.0019706619421681485,3.949933865789349e-05
outputs/Tau5_joint_refinement/WT/pool_2/conformer_112.pdb,outputs/Tau5_joint_refinement/WT/backcalc/pool_2/conformer_112/model.pdb,30.748680804800166,0.002,0.0029066461772700863,0.0020397481516602283,0.000928896023174988,0.00018164433719871696,4.406500843563494e-06,2.9396732670145742e-08,1.6634180575021694e-09,0.0017979800842287314,0.0010232002311611364
outputs/Tau5_joint_refinement/WT/pool_2/conformer_113.pdb,outputs/Tau5_joint_refinement/WT/backcalc/pool_2/conformer_113/model.pdb,29.540357201095816,0.002,0.0006231203060505161,0.00019152052246791584,5.0532938088856036e-05,6.584125150131664e-06,1.1343159509797682e-07,1.114832451421817e-09,6.443683730114111e-11,0.002109975774954832,5.267916529039193e-05
outputs/Tau5_joint_refinement/WT/pool_2/conformer_114.pdb,outputs/Tau5_joint_refinement/WT/backcalc/pool_2/conformer_114/model.pdb,35.3138960923435,0.002,0.0011758954535705112,0.0006693824348346157,0.0002688587798505005,3.177192918516135e-05,1.6413199662815356e-07,1.5968580816024947e-09,9.223633981277832e-11,0.0015342801633582872,0.0003813029699285871
outputs/Tau5_joint_refinement/WT/pool_2/conformer_115.pdb,outputs/Tau5_joint_refinement/WT/backcalc/pool_2/conformer_115/model.pdb,22.999199120472106,0.002,0.002485124691419044,0.0016308655066253942,0.0008971904461085879,0.00028250680408198,1.1719504615771131e-05,5.4575322858443686e-08,3.0458320605641307e-09,0.0020543003703686977,0.0008538678878082036
outputs/Tau5_joint_refinement/WT/pool_2/conformer_116.pdb,outputs/Tau5_joint_refinement/WT/backcalc/pool_2/conformer_116/model.pdb,27.774022800509012,0.002,0.0010475780864441667,0.00038632247106236466,0.00010613416962523165,1.1794763456253602e-05,1.2748165219264058e-07,1.2484111069669994e-09,7.214079514453338e-11,0.0019042216746484528,0.00011639053215460273
outputs/Tau5_joint_refinement/WT/pool_2/conformer_117.pdb,outputs/Tau5_joint_refinement/WT/backcalc/pool_2/conformer_117/model.pdb,25.242620645500317,0.002,0.0025846299304749993,0.001821313551425685,0.001100546420251617,0.0004460759615532773,4.7187857433157076e-05,1.3108789765948565e-07,7.177998072809996e-09,0.002105233416202042,0.0010186617959100997
outputs/Tau5_joint_refinement/WT/pool_2/conformer_118.pdb,outputs/Tau5_joint_refinement/WT/backcalc/pool_2/conformer_118/model.pdb,28.222765553842397,0.002,0.0007227622701267114,0.0002048871842100894,3.985608415749272e-05,2.0180161008119865e-06,4.349339567239051e-08,4.307312259669772e-10,2.4909716625105367e-11,0.0018444199757374539,4.910128533798799e-05
outputs/Tau5_joint_refinement/WT/pool_2/conformer_119.pdb,outputs/Tau5_joint_refinement/WT/backcalc/pool_2/conformer_119/model.pdb,27.03794141053354,0.002,0.006256412345590624,0.009650205814893398,0.012813933115617881,0.012917766123871573,0.008869766795196346,0.0037253014903397604,0.0005697666168725055,0.0014626240514181684,0.01580496162085869
outputs/Tau5_joint_refinement/WT/pool_2/conformer_12.pdb,outputs/Tau5_joint_refinement/WT/backcalc/pool_2/conformer_12/model.pdb,27.76318101336683,0.002,0.00112533884638303,0.0007386747660292599,0.0005575995976712015,0.0003568212350249774,8.592576398537227e-05,2.685963463142101e-07,1.4397094499909166e-08,0.0023079103304593676,0.00048318309578005087
outputs/Tau5_joint_refinement/WT/pool_2/conformer_120.pdb,outputs/Tau5_joint_refinement/WT/backcalc/pool_2/conformer_120/model.pdb,41.841723309602834,0.002,0.0016127899365206402,0.0011669168361005378,0.0005891051528243559,0.00011621901290109665,2.0576955159857834e-06,1.6511205664588857e-08,9.424807167608605e-10,0.0019461221253502705,0.0006526717667885571
outputs/Tau5_joint_refinement/WT/pool_2/conformer_121.pdb,outputs/Tau5_joint_refinement/WT/backcalc/pool_2/conformer_121/model.pdb,34.778371984913875,0.002,0.001074686406916248,0.0007753250921383495,0.0005927971263176967,0.0003475921878998523,5.026750428021324e-05,1.5245834943671983e-07,8.33367911260964e-09,0.0021097295502258313,0.000547390340591855
outputs/Tau5_joint_refinement/WT/pool_2/conformer_122.pdb,outputs/Tau5_joint_refinement/WT/backcalc/pool_2/conformer_122/model.pdb,23.021139741126767,0.002,0.0007560068330996983,0.00019156485110625716,3.425507560666796e-05,1.616742680475543e-06,3.598990236938067e-08,3.5651742606409313e-10,2.061828782958936e-11,0.0018645341898292824,4.2721455312328476e-05
outputs/Tau5_joint_refinement/WT/pool_2/conformer_123.pdb,outputs/Tau5_joint_refinement/WT/backcalc/pool_2/conformer_123/model.pdb,31.845256788038487,0.002,0.0011205993342318227,0.0008449279428173345,0.0007022998794134386,0.0004267003583784722,6.136624542445101e-05,1.6753907323227497e-07,9.115663509670223e-09,0.002164929692699811,0.0006929681534228048
outputs/Tau5_joint_refinement/WT/pool_2/conformer_124.pdb,outputs/Tau5_joint_refinement/WT/backcalc/pool_2/conformer_124/model.pdb,46.08009711021533,0.002,0.002211100469655692,0.002257615138288194,0.0018757461356062632,0.0010568821885055535,0.000246681311968734,4.0898858169739626e-07,2.1144799210915463e-08,0.002086644509291964,0.0017890384981780621
outputs/Tau5_joint_refinement/WT/pool_2/conformer_125.pdb,outputs/Tau5_joint_refinement/WT/backcalc/pool_2/conformer_125/model.pdb,24.83294174482366,0.002,0.0037176139686442406,0.002883636174270529,0.0016032630764355675,0.00045598556958709836,1.8036254862534653e-05,7.062796621191331e-08,3.91807826508178e-09,0.002014475074391365,0.0017191409929716904
outputs/Tau5_joint_refinement/WT/pool_2/conformer_126.pdb,outputs/Tau5_joint_refinement/WT/backcalc/pool_2/conformer_126/model.pdb,38.449365316210034,0.002,0.001503448475108902,0.0011908071003976226,0.0007808804146873797,0.0002718763280483079,1.4816189079865704e-05,6.814452934066554e-08,3.793829040160223e-09,0.002053861633195274,0.0007839331451344154
outputs/Tau5_joint_refinement/WT/pool_2/conformer_127.pdb,outputs/Tau5_joint_refinement/WT/backcalc/pool_2/conformer_127/model.pdb,28.381873229945455,0.002,0.0015060384977799832,0.0008018601955147852,0.000301558958211688,3.039309083220219e-05,1.2710091721084284e-07,1.2414927287868207e-09,7.173136650325228e-11,0.0015975302659258469,0.0003974678037156947
outputs/Tau5_joint_refinement/WT/pool_2/conformer_128.pdb,outputs/Tau5_joint_refinement/WT/backcalc/pool_2/conformer_128/model.pdb,25.88749358431033,0.002,0.0009817533050465164,0.00047000803624340303,0.00022413507654802826,5.968355187649345e-05,1.2558435098048946e-06,1.097642815275191e-08,6.295700319253521e-10,0.0021372669624941942,0.0002243318125371596
outputs/Tau5_joint_refinement/WT/pool_2/conformer_129.pdb,outputs/Tau5_joint_refinement/WT/backcalc/pool_2/conformer_129/model.pdb,40.67016169651523,0.002,0.0010065581134130717,0.0006333620570591653,0.00032032596840852524,5.7508138412103535e-05,4.0734808534135755e-07,3.859090439013852e-09,2.2249652617335457e-10,0.0018855675896010833,0.00036612076590930706
outputs/Tau5_joint_refinement/WT/pool_2/conformer_13.pdb,outputs/Tau5_joint_refinement/WT/backcalc/pool_2/conformer_13/model.pdb,26.94971973310643,0.002,0.001198281057618534,0.000551234601298419,0.00019698802145561584,2.278396723755279e-05,1.3225753353050514e-07,1.2919989281821203e-09,7.464867667926713e-11,0.00169080904546202,0.0002484671352984466
outputs/Tau5_joint_refinement/WT/pool_2/conformer_130.pdb,outputs/Tau5_joint_refinement/WT/backcalc/pool_2/conformer_130/model.pdb,34.27811995597658,0.002,0.0004605620601423772,0.00013507045775932181,3.304816625342217e-05,2.904166938952378e-06,5.9288835278079665e-08,5.85884244323172e-10,3.3877078532626414e-11,0.0025263868203962364,2.9294284711568182e-05
outputs/Tau5_joint_refinement/WT/pool_2/conformer_131.pdb,outputs/Tau5_joint_refinement/WT/backcalc/pool_2/conformer_131/model.pdb,31.4969360001559,0.002,0.0004378024748552718,0.00012084408037552981,2.730169441571202e-05,1.7933760071952243e-06,4.127378272283925e-08,4.0881095133209383e-10,2.3642216267134006e-11,0.0017205746811594853,3.533045180252648e-05
outputs/Tau5_joint_refinement/WT/pool_2/conformer_132.pdb,outputs/Tau5_joint_refinement/WT/backcalc/pool_2/conformer_132/model.pdb,28.010506207232613,0.002,0.0009744749246125323,0.0005384811067494561,0.0003113039024385447,0.00010482536282547412,4.348055843760499e-06,3.001099440118458e-08,1.7001924994387167e-09,0.00202019449255287,0.00032750690936399234
outputs/Tau5_joint_refinement/WT/pool_2/conformer_133.pdb,outputs/Tau5_joint_refinement/WT/backcalc/pool_2/conformer_133/model.pdb,28.56315221915802,0.002,0.00043043755651268564,0.00017283531218821154,9.12905057730136e-05,3.275407127662829e-05,9.244604342768008e-07,8.38703412591379e-09,4.820716908465313e-10,0.0028028208749318693,7.133472078341173e-05
outputs/Tau5_joint_refinement/WT/pool_2/conformer_134.pdb,outputs/Tau5_joint_refinement/WT/backcalc/pool_2/conformer_134/model.pdb,30.148288144525676,0.002,0.0006055222565710178,0.00020494483558884327,6.101095109015814e-05,8.376070528959028e-06,1.2490800567131224e-07,1.2246015243436762e-09,7.076981132417913e-11,0.0019862958150307143,6.82965483408021e-05
outputs/Tau5_joint_refinement/WT/pool_2/conformer_135.pdb,outputs/Tau5_joint_refinement/WT/backcalc/pool_2/conformer_135/model.pdb,22.72848644558984,0.002,0.0037877348733913983,0.0025962231625802482,0.0012518362436531065,0.0003390536544160406,1.5307890060440645e-05,6.581032682783795e-08,3.661521680366367e-09,0.0019733160707380653,0.0011982230434027037
outputs/Tau5_joint_refinement/WT/pool_2/conformer_136.pdb,outputs/Tau5_joint_refinement/WT/backcalc/pool_2/conformer_136/model.pdb,26.38654605890172,0.002,0.0010307154556912957,0.0004149624484683558,0.00013514966122394307,1.4935801954553236e-05,1.0625084700251506e-07,1.0413889272972809e-09,6.018320465211428e-11,0.001976212360537417,0.0001482910058210516
outputs/Tau5_joint_refinement/WT/pool_2/conformer_137.pdb,outputs/Tau5_joint_refinement/WT/backcalc/pool_2/conformer_137/model.pdb,34.11964689326839,0.002,0.0010857480136895962,0.000721840295327324,0.0005113712540934563,0.000331249284741273,6.88527664162296e-05,1.775230686101493e-07,9.620047070382962e-09,0.002371518521719806,0.00043443979647891435
outputs/Tau5_joint_refinement/WT/pool_2/conformer_138.pdb,outputs/Tau5_joint_refinement/WT/backcalc/pool_2/conformer_138/model.pdb,28.50797993805492,0.002,0.0004566161840163458,0.00010724255337505826,1.9198368533922022e-05,9.351206654314362e-07,2.663138326915414e-08,2.645751991062726e-10,1.530364852086128e-11,0.0020787652491168615,2.1050273275775754e-05
outputs/Tau5_joint_refinement/WT/pool_2/conformer_139.pdb,outputs/Tau5_joint_refinement/WT/backcalc/pool_2/conformer_139/model.pdb,29.46597079761269,0.002,0.001676266960521655,0.001345812704929228,0.0011409307519304873,0.000785729764748242,0.00015924288985205026,2.920157294300622e-07,1.5503155885040096e-08,0.0023202544770312542,0.0010035387563359424
outputs/Tau5_joint_refinement/WT/pool_2/conformer_14.pdb,outputs/Tau5_joint_refinement/WT/backcalc/pool_2/conformer_14/model.pdb,45.127995353652,0.002,0.0029218704219702504,0.004072497559615813,0.0049189667674735486,0.004158483846616335,0.001705864755494105,3.013106023868787e-05,2.3080716947636796e-07,0.0017576481449538557,0.005229815793279922
outputs/Tau5_joint_refinement/WT/pool_2/conformer_140.pdb,outputs/Tau5_joint_refinement/WT/backcalc/pool_2/conformer_140/model.pdb,36.2586965885705,0.002,0.0007309389901699988,0.00032533382472627764,0.00010490835398235724,1.0212412242116962e-05,9.189521530706464e-08,9.029795163590596e-10,5.2193373805631806e-11,0.0018232361734990686,0.0001257324706247113
outputs/Tau5_joint_refinement/WT/pool_2/conformer_141.pdb,outputs/Tau5_joint_refinement/WT/backcalc/pool_2/conformer_141/model.pdb,35.97591530407203,0.002,0.0015707600995016346,0.0010378358779228282,0.0005062475238582392,0.00011658326407208976,3.759104392633006e-06,2.6809272643132737e-08,1.5213432426539414e-09,0.0022010271624852964,0.0004752285990106084
outputs/Tau5_joint_refinement/WT/pool_2/conformer_142.pdb,outputs/Tau5_joint_refinement/WT/backcalc/pool_2/conformer_142/model.pdb,42.32679845752603,0.002,0.0012632614655159109,0.000804375097052982,0.0003883306068214898,7.959127588699476e-05,1.0098442966078647e-06,8.960926003427637e-09,5.144663909997543e-10,0.0018641641208773992,0.00043013511228563305
outputs/Tau5_joint_refinement/WT/pool_2/conformer_143.pdb,outputs/Tau5_joint_refinement/WT/backcalc/pool_2/conformer_143/model.pdb,22.730620027648158,0.002,0.002117065871293949,0.0007741312029579157,0.0001669819910321919,1.2760536457509098e-05,1.0445395052039212e-07,1.0253953195673016e-09,5.92648810454042e-11,0.002034685682894456,0.00017979905054151915
outputs/Tau5_joint_refinement/WT/pool_2/conformer_144.pdb,outputs/Tau5_joint_refinement/WT/backcalc/pool_2/conformer_144/model.pdb,43.872361717856386,0.002,0.0037242632704859056,0.003983213638853324,0.002629149294827525,0.0008991816726154756,8.002598409116132e-05,1.4394371609605942e-07,7.81007099285543e-09,0.002143249979823702,0.002423982015462806
outputs/Tau5_joint_refinement/WT/pool_2/conformer_145.pdb,outputs/Tau5_joint_refinement/WT/backcalc/pool_2/conformer_145/model.pdb,31.603572215782737,0.002,0.0008593193428829756,0.0002945404247603825,6.777796973090991e-05,4.500325558425417e-06,6.285785436913673e-08,6.202090560975823e-10,3.5858809737079554e-11,0.0019258267176010735,7.492512021216685e-05
outputs/Tau5_joint_refinement/WT/pool_2/conformer_146.pdb,outputs/Tau5_joint_refinement/WT/backcalc/pool_2/conformer_146/model.pdb,25.098337577346797,0.002,0.001896140950961744,0.0007299537349976506,0.00016913524072823568,1.2618082137779344e-05,9.459052988394164e-08,9.290836057791394e-10,5.370082080613214e-11,0.0016480697768862741,0.00020797451574902732
outputs/Tau5_joint_refinement/WT/pool_2/conformer_147.pdb,outputs/Tau5_joint_refinement/WT/backcalc/pool_2/conformer_147/model.pdb,36.61671398939155,0.002,0.0005699294180807002,0.000186659330350407,4.2107324953727394e-05,2.3892606768069694e-06,4.642940164103466e-08,4.593177965702216e-10,2.6561111913058147e-11,0.001816746492931603,4.995215387133963e-05
outputs/Tau5_joint_refinement/WT/pool_2/conformer_148.pdb,outputs/Tau5_joint_refinement/WT/backcalc/pool_2/conformer_148/model.pdb,25.834418738051493,0.002,0.0015597140127788362,0.0010358799871921258,0.0007291516705392293,0.0003760847685321388,3.132463219581036e-05,9.004382480109219e-08,4.9535427536619566e-09,0.0022155904376799608,0.0006649423615630187
outputs/Tau5_joint_refinement/WT/pool_2/conformer_149.pdb,outputs/Tau5_joint_refinement/WT/backcalc/pool_2/conformer_149/model.pdb,20.79400847110673,0.002,0.00275137365100145,0.001205644873430953,0.0003236779004279351,3.631945169692094e-05,2.427792655867741e-07,2.3412639632730276e-09,1.351516681619104e-10,0.001881783297668071,0.00036545322079605626
outputs/Tau5_joint_refinement/WT/pool_2/conformer_15.pdb,outputs/Tau5_joint_refinement/WT/backcalc/pool_2/conformer_15/model.pdb,40.07770732088875,0.002,0.004837955202625485,0.007826226642881476,0.00944099208887807,0.008098810075583445,0.004724411785939182,0.0006688264458638873,1.030756746051084e-06,0.0016650579607392984,0.010502503062468548
outputs/Tau5_joint_refinement/WT/pool_2/conformer_150.pdb,outputs/Tau5_joint_refinement/WT/backcalc/pool_2/conformer_150/model.pdb,46.60608559017237,0.002,0.0019391457780626343,0.0018157725436069381,0.0012894764712588725,0.0005271605928237803,5.831782190453639e-05,1.5107476780486288e-07,8.227825280434957e-09,0.002016737445877406,0.0012490964736448728
outputs/Tau5_joint_refinement/WT/pool_2/conformer_151.pdb,outputs/Tau5_joint_refinement/WT/backcalc/pool_2/conformer_151/model.pdb,33.874168987173654,0.002,0.0006532289232680488,0.0002231426835516516,5.05083800664957e-05,2.2481351619567954e-06,3.999099453103119e-08,3.9569188083360347e-10,2.288232034586672e-11,0.0016168356598225827,7.075334690482891e-05
outputs/Tau5_joint_refinement/WT/pool_2/conformer_152.pdb,outputs/Tau5_joint_refinement/WT/backcalc/pool_2/conformer_152/model.pdb,38.04334247305047,0.002,0.0021678484683666423,0.0017549600097287827,0.0010240631264816999,0.00028794719155921986,1.3295508943921987e-05,6.207694687825949e-08,3.460271341511016e-09,0.0021209844350104476,0.0009634633573751234
outputs/Tau5_joint_refinement/WT/pool_2/conformer_153.pdb,outputs/Tau5_joint_refinement/WT/backcalc/pool_2/conformer_153/model.pdb,39.79763553279666,0.002,0.0013976857644526328,0.0009327163356186429,0.0004441523104462369,7.252097752107512e-05,4.5521118859332136e-07,4.273052029104859e-09,2.462211593633555e-10,0.0015612003481778422,0.0005841865856581498
outputs/Tau5_joint_refinement/WT/pool_2/conformer_154.pdb,outputs/Tau5_joint_refinement/WT/backcalc/pool_2/conformer_154/model.pdb,30.31710695915619,0.002,0.0008928052202913346,0.0003504900802364059,0.00010027360644367466,8.403794897950884e-06,8.016485926345687e-08,7.887081398509169e-10,4.559224630705697e-11,0.0019860014318973896,0.00011199915508859971
outputs/Tau5_joint_refinement/WT/pool_2/conformer_155.pdb,outputs/Tau5_joint_refinement/WT/backcalc/pool_2/conformer_155/model.pdb,39.64285496578324,0.002,0.0010847102115614374,0.0006404931659245471,0.00029916304964075697,6.26061131740818e-05,9.787145869967647e-07,8.75379269446553e-09,5.027409572516542e-10,0.002462699898069672,0.00025085139399510484
outputs/Tau5_joint_refinement/WT/pool_2/conformer_156.pdb,outputs/Tau5_joint_refinement/WT/backcalc/pool_2/conformer_156/model.pdb,34.67932840243134,0.002,0.0006192156966828565,0.0002420762031061992,7.82494366883663e-05,1.0528626729376466e-05,1.3968535941095908e-07,1.3678260449078383e-09,7.903896425525384e-11,0.00244643035258829,7.412448932557181e-05
outputs/Tau5_joint_refinement/WT/pool_2/conformer_157.pdb,outputs/Tau5_joint_refinement/WT/backcalc/pool_2/conformer_157/model.pdb,30.227436085665392,0.002,0.0006715341750219173,0.00020832796389126508,5.035439799788105e-05,4.39776399136e-06,6.933657222675428e-08,6.838481450949359e-10,3.953677266858755e-11,0.0022944347293668327,5.073642836465902e-05
outputs/Tau5_joint_refinement/WT/pool_2/conformer_158.pdb,outputs/Tau5_joint_refinement/WT/backcalc/pool_2/conformer_158/model.pdb,40.07628022532815,0.002,0.0011323780284313403,0.0005357434644222159,0.00014600888352357658,8.048665542920066e-06,6.370238489312922e-08,6.276716853927465e-10,3.628738397241977e-11,0.001653786926398319,0.00018802568420649165
outputs/Tau5_joint_refinement/WT/pool_2/conformer_159.pdb,outputs/Tau5_joint_refinement/WT/backcalc/pool_2/conformer_159/model.pdb,29.510818428410005,0.002,0.0005783053553601105,0.00034039449847953135,0.0003072686590637302,0.00030604705590112823,9.441536035459413e-05,2.3736414345698928e-07,1.2725720371689156e-08,0.002620419366385617,0.00024765321950272965
outputs/Tau5_joint_refinement/WT/pool_2/conformer_16.pdb,outputs/Tau5_joint_refinement/WT/backcalc/pool_2/conformer_16/model.pdb,27.003215944966374,0.002,0.0008478744473042035,0.00034482967360907743,0.00012775609264798258,2.085925308747896e-05,2.0715337590848883e-07,2.009468297749121e-09,1.1604058465767733e-10,0.0022894840270507185,0.00011834512622958911
outputs/Tau5_joint_refinement/WT/pool_2/conformer_160.pdb,outputs/Tau5_joint_refinement/WT/backcalc/pool_2/conformer_160/model.pdb,35.595513915706626,0.002,0.0004423944613396526,0.00013449808747133347,2.9428448840672244e-05,1.4027704646305118e-06,3.4489276103662043e-08,3.4206535680134835e-10,1.9783796121689544e-11,0.0016355898550214788,4.0186890334537525e-05
outputs/Tau5_joint_refinement/WT/pool_2/conformer_161.pdb,outputs/Tau5_joint_refinement/WT/backcalc/pool_2/conformer_161/model.pdb,23.382298201146977,0.002,0.0034145483052491704,0.002395646541611696,0.0012199570427809375,0.0003011838391617898,8.254771910220128e-06,4.470300075347518e-08,2.5081680108295816e-09,0.0015979278288407862,0.0014659275161974681
outputs/Tau5_joint_refinement/WT/pool_2/conformer_162.pdb,outputs/Tau5_joint_refinement/WT/backcalc/pool_2/conformer_162/model.pdb,42.48473526071682,0.002,0.0011021426455322877,0.000618181906673381,0.00023913428545186416,2.9915514519419353e-05,2.0179364633897697e-07,1.957395403515438e-09,1.1303459041670884e-10,0.0018366770606794323,0.0002750687396062585
outputs/Tau5_joint_refinement/WT/pool_2/conformer_163.pdb,outputs/Tau5_joint_refinement/WT/backcalc/pool_2/conformer_163/model.pdb,36.30857361475272,0.002,0.0008117557268127615,0.00035567930279439375,0.0001090438382083187,9.20244698930668e-06,8.225969965255923e-08,8.089332515879561e-10,4.675986027604454e-11,0.001870431049418533,0.00012317566742431024
outputs/Tau5_joint_refinement/WT/pool_2/conformer_164.pdb,outputs/Tau5_joint_refinement/WT/backcalc/pool_2/conformer_164/model.pdb,27.033256285437883,0.002,0.0011429224234969155,0.0005419058902744068,0.00021997156018246848,4.160744593249983e-05,4.551257674563153e-07,4.296936670079413e-09,2.476730551864888e-10,0.0020870847990652965,0.00021260192091554733
outputs/Tau5_joint_refinement/WT/pool_2/conformer_165.pdb,outputs/Tau5_joint_refinement/WT/backcalc/pool_2/conformer_165/model.pdb,30.798058056327235,0.002,0.0010962321795829864,0.0004382765945006241,0.00011931874522217698,9.929235521141395e-06,9.160336875801292e-08,9.004734140863363e-10,5.204938578514898e-11,0.0020970319367744896,0.0001245876335053934
outputs/Tau5_joint_refinement/WT/pool_2/conformer_166.pdb,outputs/Tau5_joint_refinement/WT/backcalc/pool_2/conformer_166/model.pdb,38.04850345181409,0.002,0.0009908162296994203,0.0004996429394850866,0.00018279856510614457,2.4725790577501262e-05,1.9898843454300714e-07,1.931364723235469e-09,1.1153585145574508e-10,0.002013785905961806,0.00020394854467613115
outputs/Tau5_joint_refinement/WT/pool_2/conformer_167.pdb,outputs/Tau5_joint_refinement/WT/backcalc/pool_2/conformer_167/model.pdb,30.511718405328168,0.002,0.0006220572348671602,0.00021603512587719278,6.0931187328173816e-05,5.29340763306161e-06,6.995592727045489e-08,6.895424535267678e-10,3.98647483682222e-11,0.001892439995198309,6.856499139785132e-05
outputs/Tau5_joint_refinement/WT/pool_2/conformer_168.pdb,outputs/Tau5_joint_refinement/WT/backcalc/pool_2/conformer_168/model.pdb,25.026451242295344,0.002,0.0017348424228863296,0.0007426181659444508,0.0002172976947797684,2.495076783921898e-05,1.7690360247818432e-07,1.721324932445485e-09,9.942515842051209e-11,0.0019799427866715132,0.00022676544482001147
outputs/Tau5_joint_refinement/WT/pool_2/conformer_169.pdb,outputs/Tau5_joint_refinement/WT/backcalc/pool_2/conformer_169/model.pdb,39.84064903662831,0.002,0.0009327226623061643,0.00042708772222987165,0.00011593433239932056,5.865293991707228e-06,5.522423333801532e-08,5.447872847702989e-10,3.1498313144141524e-11,0.001632773539993726,0.00015133181114309612
outputs/Tau5_joint_refinement/WT/pool_2/conformer_17.pdb,outputs/Tau5_joint_refinement/WT/backcalc/pool_2/conformer_17/model.pdb,29.55637190424568,0.002,0.000299296688311438,6.545760105074164e-05,1.3357138734308817e-05,1.0630893794457426e-06,3.274163904255305e-08,3.252519485470123e-10,1.8812930333202706e-11,0.0023095140658574522,1.3102060331126274e-05
outputs/Tau5_joint_refinement/WT/pool_2/conformer_170.pdb,outputs/Tau5_joint_refinement/WT/backcalc/pool_2/conformer_170/model.pdb,42.25680522997811,0.002,0.00517098384086734,0.007824722823103777,0.008095759342173738,0.005144688919499189,0.001586141368298918,1.700304212270405e-05,1.8841150982787491e-07,0.0020808046964909768,0.007767956873124872
outputs/Tau5_joint_refinement/WT/pool_2/conformer_171.pdb,outputs/Tau5_joint_refinement/WT/backcalc/pool_2/conformer_171/model.pdb,24.92127006811763,0.002,0.0020140246528264146,0.0007838823020219752,0.00019154957227993438,1.9381594655873238e-05,1.513003012433914e-07,1.47670430748837e-09,8.531387135605847e-11,0.0023381647283235584,0.00018543942426371593
outputs/Tau5_joint_refinement/WT/pool_2/conformer_172.pdb,outputs/Tau5_joint_refinement/WT/backcalc/pool_2/conformer_172/model.pdb,33.03208433211607,0.002,0.0014708292916077836,0.0009535741923250192,0.0005124417937313468,0.00015694798870501657,7.90560070853145e-06,4.71216816633854e-08,2.6492204304946856e-09,0.002181926407692548,0.0005039904964600202
outputs/Tau5_joint_refinement/WT/pool_2/conformer_173.pdb,outputs/Tau5_joint_refinement/WT/backcalc/pool_2/conformer_173/model.pdb,26.188336912277805,0.002,0.0010500252960992918,0.00034271359897845166,7.129779366143908e-05,2.9910887622898857e-06,4.29243801415665e-08,4.2431717961046203e-10,2.4536390748851795e-11,0.001566605120740704,9.381041677707953e-05
outputs/Tau5_joint_refinement/WT/pool_2/conformer_174.pdb,outputs/Tau5_joint_refinement/WT/backcalc/pool_2/conformer_174/model.pdb,31.954333877214964,0.002,0.0012487340030925892,0.0006482184519926357,0.00026636850644083806,6.072179187493362e-05,2.283408498363006e-06,1.885224631312121e-08,1.0774215535560406e-09,0.0021718268138947974,0.00025961194973000724
outputs/Tau5_joint_refinement/WT/pool_2/conformer_175.pdb,outputs/Tau5_joint_refinement/WT/backcalc/pool_2/conformer_175/model.pdb,28.185371721670624,0.002,0.002657152511372936,0.002395914930602312,0.0018452027511601926,0.000840769194327973,8.369847219524816e-05,1.6063555115832949e-07,8.712412073873702e-09,0.001601364509574499,0.002302512904613062
outputs/Tau5_joint_refinement/WT/pool_2/conformer_176.pdb,outputs/Tau5_joint_refinement/WT/backcalc/pool_2/conformer_176/model.pdb,37.48308635987815,0.002,0.0018643257446759095,0.001352082978938521,0.0006865968034044058,0.000143366573364891,3.488075179041587e-06,2.5194318613717622e-08,1.430691126472391e-09,0.0018870846244242881,0.0007550921881573898
outputs/Tau5_joint_refinement/WT/pool_2/conformer_177.pdb,outputs/Tau5_joint_refinement/WT/backcalc/pool_2/conformer_177/model.pdb,40.078862236733244,0.002,0.003169063432285555,0.0034873074840898674,0.0026891520458398746,0.0009612158649509097,5.9429917130936337e-05,1.1524543365658065e-07,6.292127720552572e-09,0.0018020475924910174,0.002956420229616156
outputs/Tau5_joint_refinement/WT/pool_2/conformer_178.pdb,outputs/Tau5_joint_refinement/WT/backcalc/pool_2/conformer_178/model.pdb,34.19735301181442,0.002,0.0007989854850255909,0.0004745096153340551,0.0002654565619107158,6.189209990287528e-05,7.885254369140084e-07,7.203420533081264e-09,4.1432245244683714e-10,0.0016000407250067487,0.000353615944368259
outputs/Tau5_joint_refinement/WT/pool_2/conformer_179.pdb,outputs/Tau5_joint_refinement/WT/backcalc/pool_2/conformer_179/model.pdb,29.2230729376219,0.002,0.002205759519295015,0.002235165215365136,0.002622910363338794,0.0034750560188296906,0.003914172701520178,0.0027976482308527013,0.0012567702120890713,0.0021244001243365495,0.002292474662218524
outputs/Tau5_joint_refinement/WT/pool_2/conformer_18.pdb,outputs/Tau5_joint_refinement/WT/backcalc/pool_2/conformer_18/model.pdb,31.323122944464334,0.002,0.0005873131782210632,0.000145899782943492,2.1440202962280054e-05,6.21272516678365e-07,1.8495956787449445e-08,1.8395575429375685e-10,1.0641215815720418e-11,0.0017858005364737436,2.777352803679294e-05
outputs/Tau5_joint_refinement/WT/pool_2/conformer_180.pdb,outputs/Tau5_joint_refinement/WT/backcalc/pool_2/conformer_180/model.pdb,26.99013315479973,0.002,0.0005073345194756355,0.00011042823291580443,1.865160720205448e-05,1.1833084932172817e-06,3.3977972815715174e-08,3.3731808447080906e-10,1.9510188145633707e-11,0.0021508822082243707,1.9992698955374946e-05
outputs/Tau5_joint_refinement/WT/pool_2/conformer_181.pdb,outputs/Tau5_joint_refinement/WT/backcalc/pool_2/conformer_181/model.pdb,32.57259990581083,0.002,0.0016651826323842457,0.0018018793973183817,0.002191964298861991,0.0019355265857718285,0.00039264672403805425,3.8826246753799897e-07,2.0165042725365038e-08,0.001987133410819943,0.0023426788883054287
outputs/Tau5_joint_refinement/WT/pool_2/conformer_182.pdb,outputs/Tau5_joint_refinement/WT/backcalc/pool_2/conformer_182/model.pdb,53.62933528627313,0.002,0.0027895879624449302,0.0036096614118555836,0.004154355869001473,0.004618104327985779,0.0044808429093451665,0.0018306826569649127,8.126652592171352e-05,0.0024285162254622547,0.0032056455217671577
outputs/Tau5_joint_refinement/WT/pool_2/conformer_183.pdb,outputs/Tau5_joint_refinement/WT/backcalc/pool_2/conformer_183/model.pdb,32.95850475180875,0.002,0.0012243169028189975,0.0006855716208753761,0.0003053694659210198,6.724380412414191e-05,1.2743996090213465e-06,1.1141317405439191e-08,6.390754860474536e-10,0.0019421314887364861,0.00034112352394487754
outputs/Tau5_joint_refinement/WT/pool_2/conformer_184.pdb,outputs/Tau5_joint_refinement/WT/backcalc/pool_2/conformer_184/model.pdb,32.83164201074108,0.002,0.0006962276050096715,0.0002863401790447345,0.00010279572064775461,1.7468906032064413e-05,2.492611574824691e-07,2.4169512929521644e-09,1.395605657346386e-10,0.0022358180529651714,0.00010034293518788939
outputs/Tau5_joint_refinement/WT/pool_2/conformer_185.pdb,outputs/Tau5_joint_refinement/WT/backcalc/pool_2/conformer_185/model.pdb,23.821507292217984,0.002,0.0028023199292262655,0.001750973095827012,0.0008003659350586694,0.00015710766716425814,2.5551334306731564e-06,1.9278389861245578e-08,1.0973482373205274e-09,0.0019547684132233305,0.0008085589469828099
outputs/Tau5_joint_refinement/WT/pool_2/conformer_186.pdb,outputs/Tau5_joint_refinement/WT/backcalc/pool_2/conformer_186/model.pdb,39.96655038530919,0.002,0.002172282349594443,0.001991726270206229,0.0014099008407031236,0.0005274016527641126,3.3509742250835306e-05,9.361123891138907e-08,5.149429707882631e-09,0.0019675244285041384,0.0014296982346615325
outputs/Tau5_joint_refinement/WT/pool_2/conformer_187.pdb,outputs/Tau5_joint_refinement/WT/backcalc/pool_2/conformer_187/model.pdb,32.46656083021336,0.002,0.002264046548837804,0.00202075310432866,0.001555780311864734,0.0007921554667055974,0.0001122848666451221,2.0057195447298462e-07,1.0804968680338676e-08,0.001906300667608211,0.001656127779891357
outputs/Tau5_joint_refinement/WT/pool_2/conformer_188.pdb,outputs/Tau5_joint_refinement/WT/backcalc/pool_2/conformer_188/model.pdb,30.550069226077458,0.002,0.0008859672357290088,0.0004534443400996309,0.00022121215056415385,6.700955580027127e-05,3.918418716940649e-06,2.9567041452707174e-08,1.6809782186677562e-09,0.002137175851896417,0.00022516072227777534
outputs/Tau5_joint_refinement/WT/pool_2/conformer_189.pdb,outputs/Tau5_joint_refinement/WT/backcalc/pool_2/conformer_189/model.pdb,22.10121391714152,0.002,0.0026510441687152405,0.0014061706255231463,0.0005758324633960318,0.00015385956105984505,5.897845502839065e-06,3.683614654019529e-08,2.078337133030717e-09,0.0023531279815465047,0.000488375511528117
outputs/Tau5_joint_refinement/WT/pool_2/conformer_19.pdb,outputs/Tau5_joint_refinement/WT/backcalc/pool_2/conformer_19/model.pdb,27.8767082300848,0.002,0.0015937301209631635,0.0009983857028331702,0.0005501788812108591,0.000152370551133094,4.649797302926088e-06,3.057751047749163e-08,1.7290450432532327e-09,0.0017431953444098868,0.0006158700875768694
outputs/Tau5_joint_refinement/WT/pool_2/conformer_190.pdb,outputs/Tau5_joint_refinement/WT/backcalc/pool_2/conformer_190/model.pdb,25.893108368087596,0.002,0.0014110749156976605,0.0007015628604165764,0.0002996874646960284,6.135899918416799e-05,5.455884188904891e-07,5.072362935154733e-09,2.9209187173483755e-10,0.0021090879385098804,0.00031053861152144255
outputs/Tau5_joint_refinement/WT/pool_2/conformer_191.pdb,outputs/Tau5_joint_refinement/WT/backcalc/pool_2/conformer_191/model.pdb,43.89322869021517,0.002,0.001347534223348046,0.0007434969865137853,0.00025723688051699643,3.100599982263761e-05,2.7571902033290775e-07,2.6603455646374647e-09,1.5356536545711024e-10,0.0020123573647831826,0.0002543864301244689
outputs/Tau5_joint_refinement/WT/pool_2/conformer_192.pdb,outputs/Tau5_joint_refinement/WT/backcalc/pool_2/conformer_192/model.pdb,26.654907860897147,0.002,0.0007064699088529476,0.0002289407720344244,5.968477858296047e-05,5.811674463285578e-06,8.578682681541582e-08,8.447730641014963e-10,4.88348959427552e-11,0.0017404084660214828,7.070230216761684e-05
outputs/Tau5_joint_refinement/WT/pool_2/conformer_193.pdb,outputs/Tau5_joint_refinement/WT/backcalc/pool_2/conformer_193/model.pdb,35.348786897050026,0.002,0.0016328848344545539,0.0013135361268407392,0.0008521889088160644,0.0002685701081853926,1.108897805049662e-05,5.594504527953853e-08,3.1296581110410893e-09,0.0016742398696158963,0.0010285977355468283
outputs/Tau5_joint_refinement/WT/pool_2/conformer_194.pdb,outputs/Tau5_joint_refinement/WT/backcalc/pool_2/conformer_194/model.pdb,22.64171451807758,0.002,0.0026011691845895745,0.0016278839187094558,0.0008210608208221325,0.0002414555986298296,1.0259532037939222e-05,5.291762966637858e-08,2.9608695086602805e-09,0.0016939189302473032,0.0009204156178591216
outputs/Tau5_joint_refinement/WT/pool_2/conformer_195.pdb,outputs/Tau5_joint_refinement/WT/backcalc/pool_2/conformer_195/model.pdb,29.67020960725309,0.002,0.0008308085228627556,0.0005054125744911451,0.0003633145049929813,0.00018147988575228848,1.3587586104306344e-05,6.447793469549203e-08,3.5935321418046783e-09,0.0019657511975454604,0.00038533787177551503
outputs/Tau5_joint_refinement/WT/pool_2/conformer_196.pdb,outputs/Tau5_joint_refinement/WT/backcalc/pool_2/conformer_196/model.pdb,42.47990575644102,0.002,0.0013228339407959052,0.000848156554517859,0.0003575849939545084,4.770931987195226e-05,2.755542259499556e-07,2.646335469655952e-09,1.5271668182172423e-10,0.0018905067310628278,0.0003945599339412149
outputs/Tau5_joint_refinement/WT/pool_2/conformer_197.pdb,outputs/Tau5_joint_refinement/WT/backcalc/pool_2/conformer_197/model.pdb,33.00637681866798,0.002,0.0017039833634104385,0.0012340181329541268,0.0007517701147239845,0.0002957831674266304,3.159834631808674e-05,1.1422792205874765e-07,6.28948096007359e-09,0.0021113515397873156,0.0006921752026507371
outputs/Tau5_joint_refinement/WT/pool_2/conformer_198.pdb,outputs/Tau5_joint_refinement/WT/backcalc/pool_2/conformer_198/model.pdb,34.446389284291186,0.002,0.0017258639792542931,0.0011651880336182672,0.0006478040852459653,0.0002828759617376601,4.103425926536343e-05,1.474675110484304e-07,8.084066117126696e-09,0.00250394439001416,0.0005718137983601043
outputs/Tau5_joint_refinement/WT/pool_2/conformer_199.pdb,outputs/Tau5_joint_refinement/WT/backcalc/pool_2/conformer_199/model.pdb,28.17578485072924,0.002,0.00035563752581808787,7.366621085566833e-05,1.2456188998128561e-05,6.948941247333605e-07,2.215517518487594e-08,2.2039949935261739e-10,1.274939455068386e-11,0.0023298106026087184,1.2935006627793045e-05
outputs/Tau5_joint_refinement/WT/pool_2/conformer_2.pdb,outputs/Tau5_joint_refinement/WT/backcalc/pool_2/conformer_2/model.pdb,34.851923584030246,0.002,0.0007915359647215541,0.00035684691141027686,0.00012006780514305944,1.2539001109954203e-05,1.1330630549969775e-07,1.1112334415605758e-09,6.422081300873864e-11,0.0020146826424477446,0.00013310563032971145
outputs/Tau5_joint_refinement/WT/pool_2/conformer_20.pdb,outputs/Tau5_joint_refinement/WT/backcalc/pool_2/conformer_20/model.pdb,25.584871637777038,0.002,0.0012888975036207857,0.0008003076591702277,0.000558267660062842,0.00031141315245145534,4.481106845093311e-05,1.3766002506032083e-07,7.53152979231388e-09,0.0022666601572181,0.000486324767921395
outputs/Tau5_joint_refinement/WT/pool_2/conformer_200.pdb,outputs/Tau5_joint_refinement/WT/backcalc/pool_2/conformer_200/model.pdb,36.877118954877055,0.002,0.0008029857764855106,0.0003476920049806637,0.00010657223406381744,8.55534883030424e-06,7.875272647523528e-08,7.750079215058007e-10,4.480092874352071e-11,0.0018657909816332282,0.0001221416464783828
outputs/Tau5_joint_refinement/WT/pool_2/conformer_201.pdb,outputs/Tau5_joint_refinement/WT/backcalc/pool_2/conformer_201/model.pdb,39.74897108531553,0.002,0.002540790793879765,0.0027895560843497896,0.0024251975751925863,0.0008743077112622673,3.106101401392804e-05,7.751039323973047e-08,4.26865540107836e-09,0.0015772669313693802,0.003073641019843607
outputs/Tau5_joint_refinement/WT/pool_2/conformer_202.pdb,outputs/Tau5_joint_refinement/WT/backcalc/pool_2/conformer_202/model.pdb,50.44489082810856,0.002,0.002072309472598205,0.002008362478447608,0.0014946587898976296,0.0006874061443332449,0.00010881218397019925,2.3858710159098223e-07,1.27996367885618e-08,0.0017328771065457467,0.001661141550305973
outputs/Tau5_joint_refinement/WT/pool_2/conformer_203.pdb,outputs/Tau5_joint_refinement/WT/backcalc/pool_2/conformer_203/model.pdb,31.80615387346449,0.002,0.0005696228762353114,0.0001726809609197465,3.567122998455892e-05,1.3779733411247687e-06,3.1629858259939344e-08,3.1358319003287925e-10,1.8136268661239243e-11,0.001980574613108286,4.219296409849875e-05
outputs/Tau5_joint_refinement/WT/pool_2/conformer_204.pdb,outputs/Tau5_joint_refinement/WT/backcalc/pool_2/conformer_204/model.pdb,35.60623012343759,0.002,0.007289793302288069,0.014513083164702187,0.022405991407645764,0.028558311126774226,0.03157159043532848,0.032204175394834986,0.03161136456719068,0.002010169394186334,0.02298994634857583
outputs/Tau5_joint_refinement/WT/pool_2/conformer_205.pdb,outputs/Tau5_joint_refinement/WT/backcalc/pool_2/conformer_205/model.pdb,29.104955852142073,0.002,0.0021612745939738084,0.00208967882329031,0.0021931218693200197,0.0018903413685963752,0.0005175905580563034,6.375645787363331e-07,3.1681525070008315e-08,0.002153097531834497,0.0020065419061947904
outputs/Tau5_joint_refinement/WT/pool_2/conformer_206.pdb,outputs/Tau5_joint_refinement/WT/backcalc/pool_2/conformer_206/model.pdb,39.98879037829435,0.002,0.0009803424394732392,0.0006175234464629475,0.0003080408532410328,7.033556279478019e-05,1.5857743053783442e-06,1.343600045094327e-08,7.691322808662628e-10,0.0022054678120570683,0.00028631109704674236
outputs/Tau5_joint_refinement/WT/pool_2/conformer_207.pdb,outputs/Tau5_joint_refinement/WT/backcalc/pool_2/conformer_207/model.pdb,20.503314729429185,0.002,0.021685327390243203,0.04340854651574819,0.05905028195701782,0.06568160196163056,0.06563132978521836,0.06551712461603022,0.06559082096802533,0.002157459772229935,0.05926216530372433
outputs/Tau5_joint_refinement/WT/pool_2/conformer_208.pdb,outputs/Tau5_joint_refinement/WT/backcalc/pool_2/conformer_208/model.pdb,33.45685339832297,0.002,0.001407989477553628,0.0008853252254693555,0.0004803564871756201,0.00016217513583736807,8.309929091488595e-06,4.8948103241036194e-08,2.7515099415172696e-09,0.0021197833933256807,0.00046050127159152465
outputs/Tau5_joint_refinement/WT/pool_2/conformer_209.pdb,outputs/Tau5_joint_refinement/WT/backcalc/pool_2/conformer_209/model.pdb,23.786166844098226,0.002,0.001238073856549914,0.00042677495752762695,9.837652903794212e-05,6.193270962839079e-06,6.497462150918443e-08,6.405183487931471e-10,3.703133051426459e-11,0.0017588004027107946,0.00012272799618255433
outputs/Tau5_joint_refinement/WT/pool_2/conformer_21.pdb,outputs/Tau5_joint_refinement/WT/backcalc/pool_2/conformer_21/model.pdb,26.745251233596488,0.002,0.0011749663893486787,0.0005969888966193667,0.00027973392001803783,6.940611065907985e-05,1.7201387078373822e-06,1.4466912644278968e-08,8.278987670622672e-10,0.0021727367684745195,0.00027888100349129853
outputs/Tau5_joint_refinement/WT/pool_2/conformer_210.pdb,outputs/Tau5_joint_refinement/WT/backcalc/pool_2/conformer_210/model.pdb,26.321024020726338,0.002,0.004228427523717703,0.007148633612245009,0.015540184936168254,0.03751196505190478,0.057042801132233235,0.0647014736143653,0.06636396371962983,0.001999273206485999,0.014584869984520884
outputs/Tau5_joint_refinement/WT/pool_2/conformer_211.pdb,outputs/Tau5_joint_refinement/WT/backcalc/pool_2/conformer_211/model.pdb,40.63841143376718,0.002,0.0020303271955312103,0.0017854621162061665,0.0011366406427454792,0.00028413214272010877,6.4095465182084385e-06,3.7108508357099714e-08,2.0874944746782507e-09,0.0017235309369835552,0.0013044582889725166
outputs/Tau5_joint_refinement/WT/pool_2/conformer_212.pdb,outputs/Tau5_joint_refinement/WT/backcalc/pool_2/conformer_212/model.pdb,28.088528232652703,0.002,0.001395641534642177,0.0007699706568119412,0.00037968829938636535,0.00010330825955177903,3.5231145375870484e-06,2.540283782114046e-08,1.442228430083948e-09,0.002265663640731525,0.00034881052590900516
outputs/Tau5_joint_refinement/WT/pool_2/conformer_213.pdb,outputs/Tau5_joint_refinement/WT/backcalc/pool_2/conformer_213/model.pdb,30.667070676291416,0.002,0.0008206831865429591,0.0003638496103456195,0.0001562768333876379,4.533088627213331e-05,1.4448410924238878e-06,1.2626025892286996e-08,7.241121479811961e-10,0.0027223801454434606,0.00013468122262556647
outputs/Tau5_joint_refinement/WT/pool_2/conformer_214.pdb,outputs/Tau5_joint_refinement/WT/backcalc/pool_2/conformer_214/model.pdb,36.856579984702186,0.002,0.0032798746852735253,0.0043341060033080785,0.005379159494259051,0.006324247646803894,0.006579008101564479,0.003607848430742492,0.0004274111583874545,0.002262865946752882,0.004381186564685741
outputs/Tau5_joint_refinement/WT/pool_2/conformer_215.pdb,outputs/Tau5_joint_refinement/WT/backcalc/pool_2/conformer_215/model.pdb,33.32146731016971,0.002,0.005086319526690402,0.008791602932938871,0.013727499089842578,0.017308184384472163,0.015786946648369948,0.010856262161970434,0.0069227248458275294,0.0017850491357830564,0.014420937618122456
outputs/Tau5_joint_refinement/WT/pool_2/conformer_216.pdb,outputs/Tau5_joint_refinement/WT/backcalc/pool_2/conformer_216/model.pdb,33.24947265426739,0.002,0.0014971571570561017,0.000977021263139268,0.0004974112070269673,0.00010732041733881831,1.3703863056466226e-06,1.1682825665982492e-08,6.692914006921501e-10,0.0017964831365608251,0.0005682406005838054
outputs/Tau5_joint_refinement/WT/pool_2/conformer_217.pdb,outputs/Tau5_joint_refinement/WT/backcalc/pool_2/conformer_217/model.pdb,39.02948527188469,0.002,0.0012474817168595695,0.0008908148952121189,0.000553578179594464,0.00016826693185182943,5.948815277969686e-06,3.741002071038423e-08,2.110031033416933e-09,0.002149108403587984,0.0005422774415719628
outputs/Tau5_joint_refinement/WT/pool_2/conformer_218.pdb,outputs/Tau5_joint_refinement/WT/backcalc/pool_2/conformer_218/model.pdb,28.53601866981861,0.002,0.0005247591929464976,0.00014359021723509525,2.8710545051816775e-05,1.1422266341535337e-06,2.8044908953047863e-08,2.7825891187798695e-10,1.609407709536219e-11,0.0017495308346279642,3.6020138116642984e-05
outputs/Tau5_joint_refinement/WT/pool_2/conformer_219.pdb,outputs/Tau5_joint_refinement/WT/backcalc/pool_2/conformer_219/model.pdb,31.43745603617315,0.002,0.0029245844709254324,0.003536929584891862,0.004173285706862185,0.0038271429240348417,0.0014567691515629695,1.4845710137445927e-05,1.9081990151979066e-07,0.0017244823705436832,0.004802745728349405
outputs/Tau5_joint_refinement/WT/pool_2/conformer_22.pdb,outputs/Tau5_joint_refinement/WT/backcalc/pool_2/conformer_22/model.pdb,24.227021508576204,0.002,0.003105225219770179,0.002291922790383643,0.0013554289101556985,0.0004693347414630361,2.7567374173768872e-05,8.73604381297205e-08,4.81952496251766e-09,0.0021032068656849853,0.0012799148715505785
outputs/Tau5_joint_refinement/WT/pool_2/conformer_220.pdb,outputs/Tau5_joint_refinement/WT/backcalc/pool_2/conformer_220/model.pdb,35.42060916034913,0.002,0.0029210818771976785,0.0028365490819050776,0.001978097673702126,0.0007471485637142165,5.8662906406759485e-05,1.2257837775865776e-07,6.690602329491824e-09,0.0019168261903739674,0.002035475109788416
outputs/Tau5_joint_refinement/WT/pool_2/conformer_221.pdb,outputs/Tau5_joint_refinement/WT/backcalc/pool_2/conformer_221/model.pdb,30.79298667547373,0.002,0.0015284474351933237,0.0009295728040699034,0.0005306206135803055,0.00029803163365317857,0.0001002872424001184,3.796304543227081e-07,2.0057025845485183e-08,0.0027719178212716454,0.00038271240720712013
outputs/Tau5_joint_refinement/WT/pool_2/conformer_222.pdb,outputs/Tau5_joint_refinement/WT/backcalc/pool_2/conformer_222/model.pdb,45.554155030705246,0.002,0.002402788426374613,0.002330134791468055,0.0013764077110347695,0.00028642518899724123,6.478442804655142e-06,3.8911966826756296e-08,2.1909496995936923e-09,0.0017831225540178447,0.0015668928808515025
outputs/Tau5_joint_refinement/WT/pool_2/conformer_223.pdb,outputs/Tau5_joint_refinement/WT/backcalc/pool_2/conformer_223/model.pdb,35.92802032184842,0.002,0.0012280447204404442,0.0010522961624797268,0.0009345834963797887,0.0007447717787215965,0.00045960385255101416,6.296409858747518e-05,7.903386609201403e-07,0.0018598037877133374,0.0009793775908527778
outputs/Tau5_joint_refinement/WT/pool_2/conformer_224.pdb,outputs/Tau5_joint_refinement/WT/backcalc/pool_2/conformer_224/model.pdb,38.64601314582427,0.002,0.0027592495474601684,0.0035639354913233156,0.003812004046501243,0.002550559355707694,0.0007341041764716177,2.213966664023255e-06,8.825480791251718e-08,0.0017033442589694191,0.0042560866169131534
outputs/Tau5_joint_refinement/WT/pool_2/conformer_225.pdb,outputs/Tau5_joint_refinement/WT/backcalc/pool_2/conformer_225/model.pdb,27.88504216730719,0.002,0.0009574423897299711,0.0004241474798895247,0.0001575995378050105,2.0815445598723708e-05,1.5652521580550599e-07,1.526636240479546e-09,8.819345483929821e-11,0.0019525264554069873,0.00017242561326458587
outputs/Tau5_joint_refinement/WT/pool_2/conformer_226.pdb,outputs/Tau5_joint_refinement/WT/backcalc/pool_2/conformer_226/model.pdb,37.76106103050579,0.002,0.001896075079293325,0.0014595434751950335,0.0007773692035631906,0.00016706194252980567,3.969535430171898e-06,2.734560219114201e-08,1.5495530169196982e-09,0.0017554950705548885,0.0009179202191608372
outputs/Tau5_joint_refinement/WT/pool_2/conformer_227.pdb,outputs/Tau5_joint_refinement/WT/backcalc/pool_2/conformer_227/model.pdb,39.16279941396076,0.002,0.0012342921039823335,0.0007011243259688463,0.00026048405410661514,2.926935712772317e-05,1.971642775732783e-07,1.9157031467074283e-09,1.1063853467415199e-10,0.0020567788445338057,0.0002591231558139204
outputs/Tau5_joint_refinement/WT/pool_2/conformer_228.pdb,outputs/Tau5_joint_refinement/WT/backcalc/pool_2/conformer_228/model.pdb,23.607158929640512,0.002,0.00804949931601201,0.009715014114569001,0.008396778810910346,0.00487347678672562,0.000996722875221665,7.826435411318156e-07,3.771673320567378e-08,0.0017692139744560833,0.009044494417555912
outputs/Tau5_joint_refinement/WT/pool_2/conformer_229.pdb,outputs/Tau5_joint_refinement/WT/backcalc/pool_2/conformer_229/model.pdb,38.2852116106696,0.002,0.0010449882382655095,0.0006521789562786759,0.0003417172727216308,7.249095194446655e-05,6.94070036989173e-07,6.348762063481317e-09,3.6522385545995633e-10,0.0020185737724446678,0.00035686040520939297
outputs/Tau5_joint_refinement/WT/pool_2/conformer_23.pdb,outputs/Tau5_joint_refinement/WT/backcalc/pool_2/conformer_23/model.pdb,22.183318445886254,0.002,0.0028397450646501,0.0011993591401734537,0.00028725454410496526,2.4912710881394282e-05,1.531682134330128e-07,1.4936311918173868e-09,8.62870728140899e-11,0.0019524339394524437,0.0002964040781700348
outputs/Tau5_joint_refinement/WT/pool_2/conformer_230.pdb,outputs/Tau5_joint_refinement/WT/backcalc/pool_2/conformer_230/model.pdb,22.72060537306023,0.002,0.0022847180318171264,0.0010701323562212629,0.0003270020546874233,3.521704932962021e-05,1.9524930538576892e-07,1.893245237574462e-09,1.093307649332163e-10,0.001744540462160104,0.00037611216039792254
outputs/Tau5_joint_refinement/WT/pool_2/conformer_231.pdb,outputs/Tau5_joint_refinement/WT/backcalc/pool_2/conformer_231/model.pdb,38.15376766935454,0.002,0.0016257703111850162,0.0012627713773149102,0.0007728718499771088,0.0002645084886418737,1.6644544308597776e-05,7.273471586434125e-08,4.0416659270183775e-09,0.0019000026838151736,0.0008067038855721969
outputs/Tau5_joint_refinement/WT/pool_2/conformer_232.pdb,outputs/Tau5_joint_refinement/WT/backcalc/pool_2/conformer_232/model.pdb,29.566015609037,0.002,0.0008289123005942425,0.00035753942153163835,0.000128806239843097,1.6781043662413373e-05,1.4693782398394935e-07,1.4354900829362996e-09,8.293739811148204e-11,0.0017533313723702307,0.00015199655446566378
outputs/Tau5_joint_refinement/WT/pool_2/conformer_233.pdb,outputs/Tau5_joint_refinement/WT/backcalc/pool_2/conformer_233/model.pdb,33.39687696262224,0.002,0.0012307579732356894,0.0009657947484699947,0.0008176233261596822,0.0005549046561293317,0.00013221428972792887,3.27503600197129e-07,1.735821871484985e-08,0.0020563494706536357,0.000805921588373207
outputs/Tau5_joint_refinement/WT/pool_2/conformer_234.pdb,outputs/Tau5_joint_refinement/WT/backcalc/pool_2/conformer_234/model.pdb,39.24076975532839,0.002,0.0012153226696526168,0.000727131878957731,0.0003102125941073415,4.903502809845225e-05,4.4016723022482103e-07,4.159682803321534e-09,2.3977880509878586e-10,0.0020567948883299923,0.0003294490828568155
outputs/Tau5_joint_refinement/WT/pool_2/conformer_235.pdb,outputs/Tau5_joint_refinement/WT/backcalc/pool_2/conformer_235/model.pdb,25.57753412218073,0.002,0.0011521610252220756,0.0006279796451384905,0.00035486014694257755,0.00011139267252683661,2.9663150687820468e-06,2.188727228917699e-08,1.2445712778812342e-09,0.0020788339053349272,0.00036000920786544616
outputs/Tau5_joint_refinement/WT/pool_2/conformer_236.pdb,outputs/Tau5_joint_refinement/WT/backcalc/pool_2/conformer_236/model.pdb,26.180810739775502,0.002,0.0012804965954783573,0.0007051463626051397,0.0003755540575255645,0.00012473576283582937,6.1391122796331745e-06,3.96739193432667e-08,2.2390732433337403e-09,0.0021031830227417106,0.0003753392209185199
outputs/Tau5_joint_refinement/WT/pool_2/conformer_237.pdb,outputs/Tau5_joint_refinement/WT/backcalc/pool_2/conformer_237/model.pdb,46.884110026159185,0.002,0.0017955459087067001,0.0014905360121817341,0.0008990718246067553,0.0002559873480953006,1.3913010437998043e-05,6.734558323087692e-08,3.754594403293001e-09,0.0018749569819040111,0.0009360645513672933
outputs/Tau5_joint_refinement/WT/pool_2/conformer_238.pdb,outputs/Tau5_joint_refinement/WT/backcalc/pool_2/conformer_238/model.pdb,25.701399162424018,0.002,0.006866158357827643,0.009183115024370924,0.0098168413676105,0.007463086283445615,0.0025313479311076027,3.0021572364063476e-05,2.1891009259241612e-07,0.001757110995481084,0.010533298885753117
outputs/Tau5_joint_refinement/WT/pool_2/conformer_239.pdb,outputs/Tau5_joint_refinement/WT/backcalc/pool_2/conformer_239/model.pdb,36.37586000996517,0.002,0.0011345740066299023,0.0006425684282041427,0.00027791378278156734,5.320603526797294e-05,6.312460324956683e-07,5.849933406745842e-09,3.3676885020361667e-10,0.0019536256166980503,0.0002900085618561717
outputs/Tau5_joint_refinement/WT/pool_2/conformer_24.pdb,outputs/Tau5_joint_refinement/WT/backcalc/pool_2/conformer_24/model.pdb,40.372565704842266,0.002,0.0021643011719198815,0.002130236632667269,0.0016174295366481969,0.0006168359256845093,3.534430148511736e-05,9.254117930421397e-08,5.085857390942461e-09,0.0019173506710185291,0.0016783052120664462
outputs/Tau5_joint_refinement/WT/pool_2/conformer_240.pdb,outputs/Tau5_joint_refinement/WT/backcalc/pool_2/conformer_240/model.pdb,54.760356925047624,0.002,0.0018890547668979276,0.001955487739865748,0.0017648469068357216,0.0011775802147461008,0.0002760132988903833,4.2820064475586265e-07,2.2153970414849574e-08,0.002310335442073643,0.0015983459007490764
outputs/Tau5_joint_refinement/WT/pool_2/conformer_241.pdb,outputs/Tau5_joint_refinement/WT/backcalc/pool_2/conformer_241/model.pdb,54.27960784316627,0.002,0.0022696587165040093,0.002418478767492076,0.0019664708106519966,0.000782849752684861,6.121507013984858e-05,1.330281811378944e-07,7.255221790362531e-09,0.0017832231154225296,0.002146554092712867
outputs/Tau5_joint_refinement/WT/pool_2/conformer_242.pdb,outputs/Tau5_joint_refinement/WT/backcalc/pool_2/conformer_242/model.pdb,36.64441288607878,0.002,0.0006415863194295672,0.00027948691321790094,9.214911342343697e-05,9.338388357949866e-06,9.62005637975924e-08,9.454742476523514e-10,5.4650044366265254e-11,0.0016033663523857286,0.0001203750328058282
outputs/Tau5_joint_refinement/WT/pool_2/conformer_243.pdb,outputs/Tau5_joint_refinement/WT/backcalc/pool_2/conformer_243/model.pdb,38.06646514853531,0.002,0.0009456545268814308,0.0003991610025796482,0.00010070711712033186,5.3029955037154915e-06,5.432002943388328e-08,5.358901815357068e-10,3.0983903953875735e-11,0.0018171519468361203,0.00011884219297330807
outputs/Tau5_joint_refinement/WT/pool_2/conformer_244.pdb,outputs/Tau5_joint_refinement/WT/backcalc/pool_2/conformer_244/model.pdb,31.326644035719728,0.002,0.001073957161202157,0.0004655371669234323,0.00014515463354235008,1.4861682984916787e-05,1.0176285124332198e-07,9.977145940221494e-10,5.766015237362903e-11,0.0018264366050705053,0.00018366654789637895
outputs/Tau5_joint_refinement/WT/pool_2/conformer_245.pdb,outputs/Tau5_joint_refinement/WT/backcalc/pool_2/conformer_245/model.pdb,31.40206227479225,0.002,0.0008116995309821712,0.0003231426705045856,9.919800544245867e-05,8.948440832441248e-06,8.658529431482798e-08,8.514392123010864e-10,4.921679491509872e-11,0.0017998327934525403,0.00011916893617455416
outputs/Tau5_joint_refinement/WT/pool_2/conformer_246.pdb,outputs/Tau5_joint_refinement/WT/backcalc/pool_2/conformer_246/model.pdb,28.401174421319418,0.002,0.003050641801119219,0.0030067906883526774,0.0026981275763805898,0.0019485673935956023,0.000554300530874625,8.975952871112126e-07,4.2916389781514545e-08,0.0018968417376146152,0.002851397946859559
outputs/Tau5_joint_refinement/WT/pool_2/conformer_247.pdb,outputs/Tau5_joint_refinement/WT/backcalc/pool_2/conformer_247/model.pdb,36.30845624218926,0.002,0.0021183743757882257,0.0019600207654900427,0.0016268955390240248,0.0010631428717672268,0.0003185149226810438,8.055259668365095e-07,3.951527028146285e-08,0.00213552443327592,0.0015156591138431206
outputs/Tau5_joint_refinement/WT/pool_2/conformer_248.pdb,outputs/Tau5_joint_refinement/WT/backcalc/pool_2/conformer_248/model.pdb,53.14337947526824,0.002,0.0016779479074537282,0.0014536280746982677,0.0009449937736041404,0.00028582285417006565,1.3544875721950016e-05,6.296315068008068e-08,3.50921334110408e-09,0.002037972017155908,0.000945949986826008
outputs/Tau5_joint_refinement/WT/pool_2/conformer_249.pdb,outputs/Tau5_joint_refinement/WT/backcalc/pool_2/conformer_249/model.pdb,25.905089175326097,0.002,0.004935270826774995,0.005856593267474115,0.006504861774260367,0.007932870512590933,0.010160949394027103,0.011536035955757421,0.0115892549212229,0.0018928837112082296,0.005960490549420122
outputs/Tau5_joint_refinement/WT/pool_2/conformer_25.pdb,outputs/Tau5_joint_refinement/WT/backcalc/pool_2/conformer_25/model.pdb,31.690145588360092,0.002,0.005805064100860043,0.007550487423355769,0.007881278752356509,0.006550604875769905,0.003738060153699063,0.0004242999549634475,8.857787568441327e-07,0.002175695877968665,0.006608014614562296
outputs/Tau5_joint_refinement/WT/pool_2/conformer_250.pdb,outputs/Tau5_joint_refinement/WT/backcalc/pool_2/conformer_250/model.pdb,26.316891475526756,0.002,0.000803570464249523,0.0003406647942225036,0.00015069625371524212,4.117334765634802e-05,8.805883913875665e-07,8.003505067549226e-09,4.6014742924614366e-10,0.002101187029979596,0.00014670397987075274
outputs/Tau5_joint_refinement/WT/pool_2/conformer_26.pdb,outputs/Tau5_joint_refinement/WT/backcalc/pool_2/conformer_26/model.pdb,29.61383089894634,0.002,0.004075489859767856,0.004906501393849538,0.005084336328057287,0.003994266154718365,0.0019384280342104527,0.0001471159464667627,5.722413208298416e-07,0.002050331932135074,0.005157021707595267
outputs/Tau5_joint_refinement/WT/pool_2/conformer_27.pdb,outputs/Tau5_joint_refinement/WT/backcalc/pool_2/conformer_27/model.pdb,54.30176404758042,0.002,0.002613058990035053,0.0031731273806473296,0.0030782480017948026,0.0017930504553606414,0.0003135578306889934,3.906493974938916e-07,2.0253414732061128e-08,0.001708519573480881,0.003428674864801534
outputs/Tau5_joint_refinement/WT/pool_2/conformer_28.pdb,outputs/Tau5_joint_refinement/WT/backcalc/pool_2/conformer_28/model.pdb,38.9482159253681,0.002,0.0011399594295234022,0.0006056808386318105,0.000222243748441089,3.4009445240946236e-05,3.355785616650469e-07,3.212116418341866e-09,1.8531574782746973e-10,0.0022640034168266866,0.0002171807618497288
outputs/Tau5_joint_refinement/WT/pool_2/conformer_29.pdb,outputs/Tau5_joint_refinement/WT/backcalc/pool_2/conformer_29/model.pdb,32.233362463442326,0.002,0.0009421777192092373,0.00047097594473971403,0.00021634300194217377,6.248955334103935e-05,2.471465260157472e-06,1.9770431512867686e-08,1.1281265378750448e-09,0.0027461692411850655,0.00017220175877215662
outputs/Tau5_joint_refinement/WT/pool_2/conformer_3.pdb,outputs/Tau5_joint_refinement/WT/backcalc/pool_2/conformer_3/model.pdb,33.17363217405316,0.002,0.002202374567233027,0.0020844925474475316,0.0016910258443594145,0.0007364151921783415,7.037927686177974e-05,1.5537055713319297e-07,8.451943257732128e-09,0.0015903731515700761,0.0020436241052134018
outputs/Tau5_joint_refinement/WT/pool_2/conformer_30.pdb,outputs/Tau5_joint_refinement/WT/backcalc/pool_2/conformer_30/model.pdb,40.45262041981696,0.002,0.0029344762244809873,0.004077281640198813,0.005148666430295063,0.0048103527012557205,0.0022586821297669118,6.838867924711588e-05,2.8748917490654645e-07,0.0019737179537776973,0.005057934987395049
outputs/Tau5_joint_refinement/WT/pool_2/conformer_31.pdb,outputs/Tau5_joint_refinement/WT/backcalc/pool_2/conformer_31/model.pdb,40.008386075266394,0.002,0.0014698405018244152,0.0010068742029170712,0.00046789594880406165,7.476208026404525e-05,6.597659926995462e-07,6.089464914339876e-09,3.504850411338597e-10,0.0018075353307731678,0.0005228266119076247
outputs/Tau5_joint_refinement/WT/pool_2/conformer_32.pdb,outputs/Tau5_joint_refinement/WT/backcalc/pool_2/conformer_32/model.pdb,25.16369574413096,0.002,0.0009861663165168972,0.00041282307673363956,0.00016025237207954607,3.3252054394764164e-05,4.742861673178593e-07,4.4783535639833136e-09,2.5812664703222675e-10,0.0020176450598197297,0.0001600237071121487
outputs/Tau5_joint_refinement/WT/pool_2/conformer_33.pdb,outputs/Tau5_joint_refinement/WT/backcalc/pool_2/conformer_33/model.pdb,24.575672804673346,0.002,0.003257793696608547,0.0033039008067919213,0.003378038850537502,0.00293434700241018,0.001015883677182441,2.0527669807568635e-06,8.09220072818809e-08,0.0021125750325344827,0.002945172275535377
outputs/Tau5_joint_refinement/WT/pool_2/conformer_34.pdb,outputs/Tau5_joint_refinement/WT/backcalc/pool_2/conformer_34/model.pdb,36.899698952597994,0.002,0.0014437846137845447,0.0011478085224865878,0.0008168943104619521,0.00035708858070787695,3.615623107865254e-05,1.1612412718037139e-07,6.370785630897277e-09,0.0019363617289315763,0.0007997530244080641
outputs/Tau5_joint_refinement/WT/pool_2/conformer_35.pdb,outputs/Tau5_joint_refinement/WT/backcalc/pool_2/conformer_35/model.pdb,36.09682577475746,0.002,0.0005944050419048195,0.00029072788930706875,0.00012970674233639864,2.2425304054976004e-05,2.0745200572220127e-07,2.014667922111013e-09,1.1635126243788685e-10,0.0019475963438292218,0.0001427784584194401
outputs/Tau5_joint_refinement/WT/pool_2/conformer_36.pdb,outputs/Tau5_joint_refinement/WT/backcalc/pool_2/conformer_36/model.pdb,33.43825616485181,0.002,0.0018274465685959836,0.0017318758386489653,0.0015758815333624453,0.0008675278302816708,8.987233752764453e-05,1.6162603475653135e-07,8.76847910031728e-09,0.0019673398010301496,0.0017201190824712056
outputs/Tau5_joint_refinement/WT/pool_2/conformer_37.pdb,outputs/Tau5_joint_refinement/WT/backcalc/pool_2/conformer_37/model.pdb,34.86652578111076,0.002,0.0030224375046756595,0.0031527694895288885,0.00254577308315615,0.0013752002605005372,0.0002328333659637513,2.9467474445337775e-07,1.556749497948464e-08,0.0023639713303722394,0.002245810430466519
outputs/Tau5_joint_refinement/WT/pool_2/conformer_38.pdb,outputs/Tau5_joint_refinement/WT/backcalc/pool_2/conformer_38/model.pdb,38.06372519965878,0.002,0.0030971021890168686,0.003931933762224213,0.004569162659042135,0.006336629205949157,0.011317180502269935,0.01654325764670842,0.018414931047237845,0.00227195712297974,0.003804956052010724
outputs/Tau5_joint_refinement/WT/pool_2/conformer_39.pdb,outputs/Tau5_joint_refinement/WT/backcalc/pool_2/conformer_39/model.pdb,28.709186089761022,0.002,0.000585783840388283,0.00025597934942753246,0.00011399473755178624,1.8541094171498007e-05,1.5236533813262433e-07,1.4863610119236281e-09,8.586855250719403e-11,0.0017822876068968633,0.0001363942062263419
outputs/Tau5_joint_refinement/WT/pool_2/conformer_4.pdb,outputs/Tau5_joint_refinement/WT/backcalc/pool_2/conformer_4/model.pdb,44.037053224091395,0.002,0.0016941152351819368,0.0010934225756328055,0.0004453735060751305,7.924694560091538e-05,1.5846704432303767e-06,1.3407838756647638e-08,7.674611552565989e-10,0.001963929060636704,0.0004618422674979207
outputs/Tau5_joint_refinement/WT/pool_2/conformer_40.pdb,outputs/Tau5_joint_refinement/WT/backcalc/pool_2/conformer_40/model.pdb,29.426067724021177,0.002,0.0007449397134811459,0.0003871375232840138,0.00020442112001683776,4.046914550706156e-05,2.3081596287407597e-07,2.2233022449687023e-09,1.283342962984756e-10,0.0020672998079868605,0.0002177368813463074
outputs/Tau5_joint_refinement/WT/pool_2/conformer_41.pdb,outputs/Tau5_joint_refinement/WT/backcalc/pool_2/conformer_41/model.pdb,48.3415119114622,0.002,0.002254215671264154,0.0023173558713250886,0.0017831758832143033,0.0007251507495783687,6.196968285621851e-05,1.2971118951635117e-07,7.067038271422372e-09,0.0018113104839724858,0.0019269533952955714
outputs/Tau5_joint_refinement/WT/pool_2/conformer_42.pdb,outputs/Tau5_joint_refinement/WT/backcalc/pool_2/conformer_42/model.pdb,33.66795127814742,0.002,0.0009890829989039757,0.0006506542988143427,0.0004326769359265737,0.00017487196503088842,1.029684395765854e-05,5.45527816845791e-08,3.054120982449984e-09,0.002050838363578478,0.0004386536590019704
outputs/Tau5_joint_refinement/WT/pool_2/conformer_43.pdb,outputs/Tau5_joint_refinement/WT/backcalc/pool_2/conformer_43/model.pdb,31.879089068081832,0.002,0.0032512124842966755,0.0041890577560973145,0.00571855501621472,0.010099619733738598,0.020426405154881425,0.031364799746537914,0.03557960798351611,0.0027291963082434916,0.0043824905590230025
outputs/Tau5_joint_refinement/WT/pool_2/conformer_44.pdb,outputs/Tau5_joint_refinement/WT/backcalc/pool_2/conformer_44/model.pdb,34.95150442216727,0.002,0.0038361992402103865,0.005493397250786351,0.007088112296184243,0.008707100954676118,0.008842236561568823,0.005469762824006088,0.0021115172829453393,0.0023279883537213665,0.006355702376436267
outputs/Tau5_joint_refinement/WT/pool_2/conformer_45.pdb,outputs/Tau5_joint_refinement/WT/backcalc/pool_2/conformer_45/model.pdb,35.92023565428898,0.002,0.0012469393997454141,0.0009673055572677263,0.0006959340979600308,0.0002768067649044506,1.5197721823095164e-05,6.699247774578132e-08,3.726864079979324e-09,0.0018719613647166003,0.0007410855141673376
outputs/Tau5_joint_refinement/WT/pool_2/conformer_46.pdb,outputs/Tau5_joint_refinement/WT/backcalc/pool_2/conformer_46/model.pdb,27.60996172225983,0.002,0.0009897869135491969,0.000577480782340117,0.0003599492094295279,0.00012324133947415962,4.6585808569888345e-06,3.1109525931457e-08,1.7596796161075108e-09,0.00226384426472962,0.00034766226914612134
outputs/Tau5_joint_refinement/WT/pool_2/conformer_47.pdb,outputs/Tau5_joint_refinement/WT/backcalc/pool_2/conformer_47/model.pdb,36.46480787173817,0.002,0.0009632143023226231,0.0007467568552591561,0.0006415713866645837,0.0005061184252208091,0.00019851803095655545,8.974171598821796e-07,4.4504891397366504e-08,0.0022857449045563874,0.0005914229206773684
outputs/Tau5_joint_refinement/WT/pool_2/conformer_48.pdb,outputs/Tau5_joint_refinement/WT/backcalc/pool_2/conformer_48/model.pdb,28.631493735676997,0.002,0.002079929559724945,0.0012252944729532747,0.0004968601039832076,7.76276643021171e-05,7.034936007907657e-07,6.4670249063127775e-09,3.7213806401995856e-10,0.0017517736006244736,0.000557239566383683
outputs/Tau5_joint_refinement/WT/pool_2/conformer_49.pdb,outputs/Tau5_joint_refinement/WT/backcalc/pool_2/conformer_49/model.pdb,36.509568155308045,0.002,0.001266090357391257,0.0007609032576912854,0.00034595118417605835,7.532165211792088e-05,1.5146048205297628e-06,1.2915917505853246e-08,7.397771709737561e-10,0.0022068108584319774,0.00033695167541234296
outputs/Tau5_joint_refinement/WT/pool_2/conformer_5.pdb,outputs/Tau5_joint_refinement/WT/backcalc/pool_2/conformer_5/model.pdb,32.16458916030671,0.002,0.0007735317435034271,0.00043972456417624495,0.0002697817255556448,0.00010463590843392085,6.123199931076916e-06,4.0650617793807705e-08,2.2958881842038346e-09,0.0020074978774012866,0.00026493582488703145
outputs/Tau5_joint_refinement/WT/pool_2/conformer_50.pdb,outputs/Tau5_joint_refinement/WT/backcalc/pool_2/conformer_50/model.pdb,26.42514807633535,0.002,0.0006192557029446866,0.00018066380390956328,4.311619993334412e-05,3.3561800561164736e-06,5.6252923400317677e-08,5.555441964823753e-10,3.212197101278071e-11,0.0016773872048591052,5.721341536345256e-05
outputs/Tau5_joint_refinement/WT/pool_2/conformer_51.pdb,outputs/Tau5_joint_refinement/WT/backcalc/pool_2/conformer_51/model.pdb,36.62135903813416,0.002,0.0011460079236190474,0.0006522680535063,0.00027788849610698054,4.682470427923056e-05,3.713918110033465e-07,3.5308038328917582e-09,2.0361445959140462e-10,0.0017326285215677423,0.00035314887956844213
outputs/Tau5_joint_refinement/WT/pool_2/conformer_52.pdb,outputs/Tau5_joint_refinement/WT/backcalc/pool_2/conformer_52/model.pdb,37.50781110593092,0.002,0.0034700951498877423,0.003979957047454935,0.003670401718003813,0.0033737843412301165,0.003437627249633954,0.0022074889276528465,0.0005206061996234953,0.0027392984343345534,0.0027288592208507666
outputs/Tau5_joint_refinement/WT/pool_2/conformer_53.pdb,outputs/Tau5_joint_refinement/WT/backcalc/pool_2/conformer_53/model.pdb,45.09352235623221,0.002,0.0019068613906254774,0.001682100699045424,0.001018655034428018,0.00021152722743528234,4.324063459883478e-06,2.8849783100239415e-08,1.632687295017921e-09,0.0016889706486918213,0.0011956025767653055
outputs/Tau5_joint_refinement/WT/pool_2/conformer_54.pdb,outputs/Tau5_joint_refinement/WT/backcalc/pool_2/conformer_54/model.pdb,36.9535991538469,0.002,0.0008864066134891137,0.0004655478088374823,0.00020911133415598036,4.077895254789922e-05,3.407275465188083e-07,3.2471174917360784e-09,1.872847046817529e-10,0.0019798440119695973,0.00022248394053374316
outputs/Tau5_joint_refinement/WT/pool_2/conformer_55.pdb,outputs/Tau5_joint_refinement/WT/backcalc/pool_2/conformer_55/model.pdb,42.80750242727124,0.002,0.0029229130043236544,0.0032948119604536857,0.0029283667024808655,0.0017775332617007012,0.0004504962096202576,7.299919025951011e-07,3.5761868708719194e-08,0.002244390621937469,0.0025687965430482742
outputs/Tau5_joint_refinement/WT/pool_2/conformer_56.pdb,outputs/Tau5_joint_refinement/WT/backcalc/pool_2/conformer_56/model.pdb,36.39064663542985,0.002,0.0010500146791920103,0.0005570469220051135,0.00020906022433804029,2.556784459963361e-05,1.90820192378261e-07,1.8561357008126618e-09,1.072075763148947e-10,0.0017867783823247337,0.0002465321180980571
outputs/Tau5_joint_refinement/WT/pool_2/conformer_57.pdb,outputs/Tau5_joint_refinement/WT/backcalc/pool_2/conformer_57/model.pdb,26.15705835509557,0.002,0.0011809087845439095,0.0005688772469091243,0.0002306138572404537,3.289972326938732e-05,1.9031237959674029e-07,1.8469784706255855e-09,1.0666472339497082e-10,0.0016239160767479981,0.00028736725792082745
outputs/Tau5_joint_refinement/WT/pool_2/conformer_58.pdb,outputs/Tau5_joint_refinement/WT/backcalc/pool_2/conformer_58/model.pdb,28.193143374454888,0.002,0.002287476600480259,0.002087092335282471,0.0020062407718222097,0.0018915318289690198,0.0011407636315161438,5.915449151324717e-05,3.6563186576254825e-07,0.0020152278712970585,0.0019784248441844588
outputs/Tau5_joint_refinement/WT/pool_2/conformer_59.pdb,outputs/Tau5_joint_refinement/WT/backcalc/pool_2/conformer_59/model.pdb,36.6658080286387,0.002,0.0022101271370441856,0.001651181333996206,0.0008394699918230868,0.00022309286393665655,1.3757856668397817e-05,6.793109044891485e-08,3.787726337198674e-09,0.0020389876857040824,0.0008316174947886726
outputs/Tau5_joint_refinement/WT/pool_2/conformer_6.pdb,outputs/Tau5_joint_refinement/WT/backcalc/pool_2/conformer_6/model.pdb,42.98914945598999,0.002,0.0015253912167296948,0.0011843198412939237,0.0007313549632101403,0.00019793018952404695,4.782069258985209e-06,3.032374743775291e-08,1.712568025580075e-09,0.0019112487935793615,0.0008035967935618307
outputs/Tau5_joint_refinement/WT/pool_2/conformer_60.pdb,outputs/Tau5_joint_refinement/WT/backcalc/pool_2/conformer_60/model.pdb,35.00151492261621,0.002,0.0005700511670413176,0.0003257925769331646,0.00022079128902533087,9.822170995588525e-05,6.070853307525068e-06,4.0379326050048416e-08,2.2809753037594493e-09,0.0020128278106407143,0.0002239300999898997
outputs/Tau5_joint_refinement/WT/pool_2/conformer_61.pdb,outputs/Tau5_joint_refinement/WT/backcalc/pool_2/conformer_61/model.pdb,37.584213609451815,0.002,0.0019539411914865244,0.0015950125267525416,0.0009661932088804692,0.00024279282820777951,5.613516261673516e-06,3.412779661630847e-08,1.9232661240755406e-09,0.00194460422521323,0.0009921103353591123
outputs/Tau5_joint_refinement/WT/pool_2/conformer_62.pdb,outputs/Tau5_joint_refinement/WT/backcalc/pool_2/conformer_62/model.pdb,27.826136206728677,0.002,0.0017843964517799478,0.0014106623048200774,0.0012118123744062632,0.0010283611283694197,0.00043893305626016555,2.394374695945178e-06,9.615092271860487e-08,0.0024381288156100993,0.0009901568264419646
outputs/Tau5_joint_refinement/WT/pool_2/conformer_63.pdb,outputs/Tau5_joint_refinement/WT/backcalc/pool_2/conformer_63/model.pdb,30.92696809052965,0.002,0.0003956473411777138,0.00012975411480414134,3.9785524868648936e-05,3.3072487613815723e-06,5.317082200436464e-08,5.253208297400298e-10,3.0375378933305614e-11,0.0014517737706049392,5.775650337609502e-05
outputs/Tau5_joint_refinement/WT/pool_2/conformer_64.pdb,outputs/Tau5_joint_refinement/WT/backcalc/pool_2/conformer_64/model.pdb,31.961408996725602,0.002,0.0016393314872977644,0.0009646184505432208,0.00044066028400672374,0.00010528287142595298,4.106736614157037e-06,2.9084281843090533e-08,1.6494140065170705e-09,0.0018772859495977516,0.00045180130478218413
outputs/Tau5_joint_refinement/WT/pool_2/conformer_65.pdb,outputs/Tau5_joint_refinement/WT/backcalc/pool_2/conformer_65/model.pdb,29.806367492760202,0.002,0.000620311338755578,0.00020870114058202174,6.197483405642324e-05,8.567187974785114e-06,1.209281727334898e-07,1.1861673808652278e-09,6.855134450656234e-11,0.0022757906152266784,6.641003381668624e-05
outputs/Tau5_joint_refinement/WT/pool_2/conformer_66.pdb,outputs/Tau5_joint_refinement/WT/backcalc/pool_2/conformer_66/model.pdb,23.71509493034213,0.002,0.0017790994414796488,0.0009680763180494475,0.00046341856856974733,0.00013557534235648108,5.636681616712125e-06,3.599524560080273e-08,2.0319995258013365e-09,0.002128566049691745,0.00043237351329815534
outputs/Tau5_joint_refinement/WT/pool_2/conformer_67.pdb,outputs/Tau5_joint_refinement/WT/backcalc/pool_2/conformer_67/model.pdb,32.33669802917745,0.002,0.0011226858566581372,0.0008720533195925534,0.0007675903341474042,0.0005256408764741331,9.904718672750085e-05,2.2574018494254233e-07,1.2140929333060531e-08,0.001922846060065996,0.0007906879546796594
outputs/Tau5_joint_refinement/WT/pool_2/conformer_68.pdb,outputs/Tau5_joint_refinement/WT/backcalc/pool_2/conformer_68/model.pdb,27.491120108447443,0.002,0.0005614085281226627,0.00012242501736061106,1.5625376863116052e-05,4.357036092452003e-07,1.3854918415468158e-08,1.379413337020406e-10,7.97993885901895e-12,0.00167663724460166,2.127235385678718e-05
outputs/Tau5_joint_refinement/WT/pool_2/conformer_69.pdb,outputs/Tau5_joint_refinement/WT/backcalc/pool_2/conformer_69/model.pdb,35.271628542661006,0.002,0.001194556037185575,0.0005844681006588273,0.00018699067101842087,1.675850993169432e-05,1.0159900295520239e-07,9.963198652225813e-10,5.7580700474357314e-11,0.001900204657385577,0.00022362568160692945
outputs/Tau5_joint_refinement/WT/pool_2/conformer_7.pdb,outputs/Tau5_joint_refinement/WT/backcalc/pool_2/conformer_7/model.pdb,33.63894509968856,0.002,0.0016613843406597217,0.001060502195055759,0.0005254565877176259,0.00013029278282004124,4.637385034115165e-06,3.151500137395104e-08,1.7841353662565346e-09,0.0020995995883416,0.0005286484800943521
outputs/Tau5_joint_refinement/WT/pool_2/conformer_70.pdb,outputs/Tau5_joint_refinement/WT/backcalc/pool_2/conformer_70/model.pdb,23.813195093447902,0.002,0.0015172808760898718,0.0007256399276412922,0.0003008465822950698,7.396667784938272e-05,1.8533973479734671e-06,1.5296445621098118e-08,8.74521265554235e-10,0.0024302055629848726,0.00027380940132386186
outputs/Tau5_joint_refinement/WT/pool_2/conformer_71.pdb,outputs/Tau5_joint_refinement/WT/backcalc/pool_2/conformer_71/model.pdb,34.181886806533264,0.002,0.0008967754191998872,0.00047455750213017117,0.00022037492247230938,4.6325043596333725e-05,6.566704633684836e-07,6.103137591968489e-09,3.513983742090154e-10,0.001974125164250223,0.00023869055788804024
outputs/Tau5_joint_refinement/WT/pool_2/conformer_72.pdb,outputs/Tau5_joint_refinement/WT/backcalc/pool_2/conformer_72/model.pdb,33.07901076758304,0.002,0.0009291841888816204,0.0004497503423246891,0.00016608774922621198,1.794958932807424e-05,1.0574661127604773e-07,1.0363063119050764e-09,5.988901610872183e-11,0.001573743464832929,0.00022763755533010944
outputs/Tau5_joint_refinement/WT/pool_2/conformer_73.pdb,outputs/Tau5_joint_refinement/WT/backcalc/pool_2/conformer_73/model.pdb,26.36447162024403,0.002,0.0019443213100780853,0.0012834872785827648,0.0007813951864077165,0.00035434744167522637,4.854685511560282e-05,1.54454745991827e-07,8.443022154350041e-09,0.002035047255881734,0.0007392345740897391
outputs/Tau5_joint_refinement/WT/pool_2/conformer_74.pdb,outputs/Tau5_joint_refinement/WT/backcalc/pool_2/conformer_74/model.pdb,24.283034993218518,0.002,0.001641344740975443,0.0006432684741722428,0.00016379168701572176,1.251177545617842e-05,9.418364032000408e-08,9.251947998156634e-10,5.3476607624852065e-11,0.0016985031664206575,0.00019314372284342284
outputs/Tau5_joint_refinement/WT/pool_2/conformer_75.pdb,outputs/Tau5_joint_refinement/WT/backcalc/pool_2/conformer_75/model.pdb,37.99905827728388,0.002,0.0018009716302277844,0.0014457289268593983,0.0009313253349992445,0.000400287193904348,4.76777980041933e-05,1.3266795431475644e-07,7.251193771239393e-09,0.002439054658639193,0.0008058069995921458
outputs/Tau5_joint_refinement/WT/pool_2/conformer_76.pdb,outputs/Tau5_joint_refinement/WT/backcalc/pool_2/conformer_76/model.pdb,30.14588843323,0.002,0.001610176961492889,0.0009404902126238767,0.0004173995732918302,7.713501602080751e-05,7.085931737447278e-07,6.487909868811261e-09,3.7326522205132536e-10,0.002039006053720612,0.0004623523469687894
outputs/Tau5_joint_refinement/WT/pool_2/conformer_77.pdb,outputs/Tau5_joint_refinement/WT/backcalc/pool_2/conformer_77/model.pdb,28.32771911426696,0.002,0.0009315434765029091,0.0003332144742799604,9.263215561390642e-05,1.121317848708882e-05,1.2790254634625756e-07,1.2529326342247202e-09,7.240433211272663e-11,0.0023946076564272307,8.960645200596999e-05
outputs/Tau5_joint_refinement/WT/pool_2/conformer_78.pdb,outputs/Tau5_joint_refinement/WT/backcalc/pool_2/conformer_78/model.pdb,40.288793574245,0.002,0.0038142725173498614,0.0054706577908751565,0.006798315479336235,0.008894782005228091,0.013347374019093918,0.017877080324428862,0.019337261048209424,0.0025932566323812983,0.005027303517753908
outputs/Tau5_joint_refinement/WT/pool_2/conformer_79.pdb,outputs/Tau5_joint_refinement/WT/backcalc/pool_2/conformer_79/model.pdb,44.51018370906664,0.002,0.002496098348186608,0.0030858552778343625,0.0034367666081126613,0.003408685279694482,0.002641137050707358,0.00043776210862344326,1.1134092726274403e-06,0.002273261329701424,0.0030466333868652785
outputs/Tau5_joint_refinement/WT/pool_2/conformer_8.pdb,outputs/Tau5_joint_refinement/WT/backcalc/pool_2/conformer_8/model.pdb,40.26059688030732,0.002,0.0010085175345558764,0.0005809193469101555,0.00025657706035541394,5.0839074319706096e-05,8.104080418664613e-07,7.421950987577294e-09,4.269018363343854e-10,0.0023302339068029553,0.0002266310796068398
outputs/Tau5_joint_refinement/WT/pool_2/conformer_80.pdb,outputs/Tau5_joint_refinement/WT/backcalc/pool_2/conformer_80/model.pdb,25.099621545283476,0.002,0.001159225613040606,0.0005753430854081792,0.0002563872408238112,4.50936285542748e-05,2.944936132340149e-07,2.8211083307469236e-09,1.6278152525871733e-10,0.001722301957994868,0.00030892949224607045
outputs/Tau5_joint_refinement/WT/pool_2/conformer_81.pdb,outputs/Tau5_joint_refinement/WT/backcalc/pool_2/conformer_81/model.pdb,34.72656140068315,0.002,0.0009978806317233696,0.00047808132035820523,0.0001937806738260965,4.5860066916776914e-05,1.3642020460401153e-06,1.2012698040398965e-08,6.891784156716584e-10,0.0023130347831951683,0.0001792481941392815
outputs/Tau5_joint_refinement/WT/pool_2/conformer_82.pdb,outputs/Tau5_joint_refinement/WT/backcalc/pool_2/conformer_82/model.pdb,30.504966206180402,0.002,0.0005157420877947645,0.00025836991169320606,0.0001575364789358365,4.860944636969138e-05,6.888759833782046e-07,6.337587592417007e-09,3.6468679151995697e-10,0.0019264930743257865,0.0001741954192027136
outputs/Tau5_joint_refinement/WT/pool_2/conformer_83.pdb,outputs/Tau5_joint_refinement/WT/backcalc/pool_2/conformer_83/model.pdb,33.50674551868666,0.002,0.001768410764379261,0.0014219495832769706,0.001009659708842198,0.0005417271699135263,0.00013007113680455656,3.525847842378412e-07,1.8617662953517644e-08,0.0020201167124144223,0.0009631316123439543
outputs/Tau5_joint_refinement/WT/pool_2/conformer_84.pdb,outputs/Tau5_joint_refinement/WT/backcalc/pool_2/conformer_84/model.pdb,36.699223912928325,0.002,0.0015727767464074637,0.0009276819610987032,0.0003514409623999596,4.997965378275119e-05,3.7670688248436553e-07,3.5774069302545306e-09,2.0628477818710232e-10,0.0021549919326670415,0.00035915522957946
outputs/Tau5_joint_refinement/WT/pool_2/conformer_85.pdb,outputs/Tau5_joint_refinement/WT/backcalc/pool_2/conformer_85/model.pdb,25.604535420688766,0.002,0.00512050839570802,0.006635171031903188,0.008597098642778854,0.013064326919523686,0.01745466337614752,0.017270063188349602,0.016295753750053515,0.002549528496995739,0.006706867308847194
outputs/Tau5_joint_refinement/WT/pool_2/conformer_86.pdb,outputs/Tau5_joint_refinement/WT/backcalc/pool_2/conformer_86/model.pdb,27.28518287610385,0.002,0.001688879922049104,0.0009354949811599697,0.00039141404855564,5.772174121896179e-05,2.9928361487974636e-07,2.861304208897151e-09,1.6508053214189354e-10,0.0016438665832017613,0.0005124324864533115
outputs/Tau5_joint_refinement/WT/pool_2/conformer_87.pdb,outputs/Tau5_joint_refinement/WT/backcalc/pool_2/conformer_87/model.pdb,42.52198471845999,0.002,0.001819002181469837,0.001876807594912879,0.00183303638216354,0.0012193102011912502,0.00023779703459009984,3.402124138675479e-07,1.783222923900767e-08,0.002295486042733448,0.0016390680097809365
outputs/Tau5_joint_refinement/WT/pool_2/conformer_88.pdb,outputs/Tau5_joint_refinement/WT/backcalc/pool_2/conformer_88/model.pdb,39.02096654949764,0.002,0.0020020856296410912,0.0018521365990682313,0.001531202711355471,0.0009231408003515303,0.0002089659997704263,4.085439755025714e-07,2.129094104157028e-08,0.0022920819396201257,0.0013311016558652312
outputs/Tau5_joint_refinement/WT/pool_2/conformer_89.pdb,outputs/Tau5_joint_refinement/WT/backcalc/pool_2/conformer_89/model.pdb,37.08157305483375,0.002,0.0011782532725897132,0.0008235201855350599,0.0005065337683894899,0.0002189924119216703,2.5202284976931783e-05,1.0437803515225968e-07,5.7692168111133046e-09,0.0023132343847332513,0.00044964021628674357
outputs/Tau5_joint_refinement/WT/pool_2/conformer_9.pdb,outputs/Tau5_joint_refinement/WT/backcalc/pool_2/conformer_9/model.pdb,46.65956063835254,0.002,0.0014925530962902193,0.0010778069266250108,0.0005351841208170995,8.764782832481859e-05,6.049524549342186e-07,5.583633146533584e-09,3.2139592802001387e-10,0.001700777173916437,0.000637160638593001
outputs/Tau5_joint_refinement/WT/pool_2/conformer_90.pdb,outputs/Tau5_joint_refinement/WT/backcalc/pool_2/conformer_90/model.pdb,37.68187330879122,0.002,0.0017609968686906053,0.0015419186034690343,0.00114915666779284,0.0005461259251966254,7.058496564791788e-05,1.7352864567845222e-07,9.409868275155583e-09,0.002032787446330879,0.001165824555221894
outputs/Tau5_joint_refinement/WT/pool_2/conformer_91.pdb,outputs/Tau5_joint_refinement/WT/backcalc/pool_2/conformer_91/model.pdb,37.64759007272614,0.002,0.0009079877691612379,0.0006078336430322306,0.00034826399436975605,8.280895780880903e-05,1.2822931629079337e-06,1.1188225913460882e-08,6.417223905573021e-10,0.001605887863019003,0.00048179117722584394
outputs/Tau5_joint_refinement/WT/pool_2/conformer_92.pdb,outputs/Tau5_joint_refinement/WT/backcalc/pool_2/conformer_92/model.pdb,39.35059351510347,0.002,0.004299620189797948,0.006581782497798954,0.007695103931322526,0.006068152210250776,0.002438398365150992,4.1017088419826735e-05,2.3155326859450088e-07,0.0017427276853588648,0.00830580107234459
outputs/Tau5_joint_refinement/WT/pool_2/conformer_93.pdb,outputs/Tau5_joint_refinement/WT/backcalc/pool_2/conformer_93/model.pdb,39.067662943086994,0.002,0.0008223966108485757,0.00043455845580946345,0.0001825328851561726,2.6582430758239327e-05,1.760184860756823e-07,1.7113972952977961e-09,9.884529347951916e-11,0.0018706607842123946,0.00021566866137583268
outputs/Tau5_joint_refinement/WT/pool_2/conformer_94.pdb,outputs/Tau5_joint_refinement/WT/backcalc/pool_2/conformer_94/model.pdb,28.991094161039115,0.002,0.0006504434977360365,0.00021257754910182275,5.638097379344339e-05,5.090071138251462e-06,7.509475852913612e-08,7.403437517317289e-10,4.280195327050403e-11,0.001851177593950484,6.165807289700432e-05
outputs/Tau5_joint_refinement/WT/pool_2/conformer_95.pdb,outputs/Tau5_joint_refinement/WT/backcalc/pool_2/conformer_95/model.pdb,23.588708528686336,0.002,0.003732785507906537,0.003437573979152289,0.0028310644088140194,0.0018005791849772523,0.00043196747664573206,7.554043681209442e-07,3.7191325225746364e-08,0.0019341279896662896,0.0027642228620283187
outputs/Tau5_joint_refinement/WT/pool_2/conformer_96.pdb,outputs/Tau5_joint_refinement/WT/backcalc/pool_2/conformer_96/model.pdb,33.868198241265404,0.002,0.0010773428120882658,0.0005277350544114896,0.00022314144328539342,7.223975538162511e-05,5.379453174798207e-06,3.690092518107312e-08,2.087133971473915e-09,0.0023593848220177438,0.00018947452251239088
outputs/Tau5_joint_refinement/WT/pool_2/conformer_97.pdb,outputs/Tau5_joint_refinement/WT/backcalc/pool_2/conformer_97/model.pdb,31.009585298198523,0.002,0.005216763422865704,0.009329408338992635,0.017454865999287382,0.03423920670951088,0.05419440525976737,0.0712632458096193,0.07817508550960926,0.0024248420602834067,0.014297830175590097
outputs/Tau5_joint_refinement/WT/pool_2/conformer_98.pdb,outputs/Tau5_joint_refinement/WT/backcalc/pool_2/conformer_98/model.pdb,24.551813182665917,0.002,0.0010929230708524485,0.0005690219412553087,0.0002881522419883723,6.195158991521031e-05,4.517994614148327e-07,4.236970795427623e-09,2.441344638149697e-10,0.0016461665329904054,0.00035472233221690933
outputs/Tau5_joint_refinement/WT/pool_2/conformer_99.pdb,outputs/Tau5_joint_refinement/WT/backcalc/pool_2/conformer_99/model.pdb,41.48849155284997,0.002,0.0017101741673261207,0.0012724416055275589,0.0007106065740899148,0.00023629332280145331,1.8173559299689956e-05,8.23578569639454e-08,4.572268909494318e-09,0.002261807790666817,0.0006285094121424696
