source_pdb,ensemble,fit,weight
outputs/Tau5_joint_refinement/AA/helix_lengths_1/conformer_1.pdb,1,raw,0.0033444816053511705
outputs/Tau5_joint_refinement/AA/helix_lengths_1/conformer_10.pdb,1,raw,0.0033444816053511705
outputs/Tau5_joint_refinement/AA/helix_lengths_1/conformer_11.pdb,1,raw,0.0033444816053511705
outputs/Tau5_joint_refinement/AA/helix_lengths_1/conformer_12.pdb,1,raw,0.0033444816053511705
outputs/Tau5_joint_refinement/AA/helix_lengths_1/conformer_13.pdb,1,raw,0.0033444816053511705
outputs/Tau5_joint_refinement/AA/helix_lengths_1/conformer_14.pdb,1,raw,0.0033444816053511705
outputs/Tau5_joint_refinement/AA/helix_lengths_1/conformer_15.pdb,1,raw,0.0033444816053511705
outputs/Tau5_joint_refinement/AA/helix_lengths_1/conformer_16.pdb,1,raw,0.0033444816053511705
outputs/Tau5_joint_refinement/AA/helix_lengths_1/conformer_17.pdb,1,raw,0.0033444816053511705
outputs/Tau5_joint_refinement/AA/helix_lengths_1/conformer_18.pdb,1,raw,0.0033444816053511705
outputs/Tau5_joint_refinement/AA/helix_lengths_1/conformer_19.pdb,1,raw,0.0033444816053511705
outputs/Tau5_joint_refinement/AA/helix_lengths_1/conformer_2.pdb,1,raw,0.0033444816053511705
outputs/Tau5_joint_refinement/AA/helix_lengths_1/conformer_20.pdb,1,raw,0.0033444816053511705
outputs/Tau5_joint_refinement/AA/helix_lengths_1/conformer_21.pdb,1,raw,0.0033444816053511705
outputs/Tau5_joint_refinement/AA/helix_lengths_1/conformer_22.pdb,1,raw,0.0033444816053511705
outputs/Tau5_joint_refinement/AA/helix_lengths_1/conformer_23.pdb,1,raw,0.0033444816053511705
outputs/Tau5_joint_refinement/AA/helix_lengths_1/conformer_24.pdb,1,raw,0.0033444816053511705
outputs/Tau5_joint_refinement/AA/helix_lengths_1/conformer_25.pdb,1,raw,0.0033444816053511705
outputs/Tau5_joint_refinement/AA/helix_lengths_1/conformer_26.pdb,1,raw,0.0033444816053511705
outputs/Tau5_joint_refinement/AA/helix_lengths_1/conformer_27.pdb,1,raw,0.0033444816053511705
outputs/Tau5_joint_refinement/AA/helix_lengths_1/conformer_28.pdb,1,raw,0.0033444816053511705
outputs/Tau5_joint_refinement/AA/helix_lengths_1/conformer_29.pdb,1,raw,0.0033444816053511705
outputs/Tau5_joint_refinement/AA/helix_lengths_1/conformer_3.pdb,1,raw,0.0033444816053511705
outputs/Tau5_joint_refinement/AA/helix_lengths_1/conformer_30.pdb,1,raw,0.0033444816053511705
outputs/Tau5_joint_refinement/AA/helix_lengths_1/conformer_31.pdb,1,raw,0.0033444816053511705
outputs/Tau5_joint_refinement/AA/helix_lengths_1/conformer_32.pdb,1,raw,0.0033444816053511705
outputs/Tau5_joint_refinement/AA/helix_lengths_1/conformer_33.pdb,1,raw,0.0033444816053511705
outputs/Tau5_joint_refinement/AA/helix_lengths_1/conformer_34.pdb,1,raw,0.0033444816053511705
outputs/Tau5_joint_refinement/AA/helix_lengths_1/conformer_35.pdb,1,raw,0.0033444816053511705
outputs/Tau5_joint_refinement/AA/helix_lengths_1/conformer_36.pdb,1,raw,0.0033444816053511705
outputs/Tau5_joint_refinement/AA/helix_lengths_1/conformer_37.pdb,1,raw,0.0033444816053511705
outputs/Tau5_joint_refinement/AA/helix_lengths_1/conformer_38.pdb,1,raw,0.0033444816053511705
outputs/Tau5_joint_refinement/AA/helix_lengths_1/conformer_39.pdb,1,raw,0.0033444816053511705
outputs/Tau5_joint_refinement/AA/helix_lengths_1/conformer_4.pdb,1,raw,0.0033444816053511705
outputs/Tau5_joint_refinement/AA/helix_lengths_1/conformer_40.pdb,1,raw,0.0033444816053511705
outputs/Tau5_joint_refinement/AA/helix_lengths_1/conformer_41.pdb,1,raw,0.0033444816053511705
outputs/Tau5_joint_refinement/AA/helix_lengths_1/conformer_42.pdb,1,raw,0.0033444816053511705
outputs/Tau5_joint_refinement/AA/helix_lengths_1/conformer_43.pdb,1,raw,0.0033444816053511705
outputs/Tau5_joint_refinement/AA/helix_lengths_1/conformer_44.pdb,1,raw,0.0033444816053511705
outputs/Tau5_joint_refinement/AA/helix_lengths_1/conformer_45.pdb,1,raw,0.0033444816053511705
outputs/Tau5_joint_refinement/AA/helix_lengths_1/conformer_46.pdb,1,raw,0.0033444816053511705
outputs/Tau5_joint_refinement/AA/helix_lengths_1/conformer_47.pdb,1,raw,0.0033444816053511705
outputs/Tau5_joint_refinement/AA/helix_lengths_1/conformer_48.pdb,1,raw,0.0033444816053511705
outputs/Tau5_joint_refinement/AA/helix_lengths_1/conformer_49.pdb,1,raw,0.0033444816053511705
outputs/Tau5_joint_refinement/AA/helix_lengths_1/conformer_5.pdb,1,raw,0.0033444816053511705
outputs/Tau5_joint_refinement/AA/helix_lengths_1/conformer_50.pdb,1,raw,0.0033444816053511705
outputs/Tau5_joint_refinement/AA/helix_lengths_1/conformer_51.pdb,1,raw,0.0033444816053511705
outputs/Tau5_joint_refinement/AA/helix_lengths_1/conformer_52.pdb,1,raw,0.0033444816053511705
outputs/Tau5_joint_refinement/AA/helix_lengths_1/conformer_53.pdb,1,raw,0.0033444816053511705
outputs/Tau5_joint_refinement/AA/pool_1/conformer_1.pdb,1,raw,0.0033444816053511705
outputs/Tau5_joint_refinement/AA/pool_1/conformer_10.pdb,1,raw,0.0033444816053511705
outputs/Tau5_joint_refinement/AA/pool_1/conformer_100.pdb,1,raw,0.0033444816053511705
outputs/Tau5_joint_refinement/AA/pool_1/conformer_101.pdb,1,raw,0.0033444816053511705
outputs/Tau5_joint_refinement/AA/pool_1/conformer_102.pdb,1,raw,0.0033444816053511705
outputs/Tau5_joint_refinement/AA/pool_1/conformer_103.pdb,1,raw,0.0033444816053511705
outputs/Tau5_joint_refinement/AA/pool_1/conformer_104.pdb,1,raw,0.0033444816053511705
outputs/Tau5_joint_refinement/AA/pool_1/conformer_105.pdb,1,raw,0.0033444816053511705
outputs/Tau5_joint_refinement/AA/pool_1/conformer_106.pdb,1,raw,0.0033444816053511705
outputs/Tau5_joint_refinement/AA/pool_1/conformer_107.pdb,1,raw,0.0033444816053511705
outputs/Tau5_joint_refinement/AA/pool_1/conformer_108.pdb,1,raw,0.0033444816053511705
outputs/Tau5_joint_refinement/AA/pool_1/conformer_109.pdb,1,raw,0.0033444816053511705
outputs/Tau5_joint_refinement/AA/pool_1/conformer_11.pdb,1,raw,0.0033444816053511705
outputs/Tau5_joint_refinement/AA/pool_1/conformer_110.pdb,1,raw,0.0033444816053511705
outputs/Tau5_joint_refinement/AA/pool_1/conformer_111.pdb,1,raw,0.0033444816053511705
outputs/Tau5_joint_refinement/AA/pool_1/conformer_112.pdb,1,raw,0.0033444816053511705
outputs/Tau5_joint_refinement/AA/pool_1/conformer_113.pdb,1,raw,0.0033444816053511705
outputs/Tau5_joint_refinement/AA/pool_1/conformer_114.pdb,1,raw,0.0033444816053511705
outputs/Tau5_joint_refinement/AA/pool_1/conformer_115.pdb,1,raw,0.0033444816053511705
outputs/Tau5_joint_refinement/AA/pool_1/conformer_116.pdb,1,raw,0.0033444816053511705
outputs/Tau5_joint_refinement/AA/pool_1/conformer_117.pdb,1,raw,0.0033444816053511705
outputs/Tau5_joint_refinement/AA/pool_1/conformer_118.pdb,1,raw,0.0033444816053511705
outputs/Tau5_joint_refinement/AA/pool_1/conformer_119.pdb,1,raw,0.0033444816053511705
outputs/Tau5_joint_refinement/AA/pool_1/conformer_12.pdb,1,raw,0.0033444816053511705
outputs/Tau5_joint_refinement/AA/pool_1/conformer_120.pdb,1,raw,0.0033444816053511705
outputs/Tau5_joint_refinement/AA/pool_1/conformer_121.pdb,1,raw,0.0033444816053511705
outputs/Tau5_joint_refinement/AA/pool_1/conformer_122.pdb,1,raw,0.0033444816053511705
outputs/Tau5_joint_refinement/AA/pool_1/conformer_123.pdb,1,raw,0.0033444816053511705
outputs/Tau5_joint_refinement/AA/pool_1/conformer_124.pdb,1,raw,0.0033444816053511705
outputs/Tau5_joint_refinement/AA/pool_1/conformer_125.pdb,1,raw,0.0033444816053511705
outputs/Tau5_joint_refinement/AA/pool_1/conformer_126.pdb,1,raw,0.0033444816053511705
outputs/Tau5_joint_refinement/AA/pool_1/conformer_127.pdb,1,raw,0.0033444816053511705
outputs/Tau5_joint_refinement/AA/pool_1/conformer_128.pdb,1,raw,0.0033444816053511705
outputs/Tau5_joint_refinement/AA/pool_1/conformer_129.pdb,1,raw,0.0033444816053511705
outputs/Tau5_joint_refinement/AA/pool_1/conformer_13.pdb,1,raw,0.0033444816053511705
outputs/Tau5_joint_refinement/AA/pool_1/conformer_130.pdb,1,raw,0.0033444816053511705
outputs/Tau5_joint_refinement/AA/pool_1/conformer_131.pdb,1,raw,0.0033444816053511705
outputs/Tau5_joint_refinement/AA/pool_1/conformer_132.pdb,1,raw,0.0033444816053511705
outputs/Tau5_joint_refinement/AA/pool_1/conformer_133.pdb,1,raw,0.0033444816053511705
outputs/Tau5_joint_refinement/AA/pool_1/conformer_134.pdb,1,raw,0.0033444816053511705
outputs/Tau5_joint_refinement/AA/pool_1/conformer_135.pdb,1,raw,0.0033444816053511705
outputs/Tau5_joint_refinement/AA/pool_1/conformer_136.pdb,1,raw,0.0033444816053511705
outputs/Tau5_joint_refinement/AA/pool_1/conformer_137.pdb,1,raw,0.0033444816053511705
outputs/Tau5_joint_refinement/AA/pool_1/conformer_138.pdb,1,raw,0.0033444816053511705
outputs/Tau5_joint_refinement/AA/pool_1/conformer_139.pdb,1,raw,0.0033444816053511705
outputs/Tau5_joint_refinement/AA/pool_1/conformer_14.pdb,1,raw,0.0033444816053511705
outputs/Tau5_joint_refinement/AA/pool_1/conformer_140.pdb,1,raw,0.0033444816053511705
outputs/Tau5_joint_refinement/AA/pool_1/conformer_141.pdb,1,raw,0.0033444816053511705
outputs/Tau5_joint_refinement/AA/pool_1/conformer_142.pdb,1,raw,0.0033444816053511705
outputs/Tau5_joint_refinement/AA/pool_1/conformer_143.pdb,1,raw,0.0033444816053511705
outputs/Tau5_joint_refinement/AA/pool_1/conformer_144.pdb,1,raw,0.0033444816053511705
outputs/Tau5_joint_refinement/AA/pool_1/conformer_145.pdb,1,raw,0.0033444816053511705
outputs/Tau5_joint_refinement/AA/pool_1/conformer_146.pdb,1,raw,0.0033444816053511705
outputs/Tau5_joint_refinement/AA/pool_1/conformer_147.pdb,1,raw,0.0033444816053511705
outputs/Tau5_joint_refinement/AA/pool_1/conformer_148.pdb,1,raw,0.0033444816053511705
outputs/Tau5_joint_refinement/AA/pool_1/conformer_149.pdb,1,raw,0.0033444816053511705
outputs/Tau5_joint_refinement/AA/pool_1/conformer_15.pdb,1,raw,0.0033444816053511705
outputs/Tau5_joint_refinement/AA/pool_1/conformer_150.pdb,1,raw,0.0033444816053511705
outputs/Tau5_joint_refinement/AA/pool_1/conformer_151.pdb,1,raw,0.0033444816053511705
outputs/Tau5_joint_refinement/AA/pool_1/conformer_152.pdb,1,raw,0.0033444816053511705
outputs/Tau5_joint_refinement/AA/pool_1/conformer_153.pdb,1,raw,0.0033444816053511705
outputs/Tau5_joint_refinement/AA/pool_1/conformer_154.pdb,1,raw,0.0033444816053511705
outputs/Tau5_joint_refinement/AA/pool_1/conformer_155.pdb,1,raw,0.0033444816053511705
outputs/Tau5_joint_refinement/AA/pool_1/conformer_156.pdb,1,raw,0.0033444816053511705
outputs/Tau5_joint_refinement/AA/pool_1/conformer_157.pdb,1,raw,0.0033444816053511705
outputs/Tau5_joint_refinement/AA/pool_1/conformer_158.pdb,1,raw,0.0033444816053511705
outputs/Tau5_joint_refinement/AA/pool_1/conformer_159.pdb,1,raw,0.0033444816053511705
outputs/Tau5_joint_refinement/AA/pool_1/conformer_16.pdb,1,raw,0.0033444816053511705
outputs/Tau5_joint_refinement/AA/pool_1/conformer_160.pdb,1,raw,0.0033444816053511705
outputs/Tau5_joint_refinement/AA/pool_1/conformer_161.pdb,1,raw,0.0033444816053511705
outputs/Tau5_joint_refinement/AA/pool_1/conformer_162.pdb,1,raw,0.0033444816053511705
outputs/Tau5_joint_refinement/AA/pool_1/conformer_163.pdb,1,raw,0.0033444816053511705
outputs/Tau5_joint_refinement/AA/pool_1/conformer_164.pdb,1,raw,0.0033444816053511705
outputs/Tau5_joint_refinement/AA/pool_1/conformer_165.pdb,1,raw,0.0033444816053511705
outputs/Tau5_joint_refinement/AA/pool_1/conformer_166.pdb,1,raw,0.0033444816053511705
outputs/Tau5_joint_refinement/AA/pool_1/conformer_167.pdb,1,raw,0.0033444816053511705
outputs/Tau5_joint_refinement/AA/pool_1/conformer_168.pdb,1,raw,0.0033444816053511705
outputs/Tau5_joint_refinement/AA/pool_1/conformer_169.pdb,1,raw,0.0033444816053511705
outputs/Tau5_joint_refinement/AA/pool_1/conformer_17.pdb,1,raw,0.0033444816053511705
outputs/Tau5_joint_refinement/AA/pool_1/conformer_170.pdb,1,raw,0.0033444816053511705
outputs/Tau5_joint_refinement/AA/pool_1/conformer_171.pdb,1,raw,0.0033444816053511705
outputs/Tau5_joint_refinement/AA/pool_1/conformer_172.pdb,1,raw,0.0033444816053511705
outputs/Tau5_joint_refinement/AA/pool_1/conformer_173.pdb,1,raw,0.0033444816053511705
outputs/Tau5_joint_refinement/AA/pool_1/conformer_174.pdb,1,raw,0.0033444816053511705
outputs/Tau5_joint_refinement/AA/pool_1/conformer_175.pdb,1,raw,0.0033444816053511705
outputs/Tau5_joint_refinement/AA/pool_1/conformer_176.pdb,1,raw,0.0033444816053511705
outputs/Tau5_joint_refinement/AA/pool_1/conformer_177.pdb,1,raw,0.0033444816053511705
outputs/Tau5_joint_refinement/AA/pool_1/conformer_178.pdb,1,raw,0.0033444816053511705
outputs/Tau5_joint_refinement/AA/pool_1/conformer_179.pdb,1,raw,0.0033444816053511705
outputs/Tau5_joint_refinement/AA/pool_1/conformer_18.pdb,1,raw,0.0033444816053511705
outputs/Tau5_joint_refinement/AA/pool_1/conformer_180.pdb,1,raw,0.0033444816053511705
outputs/Tau5_joint_refinement/AA/pool_1/conformer_181.pdb,1,raw,0.0033444816053511705
outputs/Tau5_joint_refinement/AA/pool_1/conformer_182.pdb,1,raw,0.0033444816053511705
outputs/Tau5_joint_refinement/AA/pool_1/conformer_183.pdb,1,raw,0.0033444816053511705
outputs/Tau5_joint_refinement/AA/pool_1/conformer_184.pdb,1,raw,0.0033444816053511705
outputs/Tau5_joint_refinement/AA/pool_1/conformer_185.pdb,1,raw,0.0033444816053511705
outputs/Tau5_joint_refinement/AA/pool_1/conformer_186.pdb,1,raw,0.0033444816053511705
outputs/Tau5_joint_refinement/AA/pool_1/conformer_187.pdb,1,raw,0.0033444816053511705
outputs/Tau5_joint_refinement/AA/pool_1/conformer_188.pdb,1,raw,0.0033444816053511705
outputs/Tau5_joint_refinement/AA/pool_1/conformer_189.pdb,1,raw,0.0033444816053511705
outputs/Tau5_joint_refinement/AA/pool_1/conformer_19.pdb,1,raw,0.0033444816053511705
outputs/Tau5_joint_refinement/AA/pool_1/conformer_190.pdb,1,raw,0.0033444816053511705
outputs/Tau5_joint_refinement/AA/pool_1/conformer_191.pdb,1,raw,0.0033444816053511705
outputs/Tau5_joint_refinement/AA/pool_1/conformer_192.pdb,1,raw,0.0033444816053511705
outputs/Tau5_joint_refinement/AA/pool_1/conformer_193.pdb,1,raw,0.0033444816053511705
outputs/Tau5_joint_refinement/AA/pool_1/conformer_194.pdb,1,raw,0.0033444816053511705
outputs/Tau5_joint_refinement/AA/pool_1/conformer_195.pdb,1,raw,0.0033444816053511705
outputs/Tau5_joint_refinement/AA/pool_1/conformer_196.pdb,1,raw,0.0033444816053511705
outputs/Tau5_joint_refinement/AA/pool_1/conformer_197.pdb,1,raw,0.0033444816053511705
outputs/Tau5_joint_refinement/AA/pool_1/conformer_198.pdb,1,raw,0.0033444816053511705
outputs/Tau5_joint_refinement/AA/pool_1/conformer_199.pdb,1,raw,0.0033444816053511705
outputs/Tau5_joint_refinement/AA/pool_1/conformer_2.pdb,1,raw,0.0033444816053511705
outputs/Tau5_joint_refinement/AA/pool_1/conformer_20.pdb,1,raw,0.0033444816053511705
outputs/Tau5_joint_refinement/AA/pool_1/conformer_200.pdb,1,raw,0.0033444816053511705
outputs/Tau5_joint_refinement/AA/pool_1/conformer_201.pdb,1,raw,0.0033444816053511705
outputs/Tau5_joint_refinement/AA/pool_1/conformer_202.pdb,1,raw,0.0033444816053511705
outputs/Tau5_joint_refinement/AA/pool_1/conformer_203.pdb,1,raw,0.0033444816053511705
outputs/Tau5_joint_refinement/AA/pool_1/conformer_204.pdb,1,raw,0.0033444816053511705
outputs/Tau5_joint_refinement/AA/pool_1/conformer_205.pdb,1,raw,0.0033444816053511705
outputs/Tau5_joint_refinement/AA/pool_1/conformer_206.pdb,1,raw,0.0033444816053511705
outputs/Tau5_joint_refinement/AA/pool_1/conformer_207.pdb,1,raw,0.0033444816053511705
outputs/Tau5_joint_refinement/AA/pool_1/conformer_208.pdb,1,raw,0.0033444816053511705
outputs/Tau5_joint_refinement/AA/pool_1/conformer_209.pdb,1,raw,0.0033444816053511705
outputs/Tau5_joint_refinement/AA/pool_1/conformer_21.pdb,1,raw,0.0033444816053511705
outputs/Tau5_joint_refinement/AA/pool_1/conformer_210.pdb,1,raw,0.0033444816053511705
outputs/Tau5_joint_refinement/AA/pool_1/conformer_211.pdb,1,raw,0.0033444816053511705
outputs/Tau5_joint_refinement/AA/pool_1/conformer_212.pdb,1,raw,0.0033444816053511705
outputs/Tau5_joint_refinement/AA/pool_1/conformer_213.pdb,1,raw,0.0033444816053511705
outputs/Tau5_joint_refinement/AA/pool_1/conformer_214.pdb,1,raw,0.0033444816053511705
outputs/Tau5_joint_refinement/AA/pool_1/conformer_215.pdb,1,raw,0.0033444816053511705
outputs/Tau5_joint_refinement/AA/pool_1/conformer_216.pdb,1,raw,0.0033444816053511705
outputs/Tau5_joint_refinement/AA/pool_1/conformer_217.pdb,1,raw,0.0033444816053511705
outputs/Tau5_joint_refinement/AA/pool_1/conformer_218.pdb,1,raw,0.0033444816053511705
outputs/Tau5_joint_refinement/AA/pool_1/conformer_219.pdb,1,raw,0.0033444816053511705
outputs/Tau5_joint_refinement/AA/pool_1/conformer_22.pdb,1,raw,0.0033444816053511705
outputs/Tau5_joint_refinement/AA/pool_1/conformer_220.pdb,1,raw,0.0033444816053511705
outputs/Tau5_joint_refinement/AA/pool_1/conformer_221.pdb,1,raw,0.0033444816053511705
outputs/Tau5_joint_refinement/AA/pool_1/conformer_222.pdb,1,raw,0.0033444816053511705
outputs/Tau5_joint_refinement/AA/pool_1/conformer_223.pdb,1,raw,0.0033444816053511705
outputs/Tau5_joint_refinement/AA/pool_1/conformer_224.pdb,1,raw,0.0033444816053511705
outputs/Tau5_joint_refinement/AA/pool_1/conformer_225.pdb,1,raw,0.0033444816053511705
outputs/Tau5_joint_refinement/AA/pool_1/conformer_226.pdb,1,raw,0.0033444816053511705
outputs/Tau5_joint_refinement/AA/pool_1/conformer_227.pdb,1,raw,0.0033444816053511705
outputs/Tau5_joint_refinement/AA/pool_1/conformer_228.pdb,1,raw,0.0033444816053511705
outputs/Tau5_joint_refinement/AA/pool_1/conformer_229.pdb,1,raw,0.0033444816053511705
outputs/Tau5_joint_refinement/AA/pool_1/conformer_23.pdb,1,raw,0.0033444816053511705
outputs/Tau5_joint_refinement/AA/pool_1/conformer_230.pdb,1,raw,0.0033444816053511705
outputs/Tau5_joint_refinement/AA/pool_1/conformer_231.pdb,1,raw,0.0033444816053511705
outputs/Tau5_joint_refinement/AA/pool_1/conformer_232.pdb,1,raw,0.0033444816053511705
outputs/Tau5_joint_refinement/AA/pool_1/conformer_233.pdb,1,raw,0.0033444816053511705
outputs/Tau5_joint_refinement/AA/pool_1/conformer_234.pdb,1,raw,0.0033444816053511705
outputs/Tau5_joint_refinement/AA/pool_1/conformer_235.pdb,1,raw,0.0033444816053511705
outputs/Tau5_joint_refinement/AA/pool_1/conformer_236.pdb,1,raw,0.0033444816053511705
outputs/Tau5_joint_refinement/AA/pool_1/conformer_237.pdb,1,raw,0.0033444816053511705
outputs/Tau5_joint_refinement/AA/pool_1/conformer_238.pdb,1,raw,0.0033444816053511705
outputs/Tau5_joint_refinement/AA/pool_1/conformer_239.pdb,1,raw,0.0033444816053511705
outputs/Tau5_joint_refinement/AA/pool_1/conformer_24.pdb,1,raw,0.0033444816053511705
outputs/Tau5_joint_refinement/AA/pool_1/conformer_240.pdb,1,raw,0.0033444816053511705
outputs/Tau5_joint_refinement/AA/pool_1/conformer_241.pdb,1,raw,0.0033444816053511705
outputs/Tau5_joint_refinement/AA/pool_1/conformer_242.pdb,1,raw,0.0033444816053511705
outputs/Tau5_joint_refinement/AA/pool_1/conformer_243.pdb,1,raw,0.0033444816053511705
outputs/Tau5_joint_refinement/AA/pool_1/conformer_244.pdb,1,raw,0.0033444816053511705
outputs/Tau5_joint_refinement/AA/pool_1/conformer_245.pdb,1,raw,0.0033444816053511705
outputs/Tau5_joint_refinement/AA/pool_1/conformer_246.pdb,1,raw,0.0033444816053511705
outputs/Tau5_joint_refinement/AA/pool_1/conformer_247.pdb,1,raw,0.0033444816053511705
outputs/Tau5_joint_refinement/AA/pool_1/conformer_248.pdb,1,raw,0.0033444816053511705
outputs/Tau5_joint_refinement/AA/pool_1/conformer_249.pdb,1,raw,0.0033444816053511705
outputs/Tau5_joint_refinement/AA/pool_1/conformer_25.pdb,1,raw,0.0033444816053511705
outputs/Tau5_joint_refinement/AA/pool_1/conformer_250.pdb,1,raw,0.0033444816053511705
outputs/Tau5_joint_refinement/AA/pool_1/conformer_26.pdb,1,raw,0.0033444816053511705
outputs/Tau5_joint_refinement/AA/pool_1/conformer_27.pdb,1,raw,0.0033444816053511705
outputs/Tau5_joint_refinement/AA/pool_1/conformer_28.pdb,1,raw,0.0033444816053511705
outputs/Tau5_joint_refinement/AA/pool_1/conformer_29.pdb,1,raw,0.0033444816053511705
outputs/Tau5_joint_refinement/AA/pool_1/conformer_3.pdb,1,raw,0.0033444816053511705
outputs/Tau5_joint_refinement/AA/pool_1/conformer_30.pdb,1,raw,0.0033444816053511705
outputs/Tau5_joint_refinement/AA/pool_1/conformer_31.pdb,1,raw,0.0033444816053511705
outputs/Tau5_joint_refinement/AA/pool_1/conformer_32.pdb,1,raw,0.0033444816053511705
outputs/Tau5_joint_refinement/AA/pool_1/conformer_33.pdb,1,raw,0.0033444816053511705
outputs/Tau5_joint_refinement/AA/pool_1/conformer_34.pdb,1,raw,0.0033444816053511705
outputs/Tau5_joint_refinement/AA/pool_1/conformer_35.pdb,1,raw,0.0033444816053511705
outputs/Tau5_joint_refinement/AA/pool_1/conformer_36.pdb,1,raw,0.0033444816053511705
outputs/Tau5_joint_refinement/AA/pool_1/conformer_37.pdb,1,raw,0.0033444816053511705
outputs/Tau5_joint_refinement/AA/pool_1/conformer_38.pdb,1,raw,0.0033444816053511705
outputs/Tau5_joint_refinement/AA/pool_1/conformer_39.pdb,1,raw,0.0033444816053511705
outputs/Tau5_joint_refinement/AA/pool_1/conformer_4.pdb,1,raw,0.0033444816053511705
outputs/Tau5_joint_refinement/AA/pool_1/conformer_40.pdb,1,raw,0.0033444816053511705
outputs/Tau5_joint_refinement/AA/pool_1/conformer_41.pdb,1,raw,0.0033444816053511705
outputs/Tau5_joint_refinement/AA/pool_1/conformer_42.pdb,1,raw,0.0033444816053511705
outputs/Tau5_joint_refinement/AA/pool_1/conformer_43.pdb,1,raw,0.0033444816053511705
outputs/Tau5_joint_refinement/AA/pool_1/conformer_44.pdb,1,raw,0.0033444816053511705
outputs/Tau5_joint_refinement/AA/pool_1/conformer_45.pdb,1,raw,0.0033444816053511705
outputs/Tau5_joint_refinement/AA/pool_1/conformer_46.pdb,1,raw,0.0033444816053511705
outputs/Tau5_joint_refinement/AA/pool_1/conformer_47.pdb,1,raw,0.0033444816053511705
outputs/Tau5_joint_refinement/AA/pool_1/conformer_48.pdb,1,raw,0.0033444816053511705
outputs/Tau5_joint_refinement/AA/pool_1/conformer_49.pdb,1,raw,0.0033444816053511705
outputs/Tau5_joint_refinement/AA/pool_1/conformer_5.pdb,1,raw,0.0033444816053511705
outputs/Tau5_joint_refinement/AA/pool_1/conformer_50.pdb,1,raw,0.0033444816053511705
outputs/Tau5_joint_refinement/AA/pool_1/conformer_51.pdb,1,raw,0.0033444816053511705
outputs/Tau5_joint_refinement/AA/pool_1/conformer_52.pdb,1,raw,0.0033444816053511705
outputs/Tau5_joint_refinement/AA/pool_1/conformer_53.pdb,1,raw,0.0033444816053511705
outputs/Tau5_joint_refinement/AA/pool_1/conformer_54.pdb,1,raw,0.0033444816053511705
outputs/Tau5_joint_refinement/AA/pool_1/conformer_55.pdb,1,raw,0.0033444816053511705
outputs/Tau5_joint_refinement/AA/pool_1/conformer_56.pdb,1,raw,0.0033444816053511705
outputs/Tau5_joint_refinement/AA/pool_1/conformer_57.pdb,1,raw,0.0033444816053511705
outputs/Tau5_joint_refinement/AA/pool_1/conformer_58.pdb,1,raw,0.0033444816053511705
outputs/Tau5_joint_refinement/AA/pool_1/conformer_59.pdb,1,raw,0.0033444816053511705
outputs/Tau5_joint_refinement/AA/pool_1/conformer_6.pdb,1,raw,0.0033444816053511705
outputs/Tau5_joint_refinement/AA/pool_1/conformer_60.pdb,1,raw,0.0033444816053511705
outputs/Tau5_joint_refinement/AA/pool_1/conformer_61.pdb,1,raw,0.0033444816053511705
outputs/Tau5_joint_refinement/AA/pool_1/conformer_62.pdb,1,raw,0.0033444816053511705
outputs/Tau5_joint_refinement/AA/pool_1/conformer_63.pdb,1,raw,0.0033444816053511705
outputs/Tau5_joint_refinement/AA/pool_1/conformer_64.pdb,1,raw,0.0033444816053511705
outputs/Tau5_joint_refinement/AA/pool_1/conformer_65.pdb,1,raw,0.0033444816053511705
outputs/Tau5_joint_refinement/AA/pool_1/conformer_66.pdb,1,raw,0.0033444816053511705
outputs/Tau5_joint_refinement/AA/pool_1/conformer_67.pdb,1,raw,0.0033444816053511705
outputs/Tau5_joint_refinement/AA/pool_1/conformer_68.pdb,1,raw,0.0033444816053511705
outputs/Tau5_joint_refinement/AA/pool_1/conformer_69.pdb,1,raw,0.0033444816053511705
outputs/Tau5_joint_refinement/AA/pool_1/conformer_7.pdb,1,raw,0.0033444816053511705
outputs/Tau5_joint_refinement/AA/pool_1/conformer_70.pdb,1,raw,0.0033444816053511705
outputs/Tau5_joint_refinement/AA/pool_1/conformer_71.pdb,1,raw,0.0033444816053511705
outputs/Tau5_joint_refinement/AA/pool_1/conformer_72.pdb,1,raw,0.0033444816053511705
outputs/Tau5_joint_refinement/AA/pool_1/conformer_73.pdb,1,raw,0.0033444816053511705
outputs/Tau5_joint_refinement/AA/pool_1/conformer_74.pdb,1,raw,0.0033444816053511705
outputs/Tau5_joint_refinement/AA/pool_1/conformer_75.pdb,1,raw,0.0033444816053511705
outputs/Tau5_joint_refinement/AA/pool_1/conformer_76.pdb,1,raw,0.0033444816053511705
outputs/Tau5_joint_refinement/AA/pool_1/conformer_77.pdb,1,raw,0.0033444816053511705
outputs/Tau5_joint_refinement/AA/pool_1/conformer_78.pdb,1,raw,0.0033444816053511705
outputs/Tau5_joint_refinement/AA/pool_1/conformer_79.pdb,1,raw,0.0033444816053511705
outputs/Tau5_joint_refinement/AA/pool_1/conformer_8.pdb,1,raw,0.0033444816053511705
outputs/Tau5_joint_refinement/AA/pool_1/conformer_80.pdb,1,raw,0.0033444816053511705
outputs/Tau5_joint_refinement/AA/pool_1/conformer_81.pdb,1,raw,0.0033444816053511705
outputs/Tau5_joint_refinement/AA/pool_1/conformer_82.pdb,1,raw,0.0033444816053511705
outputs/Tau5_joint_refinement/AA/pool_1/conformer_83.pdb,1,raw,0.0033444816053511705
outputs/Tau5_joint_refinement/AA/pool_1/conformer_84.pdb,1,raw,0.0033444816053511705
outputs/Tau5_joint_refinement/AA/pool_1/conformer_85.pdb,1,raw,0.0033444816053511705
outputs/Tau5_joint_refinement/AA/pool_1/conformer_86.pdb,1,raw,0.0033444816053511705
outputs/Tau5_joint_refinement/AA/pool_1/conformer_87.pdb,1,raw,0.0033444816053511705
outputs/Tau5_joint_refinement/AA/pool_1/conformer_88.pdb,1,raw,0.0033444816053511705
outputs/Tau5_joint_refinement/AA/pool_1/conformer_89.pdb,1,raw,0.0033444816053511705
outputs/Tau5_joint_refinement/AA/pool_1/conformer_9.pdb,1,raw,0.0033444816053511705
outputs/Tau5_joint_refinement/AA/pool_1/conformer_90.pdb,1,raw,0.0033444816053511705
outputs/Tau5_joint_refinement/AA/pool_1/conformer_91.pdb,1,raw,0.0033444816053511705
outputs/Tau5_joint_refinement/AA/pool_1/conformer_92.pdb,1,raw,0.0033444816053511705
outputs/Tau5_joint_refinement/AA/pool_1/conformer_93.pdb,1,raw,0.0033444816053511705
outputs/Tau5_joint_refinement/AA/pool_1/conformer_94.pdb,1,raw,0.0033444816053511705
outputs/Tau5_joint_refinement/AA/pool_1/conformer_95.pdb,1,raw,0.0033444816053511705
outputs/Tau5_joint_refinement/AA/pool_1/conformer_96.pdb,1,raw,0.0033444816053511705
outputs/Tau5_joint_refinement/AA/pool_1/conformer_97.pdb,1,raw,0.0033444816053511705
outputs/Tau5_joint_refinement/AA/pool_1/conformer_98.pdb,1,raw,0.0033444816053511705
outputs/Tau5_joint_refinement/AA/pool_1/conformer_99.pdb,1,raw,0.0033444816053511705
outputs/Tau5_joint_refinement/AA/helix_lengths_1/conformer_1.pdb,1,carbon_only,0.015087338353184624
outputs/Tau5_joint_refinement/AA/helix_lengths_1/conformer_10.pdb,1,carbon_only,0.0
outputs/Tau5_joint_refinement/AA/helix_lengths_1/conformer_11.pdb,1,carbon_only,0.003716894589422638
outputs/Tau5_joint_refinement/AA/helix_lengths_1/conformer_12.pdb,1,carbon_only,0.015866937274270698
outputs/Tau5_joint_refinement/AA/helix_lengths_1/conformer_13.pdb,1,carbon_only,0.0
outputs/Tau5_joint_refinement/AA/helix_lengths_1/conformer_14.pdb,1,carbon_only,0.0
outputs/Tau5_joint_refinement/AA/helix_lengths_1/conformer_15.pdb,1,carbon_only,0.0
outputs/Tau5_joint_refinement/AA/helix_lengths_1/conformer_16.pdb,1,carbon_only,0.0
outputs/Tau5_joint_refinement/AA/helix_lengths_1/conformer_17.pdb,1,carbon_only,0.0
outputs/Tau5_joint_refinement/AA/helix_lengths_1/conformer_18.pdb,1,carbon_only,0.0
outputs/Tau5_joint_refinement/AA/helix_lengths_1/conformer_19.pdb,1,carbon_only,0.0
outputs/Tau5_joint_refinement/AA/helix_lengths_1/conformer_2.pdb,1,carbon_only,0.008745510333108513
outputs/Tau5_joint_refinement/AA/helix_lengths_1/conformer_20.pdb,1,carbon_only,0.0
outputs/Tau5_joint_refinement/AA/helix_lengths_1/conformer_21.pdb,1,carbon_only,0.0
outputs/Tau5_joint_refinement/AA/helix_lengths_1/conformer_22.pdb,1,carbon_only,0.0
outputs/Tau5_joint_refinement/AA/helix_lengths_1/conformer_23.pdb,1,carbon_only,0.0
outputs/Tau5_joint_refinement/AA/helix_lengths_1/conformer_24.pdb,1,carbon_only,0.0
outputs/Tau5_joint_refinement/AA/helix_lengths_1/conformer_25.pdb,1,carbon_only,0.0
outputs/Tau5_joint_refinement/AA/helix_lengths_1/conformer_26.pdb,1,carbon_only,0.0
outputs/Tau5_joint_refinement/AA/helix_lengths_1/conformer_27.pdb,1,carbon_only,0.0
outputs/Tau5_joint_refinement/AA/helix_lengths_1/conformer_28.pdb,1,carbon_only,0.028464130410206838
outputs/Tau5_joint_refinement/AA/helix_lengths_1/conformer_29.pdb,1,carbon_only,0.0
outputs/Tau5_joint_refinement/AA/helix_lengths_1/conformer_3.pdb,1,carbon_only,0.0
outputs/Tau5_joint_refinement/AA/helix_lengths_1/conformer_30.pdb,1,carbon_only,0.0
outputs/Tau5_joint_refinement/AA/helix_lengths_1/conformer_31.pdb,1,carbon_only,0.0
outputs/Tau5_joint_refinement/AA/helix_lengths_1/conformer_32.pdb,1,carbon_only,0.0
outputs/Tau5_joint_refinement/AA/helix_lengths_1/conformer_33.pdb,1,carbon_only,0.0
outputs/Tau5_joint_refinement/AA/helix_lengths_1/conformer_34.pdb,1,carbon_only,0.0
outputs/Tau5_joint_refinement/AA/helix_lengths_1/conformer_35.pdb,1,carbon_only,0.0
outputs/Tau5_joint_refinement/AA/helix_lengths_1/conformer_36.pdb,1,carbon_only,0.0
outputs/Tau5_joint_refinement/AA/helix_lengths_1/conformer_37.pdb,1,carbon_only,0.0
outputs/Tau5_joint_refinement/AA/helix_lengths_1/conformer_38.pdb,1,carbon_only,0.0
outputs/Tau5_joint_refinement/AA/helix_lengths_1/conformer_39.pdb,1,carbon_only,0.0
outputs/Tau5_joint_refinement/AA/helix_lengths_1/conformer_4.pdb,1,carbon_only,0.0
outputs/Tau5_joint_refinement/AA/helix_lengths_1/conformer_40.pdb,1,carbon_only,0.0
outputs/Tau5_joint_refinement/AA/helix_lengths_1/conformer_41.pdb,1,carbon_only,0.0
outputs/Tau5_joint_refinement/AA/helix_lengths_1/conformer_42.pdb,1,carbon_only,0.0
outputs/Tau5_joint_refinement/AA/helix_lengths_1/conformer_43.pdb,1,carbon_only,0.0
outputs/Tau5_joint_refinement/AA/helix_lengths_1/conformer_44.pdb,1,carbon_only,0.0
outputs/Tau5_joint_refinement/AA/helix_lengths_1/conformer_45.pdb,1,carbon_only,0.0
outputs/Tau5_joint_refinement/AA/helix_lengths_1/conformer_46.pdb,1,carbon_only,0.0
outputs/Tau5_joint_refinement/AA/helix_lengths_1/conformer_47.pdb,1,carbon_only,0.04409196326555462
outputs/Tau5_joint_refinement/AA/helix_lengths_1/conformer_48.pdb,1,carbon_only,0.0
outputs/Tau5_joint_refinement/AA/helix_lengths_1/conformer_49.pdb,1,carbon_only,0.0
outputs/Tau5_joint_refinement/AA/helix_lengths_1/conformer_5.pdb,1,carbon_only,0.0
outputs/Tau5_joint_refinement/AA/helix_lengths_1/conformer_50.pdb,1,carbon_only,0.003318269750502108
outputs/Tau5_joint_refinement/AA/helix_lengths_1/conformer_51.pdb,1,carbon_only,0.0
outputs/Tau5_joint_refinement/AA/helix_lengths_1/conformer_52.pdb,1,carbon_only,0.0
outputs/Tau5_joint_refinement/AA/helix_lengths_1/conformer_53.pdb,1,carbon_only,0.03443208559037876
outputs/Tau5_joint_refinement/AA/pool_1/conformer_1.pdb,1,carbon_only,0.0
outputs/Tau5_joint_refinement/AA/pool_1/conformer_10.pdb,1,carbon_only,0.0
outputs/Tau5_joint_refinement/AA/pool_1/conformer_100.pdb,1,carbon_only,0.0
outputs/Tau5_joint_refinement/AA/pool_1/conformer_101.pdb,1,carbon_only,0.08160870669528231
outputs/Tau5_joint_refinement/AA/pool_1/conformer_102.pdb,1,carbon_only,0.0
outputs/Tau5_joint_refinement/AA/pool_1/conformer_103.pdb,1,carbon_only,0.0
outputs/Tau5_joint_refinement/AA/pool_1/conformer_104.pdb,1,carbon_only,0.0
outputs/Tau5_joint_refinement/AA/pool_1/conformer_105.pdb,1,carbon_only,0.0
outputs/Tau5_joint_refinement/AA/pool_1/conformer_106.pdb,1,carbon_only,0.0
outputs/Tau5_joint_refinement/AA/pool_1/conformer_107.pdb,1,carbon_only,0.0
outputs/Tau5_joint_refinement/AA/pool_1/conformer_108.pdb,1,carbon_only,0.0
outputs/Tau5_joint_refinement/AA/pool_1/conformer_109.pdb,1,carbon_only,0.0
outputs/Tau5_joint_refinement/AA/pool_1/conformer_11.pdb,1,carbon_only,0.0
outputs/Tau5_joint_refinement/AA/pool_1/conformer_110.pdb,1,carbon_only,0.0
outputs/Tau5_joint_refinement/AA/pool_1/conformer_111.pdb,1,carbon_only,0.007007022612858849
outputs/Tau5_joint_refinement/AA/pool_1/conformer_112.pdb,1,carbon_only,0.0
outputs/Tau5_joint_refinement/AA/pool_1/conformer_113.pdb,1,carbon_only,0.0
outputs/Tau5_joint_refinement/AA/pool_1/conformer_114.pdb,1,carbon_only,0.0
outputs/Tau5_joint_refinement/AA/pool_1/conformer_115.pdb,1,carbon_only,0.012115673338011761
outputs/Tau5_joint_refinement/AA/pool_1/conformer_116.pdb,1,carbon_only,0.0
outputs/Tau5_joint_refinement/AA/pool_1/conformer_117.pdb,1,carbon_only,0.009854326200078891
outputs/Tau5_joint_refinement/AA/pool_1/conformer_118.pdb,1,carbon_only,0.011335483461940259
outputs/Tau5_joint_refinement/AA/pool_1/conformer_119.pdb,1,carbon_only,0.0
outputs/Tau5_joint_refinement/AA/pool_1/conformer_12.pdb,1,carbon_only,0.0
outputs/Tau5_joint_refinement/AA/pool_1/conformer_120.pdb,1,carbon_only,0.0
outputs/Tau5_joint_refinement/AA/pool_1/conformer_121.pdb,1,carbon_only,0.0
outputs/Tau5_joint_refinement/AA/pool_1/conformer_122.pdb,1,carbon_only,0.0
outputs/Tau5_joint_refinement/AA/pool_1/conformer_123.pdb,1,carbon_only,0.0
outputs/Tau5_joint_refinement/AA/pool_1/conformer_124.pdb,1,carbon_only,0.0012263543606363453
outputs/Tau5_joint_refinement/AA/pool_1/conformer_125.pdb,1,carbon_only,0.0
outputs/Tau5_joint_refinement/AA/pool_1/conformer_126.pdb,1,carbon_only,0.0
outputs/Tau5_joint_refinement/AA/pool_1/conformer_127.pdb,1,carbon_only,0.02751245708271276
outputs/Tau5_joint_refinement/AA/pool_1/conformer_128.pdb,1,carbon_only,0.0
outputs/Tau5_joint_refinement/AA/pool_1/conformer_129.pdb,1,carbon_only,0.0
outputs/Tau5_joint_refinement/AA/pool_1/conformer_13.pdb,1,carbon_only,0.0
outputs/Tau5_joint_refinement/AA/pool_1/conformer_130.pdb,1,carbon_only,0.0
outputs/Tau5_joint_refinement/AA/pool_1/conformer_131.pdb,1,carbon_only,0.0
outputs/Tau5_joint_refinement/AA/pool_1/conformer_132.pdb,1,carbon_only,0.0
outputs/Tau5_joint_refinement/AA/pool_1/conformer_133.pdb,1,carbon_only,0.0
outputs/Tau5_joint_refinement/AA/pool_1/conformer_134.pdb,1,carbon_only,0.0
outputs/Tau5_joint_refinement/AA/pool_1/conformer_135.pdb,1,carbon_only,0.0
outputs/Tau5_joint_refinement/AA/pool_1/conformer_136.pdb,1,carbon_only,0.0012313199431930402
outputs/Tau5_joint_refinement/AA/pool_1/conformer_137.pdb,1,carbon_only,0.0
outputs/Tau5_joint_refinement/AA/pool_1/conformer_138.pdb,1,carbon_only,0.021012155195164348
outputs/Tau5_joint_refinement/AA/pool_1/conformer_139.pdb,1,carbon_only,0.0
outputs/Tau5_joint_refinement/AA/pool_1/conformer_14.pdb,1,carbon_only,0.0225350500224926
outputs/Tau5_joint_refinement/AA/pool_1/conformer_140.pdb,1,carbon_only,0.0
outputs/Tau5_joint_refinement/AA/pool_1/conformer_141.pdb,1,carbon_only,0.0
outputs/Tau5_joint_refinement/AA/pool_1/conformer_142.pdb,1,carbon_only,0.0
outputs/Tau5_joint_refinement/AA/pool_1/conformer_143.pdb,1,carbon_only,0.0
outputs/Tau5_joint_refinement/AA/pool_1/conformer_144.pdb,1,carbon_only,0.0
outputs/Tau5_joint_refinement/AA/pool_1/conformer_145.pdb,1,carbon_only,0.012066494724231052
outputs/Tau5_joint_refinement/AA/pool_1/conformer_146.pdb,1,carbon_only,0.0
outputs/Tau5_joint_refinement/AA/pool_1/conformer_147.pdb,1,carbon_only,0.021122440590057235
outputs/Tau5_joint_refinement/AA/pool_1/conformer_148.pdb,1,carbon_only,0.0
outputs/Tau5_joint_refinement/AA/pool_1/conformer_149.pdb,1,carbon_only,0.0
outputs/Tau5_joint_refinement/AA/pool_1/conformer_15.pdb,1,carbon_only,0.0
outputs/Tau5_joint_refinement/AA/pool_1/conformer_150.pdb,1,carbon_only,0.0
outputs/Tau5_joint_refinement/AA/pool_1/conformer_151.pdb,1,carbon_only,0.0
outputs/Tau5_joint_refinement/AA/pool_1/conformer_152.pdb,1,carbon_only,0.0
outputs/Tau5_joint_refinement/AA/pool_1/conformer_153.pdb,1,carbon_only,0.0
outputs/Tau5_joint_refinement/AA/pool_1/conformer_154.pdb,1,carbon_only,0.0
outputs/Tau5_joint_refinement/AA/pool_1/conformer_155.pdb,1,carbon_only,0.0
outputs/Tau5_joint_refinement/AA/pool_1/conformer_156.pdb,1,carbon_only,0.0
outputs/Tau5_joint_refinement/AA/pool_1/conformer_157.pdb,1,carbon_only,0.0
outputs/Tau5_joint_refinement/AA/pool_1/conformer_158.pdb,1,carbon_only,0.0
outputs/Tau5_joint_refinement/AA/pool_1/conformer_159.pdb,1,carbon_only,0.0
outputs/Tau5_joint_refinement/AA/pool_1/conformer_16.pdb,1,carbon_only,0.008810419146273132
outputs/Tau5_joint_refinement/AA/pool_1/conformer_160.pdb,1,carbon_only,0.0
outputs/Tau5_joint_refinement/AA/pool_1/conformer_161.pdb,1,carbon_only,0.0
outputs/Tau5_joint_refinement/AA/pool_1/conformer_162.pdb,1,carbon_only,0.0
outputs/Tau5_joint_refinement/AA/pool_1/conformer_163.pdb,1,carbon_only,0.0
outputs/Tau5_joint_refinement/AA/pool_1/conformer_164.pdb,1,carbon_only,0.0
outputs/Tau5_joint_refinement/AA/pool_1/conformer_165.pdb,1,carbon_only,0.0
outputs/Tau5_joint_refinement/AA/pool_1/conformer_166.pdb,1,carbon_only,0.0
outputs/Tau5_joint_refinement/AA/pool_1/conformer_167.pdb,1,carbon_only,0.0
outputs/Tau5_joint_refinement/AA/pool_1/conformer_168.pdb,1,carbon_only,0.013344699174847749
outputs/Tau5_joint_refinement/AA/pool_1/conformer_169.pdb,1,carbon_only,0.0
outputs/Tau5_joint_refinement/AA/pool_1/conformer_17.pdb,1,carbon_only,0.0
outputs/Tau5_joint_refinement/AA/pool_1/conformer_170.pdb,1,carbon_only,0.0
outputs/Tau5_joint_refinement/AA/pool_1/conformer_171.pdb,1,carbon_only,0.0
outputs/Tau5_joint_refinement/AA/pool_1/conformer_172.pdb,1,carbon_only,0.0
outputs/Tau5_joint_refinement/AA/pool_1/conformer_173.pdb,1,carbon_only,0.0
outputs/Tau5_joint_refinement/AA/pool_1/conformer_174.pdb,1,carbon_only,0.0
outputs/Tau5_joint_refinement/AA/pool_1/conformer_175.pdb,1,carbon_only,0.04470429671706851
outputs/Tau5_joint_refinement/AA/pool_1/conformer_176.pdb,1,carbon_only,0.013541798488189061
outputs/Tau5_joint_refinement/AA/pool_1/conformer_177.pdb,1,carbon_only,0.0
outputs/Tau5_joint_refinement/AA/pool_1/conformer_178.pdb,1,carbon_only,0.0
outputs/Tau5_joint_refinement/AA/pool_1/conformer_179.pdb,1,carbon_only,0.0
outputs/Tau5_joint_refinement/AA/pool_1/conformer_18.pdb,1,carbon_only,0.0
outputs/Tau5_joint_refinement/AA/pool_1/conformer_180.pdb,1,carbon_only,0.0
outputs/Tau5_joint_refinement/AA/pool_1/conformer_181.pdb,1,carbon_only,0.0
outputs/Tau5_joint_refinement/AA/pool_1/conformer_182.pdb,1,carbon_only,0.030277033789656103
outputs/Tau5_joint_refinement/AA/pool_1/conformer_183.pdb,1,carbon_only,0.0
outputs/Tau5_joint_refinement/AA/pool_1/conformer_184.pdb,1,carbon_only,0.0
outputs/Tau5_joint_refinement/AA/pool_1/conformer_185.pdb,1,carbon_only,0.0
outputs/Tau5_joint_refinement/AA/pool_1/conformer_186.pdb,1,carbon_only,0.02024470044086923
outputs/Tau5_joint_refinement/AA/pool_1/conformer_187.pdb,1,carbon_only,0.0
outputs/Tau5_joint_refinement/AA/pool_1/conformer_188.pdb,1,carbon_only,0.0
outputs/Tau5_joint_refinement/AA/pool_1/conformer_189.pdb,1,carbon_only,0.0013182324191782643
outputs/Tau5_joint_refinement/AA/pool_1/conformer_19.pdb,1,carbon_only,0.0
outputs/Tau5_joint_refinement/AA/pool_1/conformer_190.pdb,1,carbon_only,0.0
outputs/Tau5_joint_refinement/AA/pool_1/conformer_191.pdb,1,carbon_only,0.0
outputs/Tau5_joint_refinement/AA/pool_1/conformer_192.pdb,1,carbon_only,0.0
outputs/Tau5_joint_refinement/AA/pool_1/conformer_193.pdb,1,carbon_only,0.0
outputs/Tau5_joint_refinement/AA/pool_1/conformer_194.pdb,1,carbon_only,0.0
outputs/Tau5_joint_refinement/AA/pool_1/conformer_195.pdb,1,carbon_only,0.0
outputs/Tau5_joint_refinement/AA/pool_1/conformer_196.pdb,1,carbon_only,0.0
outputs/Tau5_joint_refinement/AA/pool_1/conformer_197.pdb,1,carbon_only,0.0
outputs/Tau5_joint_refinement/AA/pool_1/conformer_198.pdb,1,carbon_only,0.00815632403936157
outputs/Tau5_joint_refinement/AA/pool_1/conformer_199.pdb,1,carbon_only,0.0
outputs/Tau5_joint_refinement/AA/pool_1/conformer_2.pdb,1,carbon_only,0.0
outputs/Tau5_joint_refinement/AA/pool_1/conformer_20.pdb,1,carbon_only,0.0
outputs/Tau5_joint_refinement/AA/pool_1/conformer_200.pdb,1,carbon_only,0.0
outputs/Tau5_joint_refinement/AA/pool_1/conformer_201.pdb,1,carbon_only,0.0
outputs/Tau5_joint_refinement/AA/pool_1/conformer_202.pdb,1,carbon_only,0.0
outputs/Tau5_joint_refinement/AA/pool_1/conformer_203.pdb,1,carbon_only,0.0
outputs/Tau5_joint_refinement/AA/pool_1/conformer_204.pdb,1,carbon_only,0.0
outputs/Tau5_joint_refinement/AA/pool_1/conformer_205.pdb,1,carbon_only,0.0
outputs/Tau5_joint_refinement/AA/pool_1/conformer_206.pdb,1,carbon_only,0.0
outputs/Tau5_joint_refinement/AA/pool_1/conformer_207.pdb,1,carbon_only,0.0
outputs/Tau5_joint_refinement/AA/pool_1/conformer_208.pdb,1,carbon_only,0.0
outputs/Tau5_joint_refinement/AA/pool_1/conformer_209.pdb,1,carbon_only,0.0
outputs/Tau5_joint_refinement/AA/pool_1/conformer_21.pdb,1,carbon_only,0.00035743499564343836
outputs/Tau5_joint_refinement/AA/pool_1/conformer_210.pdb,1,carbon_only,0.0
outputs/Tau5_joint_refinement/AA/pool_1/conformer_211.pdb,1,carbon_only,0.0
outputs/Tau5_joint_refinement/AA/pool_1/conformer_212.pdb,1,carbon_only,0.0
outputs/Tau5_joint_refinement/AA/pool_1/conformer_213.pdb,1,carbon_only,0.0
outputs/Tau5_joint_refinement/AA/pool_1/conformer_214.pdb,1,carbon_only,0.0
outputs/Tau5_joint_refinement/AA/pool_1/conformer_215.pdb,1,carbon_only,0.0
outputs/Tau5_joint_refinement/AA/pool_1/conformer_216.pdb,1,carbon_only,0.0
outputs/Tau5_joint_refinement/AA/pool_1/conformer_217.pdb,1,carbon_only,0.057126996227414434
outputs/Tau5_joint_refinement/AA/pool_1/conformer_218.pdb,1,carbon_only,0.0
outputs/Tau5_joint_refinement/AA/pool_1/conformer_219.pdb,1,carbon_only,0.0
outputs/Tau5_joint_refinement/AA/pool_1/conformer_22.pdb,1,carbon_only,0.0
outputs/Tau5_joint_refinement/AA/pool_1/conformer_220.pdb,1,carbon_only,0.0
outputs/Tau5_joint_refinement/AA/pool_1/conformer_221.pdb,1,carbon_only,0.0
outputs/Tau5_joint_refinement/AA/pool_1/conformer_222.pdb,1,carbon_only,0.0
outputs/Tau5_joint_refinement/AA/pool_1/conformer_223.pdb,1,carbon_only,0.0
outputs/Tau5_joint_refinement/AA/pool_1/conformer_224.pdb,1,carbon_only,0.0
outputs/Tau5_joint_refinement/AA/pool_1/conformer_225.pdb,1,carbon_only,0.0
outputs/Tau5_joint_refinement/AA/pool_1/conformer_226.pdb,1,carbon_only,0.029148299642018392
outputs/Tau5_joint_refinement/AA/pool_1/conformer_227.pdb,1,carbon_only,0.0
outputs/Tau5_joint_refinement/AA/pool_1/conformer_228.pdb,1,carbon_only,0.0
outputs/Tau5_joint_refinement/AA/pool_1/conformer_229.pdb,1,carbon_only,0.0
outputs/Tau5_joint_refinement/AA/pool_1/conformer_23.pdb,1,carbon_only,0.0
outputs/Tau5_joint_refinement/AA/pool_1/conformer_230.pdb,1,carbon_only,0.0
outputs/Tau5_joint_refinement/AA/pool_1/conformer_231.pdb,1,carbon_only,0.0
outputs/Tau5_joint_refinement/AA/pool_1/conformer_232.pdb,1,carbon_only,0.0
outputs/Tau5_joint_refinement/AA/pool_1/conformer_233.pdb,1,carbon_only,0.0
outputs/Tau5_joint_refinement/AA/pool_1/conformer_234.pdb,1,carbon_only,0.0
outputs/Tau5_joint_refinement/AA/pool_1/conformer_235.pdb,1,carbon_only,0.0
outputs/Tau5_joint_refinement/AA/pool_1/conformer_236.pdb,1,carbon_only,0.0
outputs/Tau5_joint_refinement/AA/pool_1/conformer_237.pdb,1,carbon_only,0.0
outputs/Tau5_joint_refinement/AA/pool_1/conformer_238.pdb,1,carbon_only,0.0
outputs/Tau5_joint_refinement/AA/pool_1/conformer_239.pdb,1,carbon_only,0.0
outputs/Tau5_joint_refinement/AA/pool_1/conformer_24.pdb,1,carbon_only,0.007301590490751037
outputs/Tau5_joint_refinement/AA/pool_1/conformer_240.pdb,1,carbon_only,0.0
outputs/Tau5_joint_refinement/AA/pool_1/conformer_241.pdb,1,carbon_only,0.0
outputs/Tau5_joint_refinement/AA/pool_1/conformer_242.pdb,1,carbon_only,0.005567264447499642
outputs/Tau5_joint_refinement/AA/pool_1/conformer_243.pdb,1,carbon_only,0.0
outputs/Tau5_joint_refinement/AA/pool_1/conformer_244.pdb,1,carbon_only,0.021315882400953633
outputs/Tau5_joint_refinement/AA/pool_1/conformer_245.pdb,1,carbon_only,0.0
outputs/Tau5_joint_refinement/AA/pool_1/conformer_246.pdb,1,carbon_only,0.0
outputs/Tau5_joint_refinement/AA/pool_1/conformer_247.pdb,1,carbon_only,0.0
outputs/Tau5_joint_refinement/AA/pool_1/conformer_248.pdb,1,carbon_only,0.0
outputs/Tau5_joint_refinement/AA/pool_1/conformer_249.pdb,1,carbon_only,0.06389944674207398
outputs/Tau5_joint_refinement/AA/pool_1/conformer_25.pdb,1,carbon_only,0.0
outputs/Tau5_joint_refinement/AA/pool_1/conformer_250.pdb,1,carbon_only,0.0
outputs/Tau5_joint_refinement/AA/pool_1/conformer_26.pdb,1,carbon_only,0.0
outputs/Tau5_joint_refinement/AA/pool_1/conformer_27.pdb,1,carbon_only,0.025471283981012213
outputs/Tau5_joint_refinement/AA/pool_1/conformer_28.pdb,1,carbon_only,0.0
outputs/Tau5_joint_refinement/AA/pool_1/conformer_29.pdb,1,carbon_only,0.0
outputs/Tau5_joint_refinement/AA/pool_1/conformer_3.pdb,1,carbon_only,0.022792878863591073
outputs/Tau5_joint_refinement/AA/pool_1/conformer_30.pdb,1,carbon_only,0.0
outputs/Tau5_joint_refinement/AA/pool_1/conformer_31.pdb,1,carbon_only,0.0
outputs/Tau5_joint_refinement/AA/pool_1/conformer_32.pdb,1,carbon_only,0.0
outputs/Tau5_joint_refinement/AA/pool_1/conformer_33.pdb,1,carbon_only,0.0
outputs/Tau5_joint_refinement/AA/pool_1/conformer_34.pdb,1,carbon_only,0.0
outputs/Tau5_joint_refinement/AA/pool_1/conformer_35.pdb,1,carbon_only,0.03686019399176253
outputs/Tau5_joint_refinement/AA/pool_1/conformer_36.pdb,1,carbon_only,0.0
outputs/Tau5_joint_refinement/AA/pool_1/conformer_37.pdb,1,carbon_only,0.0
outputs/Tau5_joint_refinement/AA/pool_1/conformer_38.pdb,1,carbon_only,0.0
outputs/Tau5_joint_refinement/AA/pool_1/conformer_39.pdb,1,carbon_only,0.0
outputs/Tau5_joint_refinement/AA/pool_1/conformer_4.pdb,1,carbon_only,0.009211108843338688
outputs/Tau5_joint_refinement/AA/pool_1/conformer_40.pdb,1,carbon_only,0.0
outputs/Tau5_joint_refinement/AA/pool_1/conformer_41.pdb,1,carbon_only,0.0
outputs/Tau5_joint_refinement/AA/pool_1/conformer_42.pdb,1,carbon_only,0.0
outputs/Tau5_joint_refinement/AA/pool_1/conformer_43.pdb,1,carbon_only,0.0
outputs/Tau5_joint_refinement/AA/pool_1/conformer_44.pdb,1,carbon_only,0.0
outputs/Tau5_joint_refinement/AA/pool_1/conformer_45.pdb,1,carbon_only,0.0
outputs/Tau5_joint_refinement/AA/pool_1/conformer_46.pdb,1,carbon_only,0.0
outputs/Tau5_joint_refinement/AA/pool_1/conformer_47.pdb,1,carbon_only,0.0
outputs/Tau5_joint_refinement/AA/pool_1/conformer_48.pdb,1,carbon_only,0.0
outputs/Tau5_joint_refinement/AA/pool_1/conformer_49.pdb,1,carbon_only,0.0
outputs/Tau5_joint_refinement/AA/pool_1/conformer_5.pdb,1,carbon_only,0.0
outputs/Tau5_joint_refinement/AA/pool_1/conformer_50.pdb,1,carbon_only,0.0
outputs/Tau5_joint_refinement/AA/pool_1/conformer_51.pdb,1,carbon_only,0.0
outputs/Tau5_joint_refinement/AA/pool_1/conformer_52.pdb,1,carbon_only,0.0
outputs/Tau5_joint_refinement/AA/pool_1/conformer_53.pdb,1,carbon_only,0.0
outputs/Tau5_joint_refinement/AA/pool_1/conformer_54.pdb,1,carbon_only,0.010789215402350099
outputs/Tau5_joint_refinement/AA/pool_1/conformer_55.pdb,1,carbon_only,0.0
outputs/Tau5_joint_refinement/AA/pool_1/conformer_56.pdb,1,carbon_only,0.0
outputs/Tau5_joint_refinement/AA/pool_1/conformer_57.pdb,1,carbon_only,0.0028692083975070067
outputs/Tau5_joint_refinement/AA/pool_1/conformer_58.pdb,1,carbon_only,0.0
outputs/Tau5_joint_refinement/AA/pool_1/conformer_59.pdb,1,carbon_only,0.0
outputs/Tau5_joint_refinement/AA/pool_1/conformer_6.pdb,1,carbon_only,0.0
outputs/Tau5_joint_refinement/AA/pool_1/conformer_60.pdb,1,carbon_only,0.0
outputs/Tau5_joint_refinement/AA/pool_1/conformer_61.pdb,1,carbon_only,0.0
outputs/Tau5_joint_refinement/AA/pool_1/conformer_62.pdb,1,carbon_only,0.009884209691606293
outputs/Tau5_joint_refinement/AA/pool_1/conformer_63.pdb,1,carbon_only,0.0362160054836796
outputs/Tau5_joint_refinement/AA/pool_1/conformer_64.pdb,1,carbon_only,0.0
outputs/Tau5_joint_refinement/AA/pool_1/conformer_65.pdb,1,carbon_only,0.0
outputs/Tau5_joint_refinement/AA/pool_1/conformer_66.pdb,1,carbon_only,0.0
outputs/Tau5_joint_refinement/AA/pool_1/conformer_67.pdb,1,carbon_only,0.0
outputs/Tau5_joint_refinement/AA/pool_1/conformer_68.pdb,1,carbon_only,0.0
outputs/Tau5_joint_refinement/AA/pool_1/conformer_69.pdb,1,carbon_only,0.0
outputs/Tau5_joint_refinement/AA/pool_1/conformer_7.pdb,1,carbon_only,0.0
outputs/Tau5_joint_refinement/AA/pool_1/conformer_70.pdb,1,carbon_only,0.0
outputs/Tau5_joint_refinement/AA/pool_1/conformer_71.pdb,1,carbon_only,0.0
outputs/Tau5_joint_refinement/AA/pool_1/conformer_72.pdb,1,carbon_only,0.0
outputs/Tau5_joint_refinement/AA/pool_1/conformer_73.pdb,1,carbon_only,0.01986257670130058
outputs/Tau5_joint_refinement/AA/pool_1/conformer_74.pdb,1,carbon_only,0.0
outputs/Tau5_joint_refinement/AA/pool_1/conformer_75.pdb,1,carbon_only,0.0
outputs/Tau5_joint_refinement/AA/pool_1/conformer_76.pdb,1,carbon_only,0.0
outputs/Tau5_joint_refinement/AA/pool_1/conformer_77.pdb,1,carbon_only,0.0
outputs/Tau5_joint_refinement/AA/pool_1/conformer_78.pdb,1,carbon_only,0.0
outputs/Tau5_joint_refinement/AA/pool_1/conformer_79.pdb,1,carbon_only,0.008693442707887215
outputs/Tau5_joint_refinement/AA/pool_1/conformer_8.pdb,1,carbon_only,0.0
outputs/Tau5_joint_refinement/AA/pool_1/conformer_80.pdb,1,carbon_only,0.05970116307306407
outputs/Tau5_joint_refinement/AA/pool_1/conformer_81.pdb,1,carbon_only,0.004976541928842662
outputs/Tau5_joint_refinement/AA/pool_1/conformer_82.pdb,1,carbon_only,0.012399484203719254
outputs/Tau5_joint_refinement/AA/pool_1/conformer_83.pdb,1,carbon_only,0.0
outputs/Tau5_joint_refinement/AA/pool_1/conformer_84.pdb,1,carbon_only,0.0
outputs/Tau5_joint_refinement/AA/pool_1/conformer_85.pdb,1,carbon_only,0.028328466513106547
outputs/Tau5_joint_refinement/AA/pool_1/conformer_86.pdb,1,carbon_only,0.0
outputs/Tau5_joint_refinement/AA/pool_1/conformer_87.pdb,1,carbon_only,0.0
outputs/Tau5_joint_refinement/AA/pool_1/conformer_88.pdb,1,carbon_only,0.0
outputs/Tau5_joint_refinement/AA/pool_1/conformer_89.pdb,1,carbon_only,0.0
outputs/Tau5_joint_refinement/AA/pool_1/conformer_9.pdb,1,carbon_only,0.0
outputs/Tau5_joint_refinement/AA/pool_1/conformer_90.pdb,1,carbon_only,0.0
outputs/Tau5_joint_refinement/AA/pool_1/conformer_91.pdb,1,carbon_only,0.0008763597757657333
outputs/Tau5_joint_refinement/AA/pool_1/conformer_92.pdb,1,carbon_only,0.0
outputs/Tau5_joint_refinement/AA/pool_1/conformer_93.pdb,1,carbon_only,0.0
outputs/Tau5_joint_refinement/AA/pool_1/conformer_94.pdb,1,carbon_only,0.0
outputs/Tau5_joint_refinement/AA/pool_1/conformer_95.pdb,1,carbon_only,0.0
outputs/Tau5_joint_refinement/AA/pool_1/conformer_96.pdb,1,carbon_only,0.0
outputs/Tau5_joint_refinement/AA/pool_1/conformer_97.pdb,1,carbon_only,0.0036028274863799223
outputs/Tau5_joint_refinement/AA/pool_1/conformer_98.pdb,1,carbon_only,0.0
outputs/Tau5_joint_refinement/AA/pool_1/conformer_99.pdb,1,carbon_only,0.0
outputs/Tau5_joint_refinement/AA/helix_lengths_1/conformer_1.pdb,1,all_shifts,0.00015860751446998209
outputs/Tau5_joint_refinement/AA/helix_lengths_1/conformer_10.pdb,1,all_shifts,0.0
outputs/Tau5_joint_refinement/AA/helix_lengths_1/conformer_11.pdb,1,all_shifts,0.00045627949208428996
outputs/Tau5_joint_refinement/AA/helix_lengths_1/conformer_12.pdb,1,all_shifts,0.02468063204492843
outputs/Tau5_joint_refinement/AA/helix_lengths_1/conformer_13.pdb,1,all_shifts,0.008660548827702045
outputs/Tau5_joint_refinement/AA/helix_lengths_1/conformer_14.pdb,1,all_shifts,0.0
outputs/Tau5_joint_refinement/AA/helix_lengths_1/conformer_15.pdb,1,all_shifts,0.014142141790267012
outputs/Tau5_joint_refinement/AA/helix_lengths_1/conformer_16.pdb,1,all_shifts,0.0
outputs/Tau5_joint_refinement/AA/helix_lengths_1/conformer_17.pdb,1,all_shifts,0.02391521224452562
outputs/Tau5_joint_refinement/AA/helix_lengths_1/conformer_18.pdb,1,all_shifts,0.0
outputs/Tau5_joint_refinement/AA/helix_lengths_1/conformer_19.pdb,1,all_shifts,0.0
outputs/Tau5_joint_refinement/AA/helix_lengths_1/conformer_2.pdb,1,all_shifts,0.021476614659286047
outputs/Tau5_joint_refinement/AA/helix_lengths_1/conformer_20.pdb,1,all_shifts,0.0
outputs/Tau5_joint_refinement/AA/helix_lengths_1/conformer_21.pdb,1,all_shifts,0.0
outputs/Tau5_joint_refinement/AA/helix_lengths_1/conformer_22.pdb,1,all_shifts,0.0
outputs/Tau5_joint_refinement/AA/helix_lengths_1/conformer_23.pdb,1,all_shifts,0.0
outputs/Tau5_joint_refinement/AA/helix_lengths_1/conformer_24.pdb,1,all_shifts,0.0
outputs/Tau5_joint_refinement/AA/helix_lengths_1/conformer_25.pdb,1,all_shifts,0.022881084728582586
outputs/Tau5_joint_refinement/AA/helix_lengths_1/conformer_26.pdb,1,all_shifts,0.0
outputs/Tau5_joint_refinement/AA/helix_lengths_1/conformer_27.pdb,1,all_shifts,0.0
outputs/Tau5_joint_refinement/AA/helix_lengths_1/conformer_28.pdb,1,all_shifts,0.009947201700981855
outputs/Tau5_joint_refinement/AA/helix_lengths_1/conformer_29.pdb,1,all_shifts,0.0
outputs/Tau5_joint_refinement/AA/helix_lengths_1/conformer_3.pdb,1,all_shifts,0.0
outputs/Tau5_joint_refinement/AA/helix_lengths_1/conformer_30.pdb,1,all_shifts,0.0
outputs/Tau5_joint_refinement/AA/helix_lengths_1/conformer_31.pdb,1,all_shifts,0.0
outputs/Tau5_joint_refinement/AA/helix_lengths_1/conformer_32.pdb,1,all_shifts,0.0
outputs/Tau5_joint_refinement/AA/helix_lengths_1/conformer_33.pdb,1,all_shifts,0.0
outputs/Tau5_joint_refinement/AA/helix_lengths_1/conformer_34.pdb,1,all_shifts,0.0
outputs/Tau5_joint_refinement/AA/helix_lengths_1/conformer_35.pdb,1,all_shifts,0.0
outputs/Tau5_joint_refinement/AA/helix_lengths_1/conformer_36.pdb,1,all_shifts,0.0
outputs/Tau5_joint_refinement/AA/helix_lengths_1/conformer_37.pdb,1,all_shifts,0.0
outputs/Tau5_joint_refinement/AA/helix_lengths_1/conformer_38.pdb,1,all_shifts,0.04087347445147441
outputs/Tau5_joint_refinement/AA/helix_lengths_1/conformer_39.pdb,1,all_shifts,0.0
outputs/Tau5_joint_refinement/AA/helix_lengths_1/conformer_4.pdb,1,all_shifts,0.0
outputs/Tau5_joint_refinement/AA/helix_lengths_1/conformer_40.pdb,1,all_shifts,0.010205126061534883
outputs/Tau5_joint_refinement/AA/helix_lengths_1/conformer_41.pdb,1,all_shifts,0.0
outputs/Tau5_joint_refinement/AA/helix_lengths_1/conformer_42.pdb,1,all_shifts,0.0
outputs/Tau5_joint_refinement/AA/helix_lengths_1/conformer_43.pdb,1,all_shifts,0.023675779264570946
outputs/Tau5_joint_refinement/AA/helix_lengths_1/conformer_44.pdb,1,all_shifts,0.0
outputs/Tau5_joint_refinement/AA/helix_lengths_1/conformer_45.pdb,1,all_shifts,0.0
outputs/Tau5_joint_refinement/AA/helix_lengths_1/conformer_46.pdb,1,all_shifts,0.0
outputs/Tau5_joint_refinement/AA/helix_lengths_1/conformer_47.pdb,1,all_shifts,0.01622558080471078
outputs/Tau5_joint_refinement/AA/helix_lengths_1/conformer_48.pdb,1,all_shifts,0.01575530513363575
outputs/Tau5_joint_refinement/AA/helix_lengths_1/conformer_49.pdb,1,all_shifts,0.0
outputs/Tau5_joint_refinement/AA/helix_lengths_1/conformer_5.pdb,1,all_shifts,0.0036831009836944925
outputs/Tau5_joint_refinement/AA/helix_lengths_1/conformer_50.pdb,1,all_shifts,0.0
outputs/Tau5_joint_refinement/AA/helix_lengths_1/conformer_51.pdb,1,all_shifts,0.009135650835158507
outputs/Tau5_joint_refinement/AA/helix_lengths_1/conformer_52.pdb,1,all_shifts,0.0
outputs/Tau5_joint_refinement/AA/helix_lengths_1/conformer_53.pdb,1,all_shifts,0.0
outputs/Tau5_joint_refinement/AA/pool_1/conformer_1.pdb,1,all_shifts,0.0
outputs/Tau5_joint_refinement/AA/pool_1/conformer_10.pdb,1,all_shifts,0.0
outputs/Tau5_joint_refinement/AA/pool_1/conformer_100.pdb,1,all_shifts,0.0
outputs/Tau5_joint_refinement/AA/pool_1/conformer_101.pdb,1,all_shifts,0.03140250246539592
outputs/Tau5_joint_refinement/AA/pool_1/conformer_102.pdb,1,all_shifts,0.0
outputs/Tau5_joint_refinement/AA/pool_1/conformer_103.pdb,1,all_shifts,0.0
outputs/Tau5_joint_refinement/AA/pool_1/conformer_104.pdb,1,all_shifts,0.0
outputs/Tau5_joint_refinement/AA/pool_1/conformer_105.pdb,1,all_shifts,0.0
outputs/Tau5_joint_refinement/AA/pool_1/conformer_106.pdb,1,all_shifts,0.0
outputs/Tau5_joint_refinement/AA/pool_1/conformer_107.pdb,1,all_shifts,0.0
outputs/Tau5_joint_refinement/AA/pool_1/conformer_108.pdb,1,all_shifts,0.0
outputs/Tau5_joint_refinement/AA/pool_1/conformer_109.pdb,1,all_shifts,0.0
outputs/Tau5_joint_refinement/AA/pool_1/conformer_11.pdb,1,all_shifts,0.0030217284760010875
outputs/Tau5_joint_refinement/AA/pool_1/conformer_110.pdb,1,all_shifts,0.007554891103690745
outputs/Tau5_joint_refinement/AA/pool_1/conformer_111.pdb,1,all_shifts,0.0
outputs/Tau5_joint_refinement/AA/pool_1/conformer_112.pdb,1,all_shifts,0.0
outputs/Tau5_joint_refinement/AA/pool_1/conformer_113.pdb,1,all_shifts,0.0
outputs/Tau5_joint_refinement/AA/pool_1/conformer_114.pdb,1,all_shifts,0.0
outputs/Tau5_joint_refinement/AA/pool_1/conformer_115.pdb,1,all_shifts,0.0
outputs/Tau5_joint_refinement/AA/pool_1/conformer_116.pdb,1,all_shifts,0.0
outputs/Tau5_joint_refinement/AA/pool_1/conformer_117.pdb,1,all_shifts,0.0
outputs/Tau5_joint_refinement/AA/pool_1/conformer_118.pdb,1,all_shifts,0.0
outputs/Tau5_joint_refinement/AA/pool_1/conformer_119.pdb,1,all_shifts,0.03301904320870018
outputs/Tau5_joint_refinement/AA/pool_1/conformer_12.pdb,1,all_shifts,0.0
outputs/Tau5_joint_refinement/AA/pool_1/conformer_120.pdb,1,all_shifts,0.0
outputs/Tau5_joint_refinement/AA/pool_1/conformer_121.pdb,1,all_shifts,0.0
outputs/Tau5_joint_refinement/AA/pool_1/conformer_122.pdb,1,all_shifts,0.0
outputs/Tau5_joint_refinement/AA/pool_1/conformer_123.pdb,1,all_shifts,0.0
outputs/Tau5_joint_refinement/AA/pool_1/conformer_124.pdb,1,all_shifts,0.01192916741131619
outputs/Tau5_joint_refinement/AA/pool_1/conformer_125.pdb,1,all_shifts,0.0003968616258805727
outputs/Tau5_joint_refinement/AA/pool_1/conformer_126.pdb,1,all_shifts,0.0
outputs/Tau5_joint_refinement/AA/pool_1/conformer_127.pdb,1,all_shifts,0.007781210895509398
outputs/Tau5_joint_refinement/AA/pool_1/conformer_128.pdb,1,all_shifts,0.0
outputs/Tau5_joint_refinement/AA/pool_1/conformer_129.pdb,1,all_shifts,0.0
outputs/Tau5_joint_refinement/AA/pool_1/conformer_13.pdb,1,all_shifts,0.0
outputs/Tau5_joint_refinement/AA/pool_1/conformer_130.pdb,1,all_shifts,0.0
outputs/Tau5_joint_refinement/AA/pool_1/conformer_131.pdb,1,all_shifts,0.0
outputs/Tau5_joint_refinement/AA/pool_1/conformer_132.pdb,1,all_shifts,0.0
outputs/Tau5_joint_refinement/AA/pool_1/conformer_133.pdb,1,all_shifts,0.0
outputs/Tau5_joint_refinement/AA/pool_1/conformer_134.pdb,1,all_shifts,0.0
outputs/Tau5_joint_refinement/AA/pool_1/conformer_135.pdb,1,all_shifts,0.0
outputs/Tau5_joint_refinement/AA/pool_1/conformer_136.pdb,1,all_shifts,0.0
outputs/Tau5_joint_refinement/AA/pool_1/conformer_137.pdb,1,all_shifts,0.0
outputs/Tau5_joint_refinement/AA/pool_1/conformer_138.pdb,1,all_shifts,0.0
outputs/Tau5_joint_refinement/AA/pool_1/conformer_139.pdb,1,all_shifts,0.0
outputs/Tau5_joint_refinement/AA/pool_1/conformer_14.pdb,1,all_shifts,0.02241965188654768
outputs/Tau5_joint_refinement/AA/pool_1/conformer_140.pdb,1,all_shifts,0.0
outputs/Tau5_joint_refinement/AA/pool_1/conformer_141.pdb,1,all_shifts,0.0
outputs/Tau5_joint_refinement/AA/pool_1/conformer_142.pdb,1,all_shifts,0.0
outputs/Tau5_joint_refinement/AA/pool_1/conformer_143.pdb,1,all_shifts,0.0
outputs/Tau5_joint_refinement/AA/pool_1/conformer_144.pdb,1,all_shifts,0.0
outputs/Tau5_joint_refinement/AA/pool_1/conformer_145.pdb,1,all_shifts,0.014876485691305216
outputs/Tau5_joint_refinement/AA/pool_1/conformer_146.pdb,1,all_shifts,0.0
outputs/Tau5_joint_refinement/AA/pool_1/conformer_147.pdb,1,all_shifts,0.0074582297776070745
outputs/Tau5_joint_refinement/AA/pool_1/conformer_148.pdb,1,all_shifts,0.0
outputs/Tau5_joint_refinement/AA/pool_1/conformer_149.pdb,1,all_shifts,0.0
outputs/Tau5_joint_refinement/AA/pool_1/conformer_15.pdb,1,all_shifts,0.0
outputs/Tau5_joint_refinement/AA/pool_1/conformer_150.pdb,1,all_shifts,0.0
outputs/Tau5_joint_refinement/AA/pool_1/conformer_151.pdb,1,all_shifts,0.0
outputs/Tau5_joint_refinement/AA/pool_1/conformer_152.pdb,1,all_shifts,0.0
outputs/Tau5_joint_refinement/AA/pool_1/conformer_153.pdb,1,all_shifts,0.0
outputs/Tau5_joint_refinement/AA/pool_1/conformer_154.pdb,1,all_shifts,0.0
outputs/Tau5_joint_refinement/AA/pool_1/conformer_155.pdb,1,all_shifts,0.0
outputs/Tau5_joint_refinement/AA/pool_1/conformer_156.pdb,1,all_shifts,0.0
outputs/Tau5_joint_refinement/AA/pool_1/conformer_157.pdb,1,all_shifts,0.0
outputs/Tau5_joint_refinement/AA/pool_1/conformer_158.pdb,1,all_shifts,0.0
outputs/Tau5_joint_refinement/AA/pool_1/conformer_159.pdb,1,all_shifts,0.0
outputs/Tau5_joint_refinement/AA/pool_1/conformer_16.pdb,1,all_shifts,0.0
outputs/Tau5_joint_refinement/AA/pool_1/conformer_160.pdb,1,all_shifts,0.0
outputs/Tau5_joint_refinement/AA/pool_1/conformer_161.pdb,1,all_shifts,0.0
outputs/Tau5_joint_refinement/AA/pool_1/conformer_162.pdb,1,all_shifts,0.0
outputs/Tau5_joint_refinement/AA/pool_1/conformer_163.pdb,1,all_shifts,0.0
outputs/Tau5_joint_refinement/AA/pool_1/conformer_164.pdb,1,all_shifts,0.0
outputs/Tau5_joint_refinement/AA/pool_1/conformer_165.pdb,1,all_shifts,0.0012974777211624876
outputs/Tau5_joint_refinement/AA/pool_1/conformer_166.pdb,1,all_shifts,0.0
outputs/Tau5_joint_refinement/AA/pool_1/conformer_167.pdb,1,all_shifts,0.0
outputs/Tau5_joint_refinement/AA/pool_1/conformer_168.pdb,1,all_shifts,0.0
outputs/Tau5_joint_refinement/AA/pool_1/conformer_169.pdb,1,all_shifts,0.0
outputs/Tau5_joint_refinement/AA/pool_1/conformer_17.pdb,1,all_shifts,0.0
outputs/Tau5_joint_refinement/AA/pool_1/conformer_170.pdb,1,all_shifts,0.0
outputs/Tau5_joint_refinement/AA/pool_1/conformer_171.pdb,1,all_shifts,0.0
outputs/Tau5_joint_refinement/AA/pool_1/conformer_172.pdb,1,all_shifts,0.0
outputs/Tau5_joint_refinement/AA/pool_1/conformer_173.pdb,1,all_shifts,0.0
outputs/Tau5_joint_refinement/AA/pool_1/conformer_174.pdb,1,all_shifts,0.0
outputs/Tau5_joint_refinement/AA/pool_1/conformer_175.pdb,1,all_shifts,0.013703996076081972
outputs/Tau5_joint_refinement/AA/pool_1/conformer_176.pdb,1,all_shifts,0.0050896121240711035
outputs/Tau5_joint_refinement/AA/pool_1/conformer_177.pdb,1,all_shifts,0.006989732636021963
outputs/Tau5_joint_refinement/AA/pool_1/conformer_178.pdb,1,all_shifts,0.0
outputs/Tau5_joint_refinement/AA/pool_1/conformer_179.pdb,1,all_shifts,0.0
outputs/Tau5_joint_refinement/AA/pool_1/conformer_18.pdb,1,all_shifts,0.0
outputs/Tau5_joint_refinement/AA/pool_1/conformer_180.pdb,1,all_shifts,0.02194920667437253
outputs/Tau5_joint_refinement/AA/pool_1/conformer_181.pdb,1,all_shifts,0.0
outputs/Tau5_joint_refinement/AA/pool_1/conformer_182.pdb,1,all_shifts,0.008928464263424593
outputs/Tau5_joint_refinement/AA/pool_1/conformer_183.pdb,1,all_shifts,0.0
outputs/Tau5_joint_refinement/AA/pool_1/conformer_184.pdb,1,all_shifts,0.0
outputs/Tau5_joint_refinement/AA/pool_1/conformer_185.pdb,1,all_shifts,0.0046892567095713125
outputs/Tau5_joint_refinement/AA/pool_1/conformer_186.pdb,1,all_shifts,0.0
outputs/Tau5_joint_refinement/AA/pool_1/conformer_187.pdb,1,all_shifts,0.0
outputs/Tau5_joint_refinement/AA/pool_1/conformer_188.pdb,1,all_shifts,0.0
outputs/Tau5_joint_refinement/AA/pool_1/conformer_189.pdb,1,all_shifts,0.0028388899885625433
outputs/Tau5_joint_refinement/AA/pool_1/conformer_19.pdb,1,all_shifts,0.0
outputs/Tau5_joint_refinement/AA/pool_1/conformer_190.pdb,1,all_shifts,0.0
outputs/Tau5_joint_refinement/AA/pool_1/conformer_191.pdb,1,all_shifts,0.0
outputs/Tau5_joint_refinement/AA/pool_1/conformer_192.pdb,1,all_shifts,0.0
outputs/Tau5_joint_refinement/AA/pool_1/conformer_193.pdb,1,all_shifts,0.0
outputs/Tau5_joint_refinement/AA/pool_1/conformer_194.pdb,1,all_shifts,0.0
outputs/Tau5_joint_refinement/AA/pool_1/conformer_195.pdb,1,all_shifts,0.0
outputs/Tau5_joint_refinement/AA/pool_1/conformer_196.pdb,1,all_shifts,0.0
outputs/Tau5_joint_refinement/AA/pool_1/conformer_197.pdb,1,all_shifts,0.016148619524171764
outputs/Tau5_joint_refinement/AA/pool_1/conformer_198.pdb,1,all_shifts,0.0
outputs/Tau5_joint_refinement/AA/pool_1/conformer_199.pdb,1,all_shifts,0.02863679280019912
outputs/Tau5_joint_refinement/AA/pool_1/conformer_2.pdb,1,all_shifts,0.016670341845184733
outputs/Tau5_joint_refinement/AA/pool_1/conformer_20.pdb,1,all_shifts,0.0
outputs/Tau5_joint_refinement/AA/pool_1/conformer_200.pdb,1,all_shifts,0.0
outputs/Tau5_joint_refinement/AA/pool_1/conformer_201.pdb,1,all_shifts,0.0
outputs/Tau5_joint_refinement/AA/pool_1/conformer_202.pdb,1,all_shifts,0.02569098602006848
outputs/Tau5_joint_refinement/AA/pool_1/conformer_203.pdb,1,all_shifts,0.0
outputs/Tau5_joint_refinement/AA/pool_1/conformer_204.pdb,1,all_shifts,0.0
outputs/Tau5_joint_refinement/AA/pool_1/conformer_205.pdb,1,all_shifts,0.0
outputs/Tau5_joint_refinement/AA/pool_1/conformer_206.pdb,1,all_shifts,0.0
outputs/Tau5_joint_refinement/AA/pool_1/conformer_207.pdb,1,all_shifts,0.0
outputs/Tau5_joint_refinement/AA/pool_1/conformer_208.pdb,1,all_shifts,0.0
outputs/Tau5_joint_refinement/AA/pool_1/conformer_209.pdb,1,all_shifts,0.0
outputs/Tau5_joint_refinement/AA/pool_1/conformer_21.pdb,1,all_shifts,0.0
outputs/Tau5_joint_refinement/AA/pool_1/conformer_210.pdb,1,all_shifts,0.0
outputs/Tau5_joint_refinement/AA/pool_1/conformer_211.pdb,1,all_shifts,0.0
outputs/Tau5_joint_refinement/AA/pool_1/conformer_212.pdb,1,all_shifts,0.0
outputs/Tau5_joint_refinement/AA/pool_1/conformer_213.pdb,1,all_shifts,0.0
outputs/Tau5_joint_refinement/AA/pool_1/conformer_214.pdb,1,all_shifts,0.0
outputs/Tau5_joint_refinement/AA/pool_1/conformer_215.pdb,1,all_shifts,0.0
outputs/Tau5_joint_refinement/AA/pool_1/conformer_216.pdb,1,all_shifts,0.0
outputs/Tau5_joint_refinement/AA/pool_1/conformer_217.pdb,1,all_shifts,0.012342555862384006
outputs/Tau5_joint_refinement/AA/pool_1/conformer_218.pdb,1,all_shifts,0.0
outputs/Tau5_joint_refinement/AA/pool_1/conformer_219.pdb,1,all_shifts,0.0
outputs/Tau5_joint_refinement/AA/pool_1/conformer_22.pdb,1,all_shifts,0.0
outputs/Tau5_joint_refinement/AA/pool_1/conformer_220.pdb,1,all_shifts,0.0
outputs/Tau5_joint_refinement/AA/pool_1/conformer_221.pdb,1,all_shifts,0.0
outputs/Tau5_joint_refinement/AA/pool_1/conformer_222.pdb,1,all_shifts,0.0
outputs/Tau5_joint_refinement/AA/pool_1/conformer_223.pdb,1,all_shifts,0.0
outputs/Tau5_joint_refinement/AA/pool_1/conformer_224.pdb,1,all_shifts,0.0
outputs/Tau5_joint_refinement/AA/pool_1/conformer_225.pdb,1,all_shifts,0.0
outputs/Tau5_joint_refinement/AA/pool_1/conformer_226.pdb,1,all_shifts,0.026932646666601195
outputs/Tau5_joint_refinement/AA/pool_1/conformer_227.pdb,1,all_shifts,0.0018929647781696347
outputs/Tau5_joint_refinement/AA/pool_1/conformer_228.pdb,1,all_shifts,0.0
outputs/Tau5_joint_refinement/AA/pool_1/conformer_229.pdb,1,all_shifts,0.009049761504656733
outputs/Tau5_joint_refinement/AA/pool_1/conformer_23.pdb,1,all_shifts,0.0
outputs/Tau5_joint_refinement/AA/pool_1/conformer_230.pdb,1,all_shifts,0.0
outputs/Tau5_joint_refinement/AA/pool_1/conformer_231.pdb,1,all_shifts,0.0
outputs/Tau5_joint_refinement/AA/pool_1/conformer_232.pdb,1,all_shifts,0.0
outputs/Tau5_joint_refinement/AA/pool_1/conformer_233.pdb,1,all_shifts,0.0
outputs/Tau5_joint_refinement/AA/pool_1/conformer_234.pdb,1,all_shifts,0.0
outputs/Tau5_joint_refinement/AA/pool_1/conformer_235.pdb,1,all_shifts,0.0
outputs/Tau5_joint_refinement/AA/pool_1/conformer_236.pdb,1,all_shifts,0.0
outputs/Tau5_joint_refinement/AA/pool_1/conformer_237.pdb,1,all_shifts,0.0
outputs/Tau5_joint_refinement/AA/pool_1/conformer_238.pdb,1,all_shifts,0.0
outputs/Tau5_joint_refinement/AA/pool_1/conformer_239.pdb,1,all_shifts,0.0
outputs/Tau5_joint_refinement/AA/pool_1/conformer_24.pdb,1,all_shifts,0.009362754496443047
outputs/Tau5_joint_refinement/AA/pool_1/conformer_240.pdb,1,all_shifts,0.0
outputs/Tau5_joint_refinement/AA/pool_1/conformer_241.pdb,1,all_shifts,0.0
outputs/Tau5_joint_refinement/AA/pool_1/conformer_242.pdb,1,all_shifts,0.0
outputs/Tau5_joint_refinement/AA/pool_1/conformer_243.pdb,1,all_shifts,0.0
outputs/Tau5_joint_refinement/AA/pool_1/conformer_244.pdb,1,all_shifts,0.010682155457333987
outputs/Tau5_joint_refinement/AA/pool_1/conformer_245.pdb,1,all_shifts,0.0
outputs/Tau5_joint_refinement/AA/pool_1/conformer_246.pdb,1,all_shifts,0.0
outputs/Tau5_joint_refinement/AA/pool_1/conformer_247.pdb,1,all_shifts,0.0
outputs/Tau5_joint_refinement/AA/pool_1/conformer_248.pdb,1,all_shifts,0.0
outputs/Tau5_joint_refinement/AA/pool_1/conformer_249.pdb,1,all_shifts,0.024061804654994287
outputs/Tau5_joint_refinement/AA/pool_1/conformer_25.pdb,1,all_shifts,0.0
outputs/Tau5_joint_refinement/AA/pool_1/conformer_250.pdb,1,all_shifts,0.0
outputs/Tau5_joint_refinement/AA/pool_1/conformer_26.pdb,1,all_shifts,0.0
outputs/Tau5_joint_refinement/AA/pool_1/conformer_27.pdb,1,all_shifts,0.0
outputs/Tau5_joint_refinement/AA/pool_1/conformer_28.pdb,1,all_shifts,0.0
outputs/Tau5_joint_refinement/AA/pool_1/conformer_29.pdb,1,all_shifts,0.0
outputs/Tau5_joint_refinement/AA/pool_1/conformer_3.pdb,1,all_shifts,0.021933095898362735
outputs/Tau5_joint_refinement/AA/pool_1/conformer_30.pdb,1,all_shifts,0.0
outputs/Tau5_joint_refinement/AA/pool_1/conformer_31.pdb,1,all_shifts,0.0
outputs/Tau5_joint_refinement/AA/pool_1/conformer_32.pdb,1,all_shifts,0.0
outputs/Tau5_joint_refinement/AA/pool_1/conformer_33.pdb,1,all_shifts,0.0
outputs/Tau5_joint_refinement/AA/pool_1/conformer_34.pdb,1,all_shifts,0.0
outputs/Tau5_joint_refinement/AA/pool_1/conformer_35.pdb,1,all_shifts,0.04852127102680267
outputs/Tau5_joint_refinement/AA/pool_1/conformer_36.pdb,1,all_shifts,0.0
outputs/Tau5_joint_refinement/AA/pool_1/conformer_37.pdb,1,all_shifts,0.0
outputs/Tau5_joint_refinement/AA/pool_1/conformer_38.pdb,1,all_shifts,0.0
outputs/Tau5_joint_refinement/AA/pool_1/conformer_39.pdb,1,all_shifts,0.0
outputs/Tau5_joint_refinement/AA/pool_1/conformer_4.pdb,1,all_shifts,0.036293346753163876
outputs/Tau5_joint_refinement/AA/pool_1/conformer_40.pdb,1,all_shifts,0.0
outputs/Tau5_joint_refinement/AA/pool_1/conformer_41.pdb,1,all_shifts,0.0
outputs/Tau5_joint_refinement/AA/pool_1/conformer_42.pdb,1,all_shifts,0.0
outputs/Tau5_joint_refinement/AA/pool_1/conformer_43.pdb,1,all_shifts,0.0
outputs/Tau5_joint_refinement/AA/pool_1/conformer_44.pdb,1,all_shifts,0.0
outputs/Tau5_joint_refinement/AA/pool_1/conformer_45.pdb,1,all_shifts,0.0
outputs/Tau5_joint_refinement/AA/pool_1/conformer_46.pdb,1,all_shifts,0.0
outputs/Tau5_joint_refinement/AA/pool_1/conformer_47.pdb,1,all_shifts,0.0
outputs/Tau5_joint_refinement/AA/pool_1/conformer_48.pdb,1,all_shifts,0.0
outputs/Tau5_joint_refinement/AA/pool_1/conformer_49.pdb,1,all_shifts,0.0
outputs/Tau5_joint_refinement/AA/pool_1/conformer_5.pdb,1,all_shifts,0.0
outputs/Tau5_joint_refinement/AA/pool_1/conformer_50.pdb,1,all_shifts,0.0
outputs/Tau5_joint_refinement/AA/pool_1/conformer_51.pdb,1,all_shifts,0.0
outputs/Tau5_joint_refinement/AA/pool_1/conformer_52.pdb,1,all_shifts,0.0
outputs/Tau5_joint_refinement/AA/pool_1/conformer_53.pdb,1,all_shifts,0.006905799695682583
outputs/Tau5_joint_refinement/AA/pool_1/conformer_54.pdb,1,all_shifts,0.0
outputs/Tau5_joint_refinement/AA/pool_1/conformer_55.pdb,1,all_shifts,0.0
outputs/Tau5_joint_refinement/AA/pool_1/conformer_56.pdb,1,all_shifts,0.0
outputs/Tau5_joint_refinement/AA/pool_1/conformer_57.pdb,1,all_shifts,0.008732250467616958
outputs/Tau5_joint_refinement/AA/pool_1/conformer_58.pdb,1,all_shifts,0.0
outputs/Tau5_joint_refinement/AA/pool_1/conformer_59.pdb,1,all_shifts,0.0
outputs/Tau5_joint_refinement/AA/pool_1/conformer_6.pdb,1,all_shifts,0.0
outputs/Tau5_joint_refinement/AA/pool_1/conformer_60.pdb,1,all_shifts,0.005354174965960561
outputs/Tau5_joint_refinement/AA/pool_1/conformer_61.pdb,1,all_shifts,0.0
outputs/Tau5_joint_refinement/AA/pool_1/conformer_62.pdb,1,all_shifts,0.0
outputs/Tau5_joint_refinement/AA/pool_1/conformer_63.pdb,1,all_shifts,0.02832662380334911
outputs/Tau5_joint_refinement/AA/pool_1/conformer_64.pdb,1,all_shifts,0.0
outputs/Tau5_joint_refinement/AA/pool_1/conformer_65.pdb,1,all_shifts,0.0
outputs/Tau5_joint_refinement/AA/pool_1/conformer_66.pdb,1,all_shifts,0.0
outputs/Tau5_joint_refinement/AA/pool_1/conformer_67.pdb,1,all_shifts,0.013963606880917068
outputs/Tau5_joint_refinement/AA/pool_1/conformer_68.pdb,1,all_shifts,0.0
outputs/Tau5_joint_refinement/AA/pool_1/conformer_69.pdb,1,all_shifts,0.019923634649343856
outputs/Tau5_joint_refinement/AA/pool_1/conformer_7.pdb,1,all_shifts,0.0
outputs/Tau5_joint_refinement/AA/pool_1/conformer_70.pdb,1,all_shifts,0.0
outputs/Tau5_joint_refinement/AA/pool_1/conformer_71.pdb,1,all_shifts,0.0
outputs/Tau5_joint_refinement/AA/pool_1/conformer_72.pdb,1,all_shifts,0.0
outputs/Tau5_joint_refinement/AA/pool_1/conformer_73.pdb,1,all_shifts,0.023917529246248126
outputs/Tau5_joint_refinement/AA/pool_1/conformer_74.pdb,1,all_shifts,0.0
outputs/Tau5_joint_refinement/AA/pool_1/conformer_75.pdb,1,all_shifts,0.0
outputs/Tau5_joint_refinement/AA/pool_1/conformer_76.pdb,1,all_shifts,0.0
outputs/Tau5_joint_refinement/AA/pool_1/conformer_77.pdb,1,all_shifts,0.0
outputs/Tau5_joint_refinement/AA/pool_1/conformer_78.pdb,1,all_shifts,0.0
outputs/Tau5_joint_refinement/AA/pool_1/conformer_79.pdb,1,all_shifts,0.000141695079847719
outputs/Tau5_joint_refinement/AA/pool_1/conformer_8.pdb,1,all_shifts,0.0
outputs/Tau5_joint_refinement/AA/pool_1/conformer_80.pdb,1,all_shifts,0.04960032553062605
outputs/Tau5_joint_refinement/AA/pool_1/conformer_81.pdb,1,all_shifts,0.0
outputs/Tau5_joint_refinement/AA/pool_1/conformer_82.pdb,1,all_shifts,0.0
outputs/Tau5_joint_refinement/AA/pool_1/conformer_83.pdb,1,all_shifts,0.0
outputs/Tau5_joint_refinement/AA/pool_1/conformer_84.pdb,1,all_shifts,0.0
outputs/Tau5_joint_refinement/AA/pool_1/conformer_85.pdb,1,all_shifts,0.017802688488928832
outputs/Tau5_joint_refinement/AA/pool_1/conformer_86.pdb,1,all_shifts,0.0
outputs/Tau5_joint_refinement/AA/pool_1/conformer_87.pdb,1,all_shifts,0.0
outputs/Tau5_joint_refinement/AA/pool_1/conformer_88.pdb,1,all_shifts,0.0
outputs/Tau5_joint_refinement/AA/pool_1/conformer_89.pdb,1,all_shifts,0.0
outputs/Tau5_joint_refinement/AA/pool_1/conformer_9.pdb,1,all_shifts,0.0
outputs/Tau5_joint_refinement/AA/pool_1/conformer_90.pdb,1,all_shifts,0.0
outputs/Tau5_joint_refinement/AA/pool_1/conformer_91.pdb,1,all_shifts,0.03637433535472174
outputs/Tau5_joint_refinement/AA/pool_1/conformer_92.pdb,1,all_shifts,0.0
outputs/Tau5_joint_refinement/AA/pool_1/conformer_93.pdb,1,all_shifts,0.0
outputs/Tau5_joint_refinement/AA/pool_1/conformer_94.pdb,1,all_shifts,0.0
outputs/Tau5_joint_refinement/AA/pool_1/conformer_95.pdb,1,all_shifts,0.0
outputs/Tau5_joint_refinement/AA/pool_1/conformer_96.pdb,1,all_shifts,0.0
outputs/Tau5_joint_refinement/AA/pool_1/conformer_97.pdb,1,all_shifts,0.04951948927539124
outputs/Tau5_joint_refinement/AA/pool_1/conformer_98.pdb,1,all_shifts,0.0
outputs/Tau5_joint_refinement/AA/pool_1/conformer_99.pdb,1,all_shifts,0.0
outputs/Tau5_joint_refinement/AA/pool_2/conformer_1.pdb,2,raw,0.004
outputs/Tau5_joint_refinement/AA/pool_2/conformer_10.pdb,2,raw,0.004
outputs/Tau5_joint_refinement/AA/pool_2/conformer_100.pdb,2,raw,0.004
outputs/Tau5_joint_refinement/AA/pool_2/conformer_101.pdb,2,raw,0.004
outputs/Tau5_joint_refinement/AA/pool_2/conformer_102.pdb,2,raw,0.004
outputs/Tau5_joint_refinement/AA/pool_2/conformer_103.pdb,2,raw,0.004
outputs/Tau5_joint_refinement/AA/pool_2/conformer_104.pdb,2,raw,0.004
outputs/Tau5_joint_refinement/AA/pool_2/conformer_105.pdb,2,raw,0.004
outputs/Tau5_joint_refinement/AA/pool_2/conformer_106.pdb,2,raw,0.004
outputs/Tau5_joint_refinement/AA/pool_2/conformer_107.pdb,2,raw,0.004
outputs/Tau5_joint_refinement/AA/pool_2/conformer_108.pdb,2,raw,0.004
outputs/Tau5_joint_refinement/AA/pool_2/conformer_109.pdb,2,raw,0.004
outputs/Tau5_joint_refinement/AA/pool_2/conformer_11.pdb,2,raw,0.004
outputs/Tau5_joint_refinement/AA/pool_2/conformer_110.pdb,2,raw,0.004
outputs/Tau5_joint_refinement/AA/pool_2/conformer_111.pdb,2,raw,0.004
outputs/Tau5_joint_refinement/AA/pool_2/conformer_112.pdb,2,raw,0.004
outputs/Tau5_joint_refinement/AA/pool_2/conformer_113.pdb,2,raw,0.004
outputs/Tau5_joint_refinement/AA/pool_2/conformer_114.pdb,2,raw,0.004
outputs/Tau5_joint_refinement/AA/pool_2/conformer_115.pdb,2,raw,0.004
outputs/Tau5_joint_refinement/AA/pool_2/conformer_116.pdb,2,raw,0.004
outputs/Tau5_joint_refinement/AA/pool_2/conformer_117.pdb,2,raw,0.004
outputs/Tau5_joint_refinement/AA/pool_2/conformer_118.pdb,2,raw,0.004
outputs/Tau5_joint_refinement/AA/pool_2/conformer_119.pdb,2,raw,0.004
outputs/Tau5_joint_refinement/AA/pool_2/conformer_12.pdb,2,raw,0.004
outputs/Tau5_joint_refinement/AA/pool_2/conformer_120.pdb,2,raw,0.004
outputs/Tau5_joint_refinement/AA/pool_2/conformer_121.pdb,2,raw,0.004
outputs/Tau5_joint_refinement/AA/pool_2/conformer_122.pdb,2,raw,0.004
outputs/Tau5_joint_refinement/AA/pool_2/conformer_123.pdb,2,raw,0.004
outputs/Tau5_joint_refinement/AA/pool_2/conformer_124.pdb,2,raw,0.004
outputs/Tau5_joint_refinement/AA/pool_2/conformer_125.pdb,2,raw,0.004
outputs/Tau5_joint_refinement/AA/pool_2/conformer_126.pdb,2,raw,0.004
outputs/Tau5_joint_refinement/AA/pool_2/conformer_127.pdb,2,raw,0.004
outputs/Tau5_joint_refinement/AA/pool_2/conformer_128.pdb,2,raw,0.004
outputs/Tau5_joint_refinement/AA/pool_2/conformer_129.pdb,2,raw,0.004
outputs/Tau5_joint_refinement/AA/pool_2/conformer_13.pdb,2,raw,0.004
outputs/Tau5_joint_refinement/AA/pool_2/conformer_130.pdb,2,raw,0.004
outputs/Tau5_joint_refinement/AA/pool_2/conformer_131.pdb,2,raw,0.004
outputs/Tau5_joint_refinement/AA/pool_2/conformer_132.pdb,2,raw,0.004
outputs/Tau5_joint_refinement/AA/pool_2/conformer_133.pdb,2,raw,0.004
outputs/Tau5_joint_refinement/AA/pool_2/conformer_134.pdb,2,raw,0.004
outputs/Tau5_joint_refinement/AA/pool_2/conformer_135.pdb,2,raw,0.004
outputs/Tau5_joint_refinement/AA/pool_2/conformer_136.pdb,2,raw,0.004
outputs/Tau5_joint_refinement/AA/pool_2/conformer_137.pdb,2,raw,0.004
outputs/Tau5_joint_refinement/AA/pool_2/conformer_138.pdb,2,raw,0.004
outputs/Tau5_joint_refinement/AA/pool_2/conformer_139.pdb,2,raw,0.004
outputs/Tau5_joint_refinement/AA/pool_2/conformer_14.pdb,2,raw,0.004
outputs/Tau5_joint_refinement/AA/pool_2/conformer_140.pdb,2,raw,0.004
outputs/Tau5_joint_refinement/AA/pool_2/conformer_141.pdb,2,raw,0.004
outputs/Tau5_joint_refinement/AA/pool_2/conformer_142.pdb,2,raw,0.004
outputs/Tau5_joint_refinement/AA/pool_2/conformer_143.pdb,2,raw,0.004
outputs/Tau5_joint_refinement/AA/pool_2/conformer_144.pdb,2,raw,0.004
outputs/Tau5_joint_refinement/AA/pool_2/conformer_145.pdb,2,raw,0.004
outputs/Tau5_joint_refinement/AA/pool_2/conformer_146.pdb,2,raw,0.004
outputs/Tau5_joint_refinement/AA/pool_2/conformer_147.pdb,2,raw,0.004
outputs/Tau5_joint_refinement/AA/pool_2/conformer_148.pdb,2,raw,0.004
outputs/Tau5_joint_refinement/AA/pool_2/conformer_149.pdb,2,raw,0.004
outputs/Tau5_joint_refinement/AA/pool_2/conformer_15.pdb,2,raw,0.004
outputs/Tau5_joint_refinement/AA/pool_2/conformer_150.pdb,2,raw,0.004
outputs/Tau5_joint_refinement/AA/pool_2/conformer_151.pdb,2,raw,0.004
outputs/Tau5_joint_refinement/AA/pool_2/conformer_152.pdb,2,raw,0.004
outputs/Tau5_joint_refinement/AA/pool_2/conformer_153.pdb,2,raw,0.004
outputs/Tau5_joint_refinement/AA/pool_2/conformer_154.pdb,2,raw,0.004
outputs/Tau5_joint_refinement/AA/pool_2/conformer_155.pdb,2,raw,0.004
outputs/Tau5_joint_refinement/AA/pool_2/conformer_156.pdb,2,raw,0.004
outputs/Tau5_joint_refinement/AA/pool_2/conformer_157.pdb,2,raw,0.004
outputs/Tau5_joint_refinement/AA/pool_2/conformer_158.pdb,2,raw,0.004
outputs/Tau5_joint_refinement/AA/pool_2/conformer_159.pdb,2,raw,0.004
outputs/Tau5_joint_refinement/AA/pool_2/conformer_16.pdb,2,raw,0.004
outputs/Tau5_joint_refinement/AA/pool_2/conformer_160.pdb,2,raw,0.004
outputs/Tau5_joint_refinement/AA/pool_2/conformer_161.pdb,2,raw,0.004
outputs/Tau5_joint_refinement/AA/pool_2/conformer_162.pdb,2,raw,0.004
outputs/Tau5_joint_refinement/AA/pool_2/conformer_163.pdb,2,raw,0.004
outputs/Tau5_joint_refinement/AA/pool_2/conformer_164.pdb,2,raw,0.004
outputs/Tau5_joint_refinement/AA/pool_2/conformer_165.pdb,2,raw,0.004
outputs/Tau5_joint_refinement/AA/pool_2/conformer_166.pdb,2,raw,0.004
outputs/Tau5_joint_refinement/AA/pool_2/conformer_167.pdb,2,raw,0.004
outputs/Tau5_joint_refinement/AA/pool_2/conformer_168.pdb,2,raw,0.004
outputs/Tau5_joint_refinement/AA/pool_2/conformer_169.pdb,2,raw,0.004
outputs/Tau5_joint_refinement/AA/pool_2/conformer_17.pdb,2,raw,0.004
outputs/Tau5_joint_refinement/AA/pool_2/conformer_170.pdb,2,raw,0.004
outputs/Tau5_joint_refinement/AA/pool_2/conformer_171.pdb,2,raw,0.004
outputs/Tau5_joint_refinement/AA/pool_2/conformer_172.pdb,2,raw,0.004
outputs/Tau5_joint_refinement/AA/pool_2/conformer_173.pdb,2,raw,0.004
outputs/Tau5_joint_refinement/AA/pool_2/conformer_174.pdb,2,raw,0.004
outputs/Tau5_joint_refinement/AA/pool_2/conformer_175.pdb,2,raw,0.004
outputs/Tau5_joint_refinement/AA/pool_2/conformer_176.pdb,2,raw,0.004
outputs/Tau5_joint_refinement/AA/pool_2/conformer_177.pdb,2,raw,0.004
outputs/Tau5_joint_refinement/AA/pool_2/conformer_178.pdb,2,raw,0.004
outputs/Tau5_joint_refinement/AA/pool_2/conformer_179.pdb,2,raw,0.004
outputs/Tau5_joint_refinement/AA/pool_2/conformer_18.pdb,2,raw,0.004
outputs/Tau5_joint_refinement/AA/pool_2/conformer_180.pdb,2,raw,0.004
outputs/Tau5_joint_refinement/AA/pool_2/conformer_181.pdb,2,raw,0.004
outputs/Tau5_joint_refinement/AA/pool_2/conformer_182.pdb,2,raw,0.004
outputs/Tau5_joint_refinement/AA/pool_2/conformer_183.pdb,2,raw,0.004
outputs/Tau5_joint_refinement/AA/pool_2/conformer_184.pdb,2,raw,0.004
outputs/Tau5_joint_refinement/AA/pool_2/conformer_185.pdb,2,raw,0.004
outputs/Tau5_joint_refinement/AA/pool_2/conformer_186.pdb,2,raw,0.004
outputs/Tau5_joint_refinement/AA/pool_2/conformer_187.pdb,2,raw,0.004
outputs/Tau5_joint_refinement/AA/pool_2/conformer_188.pdb,2,raw,0.004
outputs/Tau5_joint_refinement/AA/pool_2/conformer_189.pdb,2,raw,0.004
outputs/Tau5_joint_refinement/AA/pool_2/conformer_19.pdb,2,raw,0.004
outputs/Tau5_joint_refinement/AA/pool_2/conformer_190.pdb,2,raw,0.004
outputs/Tau5_joint_refinement/AA/pool_2/conformer_191.pdb,2,raw,0.004
outputs/Tau5_joint_refinement/AA/pool_2/conformer_192.pdb,2,raw,0.004
outputs/Tau5_joint_refinement/AA/pool_2/conformer_193.pdb,2,raw,0.004
outputs/Tau5_joint_refinement/AA/pool_2/conformer_194.pdb,2,raw,0.004
outputs/Tau5_joint_refinement/AA/pool_2/conformer_195.pdb,2,raw,0.004
outputs/Tau5_joint_refinement/AA/pool_2/conformer_196.pdb,2,raw,0.004
outputs/Tau5_joint_refinement/AA/pool_2/conformer_197.pdb,2,raw,0.004
outputs/Tau5_joint_refinement/AA/pool_2/conformer_198.pdb,2,raw,0.004
outputs/Tau5_joint_refinement/AA/pool_2/conformer_199.pdb,2,raw,0.004
outputs/Tau5_joint_refinement/AA/pool_2/conformer_2.pdb,2,raw,0.004
outputs/Tau5_joint_refinement/AA/pool_2/conformer_20.pdb,2,raw,0.004
outputs/Tau5_joint_refinement/AA/pool_2/conformer_200.pdb,2,raw,0.004
outputs/Tau5_joint_refinement/AA/pool_2/conformer_201.pdb,2,raw,0.004
outputs/Tau5_joint_refinement/AA/pool_2/conformer_202.pdb,2,raw,0.004
outputs/Tau5_joint_refinement/AA/pool_2/conformer_203.pdb,2,raw,0.004
outputs/Tau5_joint_refinement/AA/pool_2/conformer_204.pdb,2,raw,0.004
outputs/Tau5_joint_refinement/AA/pool_2/conformer_205.pdb,2,raw,0.004
outputs/Tau5_joint_refinement/AA/pool_2/conformer_206.pdb,2,raw,0.004
outputs/Tau5_joint_refinement/AA/pool_2/conformer_207.pdb,2,raw,0.004
outputs/Tau5_joint_refinement/AA/pool_2/conformer_208.pdb,2,raw,0.004
outputs/Tau5_joint_refinement/AA/pool_2/conformer_209.pdb,2,raw,0.004
outputs/Tau5_joint_refinement/AA/pool_2/conformer_21.pdb,2,raw,0.004
outputs/Tau5_joint_refinement/AA/pool_2/conformer_210.pdb,2,raw,0.004
outputs/Tau5_joint_refinement/AA/pool_2/conformer_211.pdb,2,raw,0.004
outputs/Tau5_joint_refinement/AA/pool_2/conformer_212.pdb,2,raw,0.004
outputs/Tau5_joint_refinement/AA/pool_2/conformer_213.pdb,2,raw,0.004
outputs/Tau5_joint_refinement/AA/pool_2/conformer_214.pdb,2,raw,0.004
outputs/Tau5_joint_refinement/AA/pool_2/conformer_215.pdb,2,raw,0.004
outputs/Tau5_joint_refinement/AA/pool_2/conformer_216.pdb,2,raw,0.004
outputs/Tau5_joint_refinement/AA/pool_2/conformer_217.pdb,2,raw,0.004
outputs/Tau5_joint_refinement/AA/pool_2/conformer_218.pdb,2,raw,0.004
outputs/Tau5_joint_refinement/AA/pool_2/conformer_219.pdb,2,raw,0.004
outputs/Tau5_joint_refinement/AA/pool_2/conformer_22.pdb,2,raw,0.004
outputs/Tau5_joint_refinement/AA/pool_2/conformer_220.pdb,2,raw,0.004
outputs/Tau5_joint_refinement/AA/pool_2/conformer_221.pdb,2,raw,0.004
outputs/Tau5_joint_refinement/AA/pool_2/conformer_222.pdb,2,raw,0.004
outputs/Tau5_joint_refinement/AA/pool_2/conformer_223.pdb,2,raw,0.004
outputs/Tau5_joint_refinement/AA/pool_2/conformer_224.pdb,2,raw,0.004
outputs/Tau5_joint_refinement/AA/pool_2/conformer_225.pdb,2,raw,0.004
outputs/Tau5_joint_refinement/AA/pool_2/conformer_226.pdb,2,raw,0.004
outputs/Tau5_joint_refinement/AA/pool_2/conformer_227.pdb,2,raw,0.004
outputs/Tau5_joint_refinement/AA/pool_2/conformer_228.pdb,2,raw,0.004
outputs/Tau5_joint_refinement/AA/pool_2/conformer_229.pdb,2,raw,0.004
outputs/Tau5_joint_refinement/AA/pool_2/conformer_23.pdb,2,raw,0.004
outputs/Tau5_joint_refinement/AA/pool_2/conformer_230.pdb,2,raw,0.004
outputs/Tau5_joint_refinement/AA/pool_2/conformer_231.pdb,2,raw,0.004
outputs/Tau5_joint_refinement/AA/pool_2/conformer_232.pdb,2,raw,0.004
outputs/Tau5_joint_refinement/AA/pool_2/conformer_233.pdb,2,raw,0.004
outputs/Tau5_joint_refinement/AA/pool_2/conformer_234.pdb,2,raw,0.004
outputs/Tau5_joint_refinement/AA/pool_2/conformer_235.pdb,2,raw,0.004
outputs/Tau5_joint_refinement/AA/pool_2/conformer_236.pdb,2,raw,0.004
outputs/Tau5_joint_refinement/AA/pool_2/conformer_237.pdb,2,raw,0.004
outputs/Tau5_joint_refinement/AA/pool_2/conformer_238.pdb,2,raw,0.004
outputs/Tau5_joint_refinement/AA/pool_2/conformer_239.pdb,2,raw,0.004
outputs/Tau5_joint_refinement/AA/pool_2/conformer_24.pdb,2,raw,0.004
outputs/Tau5_joint_refinement/AA/pool_2/conformer_240.pdb,2,raw,0.004
outputs/Tau5_joint_refinement/AA/pool_2/conformer_241.pdb,2,raw,0.004
outputs/Tau5_joint_refinement/AA/pool_2/conformer_242.pdb,2,raw,0.004
outputs/Tau5_joint_refinement/AA/pool_2/conformer_243.pdb,2,raw,0.004
outputs/Tau5_joint_refinement/AA/pool_2/conformer_244.pdb,2,raw,0.004
outputs/Tau5_joint_refinement/AA/pool_2/conformer_245.pdb,2,raw,0.004
outputs/Tau5_joint_refinement/AA/pool_2/conformer_246.pdb,2,raw,0.004
outputs/Tau5_joint_refinement/AA/pool_2/conformer_247.pdb,2,raw,0.004
outputs/Tau5_joint_refinement/AA/pool_2/conformer_248.pdb,2,raw,0.004
outputs/Tau5_joint_refinement/AA/pool_2/conformer_249.pdb,2,raw,0.004
outputs/Tau5_joint_refinement/AA/pool_2/conformer_25.pdb,2,raw,0.004
outputs/Tau5_joint_refinement/AA/pool_2/conformer_250.pdb,2,raw,0.004
outputs/Tau5_joint_refinement/AA/pool_2/conformer_26.pdb,2,raw,0.004
outputs/Tau5_joint_refinement/AA/pool_2/conformer_27.pdb,2,raw,0.004
outputs/Tau5_joint_refinement/AA/pool_2/conformer_28.pdb,2,raw,0.004
outputs/Tau5_joint_refinement/AA/pool_2/conformer_29.pdb,2,raw,0.004
outputs/Tau5_joint_refinement/AA/pool_2/conformer_3.pdb,2,raw,0.004
outputs/Tau5_joint_refinement/AA/pool_2/conformer_30.pdb,2,raw,0.004
outputs/Tau5_joint_refinement/AA/pool_2/conformer_31.pdb,2,raw,0.004
outputs/Tau5_joint_refinement/AA/pool_2/conformer_32.pdb,2,raw,0.004
outputs/Tau5_joint_refinement/AA/pool_2/conformer_33.pdb,2,raw,0.004
outputs/Tau5_joint_refinement/AA/pool_2/conformer_34.pdb,2,raw,0.004
outputs/Tau5_joint_refinement/AA/pool_2/conformer_35.pdb,2,raw,0.004
outputs/Tau5_joint_refinement/AA/pool_2/conformer_36.pdb,2,raw,0.004
outputs/Tau5_joint_refinement/AA/pool_2/conformer_37.pdb,2,raw,0.004
outputs/Tau5_joint_refinement/AA/pool_2/conformer_38.pdb,2,raw,0.004
outputs/Tau5_joint_refinement/AA/pool_2/conformer_39.pdb,2,raw,0.004
outputs/Tau5_joint_refinement/AA/pool_2/conformer_4.pdb,2,raw,0.004
outputs/Tau5_joint_refinement/AA/pool_2/conformer_40.pdb,2,raw,0.004
outputs/Tau5_joint_refinement/AA/pool_2/conformer_41.pdb,2,raw,0.004
outputs/Tau5_joint_refinement/AA/pool_2/conformer_42.pdb,2,raw,0.004
outputs/Tau5_joint_refinement/AA/pool_2/conformer_43.pdb,2,raw,0.004
outputs/Tau5_joint_refinement/AA/pool_2/conformer_44.pdb,2,raw,0.004
outputs/Tau5_joint_refinement/AA/pool_2/conformer_45.pdb,2,raw,0.004
outputs/Tau5_joint_refinement/AA/pool_2/conformer_46.pdb,2,raw,0.004
outputs/Tau5_joint_refinement/AA/pool_2/conformer_47.pdb,2,raw,0.004
outputs/Tau5_joint_refinement/AA/pool_2/conformer_48.pdb,2,raw,0.004
outputs/Tau5_joint_refinement/AA/pool_2/conformer_49.pdb,2,raw,0.004
outputs/Tau5_joint_refinement/AA/pool_2/conformer_5.pdb,2,raw,0.004
outputs/Tau5_joint_refinement/AA/pool_2/conformer_50.pdb,2,raw,0.004
outputs/Tau5_joint_refinement/AA/pool_2/conformer_51.pdb,2,raw,0.004
outputs/Tau5_joint_refinement/AA/pool_2/conformer_52.pdb,2,raw,0.004
outputs/Tau5_joint_refinement/AA/pool_2/conformer_53.pdb,2,raw,0.004
outputs/Tau5_joint_refinement/AA/pool_2/conformer_54.pdb,2,raw,0.004
outputs/Tau5_joint_refinement/AA/pool_2/conformer_55.pdb,2,raw,0.004
outputs/Tau5_joint_refinement/AA/pool_2/conformer_56.pdb,2,raw,0.004
outputs/Tau5_joint_refinement/AA/pool_2/conformer_57.pdb,2,raw,0.004
outputs/Tau5_joint_refinement/AA/pool_2/conformer_58.pdb,2,raw,0.004
outputs/Tau5_joint_refinement/AA/pool_2/conformer_59.pdb,2,raw,0.004
outputs/Tau5_joint_refinement/AA/pool_2/conformer_6.pdb,2,raw,0.004
outputs/Tau5_joint_refinement/AA/pool_2/conformer_60.pdb,2,raw,0.004
outputs/Tau5_joint_refinement/AA/pool_2/conformer_61.pdb,2,raw,0.004
outputs/Tau5_joint_refinement/AA/pool_2/conformer_62.pdb,2,raw,0.004
outputs/Tau5_joint_refinement/AA/pool_2/conformer_63.pdb,2,raw,0.004
outputs/Tau5_joint_refinement/AA/pool_2/conformer_64.pdb,2,raw,0.004
outputs/Tau5_joint_refinement/AA/pool_2/conformer_65.pdb,2,raw,0.004
outputs/Tau5_joint_refinement/AA/pool_2/conformer_66.pdb,2,raw,0.004
outputs/Tau5_joint_refinement/AA/pool_2/conformer_67.pdb,2,raw,0.004
outputs/Tau5_joint_refinement/AA/pool_2/conformer_68.pdb,2,raw,0.004
outputs/Tau5_joint_refinement/AA/pool_2/conformer_69.pdb,2,raw,0.004
outputs/Tau5_joint_refinement/AA/pool_2/conformer_7.pdb,2,raw,0.004
outputs/Tau5_joint_refinement/AA/pool_2/conformer_70.pdb,2,raw,0.004
outputs/Tau5_joint_refinement/AA/pool_2/conformer_71.pdb,2,raw,0.004
outputs/Tau5_joint_refinement/AA/pool_2/conformer_72.pdb,2,raw,0.004
outputs/Tau5_joint_refinement/AA/pool_2/conformer_73.pdb,2,raw,0.004
outputs/Tau5_joint_refinement/AA/pool_2/conformer_74.pdb,2,raw,0.004
outputs/Tau5_joint_refinement/AA/pool_2/conformer_75.pdb,2,raw,0.004
outputs/Tau5_joint_refinement/AA/pool_2/conformer_76.pdb,2,raw,0.004
outputs/Tau5_joint_refinement/AA/pool_2/conformer_77.pdb,2,raw,0.004
outputs/Tau5_joint_refinement/AA/pool_2/conformer_78.pdb,2,raw,0.004
outputs/Tau5_joint_refinement/AA/pool_2/conformer_79.pdb,2,raw,0.004
outputs/Tau5_joint_refinement/AA/pool_2/conformer_8.pdb,2,raw,0.004
outputs/Tau5_joint_refinement/AA/pool_2/conformer_80.pdb,2,raw,0.004
outputs/Tau5_joint_refinement/AA/pool_2/conformer_81.pdb,2,raw,0.004
outputs/Tau5_joint_refinement/AA/pool_2/conformer_82.pdb,2,raw,0.004
outputs/Tau5_joint_refinement/AA/pool_2/conformer_83.pdb,2,raw,0.004
outputs/Tau5_joint_refinement/AA/pool_2/conformer_84.pdb,2,raw,0.004
outputs/Tau5_joint_refinement/AA/pool_2/conformer_85.pdb,2,raw,0.004
outputs/Tau5_joint_refinement/AA/pool_2/conformer_86.pdb,2,raw,0.004
outputs/Tau5_joint_refinement/AA/pool_2/conformer_87.pdb,2,raw,0.004
outputs/Tau5_joint_refinement/AA/pool_2/conformer_88.pdb,2,raw,0.004
outputs/Tau5_joint_refinement/AA/pool_2/conformer_89.pdb,2,raw,0.004
outputs/Tau5_joint_refinement/AA/pool_2/conformer_9.pdb,2,raw,0.004
outputs/Tau5_joint_refinement/AA/pool_2/conformer_90.pdb,2,raw,0.004
outputs/Tau5_joint_refinement/AA/pool_2/conformer_91.pdb,2,raw,0.004
outputs/Tau5_joint_refinement/AA/pool_2/conformer_92.pdb,2,raw,0.004
outputs/Tau5_joint_refinement/AA/pool_2/conformer_93.pdb,2,raw,0.004
outputs/Tau5_joint_refinement/AA/pool_2/conformer_94.pdb,2,raw,0.004
outputs/Tau5_joint_refinement/AA/pool_2/conformer_95.pdb,2,raw,0.004
outputs/Tau5_joint_refinement/AA/pool_2/conformer_96.pdb,2,raw,0.004
outputs/Tau5_joint_refinement/AA/pool_2/conformer_97.pdb,2,raw,0.004
outputs/Tau5_joint_refinement/AA/pool_2/conformer_98.pdb,2,raw,0.004
outputs/Tau5_joint_refinement/AA/pool_2/conformer_99.pdb,2,raw,0.004
outputs/Tau5_joint_refinement/AA/pool_2/conformer_1.pdb,2,carbon_only,0.013727426539486104
outputs/Tau5_joint_refinement/AA/pool_2/conformer_10.pdb,2,carbon_only,0.0
outputs/Tau5_joint_refinement/AA/pool_2/conformer_100.pdb,2,carbon_only,0.0
outputs/Tau5_joint_refinement/AA/pool_2/conformer_101.pdb,2,carbon_only,0.0
outputs/Tau5_joint_refinement/AA/pool_2/conformer_102.pdb,2,carbon_only,0.0
outputs/Tau5_joint_refinement/AA/pool_2/conformer_103.pdb,2,carbon_only,0.0
outputs/Tau5_joint_refinement/AA/pool_2/conformer_104.pdb,2,carbon_only,0.0
outputs/Tau5_joint_refinement/AA/pool_2/conformer_105.pdb,2,carbon_only,0.0
outputs/Tau5_joint_refinement/AA/pool_2/conformer_106.pdb,2,carbon_only,0.0
outputs/Tau5_joint_refinement/AA/pool_2/conformer_107.pdb,2,carbon_only,0.010929045162789546
outputs/Tau5_joint_refinement/AA/pool_2/conformer_108.pdb,2,carbon_only,0.0
outputs/Tau5_joint_refinement/AA/pool_2/conformer_109.pdb,2,carbon_only,0.0
outputs/Tau5_joint_refinement/AA/pool_2/conformer_11.pdb,2,carbon_only,0.0
outputs/Tau5_joint_refinement/AA/pool_2/conformer_110.pdb,2,carbon_only,0.008229179556691054
outputs/Tau5_joint_refinement/AA/pool_2/conformer_111.pdb,2,carbon_only,0.04914935469190544
outputs/Tau5_joint_refinement/AA/pool_2/conformer_112.pdb,2,carbon_only,0.0
outputs/Tau5_joint_refinement/AA/pool_2/conformer_113.pdb,2,carbon_only,0.0
outputs/Tau5_joint_refinement/AA/pool_2/conformer_114.pdb,2,carbon_only,0.0
outputs/Tau5_joint_refinement/AA/pool_2/conformer_115.pdb,2,carbon_only,0.0
outputs/Tau5_joint_refinement/AA/pool_2/conformer_116.pdb,2,carbon_only,0.0
outputs/Tau5_joint_refinement/AA/pool_2/conformer_117.pdb,2,carbon_only,0.0
outputs/Tau5_joint_refinement/AA/pool_2/conformer_118.pdb,2,carbon_only,0.0016272506895737044
outputs/Tau5_joint_refinement/AA/pool_2/conformer_119.pdb,2,carbon_only,0.0
outputs/Tau5_joint_refinement/AA/pool_2/conformer_12.pdb,2,carbon_only,0.01299668079362585
outputs/Tau5_joint_refinement/AA/pool_2/conformer_120.pdb,2,carbon_only,0.0
outputs/Tau5_joint_refinement/AA/pool_2/conformer_121.pdb,2,carbon_only,0.0
outputs/Tau5_joint_refinement/AA/pool_2/conformer_122.pdb,2,carbon_only,0.014940916714704757
outputs/Tau5_joint_refinement/AA/pool_2/conformer_123.pdb,2,carbon_only,0.04272803553547538
outputs/Tau5_joint_refinement/AA/pool_2/conformer_124.pdb,2,carbon_only,0.0
outputs/Tau5_joint_refinement/AA/pool_2/conformer_125.pdb,2,carbon_only,0.0
outputs/Tau5_joint_refinement/AA/pool_2/conformer_126.pdb,2,carbon_only,0.0
outputs/Tau5_joint_refinement/AA/pool_2/conformer_127.pdb,2,carbon_only,0.0
outputs/Tau5_joint_refinement/AA/pool_2/conformer_128.pdb,2,carbon_only,0.0
outputs/Tau5_joint_refinement/AA/pool_2/conformer_129.pdb,2,carbon_only,0.0
outputs/Tau5_joint_refinement/AA/pool_2/conformer_13.pdb,2,carbon_only,0.0
outputs/Tau5_joint_refinement/AA/pool_2/conformer_130.pdb,2,carbon_only,0.0
outputs/Tau5_joint_refinement/AA/pool_2/conformer_131.pdb,2,carbon_only,0.0
outputs/Tau5_joint_refinement/AA/pool_2/conformer_132.pdb,2,carbon_only,0.0
outputs/Tau5_joint_refinement/AA/pool_2/conformer_133.pdb,2,carbon_only,0.0
outputs/Tau5_joint_refinement/AA/pool_2/conformer_134.pdb,2,carbon_only,0.0020478176128370085
outputs/Tau5_joint_refinement/AA/pool_2/conformer_135.pdb,2,carbon_only,0.02858210300396964
outputs/Tau5_joint_refinement/AA/pool_2/conformer_136.pdb,2,carbon_only,0.0
outputs/Tau5_joint_refinement/AA/pool_2/conformer_137.pdb,2,carbon_only,0.0
outputs/Tau5_joint_refinement/AA/pool_2/conformer_138.pdb,2,carbon_only,0.0
outputs/Tau5_joint_refinement/AA/pool_2/conformer_139.pdb,2,carbon_only,0.0
outputs/Tau5_joint_refinement/AA/pool_2/conformer_14.pdb,2,carbon_only,0.0
outputs/Tau5_joint_refinement/AA/pool_2/conformer_140.pdb,2,carbon_only,0.029813047018884906
outputs/Tau5_joint_refinement/AA/pool_2/conformer_141.pdb,2,carbon_only,0.009950008718056047
outputs/Tau5_joint_refinement/AA/pool_2/conformer_142.pdb,2,carbon_only,0.0
outputs/Tau5_joint_refinement/AA/pool_2/conformer_143.pdb,2,carbon_only,0.0
outputs/Tau5_joint_refinement/AA/pool_2/conformer_144.pdb,2,carbon_only,0.0
outputs/Tau5_joint_refinement/AA/pool_2/conformer_145.pdb,2,carbon_only,0.0
outputs/Tau5_joint_refinement/AA/pool_2/conformer_146.pdb,2,carbon_only,0.0
outputs/Tau5_joint_refinement/AA/pool_2/conformer_147.pdb,2,carbon_only,0.0
outputs/Tau5_joint_refinement/AA/pool_2/conformer_148.pdb,2,carbon_only,0.0
outputs/Tau5_joint_refinement/AA/pool_2/conformer_149.pdb,2,carbon_only,0.041916788762491004
outputs/Tau5_joint_refinement/AA/pool_2/conformer_15.pdb,2,carbon_only,0.0
outputs/Tau5_joint_refinement/AA/pool_2/conformer_150.pdb,2,carbon_only,0.02569183952698206
outputs/Tau5_joint_refinement/AA/pool_2/conformer_151.pdb,2,carbon_only,0.0
outputs/Tau5_joint_refinement/AA/pool_2/conformer_152.pdb,2,carbon_only,0.0
outputs/Tau5_joint_refinement/AA/pool_2/conformer_153.pdb,2,carbon_only,0.0
outputs/Tau5_joint_refinement/AA/pool_2/conformer_154.pdb,2,carbon_only,0.0
outputs/Tau5_joint_refinement/AA/pool_2/conformer_155.pdb,2,carbon_only,0.0
outputs/Tau5_joint_refinement/AA/pool_2/conformer_156.pdb,2,carbon_only,0.0
outputs/Tau5_joint_refinement/AA/pool_2/conformer_157.pdb,2,carbon_only,0.0
outputs/Tau5_joint_refinement/AA/pool_2/conformer_158.pdb,2,carbon_only,0.0
outputs/Tau5_joint_refinement/AA/pool_2/conformer_159.pdb,2,carbon_only,0.0
outputs/Tau5_joint_refinement/AA/pool_2/conformer_16.pdb,2,carbon_only,0.0
outputs/Tau5_joint_refinement/AA/pool_2/conformer_160.pdb,2,carbon_only,0.0
outputs/Tau5_joint_refinement/AA/pool_2/conformer_161.pdb,2,carbon_only,0.0
outputs/Tau5_joint_refinement/AA/pool_2/conformer_162.pdb,2,carbon_only,0.0
outputs/Tau5_joint_refinement/AA/pool_2/conformer_163.pdb,2,carbon_only,0.0
outputs/Tau5_joint_refinement/AA/pool_2/conformer_164.pdb,2,carbon_only,0.0
outputs/Tau5_joint_refinement/AA/pool_2/conformer_165.pdb,2,carbon_only,0.002227466498183714
outputs/Tau5_joint_refinement/AA/pool_2/conformer_166.pdb,2,carbon_only,0.0
outputs/Tau5_joint_refinement/AA/pool_2/conformer_167.pdb,2,carbon_only,0.01846078714285091
outputs/Tau5_joint_refinement/AA/pool_2/conformer_168.pdb,2,carbon_only,0.0
outputs/Tau5_joint_refinement/AA/pool_2/conformer_169.pdb,2,carbon_only,0.0
outputs/Tau5_joint_refinement/AA/pool_2/conformer_17.pdb,2,carbon_only,0.0
outputs/Tau5_joint_refinement/AA/pool_2/conformer_170.pdb,2,carbon_only,0.0
outputs/Tau5_joint_refinement/AA/pool_2/conformer_171.pdb,2,carbon_only,0.0491595560214556
outputs/Tau5_joint_refinement/AA/pool_2/conformer_172.pdb,2,carbon_only,0.0
outputs/Tau5_joint_refinement/AA/pool_2/conformer_173.pdb,2,carbon_only,0.03804940948558005
outputs/Tau5_joint_refinement/AA/pool_2/conformer_174.pdb,2,carbon_only,0.0
outputs/Tau5_joint_refinement/AA/pool_2/conformer_175.pdb,2,carbon_only,0.0
outputs/Tau5_joint_refinement/AA/pool_2/conformer_176.pdb,2,carbon_only,0.0
outputs/Tau5_joint_refinement/AA/pool_2/conformer_177.pdb,2,carbon_only,0.0
outputs/Tau5_joint_refinement/AA/pool_2/conformer_178.pdb,2,carbon_only,0.0
outputs/Tau5_joint_refinement/AA/pool_2/conformer_179.pdb,2,carbon_only,0.0
outputs/Tau5_joint_refinement/AA/pool_2/conformer_18.pdb,2,carbon_only,0.01505093063757277
outputs/Tau5_joint_refinement/AA/pool_2/conformer_180.pdb,2,carbon_only,0.0
outputs/Tau5_joint_refinement/AA/pool_2/conformer_181.pdb,2,carbon_only,0.0
outputs/Tau5_joint_refinement/AA/pool_2/conformer_182.pdb,2,carbon_only,0.0
outputs/Tau5_joint_refinement/AA/pool_2/conformer_183.pdb,2,carbon_only,0.0
outputs/Tau5_joint_refinement/AA/pool_2/conformer_184.pdb,2,carbon_only,0.0
outputs/Tau5_joint_refinement/AA/pool_2/conformer_185.pdb,2,carbon_only,0.008898466577300656
outputs/Tau5_joint_refinement/AA/pool_2/conformer_186.pdb,2,carbon_only,0.0
outputs/Tau5_joint_refinement/AA/pool_2/conformer_187.pdb,2,carbon_only,0.0
outputs/Tau5_joint_refinement/AA/pool_2/conformer_188.pdb,2,carbon_only,0.0
outputs/Tau5_joint_refinement/AA/pool_2/conformer_189.pdb,2,carbon_only,0.0
outputs/Tau5_joint_refinement/AA/pool_2/conformer_19.pdb,2,carbon_only,0.0
outputs/Tau5_joint_refinement/AA/pool_2/conformer_190.pdb,2,carbon_only,0.0
outputs/Tau5_joint_refinement/AA/pool_2/conformer_191.pdb,2,carbon_only,0.0
outputs/Tau5_joint_refinement/AA/pool_2/conformer_192.pdb,2,carbon_only,0.006584806601016024
outputs/Tau5_joint_refinement/AA/pool_2/conformer_193.pdb,2,carbon_only,0.0
outputs/Tau5_joint_refinement/AA/pool_2/conformer_194.pdb,2,carbon_only,0.0
outputs/Tau5_joint_refinement/AA/pool_2/conformer_195.pdb,2,carbon_only,0.0
outputs/Tau5_joint_refinement/AA/pool_2/conformer_196.pdb,2,carbon_only,0.0
outputs/Tau5_joint_refinement/AA/pool_2/conformer_197.pdb,2,carbon_only,0.03168856492305287
outputs/Tau5_joint_refinement/AA/pool_2/conformer_198.pdb,2,carbon_only,0.0
outputs/Tau5_joint_refinement/AA/pool_2/conformer_199.pdb,2,carbon_only,0.0
outputs/Tau5_joint_refinement/AA/pool_2/conformer_2.pdb,2,carbon_only,0.0
outputs/Tau5_joint_refinement/AA/pool_2/conformer_20.pdb,2,carbon_only,0.0
outputs/Tau5_joint_refinement/AA/pool_2/conformer_200.pdb,2,carbon_only,0.0
outputs/Tau5_joint_refinement/AA/pool_2/conformer_201.pdb,2,carbon_only,0.0
outputs/Tau5_joint_refinement/AA/pool_2/conformer_202.pdb,2,carbon_only,0.0
outputs/Tau5_joint_refinement/AA/pool_2/conformer_203.pdb,2,carbon_only,0.02823532383632875
outputs/Tau5_joint_refinement/AA/pool_2/conformer_204.pdb,2,carbon_only,0.0054545725796137
outputs/Tau5_joint_refinement/AA/pool_2/conformer_205.pdb,2,carbon_only,0.04747554091243263
outputs/Tau5_joint_refinement/AA/pool_2/conformer_206.pdb,2,carbon_only,0.0
outputs/Tau5_joint_refinement/AA/pool_2/conformer_207.pdb,2,carbon_only,0.0
outputs/Tau5_joint_refinement/AA/pool_2/conformer_208.pdb,2,carbon_only,0.0
outputs/Tau5_joint_refinement/AA/pool_2/conformer_209.pdb,2,carbon_only,0.0
outputs/Tau5_joint_refinement/AA/pool_2/conformer_21.pdb,2,carbon_only,0.0
outputs/Tau5_joint_refinement/AA/pool_2/conformer_210.pdb,2,carbon_only,0.016860669809811997
outputs/Tau5_joint_refinement/AA/pool_2/conformer_211.pdb,2,carbon_only,0.001651480908485478
outputs/Tau5_joint_refinement/AA/pool_2/conformer_212.pdb,2,carbon_only,0.0
outputs/Tau5_joint_refinement/AA/pool_2/conformer_213.pdb,2,carbon_only,0.0
outputs/Tau5_joint_refinement/AA/pool_2/conformer_214.pdb,2,carbon_only,0.0
outputs/Tau5_joint_refinement/AA/pool_2/conformer_215.pdb,2,carbon_only,0.0
outputs/Tau5_joint_refinement/AA/pool_2/conformer_216.pdb,2,carbon_only,0.0
outputs/Tau5_joint_refinement/AA/pool_2/conformer_217.pdb,2,carbon_only,0.0
outputs/Tau5_joint_refinement/AA/pool_2/conformer_218.pdb,2,carbon_only,0.0
outputs/Tau5_joint_refinement/AA/pool_2/conformer_219.pdb,2,carbon_only,0.0
outputs/Tau5_joint_refinement/AA/pool_2/conformer_22.pdb,2,carbon_only,0.0
outputs/Tau5_joint_refinement/AA/pool_2/conformer_220.pdb,2,carbon_only,0.0
outputs/Tau5_joint_refinement/AA/pool_2/conformer_221.pdb,2,carbon_only,0.0
outputs/Tau5_joint_refinement/AA/pool_2/conformer_222.pdb,2,carbon_only,0.0
outputs/Tau5_joint_refinement/AA/pool_2/conformer_223.pdb,2,carbon_only,0.0
outputs/Tau5_joint_refinement/AA/pool_2/conformer_224.pdb,2,carbon_only,0.0
outputs/Tau5_joint_refinement/AA/pool_2/conformer_225.pdb,2,carbon_only,0.0
outputs/Tau5_joint_refinement/AA/pool_2/conformer_226.pdb,2,carbon_only,0.006328120193813699
outputs/Tau5_joint_refinement/AA/pool_2/conformer_227.pdb,2,carbon_only,0.0
outputs/Tau5_joint_refinement/AA/pool_2/conformer_228.pdb,2,carbon_only,0.0
outputs/Tau5_joint_refinement/AA/pool_2/conformer_229.pdb,2,carbon_only,0.0
outputs/Tau5_joint_refinement/AA/pool_2/conformer_23.pdb,2,carbon_only,0.0
outputs/Tau5_joint_refinement/AA/pool_2/conformer_230.pdb,2,carbon_only,0.030340252845513657
outputs/Tau5_joint_refinement/AA/pool_2/conformer_231.pdb,2,carbon_only,0.0
outputs/Tau5_joint_refinement/AA/pool_2/conformer_232.pdb,2,carbon_only,0.0
outputs/Tau5_joint_refinement/AA/pool_2/conformer_233.pdb,2,carbon_only,0.033832637621509204
outputs/Tau5_joint_refinement/AA/pool_2/conformer_234.pdb,2,carbon_only,0.0
outputs/Tau5_joint_refinement/AA/pool_2/conformer_235.pdb,2,carbon_only,0.0
outputs/Tau5_joint_refinement/AA/pool_2/conformer_236.pdb,2,carbon_only,0.0
outputs/Tau5_joint_refinement/AA/pool_2/conformer_237.pdb,2,carbon_only,0.0
outputs/Tau5_joint_refinement/AA/pool_2/conformer_238.pdb,2,carbon_only,0.0
outputs/Tau5_joint_refinement/AA/pool_2/conformer_239.pdb,2,carbon_only,0.0
outputs/Tau5_joint_refinement/AA/pool_2/conformer_24.pdb,2,carbon_only,0.0
outputs/Tau5_joint_refinement/AA/pool_2/conformer_240.pdb,2,carbon_only,0.0
outputs/Tau5_joint_refinement/AA/pool_2/conformer_241.pdb,2,carbon_only,0.041254713514222954
outputs/Tau5_joint_refinement/AA/pool_2/conformer_242.pdb,2,carbon_only,0.0
outputs/Tau5_joint_refinement/AA/pool_2/conformer_243.pdb,2,carbon_only,0.0
outputs/Tau5_joint_refinement/AA/pool_2/conformer_244.pdb,2,carbon_only,0.0
outputs/Tau5_joint_refinement/AA/pool_2/conformer_245.pdb,2,carbon_only,0.0
outputs/Tau5_joint_refinement/AA/pool_2/conformer_246.pdb,2,carbon_only,0.0
outputs/Tau5_joint_refinement/AA/pool_2/conformer_247.pdb,2,carbon_only,0.0
outputs/Tau5_joint_refinement/AA/pool_2/conformer_248.pdb,2,carbon_only,0.0
outputs/Tau5_joint_refinement/AA/pool_2/conformer_249.pdb,2,carbon_only,0.0
outputs/Tau5_joint_refinement/AA/pool_2/conformer_25.pdb,2,carbon_only,0.031121676896138588
outputs/Tau5_joint_refinement/AA/pool_2/conformer_250.pdb,2,carbon_only,0.0
outputs/Tau5_joint_refinement/AA/pool_2/conformer_26.pdb,2,carbon_only,0.0
outputs/Tau5_joint_refinement/AA/pool_2/conformer_27.pdb,2,carbon_only,0.015400815633229856
outputs/Tau5_joint_refinement/AA/pool_2/conformer_28.pdb,2,carbon_only,0.0
outputs/Tau5_joint_refinement/AA/pool_2/conformer_29.pdb,2,carbon_only,0.0
outputs/Tau5_joint_refinement/AA/pool_2/conformer_3.pdb,2,carbon_only,0.0
outputs/Tau5_joint_refinement/AA/pool_2/conformer_30.pdb,2,carbon_only,0.0
outputs/Tau5_joint_refinement/AA/pool_2/conformer_31.pdb,2,carbon_only,0.03217237565793684
outputs/Tau5_joint_refinement/AA/pool_2/conformer_32.pdb,2,carbon_only,0.0
outputs/Tau5_joint_refinement/AA/pool_2/conformer_33.pdb,2,carbon_only,0.03312589181795044
outputs/Tau5_joint_refinement/AA/pool_2/conformer_34.pdb,2,carbon_only,0.0
outputs/Tau5_joint_refinement/AA/pool_2/conformer_35.pdb,2,carbon_only,0.0
outputs/Tau5_joint_refinement/AA/pool_2/conformer_36.pdb,2,carbon_only,0.030672481963132808
outputs/Tau5_joint_refinement/AA/pool_2/conformer_37.pdb,2,carbon_only,0.0
outputs/Tau5_joint_refinement/AA/pool_2/conformer_38.pdb,2,carbon_only,0.0
outputs/Tau5_joint_refinement/AA/pool_2/conformer_39.pdb,2,carbon_only,0.016241753772712426
outputs/Tau5_joint_refinement/AA/pool_2/conformer_4.pdb,2,carbon_only,0.0
outputs/Tau5_joint_refinement/AA/pool_2/conformer_40.pdb,2,carbon_only,0.0
outputs/Tau5_joint_refinement/AA/pool_2/conformer_41.pdb,2,carbon_only,0.03475913686178603
outputs/Tau5_joint_refinement/AA/pool_2/conformer_42.pdb,2,carbon_only,0.0
outputs/Tau5_joint_refinement/AA/pool_2/conformer_43.pdb,2,carbon_only,0.0
outputs/Tau5_joint_refinement/AA/pool_2/conformer_44.pdb,2,carbon_only,0.0
outputs/Tau5_joint_refinement/AA/pool_2/conformer_45.pdb,2,carbon_only,0.0
outputs/Tau5_joint_refinement/AA/pool_2/conformer_46.pdb,2,carbon_only,0.0
outputs/Tau5_joint_refinement/AA/pool_2/conformer_47.pdb,2,carbon_only,0.0
outputs/Tau5_joint_refinement/AA/pool_2/conformer_48.pdb,2,carbon_only,0.0
outputs/Tau5_joint_refinement/AA/pool_2/conformer_49.pdb,2,carbon_only,0.0
outputs/Tau5_joint_refinement/AA/pool_2/conformer_5.pdb,2,carbon_only,0.0
outputs/Tau5_joint_refinement/AA/pool_2/conformer_50.pdb,2,carbon_only,0.0
outputs/Tau5_joint_refinement/AA/pool_2/conformer_51.pdb,2,carbon_only,0.0
outputs/Tau5_joint_refinement/AA/pool_2/conformer_52.pdb,2,carbon_only,0.0184060771312766
outputs/Tau5_joint_refinement/AA/pool_2/conformer_53.pdb,2,carbon_only,0.0
outputs/Tau5_joint_refinement/AA/pool_2/conformer_54.pdb,2,carbon_only,0.03835969679918336
outputs/Tau5_joint_refinement/AA/pool_2/conformer_55.pdb,2,carbon_only,0.03536825520824842
outputs/Tau5_joint_refinement/AA/pool_2/conformer_56.pdb,2,carbon_only,0.0
outputs/Tau5_joint_refinement/AA/pool_2/conformer_57.pdb,2,carbon_only,0.0
outputs/Tau5_joint_refinement/AA/pool_2/conformer_58.pdb,2,carbon_only,0.0
outputs/Tau5_joint_refinement/AA/pool_2/conformer_59.pdb,2,carbon_only,0.0
outputs/Tau5_joint_refinement/AA/pool_2/conformer_6.pdb,2,carbon_only,0.0
outputs/Tau5_joint_refinement/AA/pool_2/conformer_60.pdb,2,carbon_only,0.0
outputs/Tau5_joint_refinement/AA/pool_2/conformer_61.pdb,2,carbon_only,0.0
outputs/Tau5_joint_refinement/AA/pool_2/conformer_62.pdb,2,carbon_only,0.0
outputs/Tau5_joint_refinement/AA/pool_2/conformer_63.pdb,2,carbon_only,0.015101684196377604
outputs/Tau5_joint_refinement/AA/pool_2/conformer_64.pdb,2,carbon_only,0.0
outputs/Tau5_joint_refinement/AA/pool_2/conformer_65.pdb,2,carbon_only,0.0
outputs/Tau5_joint_refinement/AA/pool_2/conformer_66.pdb,2,carbon_only,0.0
outputs/Tau5_joint_refinement/AA/pool_2/conformer_67.pdb,2,carbon_only,0.0
outputs/Tau5_joint_refinement/AA/pool_2/conformer_68.pdb,2,carbon_only,0.0
outputs/Tau5_joint_refinement/AA/pool_2/conformer_69.pdb,2,carbon_only,0.0
outputs/Tau5_joint_refinement/AA/pool_2/conformer_7.pdb,2,carbon_only,0.0
outputs/Tau5_joint_refinement/AA/pool_2/conformer_70.pdb,2,carbon_only,0.0
outputs/Tau5_joint_refinement/AA/pool_2/conformer_71.pdb,2,carbon_only,0.0
outputs/Tau5_joint_refinement/AA/pool_2/conformer_72.pdb,2,carbon_only,0.0
outputs/Tau5_joint_refinement/AA/pool_2/conformer_73.pdb,2,carbon_only,0.0
outputs/Tau5_joint_refinement/AA/pool_2/conformer_74.pdb,2,carbon_only,0.0
outputs/Tau5_joint_refinement/AA/pool_2/conformer_75.pdb,2,carbon_only,0.0
outputs/Tau5_joint_refinement/AA/pool_2/conformer_76.pdb,2,carbon_only,0.0
outputs/Tau5_joint_refinement/AA/pool_2/conformer_77.pdb,2,carbon_only,0.0
outputs/Tau5_joint_refinement/AA/pool_2/conformer_78.pdb,2,carbon_only,0.0056299264165428405
outputs/Tau5_joint_refinement/AA/pool_2/conformer_79.pdb,2,carbon_only,0.0
outputs/Tau5_joint_refinement/AA/pool_2/conformer_8.pdb,2,carbon_only,0.0
outputs/Tau5_joint_refinement/AA/pool_2/conformer_80.pdb,2,carbon_only,0.0
outputs/Tau5_joint_refinement/AA/pool_2/conformer_81.pdb,2,carbon_only,0.0
outputs/Tau5_joint_refinement/AA/pool_2/conformer_82.pdb,2,carbon_only,0.0
outputs/Tau5_joint_refinement/AA/pool_2/conformer_83.pdb,2,carbon_only,0.0
outputs/Tau5_joint_refinement/AA/pool_2/conformer_84.pdb,2,carbon_only,0.0
outputs/Tau5_joint_refinement/AA/pool_2/conformer_85.pdb,2,carbon_only,0.0
outputs/Tau5_joint_refinement/AA/pool_2/conformer_86.pdb,2,carbon_only,0.0
outputs/Tau5_joint_refinement/AA/pool_2/conformer_87.pdb,2,carbon_only,0.0
outputs/Tau5_joint_refinement/AA/pool_2/conformer_88.pdb,2,carbon_only,0.0
outputs/Tau5_joint_refinement/AA/pool_2/conformer_89.pdb,2,carbon_only,0.0
outputs/Tau5_joint_refinement/AA/pool_2/conformer_9.pdb,2,carbon_only,0.0
outputs/Tau5_joint_refinement/AA/pool_2/conformer_90.pdb,2,carbon_only,0.0
outputs/Tau5_joint_refinement/AA/pool_2/conformer_91.pdb,2,carbon_only,0.0
outputs/Tau5_joint_refinement/AA/pool_2/conformer_92.pdb,2,carbon_only,0.0
outputs/Tau5_joint_refinement/AA/pool_2/conformer_93.pdb,2,carbon_only,0.01975743320926701
outputs/Tau5_joint_refinement/AA/pool_2/conformer_94.pdb,2,carbon_only,0.0
outputs/Tau5_joint_refinement/AA/pool_2/conformer_95.pdb,2,carbon_only,0.0
outputs/Tau5_joint_refinement/AA/pool_2/conformer_96.pdb,2,carbon_only,0.0
outputs/Tau5_joint_refinement/AA/pool_2/conformer_97.pdb,2,carbon_only,0.0
outputs/Tau5_joint_refinement/AA/pool_2/conformer_98.pdb,2,carbon_only,0.0
outputs/Tau5_joint_refinement/AA/pool_2/conformer_99.pdb,2,carbon_only,0.0
outputs/Tau5_joint_refinement/AA/pool_2/conformer_1.pdb,2,all_shifts,0.011050044687370352
outputs/Tau5_joint_refinement/AA/pool_2/conformer_10.pdb,2,all_shifts,0.0
outputs/Tau5_joint_refinement/AA/pool_2/conformer_100.pdb,2,all_shifts,0.0
outputs/Tau5_joint_refinement/AA/pool_2/conformer_101.pdb,2,all_shifts,0.02006843572695735
outputs/Tau5_joint_refinement/AA/pool_2/conformer_102.pdb,2,all_shifts,0.0
outputs/Tau5_joint_refinement/AA/pool_2/conformer_103.pdb,2,all_shifts,0.0
outputs/Tau5_joint_refinement/AA/pool_2/conformer_104.pdb,2,all_shifts,0.0
outputs/Tau5_joint_refinement/AA/pool_2/conformer_105.pdb,2,all_shifts,0.0
outputs/Tau5_joint_refinement/AA/pool_2/conformer_106.pdb,2,all_shifts,0.0
outputs/Tau5_joint_refinement/AA/pool_2/conformer_107.pdb,2,all_shifts,0.007988389304933646
outputs/Tau5_joint_refinement/AA/pool_2/conformer_108.pdb,2,all_shifts,0.0
outputs/Tau5_joint_refinement/AA/pool_2/conformer_109.pdb,2,all_shifts,0.00655437169177595
outputs/Tau5_joint_refinement/AA/pool_2/conformer_11.pdb,2,all_shifts,0.0
outputs/Tau5_joint_refinement/AA/pool_2/conformer_110.pdb,2,all_shifts,0.003690165956616621
outputs/Tau5_joint_refinement/AA/pool_2/conformer_111.pdb,2,all_shifts,0.037630763059198075
outputs/Tau5_joint_refinement/AA/pool_2/conformer_112.pdb,2,all_shifts,0.0
outputs/Tau5_joint_refinement/AA/pool_2/conformer_113.pdb,2,all_shifts,0.0
outputs/Tau5_joint_refinement/AA/pool_2/conformer_114.pdb,2,all_shifts,0.0
outputs/Tau5_joint_refinement/AA/pool_2/conformer_115.pdb,2,all_shifts,0.0
outputs/Tau5_joint_refinement/AA/pool_2/conformer_116.pdb,2,all_shifts,0.0
outputs/Tau5_joint_refinement/AA/pool_2/conformer_117.pdb,2,all_shifts,0.0
outputs/Tau5_joint_refinement/AA/pool_2/conformer_118.pdb,2,all_shifts,0.0016494279106641055
outputs/Tau5_joint_refinement/AA/pool_2/conformer_119.pdb,2,all_shifts,0.0
outputs/Tau5_joint_refinement/AA/pool_2/conformer_12.pdb,2,all_shifts,0.012811528421205209
outputs/Tau5_joint_refinement/AA/pool_2/conformer_120.pdb,2,all_shifts,0.0
outputs/Tau5_joint_refinement/AA/pool_2/conformer_121.pdb,2,all_shifts,0.0
outputs/Tau5_joint_refinement/AA/pool_2/conformer_122.pdb,2,all_shifts,0.0
outputs/Tau5_joint_refinement/AA/pool_2/conformer_123.pdb,2,all_shifts,0.00937919723337821
outputs/Tau5_joint_refinement/AA/pool_2/conformer_124.pdb,2,all_shifts,0.0
outputs/Tau5_joint_refinement/AA/pool_2/conformer_125.pdb,2,all_shifts,0.0
outputs/Tau5_joint_refinement/AA/pool_2/conformer_126.pdb,2,all_shifts,0.0
outputs/Tau5_joint_refinement/AA/pool_2/conformer_127.pdb,2,all_shifts,0.0
outputs/Tau5_joint_refinement/AA/pool_2/conformer_128.pdb,2,all_shifts,0.0060022693426329985
outputs/Tau5_joint_refinement/AA/pool_2/conformer_129.pdb,2,all_shifts,0.0
outputs/Tau5_joint_refinement/AA/pool_2/conformer_13.pdb,2,all_shifts,0.009125758146238344
outputs/Tau5_joint_refinement/AA/pool_2/conformer_130.pdb,2,all_shifts,0.0
outputs/Tau5_joint_refinement/AA/pool_2/conformer_131.pdb,2,all_shifts,0.0
outputs/Tau5_joint_refinement/AA/pool_2/conformer_132.pdb,2,all_shifts,0.0
outputs/Tau5_joint_refinement/AA/pool_2/conformer_133.pdb,2,all_shifts,0.002097840865528567
outputs/Tau5_joint_refinement/AA/pool_2/conformer_134.pdb,2,all_shifts,0.011132161394526595
outputs/Tau5_joint_refinement/AA/pool_2/conformer_135.pdb,2,all_shifts,0.03576759591024027
outputs/Tau5_joint_refinement/AA/pool_2/conformer_136.pdb,2,all_shifts,0.0
outputs/Tau5_joint_refinement/AA/pool_2/conformer_137.pdb,2,all_shifts,0.0
outputs/Tau5_joint_refinement/AA/pool_2/conformer_138.pdb,2,all_shifts,0.007000160803730226
outputs/Tau5_joint_refinement/AA/pool_2/conformer_139.pdb,2,all_shifts,0.0
outputs/Tau5_joint_refinement/AA/pool_2/conformer_14.pdb,2,all_shifts,0.0
outputs/Tau5_joint_refinement/AA/pool_2/conformer_140.pdb,2,all_shifts,0.03780508295609452
outputs/Tau5_joint_refinement/AA/pool_2/conformer_141.pdb,2,all_shifts,0.0010051670114604506
outputs/Tau5_joint_refinement/AA/pool_2/conformer_142.pdb,2,all_shifts,0.0
outputs/Tau5_joint_refinement/AA/pool_2/conformer_143.pdb,2,all_shifts,0.0
outputs/Tau5_joint_refinement/AA/pool_2/conformer_144.pdb,2,all_shifts,0.010416359528236177
outputs/Tau5_joint_refinement/AA/pool_2/conformer_145.pdb,2,all_shifts,0.0
outputs/Tau5_joint_refinement/AA/pool_2/conformer_146.pdb,2,all_shifts,0.0
outputs/Tau5_joint_refinement/AA/pool_2/conformer_147.pdb,2,all_shifts,0.0
outputs/Tau5_joint_refinement/AA/pool_2/conformer_148.pdb,2,all_shifts,0.018974415348234165
outputs/Tau5_joint_refinement/AA/pool_2/conformer_149.pdb,2,all_shifts,0.048706151627002876
outputs/Tau5_joint_refinement/AA/pool_2/conformer_15.pdb,2,all_shifts,0.0
outputs/Tau5_joint_refinement/AA/pool_2/conformer_150.pdb,2,all_shifts,0.0
outputs/Tau5_joint_refinement/AA/pool_2/conformer_151.pdb,2,all_shifts,0.0
outputs/Tau5_joint_refinement/AA/pool_2/conformer_152.pdb,2,all_shifts,0.0
outputs/Tau5_joint_refinement/AA/pool_2/conformer_153.pdb,2,all_shifts,0.0
outputs/Tau5_joint_refinement/AA/pool_2/conformer_154.pdb,2,all_shifts,0.0
outputs/Tau5_joint_refinement/AA/pool_2/conformer_155.pdb,2,all_shifts,0.0
outputs/Tau5_joint_refinement/AA/pool_2/conformer_156.pdb,2,all_shifts,0.0
outputs/Tau5_joint_refinement/AA/pool_2/conformer_157.pdb,2,all_shifts,0.0
outputs/Tau5_joint_refinement/AA/pool_2/conformer_158.pdb,2,all_shifts,0.0
outputs/Tau5_joint_refinement/AA/pool_2/conformer_159.pdb,2,all_shifts,0.0
outputs/Tau5_joint_refinement/AA/pool_2/conformer_16.pdb,2,all_shifts,0.0
outputs/Tau5_joint_refinement/AA/pool_2/conformer_160.pdb,2,all_shifts,0.0
outputs/Tau5_joint_refinement/AA/pool_2/conformer_161.pdb,2,all_shifts,0.0
outputs/Tau5_joint_refinement/AA/pool_2/conformer_162.pdb,2,all_shifts,0.0
outputs/Tau5_joint_refinement/AA/pool_2/conformer_163.pdb,2,all_shifts,0.0
outputs/Tau5_joint_refinement/AA/pool_2/conformer_164.pdb,2,all_shifts,0.00023557284297858003
outputs/Tau5_joint_refinement/AA/pool_2/conformer_165.pdb,2,all_shifts,5.9785234025141847e-05
outputs/Tau5_joint_refinement/AA/pool_2/conformer_166.pdb,2,all_shifts,0.0
outputs/Tau5_joint_refinement/AA/pool_2/conformer_167.pdb,2,all_shifts,0.0077792672897931394
outputs/Tau5_joint_refinement/AA/pool_2/conformer_168.pdb,2,all_shifts,0.0
outputs/Tau5_joint_refinement/AA/pool_2/conformer_169.pdb,2,all_shifts,0.0
outputs/Tau5_joint_refinement/AA/pool_2/conformer_17.pdb,2,all_shifts,0.0
outputs/Tau5_joint_refinement/AA/pool_2/conformer_170.pdb,2,all_shifts,0.0
outputs/Tau5_joint_refinement/AA/pool_2/conformer_171.pdb,2,all_shifts,0.05724598237997345
outputs/Tau5_joint_refinement/AA/pool_2/conformer_172.pdb,2,all_shifts,0.011725280022547325
outputs/Tau5_joint_refinement/AA/pool_2/conformer_173.pdb,2,all_shifts,0.02246397126255445
outputs/Tau5_joint_refinement/AA/pool_2/conformer_174.pdb,2,all_shifts,0.0
outputs/Tau5_joint_refinement/AA/pool_2/conformer_175.pdb,2,all_shifts,0.0
outputs/Tau5_joint_refinement/AA/pool_2/conformer_176.pdb,2,all_shifts,0.0
outputs/Tau5_joint_refinement/AA/pool_2/conformer_177.pdb,2,all_shifts,0.0
outputs/Tau5_joint_refinement/AA/pool_2/conformer_178.pdb,2,all_shifts,0.0
outputs/Tau5_joint_refinement/AA/pool_2/conformer_179.pdb,2,all_shifts,0.0
outputs/Tau5_joint_refinement/AA/pool_2/conformer_18.pdb,2,all_shifts,0.01770419221217078
outputs/Tau5_joint_refinement/AA/pool_2/conformer_180.pdb,2,all_shifts,0.0
outputs/Tau5_joint_refinement/AA/pool_2/conformer_181.pdb,2,all_shifts,0.0
outputs/Tau5_joint_refinement/AA/pool_2/conformer_182.pdb,2,all_shifts,0.0028522121844960194
outputs/Tau5_joint_refinement/AA/pool_2/conformer_183.pdb,2,all_shifts,0.0
outputs/Tau5_joint_refinement/AA/pool_2/conformer_184.pdb,2,all_shifts,0.0
outputs/Tau5_joint_refinement/AA/pool_2/conformer_185.pdb,2,all_shifts,0.0
outputs/Tau5_joint_refinement/AA/pool_2/conformer_186.pdb,2,all_shifts,0.0
outputs/Tau5_joint_refinement/AA/pool_2/conformer_187.pdb,2,all_shifts,0.0
outputs/Tau5_joint_refinement/AA/pool_2/conformer_188.pdb,2,all_shifts,0.0
outputs/Tau5_joint_refinement/AA/pool_2/conformer_189.pdb,2,all_shifts,0.0
outputs/Tau5_joint_refinement/AA/pool_2/conformer_19.pdb,2,all_shifts,0.026864254484932952
outputs/Tau5_joint_refinement/AA/pool_2/conformer_190.pdb,2,all_shifts,0.0016632060267624072
outputs/Tau5_joint_refinement/AA/pool_2/conformer_191.pdb,2,all_shifts,0.0
outputs/Tau5_joint_refinement/AA/pool_2/conformer_192.pdb,2,all_shifts,0.0
outputs/Tau5_joint_refinement/AA/pool_2/conformer_193.pdb,2,all_shifts,0.0
outputs/Tau5_joint_refinement/AA/pool_2/conformer_194.pdb,2,all_shifts,0.005465422976387155
outputs/Tau5_joint_refinement/AA/pool_2/conformer_195.pdb,2,all_shifts,0.0
outputs/Tau5_joint_refinement/AA/pool_2/conformer_196.pdb,2,all_shifts,0.0
outputs/Tau5_joint_refinement/AA/pool_2/conformer_197.pdb,2,all_shifts,0.032633382657367906
outputs/Tau5_joint_refinement/AA/pool_2/conformer_198.pdb,2,all_shifts,0.007872299930697501
outputs/Tau5_joint_refinement/AA/pool_2/conformer_199.pdb,2,all_shifts,0.0
outputs/Tau5_joint_refinement/AA/pool_2/conformer_2.pdb,2,all_shifts,0.0
outputs/Tau5_joint_refinement/AA/pool_2/conformer_20.pdb,2,all_shifts,0.0
outputs/Tau5_joint_refinement/AA/pool_2/conformer_200.pdb,2,all_shifts,0.0
outputs/Tau5_joint_refinement/AA/pool_2/conformer_201.pdb,2,all_shifts,0.0
outputs/Tau5_joint_refinement/AA/pool_2/conformer_202.pdb,2,all_shifts,0.005737789847692964
outputs/Tau5_joint_refinement/AA/pool_2/conformer_203.pdb,2,all_shifts,0.027696934042821093
outputs/Tau5_joint_refinement/AA/pool_2/conformer_204.pdb,2,all_shifts,0.0
outputs/Tau5_joint_refinement/AA/pool_2/conformer_205.pdb,2,all_shifts,0.052013217771280575
outputs/Tau5_joint_refinement/AA/pool_2/conformer_206.pdb,2,all_shifts,0.0
outputs/Tau5_joint_refinement/AA/pool_2/conformer_207.pdb,2,all_shifts,0.0
outputs/Tau5_joint_refinement/AA/pool_2/conformer_208.pdb,2,all_shifts,0.0
outputs/Tau5_joint_refinement/AA/pool_2/conformer_209.pdb,2,all_shifts,0.0
outputs/Tau5_joint_refinement/AA/pool_2/conformer_21.pdb,2,all_shifts,0.015036642511661112
outputs/Tau5_joint_refinement/AA/pool_2/conformer_210.pdb,2,all_shifts,0.002173093654988918
outputs/Tau5_joint_refinement/AA/pool_2/conformer_211.pdb,2,all_shifts,0.024044529617334
outputs/Tau5_joint_refinement/AA/pool_2/conformer_212.pdb,2,all_shifts,0.0
outputs/Tau5_joint_refinement/AA/pool_2/conformer_213.pdb,2,all_shifts,0.0
outputs/Tau5_joint_refinement/AA/pool_2/conformer_214.pdb,2,all_shifts,0.0
outputs/Tau5_joint_refinement/AA/pool_2/conformer_215.pdb,2,all_shifts,0.0
outputs/Tau5_joint_refinement/AA/pool_2/conformer_216.pdb,2,all_shifts,0.0
outputs/Tau5_joint_refinement/AA/pool_2/conformer_217.pdb,2,all_shifts,0.0
outputs/Tau5_joint_refinement/AA/pool_2/conformer_218.pdb,2,all_shifts,0.0
outputs/Tau5_joint_refinement/AA/pool_2/conformer_219.pdb,2,all_shifts,0.0
outputs/Tau5_joint_refinement/AA/pool_2/conformer_22.pdb,2,all_shifts,0.0
outputs/Tau5_joint_refinement/AA/pool_2/conformer_220.pdb,2,all_shifts,0.0
outputs/Tau5_joint_refinement/AA/pool_2/conformer_221.pdb,2,all_shifts,0.0
outputs/Tau5_joint_refinement/AA/pool_2/conformer_222.pdb,2,all_shifts,0.0
outputs/Tau5_joint_refinement/AA/pool_2/conformer_223.pdb,2,all_shifts,0.0
outputs/Tau5_joint_refinement/AA/pool_2/conformer_224.pdb,2,all_shifts,0.009245891786042005
outputs/Tau5_joint_refinement/AA/pool_2/conformer_225.pdb,2,all_shifts,0.0
outputs/Tau5_joint_refinement/AA/pool_2/conformer_226.pdb,2,all_shifts,0.0
outputs/Tau5_joint_refinement/AA/pool_2/conformer_227.pdb,2,all_shifts,0.0
outputs/Tau5_joint_refinement/AA/pool_2/conformer_228.pdb,2,all_shifts,0.011613201982275582
outputs/Tau5_joint_refinement/AA/pool_2/conformer_229.pdb,2,all_shifts,0.001462696034246979
outputs/Tau5_joint_refinement/AA/pool_2/conformer_23.pdb,2,all_shifts,0.0
outputs/Tau5_joint_refinement/AA/pool_2/conformer_230.pdb,2,all_shifts,0.032224637751799595
outputs/Tau5_joint_refinement/AA/pool_2/conformer_231.pdb,2,all_shifts,0.0
outputs/Tau5_joint_refinement/AA/pool_2/conformer_232.pdb,2,all_shifts,0.0
outputs/Tau5_joint_refinement/AA/pool_2/conformer_233.pdb,2,all_shifts,0.02737236363963498
outputs/Tau5_joint_refinement/AA/pool_2/conformer_234.pdb,2,all_shifts,0.020538421131072924
outputs/Tau5_joint_refinement/AA/pool_2/conformer_235.pdb,2,all_shifts,0.0
outputs/Tau5_joint_refinement/AA/pool_2/conformer_236.pdb,2,all_shifts,0.0
outputs/Tau5_joint_refinement/AA/pool_2/conformer_237.pdb,2,all_shifts,0.0
outputs/Tau5_joint_refinement/AA/pool_2/conformer_238.pdb,2,all_shifts,0.03313179376840378
outputs/Tau5_joint_refinement/AA/pool_2/conformer_239.pdb,2,all_shifts,0.0
outputs/Tau5_joint_refinement/AA/pool_2/conformer_24.pdb,2,all_shifts,0.0
outputs/Tau5_joint_refinement/AA/pool_2/conformer_240.pdb,2,all_shifts,0.0
outputs/Tau5_joint_refinement/AA/pool_2/conformer_241.pdb,2,all_shifts,0.02211988688084362
outputs/Tau5_joint_refinement/AA/pool_2/conformer_242.pdb,2,all_shifts,0.010053750182210618
outputs/Tau5_joint_refinement/AA/pool_2/conformer_243.pdb,2,all_shifts,0.0
outputs/Tau5_joint_refinement/AA/pool_2/conformer_244.pdb,2,all_shifts,0.0020465731877422747
outputs/Tau5_joint_refinement/AA/pool_2/conformer_245.pdb,2,all_shifts,0.015482679380149612
outputs/Tau5_joint_refinement/AA/pool_2/conformer_246.pdb,2,all_shifts,0.0
outputs/Tau5_joint_refinement/AA/pool_2/conformer_247.pdb,2,all_shifts,0.0
outputs/Tau5_joint_refinement/AA/pool_2/conformer_248.pdb,2,all_shifts,0.0
outputs/Tau5_joint_refinement/AA/pool_2/conformer_249.pdb,2,all_shifts,0.0
outputs/Tau5_joint_refinement/AA/pool_2/conformer_25.pdb,2,all_shifts,0.0
outputs/Tau5_joint_refinement/AA/pool_2/conformer_250.pdb,2,all_shifts,0.0
outputs/Tau5_joint_refinement/AA/pool_2/conformer_26.pdb,2,all_shifts,0.0
outputs/Tau5_joint_refinement/AA/pool_2/conformer_27.pdb,2,all_shifts,0.008603813170554291
outputs/Tau5_joint_refinement/AA/pool_2/conformer_28.pdb,2,all_shifts,0.0
outputs/Tau5_joint_refinement/AA/pool_2/conformer_29.pdb,2,all_shifts,0.00216275819648986
outputs/Tau5_joint_refinement/AA/pool_2/conformer_3.pdb,2,all_shifts,0.0
outputs/Tau5_joint_refinement/AA/pool_2/conformer_30.pdb,2,all_shifts,0.007253840957589862
outputs/Tau5_joint_refinement/AA/pool_2/conformer_31.pdb,2,all_shifts,0.038712015507651076
outputs/Tau5_joint_refinement/AA/pool_2/conformer_32.pdb,2,all_shifts,0.0
outputs/Tau5_joint_refinement/AA/pool_2/conformer_33.pdb,2,all_shifts,0.006613074102375098
outputs/Tau5_joint_refinement/AA/pool_2/conformer_34.pdb,2,all_shifts,0.0
outputs/Tau5_joint_refinement/AA/pool_2/conformer_35.pdb,2,all_shifts,0.0
outputs/Tau5_joint_refinement/AA/pool_2/conformer_36.pdb,2,all_shifts,0.0
outputs/Tau5_joint_refinement/AA/pool_2/conformer_37.pdb,2,all_shifts,0.0
outputs/Tau5_joint_refinement/AA/pool_2/conformer_38.pdb,2,all_shifts,0.003576365589291647
outputs/Tau5_joint_refinement/AA/pool_2/conformer_39.pdb,2,all_shifts,0.0029860178310823706
outputs/Tau5_joint_refinement/AA/pool_2/conformer_4.pdb,2,all_shifts,0.0
outputs/Tau5_joint_refinement/AA/pool_2/conformer_40.pdb,2,all_shifts,0.0
outputs/Tau5_joint_refinement/AA/pool_2/conformer_41.pdb,2,all_shifts,0.050538652518547576
outputs/Tau5_joint_refinement/AA/pool_2/conformer_42.pdb,2,all_shifts,0.0
outputs/Tau5_joint_refinement/AA/pool_2/conformer_43.pdb,2,all_shifts,0.0
outputs/Tau5_joint_refinement/AA/pool_2/conformer_44.pdb,2,all_shifts,0.0
outputs/Tau5_joint_refinement/AA/pool_2/conformer_45.pdb,2,all_shifts,0.0
outputs/Tau5_joint_refinement/AA/pool_2/conformer_46.pdb,2,all_shifts,0.0
outputs/Tau5_joint_refinement/AA/pool_2/conformer_47.pdb,2,all_shifts,0.0
outputs/Tau5_joint_refinement/AA/pool_2/conformer_48.pdb,2,all_shifts,0.0
outputs/Tau5_joint_refinement/AA/pool_2/conformer_49.pdb,2,all_shifts,0.0
outputs/Tau5_joint_refinement/AA/pool_2/conformer_5.pdb,2,all_shifts,0.0
outputs/Tau5_joint_refinement/AA/pool_2/conformer_50.pdb,2,all_shifts,0.0
outputs/Tau5_joint_refinement/AA/pool_2/conformer_51.pdb,2,all_shifts,0.0
outputs/Tau5_joint_refinement/AA/pool_2/conformer_52.pdb,2,all_shifts,0.016765278031016233
outputs/Tau5_joint_refinement/AA/pool_2/conformer_53.pdb,2,all_shifts,0.0
outputs/Tau5_joint_refinement/AA/pool_2/conformer_54.pdb,2,all_shifts,0.0
outputs/Tau5_joint_refinement/AA/pool_2/conformer_55.pdb,2,all_shifts,0.009421754643461237
outputs/Tau5_joint_refinement/AA/pool_2/conformer_56.pdb,2,all_shifts,0.0
outputs/Tau5_joint_refinement/AA/pool_2/conformer_57.pdb,2,all_shifts,0.0
outputs/Tau5_joint_refinement/AA/pool_2/conformer_58.pdb,2,all_shifts,0.0
outputs/Tau5_joint_refinement/AA/pool_2/conformer_59.pdb,2,all_shifts,0.0
outputs/Tau5_joint_refinement/AA/pool_2/conformer_6.pdb,2,all_shifts,0.0
outputs/Tau5_joint_refinement/AA/pool_2/conformer_60.pdb,2,all_shifts,0.0
outputs/Tau5_joint_refinement/AA/pool_2/conformer_61.pdb,2,all_shifts,0.0
outputs/Tau5_joint_refinement/AA/pool_2/conformer_62.pdb,2,all_shifts,0.0
outputs/Tau5_joint_refinement/AA/pool_2/conformer_63.pdb,2,all_shifts,0.015596764890627567
outputs/Tau5_joint_refinement/AA/pool_2/conformer_64.pdb,2,all_shifts,0.0
outputs/Tau5_joint_refinement/AA/pool_2/conformer_65.pdb,2,all_shifts,0.0
outputs/Tau5_joint_refinement/AA/pool_2/conformer_66.pdb,2,all_shifts,0.0
outputs/Tau5_joint_refinement/AA/pool_2/conformer_67.pdb,2,all_shifts,0.0
outputs/Tau5_joint_refinement/AA/pool_2/conformer_68.pdb,2,all_shifts,0.0
outputs/Tau5_joint_refinement/AA/pool_2/conformer_69.pdb,2,all_shifts,0.0
outputs/Tau5_joint_refinement/AA/pool_2/conformer_7.pdb,2,all_shifts,0.0
outputs/Tau5_joint_refinement/AA/pool_2/conformer_70.pdb,2,all_shifts,0.0
outputs/Tau5_joint_refinement/AA/pool_2/conformer_71.pdb,2,all_shifts,0.00835583051983314
outputs/Tau5_joint_refinement/AA/pool_2/conformer_72.pdb,2,all_shifts,0.0
outputs/Tau5_joint_refinement/AA/pool_2/conformer_73.pdb,2,all_shifts,0.006196403877518134
outputs/Tau5_joint_refinement/AA/pool_2/conformer_74.pdb,2,all_shifts,0.0
outputs/Tau5_joint_refinement/AA/pool_2/conformer_75.pdb,2,all_shifts,0.0
outputs/Tau5_joint_refinement/AA/pool_2/conformer_76.pdb,2,all_shifts,0.0
outputs/Tau5_joint_refinement/AA/pool_2/conformer_77.pdb,2,all_shifts,0.0
outputs/Tau5_joint_refinement/AA/pool_2/conformer_78.pdb,2,all_shifts,0.0
outputs/Tau5_joint_refinement/AA/pool_2/conformer_79.pdb,2,all_shifts,0.0
outputs/Tau5_joint_refinement/AA/pool_2/conformer_8.pdb,2,all_shifts,0.0
outputs/Tau5_joint_refinement/AA/pool_2/conformer_80.pdb,2,all_shifts,0.0
outputs/Tau5_joint_refinement/AA/pool_2/conformer_81.pdb,2,all_shifts,0.0
outputs/Tau5_joint_refinement/AA/pool_2/conformer_82.pdb,2,all_shifts,0.0
outputs/Tau5_joint_refinement/AA/pool_2/conformer_83.pdb,2,all_shifts,0.0
outputs/Tau5_joint_refinement/AA/pool_2/conformer_84.pdb,2,all_shifts,0.0
outputs/Tau5_joint_refinement/AA/pool_2/conformer_85.pdb,2,all_shifts,0.0
outputs/Tau5_joint_refinement/AA/pool_2/conformer_86.pdb,2,all_shifts,0.0
outputs/Tau5_joint_refinement/AA/pool_2/conformer_87.pdb,2,all_shifts,0.0
outputs/Tau5_joint_refinement/AA/pool_2/conformer_88.pdb,2,all_shifts,0.0
outputs/Tau5_joint_refinement/AA/pool_2/conformer_89.pdb,2,all_shifts,0.0
outputs/Tau5_joint_refinement/AA/pool_2/conformer_9.pdb,2,all_shifts,0.0
outputs/Tau5_joint_refinement/AA/pool_2/conformer_90.pdb,2,all_shifts,0.0
outputs/Tau5_joint_refinement/AA/pool_2/conformer_91.pdb,2,all_shifts,0.0
outputs/Tau5_joint_refinement/AA/pool_2/conformer_92.pdb,2,all_shifts,0.0
outputs/Tau5_joint_refinement/AA/pool_2/conformer_93.pdb,2,all_shifts,0.005818167763490422
outputs/Tau5_joint_refinement/AA/pool_2/conformer_94.pdb,2,all_shifts,0.0
outputs/Tau5_joint_refinement/AA/pool_2/conformer_95.pdb,2,all_shifts,0.0
outputs/Tau5_joint_refinement/AA/pool_2/conformer_96.pdb,2,all_shifts,0.0
outputs/Tau5_joint_refinement/AA/pool_2/conformer_97.pdb,2,all_shifts,0.0
outputs/Tau5_joint_refinement/AA/pool_2/conformer_98.pdb,2,all_shifts,0.011985042799558983
outputs/Tau5_joint_refinement/AA/pool_2/conformer_99.pdb,2,all_shifts,0.0
