source_pdb,protonated_pdb,CA_Rg_A,pool,joint_theta_1000,joint_theta_300,joint_theta_100,joint_theta_30,joint_theta_10,joint_theta_3,joint_theta_1,shifts_only,saxs_only
outputs/Tau5_joint_refinement/AA/pool_1/conformer_1.pdb,outputs/Tau5_joint_refinement/AA/backcalc/pool_1/conformer_1/model.pdb,42.08902696790954,0.002,0.0013064315132717123,0.000905667644208157,0.0004994592821992066,7.889959947616395e-05,9.091445729440952e-07,2.5743518652687588e-08,2.117601629540863e-09,0.0013710205297133894,0.0007720247661581211
outputs/Tau5_joint_refinement/AA/pool_1/conformer_10.pdb,outputs/Tau5_joint_refinement/AA/backcalc/pool_1/conformer_10/model.pdb,28.566760577981576,0.002,0.0016303736973957324,0.001794342416958352,0.0017537873406879125,0.0008205122317442225,7.83116660186865e-05,7.468605145659258e-07,5.7841238919875516e-08,0.0017638553644003451,0.001998852238035773
outputs/Tau5_joint_refinement/AA/pool_1/conformer_100.pdb,outputs/Tau5_joint_refinement/AA/backcalc/pool_1/conformer_100/model.pdb,40.69243953463421,0.002,0.001844310960485594,0.0019333305814843583,0.002092790886970752,0.0015033990341592576,0.00025198932688610346,1.2727144556104439e-06,9.639397835570194e-08,0.0022247475871400952,0.0019391999800261244
outputs/Tau5_joint_refinement/AA/pool_1/conformer_101.pdb,outputs/Tau5_joint_refinement/AA/backcalc/pool_1/conformer_101/model.pdb,36.79819122526703,0.002,0.0025769073609787207,0.003623963008401731,0.0049177821710715,0.006126465598025519,0.006534642716425076,0.0034083535750581207,0.00046418936815963776,0.0027342938671689855,0.0037733046096009594
outputs/Tau5_joint_refinement/AA/pool_1/conformer_102.pdb,outputs/Tau5_joint_refinement/AA/backcalc/pool_1/conformer_102/model.pdb,23.878285511506636,0.002,0.0027734465719147106,0.0030963757684502814,0.002985409085767328,0.0020441194989289156,0.0007247369455184197,9.393369680713245e-06,5.877479487719856e-07,0.001955375376202713,0.002946522947972297
outputs/Tau5_joint_refinement/AA/pool_1/conformer_103.pdb,outputs/Tau5_joint_refinement/AA/backcalc/pool_1/conformer_103/model.pdb,40.590832306114706,0.002,0.0018210490067769372,0.0015589212967773835,0.0010359616065331234,0.00023786904417249285,4.500388786354847e-06,1.0963164451591716e-07,8.905653046576207e-09,0.002144004852403202,0.0010100304376885274
outputs/Tau5_joint_refinement/AA/pool_1/conformer_104.pdb,outputs/Tau5_joint_refinement/AA/backcalc/pool_1/conformer_104/model.pdb,34.297200069260796,0.002,0.0017672154454309416,0.0013755437999093555,0.0006966608744230192,0.00012557767240746115,1.850657692856226e-06,5.026597198933495e-08,4.118882768063177e-09,0.0016549459854566723,0.0008571086619750954
outputs/Tau5_joint_refinement/AA/pool_1/conformer_105.pdb,outputs/Tau5_joint_refinement/AA/backcalc/pool_1/conformer_105/model.pdb,32.669978677698126,0.002,0.0012751519359609157,0.0007850763286766484,0.00035873747294794424,7.598143820496216e-05,1.5442157015220322e-06,4.257758657156625e-08,3.4934097239685175e-09,0.0020914071926883566,0.0003418824931602724
outputs/Tau5_joint_refinement/AA/pool_1/conformer_106.pdb,outputs/Tau5_joint_refinement/AA/backcalc/pool_1/conformer_106/model.pdb,22.884901812146744,0.002,0.0026014787970896533,0.00291849191869634,0.0032786795329249607,0.0030483223595829654,0.0016088985280405955,0.00010192718861555045,2.2381080353600325e-06,0.002388708741456144,0.0026749989694499067
outputs/Tau5_joint_refinement/AA/pool_1/conformer_107.pdb,outputs/Tau5_joint_refinement/AA/backcalc/pool_1/conformer_107/model.pdb,35.422330262108915,0.002,0.002837262859705518,0.0027090358403855414,0.0016223471302154431,0.00043337326046919057,3.171481995103245e-05,4.6108948121752953e-07,3.6311038023583295e-08,0.001862140653132403,0.0017010154606472427
outputs/Tau5_joint_refinement/AA/pool_1/conformer_108.pdb,outputs/Tau5_joint_refinement/AA/backcalc/pool_1/conformer_108/model.pdb,37.21235222737053,0.002,0.0012625479779793175,0.0007323817671793618,0.00030357053567600705,4.9025373758607566e-05,9.038192884976319e-07,2.5626287306688835e-08,2.10812569284431e-09,0.0019438257117241902,0.0003157261071851484
outputs/Tau5_joint_refinement/AA/pool_1/conformer_109.pdb,outputs/Tau5_joint_refinement/AA/backcalc/pool_1/conformer_109/model.pdb,29.42090487923369,0.002,0.00415494025911664,0.006928820032238702,0.00911144483881857,0.00653528429459894,0.002120196175646989,4.697649223317221e-05,1.536366332612473e-06,0.0021871556737700433,0.008520701418102402
outputs/Tau5_joint_refinement/AA/pool_1/conformer_11.pdb,outputs/Tau5_joint_refinement/AA/backcalc/pool_1/conformer_11/model.pdb,35.24737505457952,0.002,0.0022660506349618226,0.002491983375476224,0.0022328768682953076,0.0009616352154440183,7.579309956182723e-05,5.720192616009371e-07,4.4244478789260743e-08,0.002153553150500196,0.0022163044675632885
outputs/Tau5_joint_refinement/AA/pool_1/conformer_110.pdb,outputs/Tau5_joint_refinement/AA/backcalc/pool_1/conformer_110/model.pdb,25.81895803563811,0.002,0.001084158285179849,0.0004636844856852757,0.00010887087314103715,6.310742153493104e-06,3.1975640399419876e-07,9.407830201604243e-09,7.765521120178456e-10,0.0019597037810720357,0.0001127061262982702
outputs/Tau5_joint_refinement/AA/pool_1/conformer_111.pdb,outputs/Tau5_joint_refinement/AA/backcalc/pool_1/conformer_111/model.pdb,33.92667273921435,0.002,0.0019577053320346833,0.0013174780937878737,0.0005080076826598532,6.920022526263358e-05,1.3103025045253918e-06,3.663817711427779e-08,3.0097929288307796e-09,0.002267130500173596,0.00045440269216606786
outputs/Tau5_joint_refinement/AA/pool_1/conformer_112.pdb,outputs/Tau5_joint_refinement/AA/backcalc/pool_1/conformer_112/model.pdb,26.4021081961994,0.002,0.0028403159273020515,0.0030808338541666916,0.0027194326700822713,0.0015545523797486549,0.0003793781399300756,2.575841099757427e-06,1.886240773504702e-07,0.0017806967467831757,0.0030324875050829732
outputs/Tau5_joint_refinement/AA/pool_1/conformer_113.pdb,outputs/Tau5_joint_refinement/AA/backcalc/pool_1/conformer_113/model.pdb,25.567137428340562,0.002,0.0008990233027835807,0.0006365860878652219,0.00034734598231373544,6.831709872981462e-05,1.5120085170351326e-06,4.2114624071383976e-08,3.4578719238682105e-09,0.0022155298119790204,0.00031714009264597557
outputs/Tau5_joint_refinement/AA/pool_1/conformer_114.pdb,outputs/Tau5_joint_refinement/AA/backcalc/pool_1/conformer_114/model.pdb,41.528755291298864,0.002,0.001771163345001533,0.0020020471882366197,0.002146540624060426,0.001413980062530212,0.00030004593299677996,1.5609996063672828e-06,1.1708811342888499e-07,0.001925804681979689,0.0021915027890937766
outputs/Tau5_joint_refinement/AA/pool_1/conformer_115.pdb,outputs/Tau5_joint_refinement/AA/backcalc/pool_1/conformer_115/model.pdb,27.734233901279893,0.002,0.001821287352782869,0.001922937667775766,0.002023503491207432,0.0014515376289687618,0.0003603550645960888,2.1795737881063213e-06,1.6052249256953203e-07,0.0022059418315890887,0.0018194462532853863
outputs/Tau5_joint_refinement/AA/pool_1/conformer_116.pdb,outputs/Tau5_joint_refinement/AA/backcalc/pool_1/conformer_116/model.pdb,37.777065616186405,0.002,0.0017529015521126083,0.0013628805222943264,0.0008042653705802435,0.00021553649142402949,8.082202441178468e-06,1.7507255596139833e-07,1.4104030545036111e-08,0.0019331951513537205,0.0008003658252446298
outputs/Tau5_joint_refinement/AA/pool_1/conformer_117.pdb,outputs/Tau5_joint_refinement/AA/backcalc/pool_1/conformer_117/model.pdb,45.51697466493957,0.002,0.0015108067451957636,0.0012978745936946432,0.001045374133723479,0.00047403396316171375,2.8493843066708143e-05,3.7552658740235593e-07,2.951016117363212e-08,0.0018651640633064997,0.001141080628256923
outputs/Tau5_joint_refinement/AA/pool_1/conformer_118.pdb,outputs/Tau5_joint_refinement/AA/backcalc/pool_1/conformer_118/model.pdb,30.61121345370004,0.002,0.003046134407737704,0.0036716807758987173,0.0035871660684125297,0.0019771719510562366,0.000290656339748255,1.0583395327468342e-06,8.009573765845949e-08,0.0020309737390320176,0.003369137722670063
outputs/Tau5_joint_refinement/AA/pool_1/conformer_119.pdb,outputs/Tau5_joint_refinement/AA/backcalc/pool_1/conformer_119/model.pdb,28.68501932685325,0.002,0.003640308641862336,0.0072117603076454605,0.013434483246990741,0.017711559475568725,0.02121336334426995,0.02323263071934301,0.02282837141244801,0.00247496416831506,0.011234406738881163
outputs/Tau5_joint_refinement/AA/pool_1/conformer_12.pdb,outputs/Tau5_joint_refinement/AA/backcalc/pool_1/conformer_12/model.pdb,34.35201627318237,0.002,0.0017243429842723006,0.0015346770470353733,0.0009542579462617337,0.00028022165622759737,1.9431348982039e-05,3.338150807552319e-07,2.6517388194730254e-08,0.001870385927723952,0.0010359981867516161
outputs/Tau5_joint_refinement/AA/pool_1/conformer_120.pdb,outputs/Tau5_joint_refinement/AA/backcalc/pool_1/conformer_120/model.pdb,23.659765589295613,0.002,0.0017623097779740856,0.0016568741777325511,0.0018802176180954357,0.0025225323789126912,0.0015592347868196772,2.0038955363514878e-05,9.474227243993286e-07,0.0017803387792536343,0.00205199107772847
outputs/Tau5_joint_refinement/AA/pool_1/conformer_121.pdb,outputs/Tau5_joint_refinement/AA/backcalc/pool_1/conformer_121/model.pdb,27.827103837619408,0.002,0.0015237219168049861,0.0008943494980137802,0.00035562826116762385,5.511534504435866e-05,1.060213922689213e-06,2.99091355840265e-08,2.459019919242334e-09,0.0019687014094112764,0.0003807075055814678
outputs/Tau5_joint_refinement/AA/pool_1/conformer_122.pdb,outputs/Tau5_joint_refinement/AA/backcalc/pool_1/conformer_122/model.pdb,36.35016997556736,0.002,0.0024100327694804953,0.002273963954329022,0.001488019888470051,0.0003522279488636472,1.126919595610628e-05,2.130401944373305e-07,1.7026037362833046e-08,0.0019127025609293315,0.0015434353718025318
outputs/Tau5_joint_refinement/AA/pool_1/conformer_123.pdb,outputs/Tau5_joint_refinement/AA/backcalc/pool_1/conformer_123/model.pdb,36.915252354034955,0.002,0.0027643282954445876,0.003955298332475688,0.005276117805216105,0.004884337190905539,0.001964933773529144,3.107822584277544e-05,1.1907444123450222e-06,0.0018154491389736028,0.005798343815381487
outputs/Tau5_joint_refinement/AA/pool_1/conformer_124.pdb,outputs/Tau5_joint_refinement/AA/backcalc/pool_1/conformer_124/model.pdb,35.34451858997199,0.002,0.002109244430856413,0.0016511639212300235,0.0007931383532613804,0.00011774012998565941,1.6815484542118822e-06,4.5930957165084676e-08,3.765428898403769e-09,0.002239180574869456,0.0007267955766883864
outputs/Tau5_joint_refinement/AA/pool_1/conformer_125.pdb,outputs/Tau5_joint_refinement/AA/backcalc/pool_1/conformer_125/model.pdb,33.65213752508276,0.002,0.0018109402697261833,0.0015779509394040925,0.0011103597778436313,0.0004231554070396321,2.6334168139220512e-05,3.6361937521202874e-07,2.8609781667299712e-08,0.0022504018277329117,0.001033926756927396
outputs/Tau5_joint_refinement/AA/pool_1/conformer_126.pdb,outputs/Tau5_joint_refinement/AA/backcalc/pool_1/conformer_126/model.pdb,36.48369539335916,0.002,0.002615786166414375,0.003151721385351162,0.0029119207507829342,0.0012128920312619786,6.732502975168169e-05,4.902895237490508e-07,3.8008014291382626e-08,0.001434551916496467,0.004071353396453477
outputs/Tau5_joint_refinement/AA/pool_1/conformer_127.pdb,outputs/Tau5_joint_refinement/AA/backcalc/pool_1/conformer_127/model.pdb,22.821052518640364,0.002,0.0015120719834661287,0.0012726424588751452,0.0015369995423073028,0.0028704646859844885,0.004060957634554617,0.003534903860302817,0.0021801956624155983,0.0023469756418301856,0.0012854930617371939
outputs/Tau5_joint_refinement/AA/pool_1/conformer_128.pdb,outputs/Tau5_joint_refinement/AA/backcalc/pool_1/conformer_128/model.pdb,41.152890145221306,0.002,0.0017092324630326298,0.0017086052868204242,0.0014177637407725822,0.0005601390577383216,5.058687740008717e-05,5.527020460911078e-07,4.3063001509835375e-08,0.0021163670911399585,0.0013877026313188477
outputs/Tau5_joint_refinement/AA/pool_1/conformer_129.pdb,outputs/Tau5_joint_refinement/AA/backcalc/pool_1/conformer_129/model.pdb,25.180852738812288,0.002,0.0013345550504667335,0.0012065737343224235,0.0012459688051210342,0.001555727278837851,0.0013431683458027754,0.0002632132933209885,4.820386024211995e-06,0.0019047760464001367,0.0012737720177046085
outputs/Tau5_joint_refinement/AA/pool_1/conformer_13.pdb,outputs/Tau5_joint_refinement/AA/backcalc/pool_1/conformer_13/model.pdb,30.050946073391813,0.002,0.0032707320708920476,0.003940741224397596,0.004631709982681443,0.006232042642307462,0.010046197950081097,0.013659977694170213,0.01536097324395502,0.0022736491802630133,0.003994241569548757
outputs/Tau5_joint_refinement/AA/pool_1/conformer_130.pdb,outputs/Tau5_joint_refinement/AA/backcalc/pool_1/conformer_130/model.pdb,36.01290422241998,0.002,0.001984671409034148,0.0015237607965142331,0.0006036114437565135,6.325847363894758e-05,9.869584315422727e-07,2.800913991403909e-08,2.304185607644114e-09,0.0016695910581938677,0.0006946809819442279
outputs/Tau5_joint_refinement/AA/pool_1/conformer_131.pdb,outputs/Tau5_joint_refinement/AA/backcalc/pool_1/conformer_131/model.pdb,21.87255478697054,0.002,0.0008872075688634764,0.00037100674422961804,0.00012353414025535582,1.9873072769612118e-05,7.424675696742375e-07,2.139930612972795e-08,1.7628620663222108e-09,0.001867357932277206,0.00012055161519204179
outputs/Tau5_joint_refinement/AA/pool_1/conformer_132.pdb,outputs/Tau5_joint_refinement/AA/backcalc/pool_1/conformer_132/model.pdb,44.18960737108,0.002,0.0013308961306811847,0.0009569046935381545,0.0006006006993871332,0.00025162576542275995,2.6713568412971588e-05,4.279065535341443e-07,3.3783488045191956e-08,0.0016138903468750272,0.0007455230249683416
outputs/Tau5_joint_refinement/AA/pool_1/conformer_133.pdb,outputs/Tau5_joint_refinement/AA/backcalc/pool_1/conformer_133/model.pdb,33.27465143131772,0.002,0.0018039027382971906,0.001454177991938516,0.0008379351512758888,0.00025785541957700745,1.8617321841795146e-05,3.270715499383792e-07,2.5998513122910897e-08,0.001837743415807882,0.0009128576507062257
outputs/Tau5_joint_refinement/AA/pool_1/conformer_134.pdb,outputs/Tau5_joint_refinement/AA/backcalc/pool_1/conformer_134/model.pdb,31.663782288345626,0.002,0.0017852444815216863,0.0013434426486955183,0.000644356378081123,0.00010222214836571302,1.6697778447398437e-06,4.589445207566946e-08,3.764557583446942e-09,0.0017359900311898807,0.0007377659840049031
outputs/Tau5_joint_refinement/AA/pool_1/conformer_135.pdb,outputs/Tau5_joint_refinement/AA/backcalc/pool_1/conformer_135/model.pdb,22.340715557906947,0.002,0.0030920652407545467,0.0040080690995805525,0.005717416336401134,0.00784216487164717,0.009283857491705183,0.0106149169628122,0.011635936783931372,0.0021221187980665517,0.00511335428668539
outputs/Tau5_joint_refinement/AA/pool_1/conformer_136.pdb,outputs/Tau5_joint_refinement/AA/backcalc/pool_1/conformer_136/model.pdb,35.763519133200994,0.002,0.001624983706142737,0.0009393761992439836,0.0002826263350732661,2.1581001410453696e-05,5.251074736050401e-07,1.5207622804962142e-08,1.2535906824317368e-09,0.00204013842513348,0.00028271600888569
outputs/Tau5_joint_refinement/AA/pool_1/conformer_137.pdb,outputs/Tau5_joint_refinement/AA/backcalc/pool_1/conformer_137/model.pdb,23.928158030518613,0.002,0.0019865686404258397,0.0013065445675905466,0.0005959348278491665,0.00012999620747306475,2.797672086240008e-06,7.33087422088667e-08,5.9880312227922e-09,0.0016948094060932005,0.0006948562176559902
outputs/Tau5_joint_refinement/AA/pool_1/conformer_138.pdb,outputs/Tau5_joint_refinement/AA/backcalc/pool_1/conformer_138/model.pdb,29.366169918761443,0.002,0.0025585694242280695,0.0025429044046759485,0.0017682176217756623,0.0007024295299852737,8.878909262915494e-05,7.538979173957407e-07,5.80705746381084e-08,0.0022287897539486853,0.0015247881204222343
outputs/Tau5_joint_refinement/AA/pool_1/conformer_139.pdb,outputs/Tau5_joint_refinement/AA/backcalc/pool_1/conformer_139/model.pdb,35.214318439657234,0.002,0.0032800627263841744,0.004956998655232334,0.006247946521222113,0.0052384264178455,0.0025730525201041452,0.00012148446264973777,2.1294443481437934e-06,0.0018977902151672622,0.006764761441451122
outputs/Tau5_joint_refinement/AA/pool_1/conformer_14.pdb,outputs/Tau5_joint_refinement/AA/backcalc/pool_1/conformer_14/model.pdb,28.407236018987703,0.002,0.0010983421002208533,0.0005432210791203213,0.00017167399131364663,1.851321358451753e-05,5.69325406512195e-07,1.6467168598926133e-08,1.357165145518716e-09,0.0024138784885790717,0.000141059074838582
outputs/Tau5_joint_refinement/AA/pool_1/conformer_140.pdb,outputs/Tau5_joint_refinement/AA/backcalc/pool_1/conformer_140/model.pdb,30.43707572140409,0.002,0.0021017635295828363,0.0015674501154705831,0.0007631046611926224,0.0001308574176976309,1.9610186879163813e-06,5.2917125722124446e-08,4.33348881923576e-09,0.0018311393507066324,0.0008182259821735
outputs/Tau5_joint_refinement/AA/pool_1/conformer_141.pdb,outputs/Tau5_joint_refinement/AA/backcalc/pool_1/conformer_141/model.pdb,45.781737421434094,0.002,0.0020914716863975375,0.002852858200029273,0.0041178080957814485,0.0041055166608220525,0.0019176965874934154,0.00016132589311601358,3.5496556704107415e-06,0.0018415445558679128,0.004592241730482986
outputs/Tau5_joint_refinement/AA/pool_1/conformer_142.pdb,outputs/Tau5_joint_refinement/AA/backcalc/pool_1/conformer_142/model.pdb,25.39742492742183,0.002,0.0015156888026898838,0.0013670443151853708,0.0011472693263585656,0.0004706780869532918,2.2207594605767495e-05,3.249489644043245e-07,2.56699583476605e-08,0.0016000872585610513,0.0014114462081881692
outputs/Tau5_joint_refinement/AA/pool_1/conformer_143.pdb,outputs/Tau5_joint_refinement/AA/backcalc/pool_1/conformer_143/model.pdb,28.281706554502684,0.002,0.0015380087170266282,0.0016913792884283123,0.0018628949322358236,0.0018944891922550431,0.0015149538522302608,0.00030120192708449025,4.0196842867538794e-06,0.0022702680579319134,0.0016258350623791357
outputs/Tau5_joint_refinement/AA/pool_1/conformer_144.pdb,outputs/Tau5_joint_refinement/AA/backcalc/pool_1/conformer_144/model.pdb,31.007233198911294,0.002,0.0015651257029870667,0.001205310384302277,0.0005879488312946769,9.999982407340111e-05,1.641909132325683e-06,4.5238181149646845e-08,3.7114716778082673e-09,0.001884540777334337,0.0006117477634562638
outputs/Tau5_joint_refinement/AA/pool_1/conformer_145.pdb,outputs/Tau5_joint_refinement/AA/backcalc/pool_1/conformer_145/model.pdb,40.376654324199556,0.002,0.0025398043599207964,0.003210804923572526,0.003440666979158141,0.002945124606283286,0.001780063911215177,0.00015203326436750674,2.7816827391372813e-06,0.0021444505686530257,0.003265807379094341
outputs/Tau5_joint_refinement/AA/pool_1/conformer_146.pdb,outputs/Tau5_joint_refinement/AA/backcalc/pool_1/conformer_146/model.pdb,34.23322865981543,0.002,0.0019472014518791486,0.0012424052164595573,0.00041983165118918673,3.647113983977084e-05,6.338249568265076e-07,1.823003975529211e-08,1.5017092020112009e-09,0.0019543705645919452,0.00043952627363881753
outputs/Tau5_joint_refinement/AA/pool_1/conformer_147.pdb,outputs/Tau5_joint_refinement/AA/backcalc/pool_1/conformer_147/model.pdb,25.45640667708966,0.002,0.001613613759485466,0.0018047051582210944,0.002280511970738373,0.0029377357775364986,0.0027156516866831642,0.0007040819203725234,6.293498470459914e-06,0.0022050831471840224,0.0020106862359253338
outputs/Tau5_joint_refinement/AA/pool_1/conformer_148.pdb,outputs/Tau5_joint_refinement/AA/backcalc/pool_1/conformer_148/model.pdb,29.265208776947645,0.002,0.0018112297369556956,0.0012352438649183871,0.0005594115766127321,0.00010881260769378478,3.1279979111690632e-06,8.225189401107513e-08,6.7185276654189035e-09,0.0020070466836014647,0.0005417048055736259
outputs/Tau5_joint_refinement/AA/pool_1/conformer_149.pdb,outputs/Tau5_joint_refinement/AA/backcalc/pool_1/conformer_149/model.pdb,36.86790853829554,0.002,0.0014501643638405066,0.001059937221260599,0.0006078461874545187,0.00020157804710544915,1.8355295022650437e-05,3.362236269390978e-07,2.6750046273467114e-08,0.0017557879071400761,0.0006840525832849068
outputs/Tau5_joint_refinement/AA/pool_1/conformer_15.pdb,outputs/Tau5_joint_refinement/AA/backcalc/pool_1/conformer_15/model.pdb,24.590192763734873,0.002,0.002371697573349897,0.002009018753718926,0.0012933785491947834,0.0005026375774339855,6.94746930870654e-05,7.848342533675357e-07,6.086131551594624e-08,0.0022664518173970325,0.0011240886319709789
outputs/Tau5_joint_refinement/AA/pool_1/conformer_150.pdb,outputs/Tau5_joint_refinement/AA/backcalc/pool_1/conformer_150/model.pdb,22.84997907690812,0.002,0.0033472738853579953,0.005170637392815306,0.00978511077010765,0.01874821006316361,0.026444341055330313,0.033782367948493604,0.03830448527417831,0.0019014026703123453,0.01019642559026439
outputs/Tau5_joint_refinement/AA/pool_1/conformer_151.pdb,outputs/Tau5_joint_refinement/AA/backcalc/pool_1/conformer_151/model.pdb,22.999417256082275,0.002,0.0016499512141344241,0.0013162382541055267,0.0010227418929486434,0.0006048139839448805,9.527863419996708e-05,8.785530877459443e-07,6.771667538811919e-08,0.0016990737972197288,0.00114056485863461
outputs/Tau5_joint_refinement/AA/pool_1/conformer_152.pdb,outputs/Tau5_joint_refinement/AA/backcalc/pool_1/conformer_152/model.pdb,37.058663207878936,0.002,0.0015665384418893948,0.0013686545895922658,0.0008756449413605228,0.00021014539604832062,4.312964204661047e-06,1.066465310562698e-07,8.671446588213142e-09,0.0018730576054995444,0.0009567087051633516
outputs/Tau5_joint_refinement/AA/pool_1/conformer_153.pdb,outputs/Tau5_joint_refinement/AA/backcalc/pool_1/conformer_153/model.pdb,23.183094386891668,0.002,0.0032736089780789576,0.0039539086722306304,0.004109548760550856,0.004097738356310295,0.0053185001077417065,0.0074341448991954735,0.007330956941014244,0.0020266385020675376,0.0040574765467779415
outputs/Tau5_joint_refinement/AA/pool_1/conformer_154.pdb,outputs/Tau5_joint_refinement/AA/backcalc/pool_1/conformer_154/model.pdb,28.45723316367817,0.002,0.0039037875537545437,0.005628816578862611,0.006847625682731915,0.006785828755454718,0.005768876134149421,0.002175522958507429,1.68278898793905e-05,0.002174724950004451,0.006183040930953689
outputs/Tau5_joint_refinement/AA/pool_1/conformer_155.pdb,outputs/Tau5_joint_refinement/AA/backcalc/pool_1/conformer_155/model.pdb,32.39630574811605,0.002,0.0014474962659980467,0.0012272627159719098,0.0008727913888040229,0.00042425227378998403,7.412747596896122e-05,8.978588409043459e-07,6.946049636099665e-08,0.0018752907901267593,0.000931635672525993
outputs/Tau5_joint_refinement/AA/pool_1/conformer_156.pdb,outputs/Tau5_joint_refinement/AA/backcalc/pool_1/conformer_156/model.pdb,42.2054284408564,0.002,0.00207145684742741,0.0026521388536659353,0.0033981371110164945,0.002880905805438007,0.0010524157871604968,1.469876673429054e-05,8.235639869532212e-07,0.0017607787168928783,0.0038307976420929447
outputs/Tau5_joint_refinement/AA/pool_1/conformer_157.pdb,outputs/Tau5_joint_refinement/AA/backcalc/pool_1/conformer_157/model.pdb,37.10921342934745,0.002,0.0019131870873819554,0.001650887147485397,0.0012056836386301181,0.0006387065265073884,0.00012188511230049821,1.004237076023405e-06,7.684860982510734e-08,0.0017144923607302076,0.0013797926707973726
outputs/Tau5_joint_refinement/AA/pool_1/conformer_158.pdb,outputs/Tau5_joint_refinement/AA/backcalc/pool_1/conformer_158/model.pdb,33.03310085241625,0.002,0.0020947775150479886,0.0021580526021500995,0.0016084730582711741,0.0005248787232227453,2.118711170441943e-05,2.929882161924414e-07,2.3103856714515205e-08,0.0018911538369537008,0.0017676756363820742
outputs/Tau5_joint_refinement/AA/pool_1/conformer_159.pdb,outputs/Tau5_joint_refinement/AA/backcalc/pool_1/conformer_159/model.pdb,21.802666591381215,0.002,0.0019092439274701776,0.0012908732257027695,0.0006606255791198174,0.00014753245902083244,3.2559429284328956e-06,8.387376312202701e-08,6.842352484164346e-09,0.0022556641702337187,0.0005735992155552641
outputs/Tau5_joint_refinement/AA/pool_1/conformer_16.pdb,outputs/Tau5_joint_refinement/AA/backcalc/pool_1/conformer_16/model.pdb,43.86875944180535,0.002,0.001463389428707444,0.0011380746167369937,0.0007319721107617457,0.00019038768276668738,3.6490201599704923e-06,9.187613223929231e-08,7.480339430464437e-09,0.0018433242175810523,0.0008265314219815088
outputs/Tau5_joint_refinement/AA/pool_1/conformer_160.pdb,outputs/Tau5_joint_refinement/AA/backcalc/pool_1/conformer_160/model.pdb,37.79057434741499,0.002,0.0022696883336838047,0.0022590034293645234,0.0017775188309391186,0.0007848749232624367,0.00010166075965730147,8.306783886163685e-07,6.39747845487631e-08,0.0022220254808841635,0.0016128851753828303
outputs/Tau5_joint_refinement/AA/pool_1/conformer_161.pdb,outputs/Tau5_joint_refinement/AA/backcalc/pool_1/conformer_161/model.pdb,33.3695923740035,0.002,0.001582723469719525,0.001173275813970338,0.000607276920516383,0.00013286477849370354,2.500120810781043e-06,6.568050483012617e-08,5.366057095521368e-09,0.0022143195709505366,0.0005553289887422822
outputs/Tau5_joint_refinement/AA/pool_1/conformer_162.pdb,outputs/Tau5_joint_refinement/AA/backcalc/pool_1/conformer_162/model.pdb,42.70654126242938,0.002,0.0015080073777098636,0.0013554448794043893,0.001025991099975866,0.00041487701531768394,4.268279873734789e-05,5.729280938698378e-07,4.483538755356658e-08,0.001884621669372005,0.0011252637082823733
outputs/Tau5_joint_refinement/AA/pool_1/conformer_163.pdb,outputs/Tau5_joint_refinement/AA/backcalc/pool_1/conformer_163/model.pdb,27.383329089006065,0.002,0.0027650460565818435,0.002337662814583538,0.0013758129893108094,0.00044534741652333103,2.9818364464760626e-05,3.9244593655392024e-07,3.080956180568371e-08,0.0016986339951798634,0.0015494683759927999
outputs/Tau5_joint_refinement/AA/pool_1/conformer_164.pdb,outputs/Tau5_joint_refinement/AA/backcalc/pool_1/conformer_164/model.pdb,18.482196315564966,0.002,0.0021753047188799867,0.001018825840538911,0.00028648472268509535,2.3275469142073693e-05,5.611392618838388e-07,1.6244547272560868e-08,1.3390002763804843e-09,0.0022072262760802755,0.00024585625918530324
outputs/Tau5_joint_refinement/AA/pool_1/conformer_165.pdb,outputs/Tau5_joint_refinement/AA/backcalc/pool_1/conformer_165/model.pdb,30.223561731111467,0.002,0.0015225481030315426,0.0010263078378279825,0.0004735709133791191,8.912057212334246e-05,1.8996265752063657e-06,5.1826724623928376e-08,4.248049260812287e-09,0.002183102291528374,0.000402656894360909
outputs/Tau5_joint_refinement/AA/pool_1/conformer_166.pdb,outputs/Tau5_joint_refinement/AA/backcalc/pool_1/conformer_166/model.pdb,25.24837581698051,0.002,0.0014981138203522724,0.0009882693362827032,0.00044732606975686956,9.701234435222477e-05,2.5018090820396e-06,6.718969526445097e-08,5.498563793406634e-09,0.0018458795087903448,0.0004828585816017686
outputs/Tau5_joint_refinement/AA/pool_1/conformer_167.pdb,outputs/Tau5_joint_refinement/AA/backcalc/pool_1/conformer_167/model.pdb,28.52321372620004,0.002,0.0028309157701640495,0.00276588541553412,0.0017936680279316106,0.00046484562665662516,2.178740753070065e-05,3.212414276550705e-07,2.5358759402056465e-08,0.0022020104640648585,0.0016337850461180588
outputs/Tau5_joint_refinement/AA/pool_1/conformer_168.pdb,outputs/Tau5_joint_refinement/AA/backcalc/pool_1/conformer_168/model.pdb,31.85213652687363,0.002,0.001179788321552718,0.00089769202360981,0.0005821611169855537,0.00024747238111501893,2.422170618961032e-05,3.918063888526465e-07,3.0972710769522506e-08,0.0022658323012377793,0.0005209088965872253
outputs/Tau5_joint_refinement/AA/pool_1/conformer_169.pdb,outputs/Tau5_joint_refinement/AA/backcalc/pool_1/conformer_169/model.pdb,40.07877803831925,0.002,0.001445082359348135,0.0010292797448104721,0.0007243714424842709,0.00039690500467409365,4.721473039937187e-05,5.576686119003571e-07,4.353457483364461e-08,0.0022152108796959238,0.0006676862674863698
outputs/Tau5_joint_refinement/AA/pool_1/conformer_17.pdb,outputs/Tau5_joint_refinement/AA/backcalc/pool_1/conformer_17/model.pdb,36.69624454544021,0.002,0.002031449800322788,0.0017094596755919456,0.0009111074627923955,0.00019151254503730822,6.774792139095403e-06,1.5804451667207745e-07,1.2788046325098491e-08,0.0019008222305120332,0.000971277695143049
outputs/Tau5_joint_refinement/AA/pool_1/conformer_170.pdb,outputs/Tau5_joint_refinement/AA/backcalc/pool_1/conformer_170/model.pdb,23.381167422043728,0.002,0.0013067368493968308,0.000543046102685341,0.00011513887896683453,5.276385509404791e-06,2.684990087114344e-07,7.91741577513393e-09,6.536879958683012e-10,0.0016330713322451125,0.00013953229867611926
outputs/Tau5_joint_refinement/AA/pool_1/conformer_171.pdb,outputs/Tau5_joint_refinement/AA/backcalc/pool_1/conformer_171/model.pdb,40.974457872484756,0.002,0.002240708478427806,0.0023960624369622294,0.0024954575192475945,0.0017483873618358073,0.0003670277550584386,1.8107229953215625e-06,1.3443335314030884e-07,0.0019821597990312798,0.002619755596313071
outputs/Tau5_joint_refinement/AA/pool_1/conformer_172.pdb,outputs/Tau5_joint_refinement/AA/backcalc/pool_1/conformer_172/model.pdb,30.68446502741656,0.002,0.0031358593629816902,0.0051821292799215275,0.010108699042597417,0.023268315559641248,0.04154234899750033,0.05522015960035098,0.05929981025079816,0.0021436962973090203,0.009295008442943186
outputs/Tau5_joint_refinement/AA/pool_1/conformer_173.pdb,outputs/Tau5_joint_refinement/AA/backcalc/pool_1/conformer_173/model.pdb,32.12365765289203,0.002,0.002018990634630523,0.0016820785660947384,0.0009539407936420956,0.00020070453286647543,3.5366972029234516e-06,8.862507848832793e-08,7.212814949339379e-09,0.0018105075829510733,0.0010895040941475915
outputs/Tau5_joint_refinement/AA/pool_1/conformer_174.pdb,outputs/Tau5_joint_refinement/AA/backcalc/pool_1/conformer_174/model.pdb,20.758036459482252,0.002,0.00433594136286705,0.005040477264524679,0.0047601480626438975,0.002931617386387114,0.0011138473126483099,1.7311249067659727e-05,8.980718837716182e-07,0.00214727617333262,0.004171204792507234
outputs/Tau5_joint_refinement/AA/pool_1/conformer_175.pdb,outputs/Tau5_joint_refinement/AA/backcalc/pool_1/conformer_175/model.pdb,34.1157247518139,0.002,0.0019961230881062513,0.002219523351376425,0.0024626898137914076,0.003245741686579927,0.004686907699182705,0.003993971273814819,0.0012730534021973717,0.0025945228934841076,0.0018733411474067352
outputs/Tau5_joint_refinement/AA/pool_1/conformer_176.pdb,outputs/Tau5_joint_refinement/AA/backcalc/pool_1/conformer_176/model.pdb,26.172199314007848,0.002,0.002008275656690625,0.0014311990134127474,0.0008430425151685338,0.0003924129200282981,7.901602477457771e-05,8.91213093585703e-07,6.885088157724843e-08,0.002466788636587097,0.0006426364022655335
outputs/Tau5_joint_refinement/AA/pool_1/conformer_177.pdb,outputs/Tau5_joint_refinement/AA/backcalc/pool_1/conformer_177/model.pdb,28.514799248118265,0.002,0.0016660764412445566,0.0019723995404032227,0.0024276782779293514,0.0027878538044075487,0.0031241608723998992,0.0030363129574537072,0.0014652108388408713,0.0022845906022107908,0.002145377800270774
outputs/Tau5_joint_refinement/AA/pool_1/conformer_178.pdb,outputs/Tau5_joint_refinement/AA/backcalc/pool_1/conformer_178/model.pdb,41.80625483484549,0.002,0.002144649130623545,0.002387133697690708,0.0025815151860975943,0.0018849358597196374,0.0004600191388867606,2.0186353354318513e-06,1.4825494732451356e-07,0.0018477790099002322,0.002902149834103197
outputs/Tau5_joint_refinement/AA/pool_1/conformer_179.pdb,outputs/Tau5_joint_refinement/AA/backcalc/pool_1/conformer_179/model.pdb,22.73895162728454,0.002,0.001143583644502635,0.0005488623972715337,0.0001751167281410133,2.1888575304521088e-05,7.372853156203311e-07,2.1275262568813813e-08,1.7527754439971172e-09,0.0017481147045574853,0.00019214916136182797
outputs/Tau5_joint_refinement/AA/pool_1/conformer_18.pdb,outputs/Tau5_joint_refinement/AA/backcalc/pool_1/conformer_18/model.pdb,41.52276378727062,0.002,0.0013497478702994916,0.0008187086459788609,0.00041468650421156887,0.00010649288789740554,2.715355039856797e-06,7.147726197285169e-08,5.8394022734659164e-09,0.0019350066488232815,0.0004329058714103487
outputs/Tau5_joint_refinement/AA/pool_1/conformer_180.pdb,outputs/Tau5_joint_refinement/AA/backcalc/pool_1/conformer_180/model.pdb,28.171765021986605,0.002,0.0018956874996974471,0.0018677400896828667,0.0017113614150087357,0.0009047547540571153,8.562837858605306e-05,6.253603481592804e-07,4.8248103447565135e-08,0.002240302970419673,0.0015174920851991319
outputs/Tau5_joint_refinement/AA/pool_1/conformer_181.pdb,outputs/Tau5_joint_refinement/AA/backcalc/pool_1/conformer_181/model.pdb,38.699320303256336,0.002,0.002067295633099566,0.0021679245690017154,0.0018091542783554575,0.0007645802152569142,9.09742163533611e-05,8.014550898799888e-07,6.193288424349927e-08,0.0019174289378346989,0.0018406463351906116
outputs/Tau5_joint_refinement/AA/pool_1/conformer_182.pdb,outputs/Tau5_joint_refinement/AA/backcalc/pool_1/conformer_182/model.pdb,29.656874786892445,0.002,0.002352566208687523,0.0026602605172709832,0.002883900882844318,0.0028463041790426774,0.0019407088621773276,0.00017431319683342683,2.9376929884314183e-06,0.002308388406966562,0.0025022019209057843
outputs/Tau5_joint_refinement/AA/pool_1/conformer_183.pdb,outputs/Tau5_joint_refinement/AA/backcalc/pool_1/conformer_183/model.pdb,30.661761873760526,0.002,0.0017887442571773784,0.0018104122406844886,0.001529376149321159,0.0006648811475885662,6.011867984587924e-05,6.339424682791026e-07,4.935381149392134e-08,0.0021739872106227133,0.0014384584395925456
outputs/Tau5_joint_refinement/AA/pool_1/conformer_184.pdb,outputs/Tau5_joint_refinement/AA/backcalc/pool_1/conformer_184/model.pdb,30.455361860988454,0.002,0.0021846287718841604,0.0019232599876702512,0.001264298103921057,0.00034789676220051314,1.041614336084669e-05,1.9553913703302892e-07,1.5628540037050518e-08,0.0017130484253256586,0.001482527148044729
outputs/Tau5_joint_refinement/AA/pool_1/conformer_185.pdb,outputs/Tau5_joint_refinement/AA/backcalc/pool_1/conformer_185/model.pdb,36.8800182265966,0.002,0.0020425373524980686,0.0021137280661560538,0.0018975987846157518,0.0012506517953392272,0.0004477241445374587,3.8439328899837525e-06,2.7251468233057926e-07,0.002123976592624975,0.0017751200235811054
outputs/Tau5_joint_refinement/AA/pool_1/conformer_186.pdb,outputs/Tau5_joint_refinement/AA/backcalc/pool_1/conformer_186/model.pdb,29.14452992174899,0.002,0.0025924899967739745,0.0036503264425591145,0.005514387450787221,0.008410555855974793,0.009875016689124593,0.00935951805182134,0.00780815538785023,0.0021639470530307125,0.005165569448656163
outputs/Tau5_joint_refinement/AA/pool_1/conformer_187.pdb,outputs/Tau5_joint_refinement/AA/backcalc/pool_1/conformer_187/model.pdb,26.262449654027847,0.002,0.0024338657300340804,0.002648449750422362,0.002314379679442454,0.000978895781470081,6.693289370122808e-05,5.672695062473695e-07,4.4025499524191106e-08,0.0015550585281963664,0.00287048643640221
outputs/Tau5_joint_refinement/AA/pool_1/conformer_188.pdb,outputs/Tau5_joint_refinement/AA/backcalc/pool_1/conformer_188/model.pdb,38.03331093348468,0.002,0.002053416035716855,0.00246450704959536,0.00257478046206771,0.0017419512699990989,0.0005712039081428199,4.157356940974958e-06,2.899792601994951e-07,0.001916397748466961,0.0027285727638920064
outputs/Tau5_joint_refinement/AA/pool_1/conformer_189.pdb,outputs/Tau5_joint_refinement/AA/backcalc/pool_1/conformer_189/model.pdb,27.047038180889093,0.002,0.0016941004694056036,0.0010488033381537633,0.00037507356113786666,3.887245669032582e-05,7.423718989379545e-07,2.126281328770965e-08,1.750777623161705e-09,0.0021430782862741447,0.00034917610209950635
outputs/Tau5_joint_refinement/AA/pool_1/conformer_19.pdb,outputs/Tau5_joint_refinement/AA/backcalc/pool_1/conformer_19/model.pdb,39.52332587784836,0.002,0.002313204674833652,0.0032785602399353847,0.004956564944252993,0.006701688851650866,0.0088797683793097,0.011073251994184732,0.012365202183925913,0.002036953150807414,0.004896915968053898
outputs/Tau5_joint_refinement/AA/pool_1/conformer_190.pdb,outputs/Tau5_joint_refinement/AA/backcalc/pool_1/conformer_190/model.pdb,22.521588470101243,0.002,0.0018365696493140916,0.0017579126932532612,0.0016881755812753218,0.001126817605955799,0.0003309792964481812,2.4055587430049147e-06,1.7631527058048883e-07,0.00209265269869365,0.001526988932215448
outputs/Tau5_joint_refinement/AA/pool_1/conformer_191.pdb,outputs/Tau5_joint_refinement/AA/backcalc/pool_1/conformer_191/model.pdb,29.45547423846806,0.002,0.0015593831455584864,0.0015003107447938483,0.0015235215151399083,0.0011518180948601223,0.00020863442407765848,1.1740117892465611e-06,8.902791154345514e-08,0.0019915983537523753,0.0015272713948720283
outputs/Tau5_joint_refinement/AA/pool_1/conformer_192.pdb,outputs/Tau5_joint_refinement/AA/backcalc/pool_1/conformer_192/model.pdb,22.178078076946903,0.002,0.0021735677498096653,0.0030669353501656584,0.005638154101800835,0.008617036579114527,0.005974576809270551,0.0008877162302234784,4.698782776164825e-06,0.0017203961582336071,0.0067506379070780085
outputs/Tau5_joint_refinement/AA/pool_1/conformer_193.pdb,outputs/Tau5_joint_refinement/AA/backcalc/pool_1/conformer_193/model.pdb,23.543924942076355,0.002,0.002042079713536947,0.001734706234825849,0.0014729936854124249,0.001112808093355571,0.000373630676012875,2.9294595169005186e-06,2.1181902411905697e-07,0.002289054545006648,0.0012814576834749801
outputs/Tau5_joint_refinement/AA/pool_1/conformer_194.pdb,outputs/Tau5_joint_refinement/AA/backcalc/pool_1/conformer_194/model.pdb,28.226769152843488,0.002,0.0019659509574934536,0.002212753347438925,0.0026352875114624367,0.0021931124746412656,0.0005562261124949416,2.701687169086555e-06,1.9533956805865539e-07,0.0018046860771527352,0.0028908773308176984
outputs/Tau5_joint_refinement/AA/pool_1/conformer_195.pdb,outputs/Tau5_joint_refinement/AA/backcalc/pool_1/conformer_195/model.pdb,26.629557924490964,0.002,0.0014651474491001759,0.0010746692034994795,0.0007717858582904631,0.0006514998673564491,0.000415476317882266,1.468031279577951e-05,8.77119006644298e-07,0.0018518966687951226,0.0008035169331644941
outputs/Tau5_joint_refinement/AA/pool_1/conformer_196.pdb,outputs/Tau5_joint_refinement/AA/backcalc/pool_1/conformer_196/model.pdb,38.11452445355296,0.002,0.0016707122002373688,0.0011518975374590179,0.0005398069425539795,9.619346948517584e-05,1.6308590913556213e-06,4.4925887426382054e-08,3.6859328615453184e-09,0.0018481180008840209,0.0005783087807084065
outputs/Tau5_joint_refinement/AA/pool_1/conformer_197.pdb,outputs/Tau5_joint_refinement/AA/backcalc/pool_1/conformer_197/model.pdb,33.38661107659256,0.002,0.0014749633418774419,0.0007756743014289015,0.00024929727789116185,2.7529323137367545e-05,6.405455554626985e-07,1.8435901443800883e-08,1.5187836659914757e-09,0.002479820495791889,0.00020615918900331748
outputs/Tau5_joint_refinement/AA/pool_1/conformer_198.pdb,outputs/Tau5_joint_refinement/AA/backcalc/pool_1/conformer_198/model.pdb,46.35255435531724,0.002,0.0013663830573703477,0.0010797480152430696,0.0009105289171834457,0.0004993848519323444,4.708258562486571e-05,5.165716221761653e-07,4.026553165274308e-08,0.0021078720687710624,0.0008946111143037391
outputs/Tau5_joint_refinement/AA/pool_1/conformer_199.pdb,outputs/Tau5_joint_refinement/AA/backcalc/pool_1/conformer_199/model.pdb,44.080843793002146,0.002,0.002921026833164618,0.0049138581008961795,0.010174567050236666,0.02391898905765741,0.043792266682122334,0.05894803771642184,0.06513486173652039,0.0024735752142051306,0.008415142407266825
outputs/Tau5_joint_refinement/AA/pool_1/conformer_2.pdb,outputs/Tau5_joint_refinement/AA/backcalc/pool_1/conformer_2/model.pdb,39.12438252592177,0.002,0.0023728323537321495,0.0030391378895326085,0.003928047219347087,0.0037738747270422896,0.0016993392545598146,7.280760370394939e-05,1.8977009412176201e-06,0.00228957246544366,0.0035575379461613085
outputs/Tau5_joint_refinement/AA/pool_1/conformer_20.pdb,outputs/Tau5_joint_refinement/AA/backcalc/pool_1/conformer_20/model.pdb,36.500991585384625,0.002,0.0013621763398978714,0.000861391264428411,0.0003678376024942182,5.8514850650212334e-05,1.0158350990653272e-06,2.8683018904661802e-08,2.3586650122953683e-09,0.0021172001393745016,0.00035954852494189893
outputs/Tau5_joint_refinement/AA/pool_1/conformer_200.pdb,outputs/Tau5_joint_refinement/AA/backcalc/pool_1/conformer_200/model.pdb,26.00245102820838,0.002,0.002606617541111259,0.0026074690764265234,0.002108101908609668,0.0009007275472043573,8.376306707058836e-05,6.403543251096087e-07,4.9452869037167065e-08,0.0017855584732023907,0.0022300015864913595
outputs/Tau5_joint_refinement/AA/pool_1/conformer_201.pdb,outputs/Tau5_joint_refinement/AA/backcalc/pool_1/conformer_201/model.pdb,28.136639007157505,0.002,0.0022525929453059233,0.0023892623359381745,0.0018511236258609673,0.0006698084112002755,5.154545396156138e-05,5.627893281055663e-07,4.3873998803824704e-08,0.001651511068458097,0.002231153149986414
outputs/Tau5_joint_refinement/AA/pool_1/conformer_202.pdb,outputs/Tau5_joint_refinement/AA/backcalc/pool_1/conformer_202/model.pdb,22.120670657708494,0.002,0.002752088739558178,0.0031237996499143363,0.0030858472998296894,0.0020688199000680244,0.0010680760800954748,0.00011588698705654626,2.8425369199943338e-06,0.0025514609316205413,0.0024148121899247423
outputs/Tau5_joint_refinement/AA/pool_1/conformer_203.pdb,outputs/Tau5_joint_refinement/AA/backcalc/pool_1/conformer_203/model.pdb,32.01416682138008,0.002,0.002415019746136204,0.00199826475427895,0.0010603035372261707,0.00023095174345909406,3.510578646931746e-06,8.701838860310156e-08,7.0780419364764456e-09,0.0015730866706147666,0.001348975299192646
outputs/Tau5_joint_refinement/AA/pool_1/conformer_204.pdb,outputs/Tau5_joint_refinement/AA/backcalc/pool_1/conformer_204/model.pdb,26.239359931692896,0.002,0.0014741419752957417,0.0010048022430691776,0.0006186439852062848,0.00023003081220996415,1.1958566059343487e-05,2.2942372781985298e-07,1.8340999000219873e-08,0.0017204575612585484,0.0006918655747917174
outputs/Tau5_joint_refinement/AA/pool_1/conformer_205.pdb,outputs/Tau5_joint_refinement/AA/backcalc/pool_1/conformer_205/model.pdb,28.450533205038045,0.002,0.0013883441840966532,0.0007965271659228574,0.00027212864896678077,3.157931376693908e-05,7.091897583844078e-07,2.0338108369641083e-08,1.6748714352518958e-09,0.001805707569006625,0.00029297350370326283
outputs/Tau5_joint_refinement/AA/pool_1/conformer_206.pdb,outputs/Tau5_joint_refinement/AA/backcalc/pool_1/conformer_206/model.pdb,31.70164471444178,0.002,0.001434752971448247,0.0009222876498911032,0.00039732208359315077,4.9543409479535264e-05,7.626658641709439e-07,2.1798389817787777e-08,1.7946224303463755e-09,0.0016681216828209817,0.0004946913995246546
outputs/Tau5_joint_refinement/AA/pool_1/conformer_207.pdb,outputs/Tau5_joint_refinement/AA/backcalc/pool_1/conformer_207/model.pdb,40.31795886638949,0.002,0.001447116449793686,0.0012519782910017222,0.0009348863504556679,0.0003296882957735444,1.5573953417309326e-05,2.6914343487182534e-07,2.1406774596659426e-08,0.0022257997222685736,0.0008862253342328006
outputs/Tau5_joint_refinement/AA/pool_1/conformer_208.pdb,outputs/Tau5_joint_refinement/AA/backcalc/pool_1/conformer_208/model.pdb,32.527183511631854,0.002,0.0012062307907441602,0.0007369885410480661,0.00029909567686039687,4.451300863705981e-05,9.072240244765732e-07,2.5792744210152023e-08,2.1222278082023533e-09,0.0018811244200202572,0.0003263601112414163
outputs/Tau5_joint_refinement/AA/pool_1/conformer_209.pdb,outputs/Tau5_joint_refinement/AA/backcalc/pool_1/conformer_209/model.pdb,50.69024186341928,0.002,0.0014553366319998114,0.0014274434336553254,0.0020573567192710713,0.004403621970527899,0.006888547036077227,0.006701036572428472,0.006370837137929677,0.0019930224144607584,0.0021523886136602627
outputs/Tau5_joint_refinement/AA/pool_1/conformer_21.pdb,outputs/Tau5_joint_refinement/AA/backcalc/pool_1/conformer_21/model.pdb,35.59767122426359,0.002,0.0023475675782459195,0.0027554373323025886,0.002807354042773994,0.0020732575842992308,0.0010040987042557988,6.767294584328244e-05,2.024179498773579e-06,0.002126352090118876,0.0026287600427465753
outputs/Tau5_joint_refinement/AA/pool_1/conformer_210.pdb,outputs/Tau5_joint_refinement/AA/backcalc/pool_1/conformer_210/model.pdb,47.74407468662633,0.002,0.0013275889453019368,0.0009590328911992644,0.0006729544286095252,0.0002495086318676521,9.082147138009832e-06,1.8394988198493025e-07,1.476401770748517e-08,0.0017757748085211096,0.0007783494765695946
outputs/Tau5_joint_refinement/AA/pool_1/conformer_211.pdb,outputs/Tau5_joint_refinement/AA/backcalc/pool_1/conformer_211/model.pdb,43.027762378865965,0.002,0.0015354076136571092,0.0014135568920491156,0.0012347508584900672,0.0008473573926054866,0.00030255199817057367,3.1748525883475442e-06,2.301598368408402e-07,0.002141113232083655,0.001177742948953918
outputs/Tau5_joint_refinement/AA/pool_1/conformer_212.pdb,outputs/Tau5_joint_refinement/AA/backcalc/pool_1/conformer_212/model.pdb,31.897903536947858,0.002,0.0016213335697156034,0.0010987555255932823,0.0005453927901636225,0.0001371970117120589,3.3887054176123675e-06,8.703014809518048e-08,7.097066704701096e-09,0.002109726801330822,0.0005286930448951498
outputs/Tau5_joint_refinement/AA/pool_1/conformer_213.pdb,outputs/Tau5_joint_refinement/AA/backcalc/pool_1/conformer_213/model.pdb,38.98776089327141,0.002,0.0016440267044498381,0.0014076069939545236,0.0009089386123142354,0.0002649563332225015,9.486763389426666e-06,1.9535977247657932e-07,1.5695320217555276e-08,0.001696576735186256,0.0011166250233730652
outputs/Tau5_joint_refinement/AA/pool_1/conformer_214.pdb,outputs/Tau5_joint_refinement/AA/backcalc/pool_1/conformer_214/model.pdb,31.641534937929205,0.002,0.0031151756885392104,0.004255118481181689,0.00485496516116899,0.003530044529369915,0.0012947997560581114,1.7733639601186936e-05,9.136084243521885e-07,0.0015485817898954655,0.005996887645728922
outputs/Tau5_joint_refinement/AA/pool_1/conformer_215.pdb,outputs/Tau5_joint_refinement/AA/backcalc/pool_1/conformer_215/model.pdb,36.2090461184953,0.002,0.0019430260274331003,0.0012763702146999767,0.0004846329716722723,6.919372284938025e-05,1.4251429712517344e-06,3.964184889902033e-08,3.254805312855193e-09,0.0019123516174961944,0.0005171223212355285
outputs/Tau5_joint_refinement/AA/pool_1/conformer_216.pdb,outputs/Tau5_joint_refinement/AA/backcalc/pool_1/conformer_216/model.pdb,43.01079107026757,0.002,0.001736718214478862,0.0015634167519516537,0.0012289247824422303,0.0004648646451933692,2.262749392262776e-05,3.3446615535091525e-07,2.6420751211381137e-08,0.0015908398308444218,0.001566046703936311
outputs/Tau5_joint_refinement/AA/pool_1/conformer_217.pdb,outputs/Tau5_joint_refinement/AA/backcalc/pool_1/conformer_217/model.pdb,32.793036329135916,0.002,0.0020831507087188364,0.0016608177190023,0.0009328218425903443,0.00023794698214197918,9.054080453728476e-06,1.9001626346642123e-07,1.5276204292234466e-08,0.0022835857833596873,0.0008157234501688661
outputs/Tau5_joint_refinement/AA/pool_1/conformer_218.pdb,outputs/Tau5_joint_refinement/AA/backcalc/pool_1/conformer_218/model.pdb,24.14330205515658,0.002,0.0009035415491235967,0.0005400050875472056,0.0003033188908457124,0.00010282598256321705,5.210423438589855e-06,1.2930291129706705e-07,1.050741159934062e-08,0.0020438067587747154,0.0003025879773686423
outputs/Tau5_joint_refinement/AA/pool_1/conformer_219.pdb,outputs/Tau5_joint_refinement/AA/backcalc/pool_1/conformer_219/model.pdb,33.468847448633944,0.002,0.002407760186330134,0.0034781655617914186,0.005318546464413654,0.0076395110941094415,0.00732392853390107,0.003831619307330765,0.0004816998586004476,0.0016162972606133098,0.00652633897263669
outputs/Tau5_joint_refinement/AA/pool_1/conformer_22.pdb,outputs/Tau5_joint_refinement/AA/backcalc/pool_1/conformer_22/model.pdb,27.117223404155943,0.002,0.0013809707164116106,0.0008013374932729057,0.00030247455293178863,5.136218142738823e-05,1.391766420450997e-06,3.8960385172077185e-08,3.200352793727177e-09,0.00198158263423519,0.00031186924530014043
outputs/Tau5_joint_refinement/AA/pool_1/conformer_220.pdb,outputs/Tau5_joint_refinement/AA/backcalc/pool_1/conformer_220/model.pdb,47.91283863326356,0.002,0.0012517181465225068,0.0008105407784662036,0.00047523922435395254,0.00017406440212921885,1.1206914394555258e-05,2.273293218187065e-07,1.8218855915302694e-08,0.0018647882958481331,0.0005114418205691766
outputs/Tau5_joint_refinement/AA/pool_1/conformer_221.pdb,outputs/Tau5_joint_refinement/AA/backcalc/pool_1/conformer_221/model.pdb,36.38865436880227,0.002,0.002100301632046663,0.0017100815021896,0.0008249371485271654,0.00010519025257703889,1.195452499599714e-06,3.3307662810821906e-08,2.7356980095837085e-09,0.0014771201337411342,0.001088526537404563
outputs/Tau5_joint_refinement/AA/pool_1/conformer_222.pdb,outputs/Tau5_joint_refinement/AA/backcalc/pool_1/conformer_222/model.pdb,25.149299596424044,0.002,0.002301348597671191,0.0021388165341032273,0.0013600040953343294,0.0002971009927102146,5.936037747367958e-06,1.3619479304413095e-07,1.1017804079000743e-08,0.0018091170682132303,0.0014696164588788735
outputs/Tau5_joint_refinement/AA/pool_1/conformer_223.pdb,outputs/Tau5_joint_refinement/AA/backcalc/pool_1/conformer_223/model.pdb,31.281742689091477,0.002,0.001972575820283942,0.001997667426310138,0.0019038324264076345,0.0011678548570362107,0.00021098232001621616,1.0497652999003985e-06,7.957993013784197e-08,0.001840385344131669,0.002036182500158813
outputs/Tau5_joint_refinement/AA/pool_1/conformer_224.pdb,outputs/Tau5_joint_refinement/AA/backcalc/pool_1/conformer_224/model.pdb,26.03607258591887,0.002,0.001829026434034702,0.0010462491096093329,0.0003088156724124637,1.864892269641203e-05,4.030089721482819e-07,1.171559294944979e-08,9.66103540259078e-10,0.001540942286524517,0.0004050105258007634
outputs/Tau5_joint_refinement/AA/pool_1/conformer_225.pdb,outputs/Tau5_joint_refinement/AA/backcalc/pool_1/conformer_225/model.pdb,27.245102995332026,0.002,0.0017352349855871362,0.0011680939397870481,0.0005693775554317489,0.00013663228814778428,4.038154773051469e-06,1.0202243061214843e-07,8.306336669393507e-09,0.0018490004594592234,0.0006103205714798477
outputs/Tau5_joint_refinement/AA/pool_1/conformer_226.pdb,outputs/Tau5_joint_refinement/AA/backcalc/pool_1/conformer_226/model.pdb,47.428880119241875,0.002,0.0013331806668705642,0.0009282743394702783,0.0006891671224679435,0.00044241012488262417,7.250854676719531e-05,6.217105839362688e-07,4.7964248727859936e-08,0.002258943601925551,0.0006416360491981107
outputs/Tau5_joint_refinement/AA/pool_1/conformer_227.pdb,outputs/Tau5_joint_refinement/AA/backcalc/pool_1/conformer_227/model.pdb,40.01962702409195,0.002,0.002170704061453865,0.002513442528787838,0.0033890954312080375,0.005156750786844644,0.006489354451690812,0.006313659137440145,0.0054384874671684685,0.002157871944762266,0.0031524705493068306
outputs/Tau5_joint_refinement/AA/pool_1/conformer_228.pdb,outputs/Tau5_joint_refinement/AA/backcalc/pool_1/conformer_228/model.pdb,32.189399562661194,0.002,0.00292232587261021,0.003631785356879036,0.003544701645011204,0.0018666144125322162,0.0002994255086397923,1.1731667147201118e-06,8.840885539262402e-08,0.001779736344922231,0.00397720689007091
outputs/Tau5_joint_refinement/AA/pool_1/conformer_229.pdb,outputs/Tau5_joint_refinement/AA/backcalc/pool_1/conformer_229/model.pdb,31.804623443371447,0.002,0.0025057086125879285,0.0029274499736063413,0.003121272436533024,0.0025803724093408616,0.0011631621749953055,1.1513172881602371e-05,6.631802230613175e-07,0.001989325842740337,0.003086438508115706
outputs/Tau5_joint_refinement/AA/pool_1/conformer_23.pdb,outputs/Tau5_joint_refinement/AA/backcalc/pool_1/conformer_23/model.pdb,41.88890190068082,0.002,0.0016329214661567374,0.0011882043090114633,0.0006552307539268885,0.0001896929499160967,1.132634579837384e-05,2.3231153487799555e-07,1.862682039657475e-08,0.0023391487531762576,0.000576786523895059
outputs/Tau5_joint_refinement/AA/pool_1/conformer_230.pdb,outputs/Tau5_joint_refinement/AA/backcalc/pool_1/conformer_230/model.pdb,32.47380801646472,0.002,0.002174370210616367,0.001971986479690523,0.0016099756247974016,0.0009479062112674277,0.00013214529036244247,7.863175425401654e-07,6.02872235979292e-08,0.0019223168632728214,0.0016844426649658879
outputs/Tau5_joint_refinement/AA/pool_1/conformer_231.pdb,outputs/Tau5_joint_refinement/AA/backcalc/pool_1/conformer_231/model.pdb,38.0994764564277,0.002,0.0017390234368771036,0.0014861157823606,0.0010825481589470647,0.00046145155007896283,3.539064171552894e-05,4.6360487842695745e-07,3.636685640277363e-08,0.0019293261117907425,0.0010902164229777737
outputs/Tau5_joint_refinement/AA/pool_1/conformer_232.pdb,outputs/Tau5_joint_refinement/AA/backcalc/pool_1/conformer_232/model.pdb,33.713933243038284,0.002,0.002727774717719617,0.0034907472017146044,0.003925061639971561,0.003400602382905758,0.001726294624452457,5.034010288585886e-05,1.4921717512123425e-06,0.0019042308148515825,0.004324646649843011
outputs/Tau5_joint_refinement/AA/pool_1/conformer_233.pdb,outputs/Tau5_joint_refinement/AA/backcalc/pool_1/conformer_233/model.pdb,39.52148990251573,0.002,0.0014473223509498259,0.0009781293562317228,0.0005795980602388035,0.00029105771397105806,5.814875290384356e-05,6.725972897558429e-07,5.220112428456123e-08,0.0023091287557409357,0.0004741886202121219
outputs/Tau5_joint_refinement/AA/pool_1/conformer_234.pdb,outputs/Tau5_joint_refinement/AA/backcalc/pool_1/conformer_234/model.pdb,24.44747972570486,0.002,0.0024648120641760736,0.002817895526433926,0.0030450079438212466,0.0027920368095933263,0.0018421488657502775,0.0003209554933957354,4.506496036904993e-06,0.0017046858295224213,0.0034320959838897327
outputs/Tau5_joint_refinement/AA/pool_1/conformer_235.pdb,outputs/Tau5_joint_refinement/AA/backcalc/pool_1/conformer_235/model.pdb,34.411862647856346,0.002,0.0017317826621229392,0.0016622704947437182,0.0012793990608765914,0.00044333721993270305,2.0297044729397905e-05,3.072153896960953e-07,2.4300101043792075e-08,0.0015691397325017446,0.0016625853627396817
outputs/Tau5_joint_refinement/AA/pool_1/conformer_236.pdb,outputs/Tau5_joint_refinement/AA/backcalc/pool_1/conformer_236/model.pdb,28.886508212853453,0.002,0.001493598918839165,0.0016436342923139822,0.002121915471927517,0.0029165161972769748,0.0024558906373134235,0.000467626427050313,6.223721588659049e-06,0.001785160887219345,0.0022693713283492554
outputs/Tau5_joint_refinement/AA/pool_1/conformer_237.pdb,outputs/Tau5_joint_refinement/AA/backcalc/pool_1/conformer_237/model.pdb,21.132398524966025,0.002,0.0033794647676005283,0.004757455290262442,0.007392043219810597,0.011708036547731301,0.01830734592397178,0.02698438644302349,0.031191136116372503,0.001870428256040589,0.00759193622392186
outputs/Tau5_joint_refinement/AA/pool_1/conformer_238.pdb,outputs/Tau5_joint_refinement/AA/backcalc/pool_1/conformer_238/model.pdb,24.0777667058496,0.002,0.0029796175929339727,0.002338926889475043,0.001072251850930803,0.00015676627520783457,2.280326109109716e-06,6.109331545079808e-08,4.999652442618926e-09,0.0019291390060500236,0.001092717592817348
outputs/Tau5_joint_refinement/AA/pool_1/conformer_239.pdb,outputs/Tau5_joint_refinement/AA/backcalc/pool_1/conformer_239/model.pdb,25.203997640955254,0.002,0.0011483351102913883,0.0008826559671014699,0.0006737715777213842,0.00033138405546428193,2.0875101575403683e-05,3.122309398068794e-07,2.467261376270253e-08,0.0017693933648630189,0.0007389201375277637
outputs/Tau5_joint_refinement/AA/pool_1/conformer_24.pdb,outputs/Tau5_joint_refinement/AA/backcalc/pool_1/conformer_24/model.pdb,32.96733235201891,0.002,0.002909947050767101,0.0038633614620938454,0.004260263312585888,0.003773161723526121,0.002410719709882202,0.00020649671132000672,2.8898960418306073e-06,0.002301778944155133,0.0038631898793576695
outputs/Tau5_joint_refinement/AA/pool_1/conformer_240.pdb,outputs/Tau5_joint_refinement/AA/backcalc/pool_1/conformer_240/model.pdb,26.95012574407122,0.002,0.001511152828883277,0.0015291671162364492,0.001566548673330331,0.0013658511602274031,0.0005028169975009192,3.370134687653377e-06,2.3894696007786e-07,0.0018570364343426277,0.0016153224147416013
outputs/Tau5_joint_refinement/AA/pool_1/conformer_241.pdb,outputs/Tau5_joint_refinement/AA/backcalc/pool_1/conformer_241/model.pdb,23.653313004763614,0.002,0.0024562784701702236,0.001671929576040445,0.0006454051947714628,9.733704976846469e-05,2.0442907285711224e-06,5.5892719999597196e-08,4.5815024785802196e-09,0.001826560958478171,0.0006886573844042311
outputs/Tau5_joint_refinement/AA/pool_1/conformer_242.pdb,outputs/Tau5_joint_refinement/AA/backcalc/pool_1/conformer_242/model.pdb,26.278912039810763,0.002,0.001602916367921696,0.0017759560704100937,0.001969787791031818,0.0020961536696222837,0.00153215549327314,0.0001893849885062968,3.4292989508333865e-06,0.0019828128233514717,0.0019100015938177373
outputs/Tau5_joint_refinement/AA/pool_1/conformer_243.pdb,outputs/Tau5_joint_refinement/AA/backcalc/pool_1/conformer_243/model.pdb,56.070893728577744,0.002,0.0014306205527817061,0.0011218092065512974,0.0012412963943658351,0.002729120864294254,0.008649688361555751,0.01625846134522556,0.017543047650211176,0.002356403412678022,0.0011037796677491496
outputs/Tau5_joint_refinement/AA/pool_1/conformer_244.pdb,outputs/Tau5_joint_refinement/AA/backcalc/pool_1/conformer_244/model.pdb,26.471050385422366,0.002,0.000849735726801258,0.000501614291004318,0.0002669089313464131,7.0600554646603e-05,2.2867393332241244e-06,6.221375630121028e-08,5.096756210819218e-09,0.0025200209541606233,0.0002179449371681286
outputs/Tau5_joint_refinement/AA/pool_1/conformer_245.pdb,outputs/Tau5_joint_refinement/AA/backcalc/pool_1/conformer_245/model.pdb,32.78219515502513,0.002,0.0014920004037055038,0.0010002040543588876,0.0005036959959665074,0.0001326344000969137,4.298279435744262e-06,1.0621316675403252e-07,8.634269446491304e-09,0.002181591768761949,0.000444623131594301
outputs/Tau5_joint_refinement/AA/pool_1/conformer_246.pdb,outputs/Tau5_joint_refinement/AA/backcalc/pool_1/conformer_246/model.pdb,27.835871957150204,0.002,0.0013729354896075724,0.0009639116393533474,0.000508211019605683,0.00012934311815495132,3.5514220534094712e-06,9.030550765464934e-08,7.3566944468691416e-09,0.0018877092454841,0.0005240626174982578
outputs/Tau5_joint_refinement/AA/pool_1/conformer_247.pdb,outputs/Tau5_joint_refinement/AA/backcalc/pool_1/conformer_247/model.pdb,35.75222901608044,0.002,0.0035265651366176557,0.007701398897368998,0.021294494886538902,0.05229893345469846,0.07792676189730735,0.09555716989305234,0.10314683187362503,0.0022407686623321594,0.02060810954600925
outputs/Tau5_joint_refinement/AA/pool_1/conformer_248.pdb,outputs/Tau5_joint_refinement/AA/backcalc/pool_1/conformer_248/model.pdb,26.366724796974218,0.002,0.0037393189494109033,0.005366762653590833,0.0075033986742406265,0.00856838169216141,0.006083247778480872,0.0012486088534430422,8.603158356843403e-06,0.0016737589355568868,0.008593971091651283
outputs/Tau5_joint_refinement/AA/pool_1/conformer_249.pdb,outputs/Tau5_joint_refinement/AA/backcalc/pool_1/conformer_249/model.pdb,33.38869191006661,0.002,0.0011912968275575124,0.0006925914802401701,0.000347208685296655,9.704895076481869e-05,2.9390068928003396e-06,7.691211009381332e-08,6.281122111151439e-09,0.0024754083430973597,0.0002740082088349527
outputs/Tau5_joint_refinement/AA/pool_1/conformer_25.pdb,outputs/Tau5_joint_refinement/AA/backcalc/pool_1/conformer_25/model.pdb,24.97431560236631,0.002,0.002669714108821693,0.004200934172739072,0.007207995089601538,0.010125412230660774,0.008103778666329605,0.0031471582996602976,0.00013215523674376867,0.0015543637876782512,0.008758166975056898
outputs/Tau5_joint_refinement/AA/pool_1/conformer_250.pdb,outputs/Tau5_joint_refinement/AA/backcalc/pool_1/conformer_250/model.pdb,47.05650662168261,0.002,0.0018596861715071383,0.0022013588287215385,0.003236835449068861,0.0037297880738808207,0.0017661309533020524,5.240324629402933e-05,1.5837720009450461e-06,0.0021259562534059547,0.0031137759818545174
outputs/Tau5_joint_refinement/AA/pool_1/conformer_26.pdb,outputs/Tau5_joint_refinement/AA/backcalc/pool_1/conformer_26/model.pdb,37.023287085749416,0.002,0.0016167049015590827,0.0011334218973558198,0.0005156123746161929,7.497326976734875e-05,1.1248518581968156e-06,3.151140028014306e-08,2.5893334349183998e-09,0.0017800550760284778,0.0005634476802977688
outputs/Tau5_joint_refinement/AA/pool_1/conformer_27.pdb,outputs/Tau5_joint_refinement/AA/backcalc/pool_1/conformer_27/model.pdb,29.896769375021016,0.002,0.001156301104689475,0.0006793013658285055,0.00032355483249788116,7.420310046245869e-05,1.6436929019881016e-06,4.5027640735052785e-08,3.6921341514270737e-09,0.002067132004957622,0.00030747799448115027
outputs/Tau5_joint_refinement/AA/pool_1/conformer_28.pdb,outputs/Tau5_joint_refinement/AA/backcalc/pool_1/conformer_28/model.pdb,33.76243916887029,0.002,0.0016393646005452391,0.0011360257758351224,0.0005565120494147398,0.00012717994413445014,3.067429639558087e-06,7.891038894635598e-08,6.436090310856958e-09,0.0021431766636399174,0.000516180152096771
outputs/Tau5_joint_refinement/AA/pool_1/conformer_29.pdb,outputs/Tau5_joint_refinement/AA/backcalc/pool_1/conformer_29/model.pdb,38.983004492627586,0.002,0.003021043515875075,0.004363940560440004,0.006526469278017976,0.010080101648119127,0.01456708895389392,0.018022268070451816,0.019795259194333063,0.0018367308910518865,0.007079668852102305
outputs/Tau5_joint_refinement/AA/pool_1/conformer_3.pdb,outputs/Tau5_joint_refinement/AA/backcalc/pool_1/conformer_3/model.pdb,36.08228320404647,0.002,0.0032991889725919304,0.004736171350070356,0.006606992186223894,0.007522114899436129,0.006748373643096931,0.0037827829458876518,0.000989550975856968,0.0021837811224659164,0.006124943574410524
outputs/Tau5_joint_refinement/AA/pool_1/conformer_30.pdb,outputs/Tau5_joint_refinement/AA/backcalc/pool_1/conformer_30/model.pdb,31.549201106070026,0.002,0.0021680719095887604,0.0020854582530265217,0.0016836712623867847,0.000816089860503499,8.052874806290028e-05,6.142031312299823e-07,4.7440865912875916e-08,0.00204328928888372,0.0016972111836272789
outputs/Tau5_joint_refinement/AA/pool_1/conformer_31.pdb,outputs/Tau5_joint_refinement/AA/backcalc/pool_1/conformer_31/model.pdb,42.45110811762931,0.002,0.0022078986435686175,0.002536695162979305,0.0024255171157217714,0.0011890744086773127,0.00013300573601739054,8.208340582276897e-07,6.293583975761233e-08,0.0019409945490840863,0.0025667794889311516
outputs/Tau5_joint_refinement/AA/pool_1/conformer_32.pdb,outputs/Tau5_joint_refinement/AA/backcalc/pool_1/conformer_32/model.pdb,42.99720317110269,0.002,0.0013760072095927811,0.0009116996105056175,0.0004742242492169039,9.413873204413531e-05,1.5731104495977163e-06,4.3482530112063434e-08,3.5680856496813205e-09,0.001695661903912975,0.0005934256156279163
outputs/Tau5_joint_refinement/AA/pool_1/conformer_33.pdb,outputs/Tau5_joint_refinement/AA/backcalc/pool_1/conformer_33/model.pdb,31.868471634173567,0.002,0.002196775034389835,0.001860781294413028,0.001018471149014934,0.0002536444997261998,1.161681029821152e-05,2.3118084635604046e-07,1.8515155448304562e-08,0.0016911261026478041,0.0011792290327495131
outputs/Tau5_joint_refinement/AA/pool_1/conformer_34.pdb,outputs/Tau5_joint_refinement/AA/backcalc/pool_1/conformer_34/model.pdb,48.460036548470505,0.002,0.0015436113260337149,0.0013664623136619822,0.001160714080281507,0.0007048933541663329,0.00013753925348609436,1.0257042738159084e-06,7.810839664956623e-08,0.0016741943583781702,0.0013990328102349635
outputs/Tau5_joint_refinement/AA/pool_1/conformer_35.pdb,outputs/Tau5_joint_refinement/AA/backcalc/pool_1/conformer_35/model.pdb,24.080683238517537,0.002,0.0012588253876724823,0.0007195643525598907,0.0002844821673471159,5.506911228723999e-05,1.8633306651987738e-06,5.177106116616118e-08,4.249064988729073e-09,0.0025387497679385993,0.00022385631100064636
outputs/Tau5_joint_refinement/AA/pool_1/conformer_36.pdb,outputs/Tau5_joint_refinement/AA/backcalc/pool_1/conformer_36/model.pdb,29.73668046773561,0.002,0.0021916812766895914,0.001470911735992979,0.000593956000475286,9.071428638562081e-05,1.4647192175970725e-06,4.053447229777557e-08,3.3269752145224313e-09,0.002059804833005053,0.0005589457140468061
outputs/Tau5_joint_refinement/AA/pool_1/conformer_37.pdb,outputs/Tau5_joint_refinement/AA/backcalc/pool_1/conformer_37/model.pdb,19.341450390610074,0.002,0.007104024670653381,0.00994199387546898,0.01259097974746146,0.013665486680907358,0.012766893031930151,0.009252748704577082,0.006657065947830785,0.0018194898353632136,0.013000847738422132
outputs/Tau5_joint_refinement/AA/pool_1/conformer_38.pdb,outputs/Tau5_joint_refinement/AA/backcalc/pool_1/conformer_38/model.pdb,27.788008425728055,0.002,0.0016539726143304878,0.0013916040991448916,0.0009294041734909174,0.0003348402347433341,2.8188774883126884e-05,4.507103029191884e-07,3.558835902908261e-08,0.0018878369502181437,0.0009964793075490047
outputs/Tau5_joint_refinement/AA/pool_1/conformer_39.pdb,outputs/Tau5_joint_refinement/AA/backcalc/pool_1/conformer_39/model.pdb,34.46618088890926,0.002,0.0018763359054406294,0.0019794093435480616,0.0016735970469811518,0.0007747171064873732,8.57518000470727e-05,7.365467122524061e-07,5.676984971874216e-08,0.0015695591481939691,0.0021937377658835465
outputs/Tau5_joint_refinement/AA/pool_1/conformer_4.pdb,outputs/Tau5_joint_refinement/AA/backcalc/pool_1/conformer_4/model.pdb,25.663612731482832,0.002,0.001841995397082495,0.0015786535668926081,0.0017326545622374583,0.003106353277683498,0.005294134868121394,0.006222077322099201,0.005428933925871844,0.0024558152768914742,0.001353716923538123
outputs/Tau5_joint_refinement/AA/pool_1/conformer_40.pdb,outputs/Tau5_joint_refinement/AA/backcalc/pool_1/conformer_40/model.pdb,32.079175684742424,0.002,0.001889148667789794,0.001993628444120608,0.001711409452571565,0.0006895825129011815,4.996713856065139e-05,5.33154351560759e-07,4.1571866287769736e-08,0.001780679010986385,0.0018413192449303194
outputs/Tau5_joint_refinement/AA/pool_1/conformer_41.pdb,outputs/Tau5_joint_refinement/AA/backcalc/pool_1/conformer_41/model.pdb,38.607727759863344,0.002,0.0016966913909586853,0.0013142513130149052,0.0007307063501484286,0.00016802837051484995,3.6138118465162704e-06,9.097966553341987e-08,7.408520288588431e-09,0.0019254531621853287,0.0007612519254967053
outputs/Tau5_joint_refinement/AA/pool_1/conformer_42.pdb,outputs/Tau5_joint_refinement/AA/backcalc/pool_1/conformer_42/model.pdb,20.865380474314787,0.002,0.0016221983699744866,0.0008289717577569069,0.00028872148767128403,3.421767098907197e-05,7.761321038646664e-07,2.2279255123365037e-08,1.8348173119722406e-09,0.0019493840360856577,0.0002887284701464003
outputs/Tau5_joint_refinement/AA/pool_1/conformer_43.pdb,outputs/Tau5_joint_refinement/AA/backcalc/pool_1/conformer_43/model.pdb,27.886402304057622,0.002,0.0028089598996360273,0.0027837600625508657,0.002436114443605335,0.0015229488842730136,0.0002629679805940319,1.0494152434042441e-06,7.934450300464175e-08,0.0019947941726768726,0.002510339330948174
outputs/Tau5_joint_refinement/AA/pool_1/conformer_44.pdb,outputs/Tau5_joint_refinement/AA/backcalc/pool_1/conformer_44/model.pdb,35.01262289818765,0.002,0.0018989294555437502,0.001825413302363356,0.0011843060158424638,0.00027972250189039035,6.77546512112654e-06,1.5059906844566378e-07,1.2154919353893859e-08,0.0019390863351545092,0.0012547730665859577
outputs/Tau5_joint_refinement/AA/pool_1/conformer_45.pdb,outputs/Tau5_joint_refinement/AA/backcalc/pool_1/conformer_45/model.pdb,24.14636574928542,0.002,0.0015337110128395518,0.0006712802873043073,0.0001595498518056809,7.36748983801071e-06,2.875988206204101e-07,8.434110785018763e-09,6.960497249414402e-10,0.001411961376906038,0.00021097608390680534
outputs/Tau5_joint_refinement/AA/pool_1/conformer_46.pdb,outputs/Tau5_joint_refinement/AA/backcalc/pool_1/conformer_46/model.pdb,36.7428426066863,0.002,0.0019598000087182894,0.001888227081365373,0.0014609866278715627,0.0006053901875908647,5.8584033309907574e-05,5.93403817002959e-07,4.610868810781563e-08,0.001781023769291089,0.0016667312881002564
outputs/Tau5_joint_refinement/AA/pool_1/conformer_47.pdb,outputs/Tau5_joint_refinement/AA/backcalc/pool_1/conformer_47/model.pdb,28.285198659775862,0.002,0.0021489666638109324,0.0023954692910722005,0.002548454485739914,0.002128316552506289,0.0008418241064809279,9.11517482134529e-06,5.665072650539964e-07,0.0017783852052137685,0.0029282775736638386
outputs/Tau5_joint_refinement/AA/pool_1/conformer_48.pdb,outputs/Tau5_joint_refinement/AA/backcalc/pool_1/conformer_48/model.pdb,26.46309507961827,0.002,0.0022226393054197296,0.0020641141056583065,0.0017099997845671554,0.0014896128498792696,0.0015506836144395836,0.0006847751500535186,1.466045833651942e-05,0.0021530406396887817,0.001413565800405371
outputs/Tau5_joint_refinement/AA/pool_1/conformer_49.pdb,outputs/Tau5_joint_refinement/AA/backcalc/pool_1/conformer_49/model.pdb,45.43669082522421,0.002,0.0012335091318635234,0.0007166669457099353,0.0003120204975412151,6.0352064804921575e-05,1.4528539464201835e-06,4.0397992807387014e-08,3.3165980697199615e-09,0.0018748452808682978,0.0003444157426202172
outputs/Tau5_joint_refinement/AA/pool_1/conformer_5.pdb,outputs/Tau5_joint_refinement/AA/backcalc/pool_1/conformer_5/model.pdb,34.89859602185448,0.002,0.0015718069889517922,0.0011335078088838154,0.0005731725286094578,0.000132050574838241,3.171298897916696e-06,8.21452809448604e-08,6.703022416336159e-09,0.0019142642363505558,0.000605407725572463
outputs/Tau5_joint_refinement/AA/pool_1/conformer_50.pdb,outputs/Tau5_joint_refinement/AA/backcalc/pool_1/conformer_50/model.pdb,45.59750162557413,0.002,0.0014101354306982887,0.0009848401856628278,0.0005406950370989863,0.00011787472914818343,2.059079927570926e-06,5.5380708776152255e-08,4.533660920752037e-09,0.0015446953549722452,0.000722114602496135
outputs/Tau5_joint_refinement/AA/pool_1/conformer_51.pdb,outputs/Tau5_joint_refinement/AA/backcalc/pool_1/conformer_51/model.pdb,40.558992595625625,0.002,0.001725287934476968,0.0017772132997562918,0.0016621303573986243,0.0008599725211287891,0.00011386906872061128,9.192311672443808e-07,7.06082916806291e-08,0.0018015676731174628,0.0018853416271680029
outputs/Tau5_joint_refinement/AA/pool_1/conformer_52.pdb,outputs/Tau5_joint_refinement/AA/backcalc/pool_1/conformer_52/model.pdb,29.23600979686101,0.002,0.0014201374459435604,0.0009542784662700381,0.0004259871614555888,6.892423596343281e-05,1.0662175642470842e-06,3.005084090758472e-08,2.4706605038638024e-09,0.0015655850947639746,0.0005482829087100084
outputs/Tau5_joint_refinement/AA/pool_1/conformer_53.pdb,outputs/Tau5_joint_refinement/AA/backcalc/pool_1/conformer_53/model.pdb,31.78316253953739,0.002,0.0020796417050109447,0.001869456820894273,0.0013169806764096884,0.0005075877516831191,5.259695809204113e-05,5.892146586840915e-07,4.590505358597425e-08,0.0022238916129807165,0.001176648094366798
outputs/Tau5_joint_refinement/AA/pool_1/conformer_54.pdb,outputs/Tau5_joint_refinement/AA/backcalc/pool_1/conformer_54/model.pdb,22.113476719346586,0.002,0.0014580641118522068,0.000996210292723369,0.0005772513856849664,0.00013515085684112177,2.7350701730090726e-06,7.225639193149169e-08,5.906503955869734e-09,0.0022528090083603976,0.0004946392822699738
outputs/Tau5_joint_refinement/AA/pool_1/conformer_55.pdb,outputs/Tau5_joint_refinement/AA/backcalc/pool_1/conformer_55/model.pdb,35.662407587357386,0.002,0.0022973437622746977,0.0027476023450285283,0.0036183984840620674,0.006426802950579356,0.013726821341112132,0.024707497647809166,0.03039436565624609,0.002203778339273541,0.0032047384707020645
outputs/Tau5_joint_refinement/AA/pool_1/conformer_56.pdb,outputs/Tau5_joint_refinement/AA/backcalc/pool_1/conformer_56/model.pdb,40.462900281030755,0.002,0.002133455739117498,0.0025270298657828396,0.0031256150593040625,0.003596891024351492,0.002699300648924458,0.0003316659078983533,3.5136579142837475e-06,0.002246352456732778,0.002753506136716486
outputs/Tau5_joint_refinement/AA/pool_1/conformer_57.pdb,outputs/Tau5_joint_refinement/AA/backcalc/pool_1/conformer_57/model.pdb,38.2689393371802,0.002,0.0021563688822327106,0.001968978394076865,0.0015049545030354796,0.0006448223799760303,8.014149095574496e-05,7.400948389246484e-07,5.72840721903635e-08,0.0022195797090145616,0.001284008585935998
outputs/Tau5_joint_refinement/AA/pool_1/conformer_58.pdb,outputs/Tau5_joint_refinement/AA/backcalc/pool_1/conformer_58/model.pdb,32.19733009433456,0.002,0.0014539826609596671,0.0009583543004097891,0.000452213661049638,9.015284578602793e-05,1.6856159250065434e-06,4.645143773855971e-08,3.811220556609323e-09,0.001424392401562588,0.0006206836294564807
outputs/Tau5_joint_refinement/AA/pool_1/conformer_59.pdb,outputs/Tau5_joint_refinement/AA/backcalc/pool_1/conformer_59/model.pdb,36.627529078108836,0.002,0.001531637705316161,0.0008985121309586721,0.000322284118130506,3.7203085899921666e-05,7.568964094012298e-07,2.171889691664434e-08,1.7887237120129029e-09,0.0018895856745724153,0.0003400782233737052
outputs/Tau5_joint_refinement/AA/pool_1/conformer_6.pdb,outputs/Tau5_joint_refinement/AA/backcalc/pool_1/conformer_6/model.pdb,38.50661254403262,0.002,0.0017545036848780984,0.001634465010537009,0.001329459993404184,0.0005558928964392479,3.9821399268991625e-05,4.785438780228262e-07,3.743419551514032e-08,0.0018551836054318067,0.0014803165691130245
outputs/Tau5_joint_refinement/AA/pool_1/conformer_60.pdb,outputs/Tau5_joint_refinement/AA/backcalc/pool_1/conformer_60/model.pdb,30.844078982931997,0.002,0.0017788083564242597,0.0017520960098511397,0.0013324221427717035,0.0006583242216866995,0.0001621270886839777,1.65991145159771e-06,1.2519542703817553e-07,0.002488187107250716,0.0010706021797385647
outputs/Tau5_joint_refinement/AA/pool_1/conformer_61.pdb,outputs/Tau5_joint_refinement/AA/backcalc/pool_1/conformer_61/model.pdb,25.501644117008524,0.002,0.0022274623391164553,0.0019285548730843646,0.0012549124029074222,0.00038019354220831484,1.623216026375341e-05,2.717989864210854e-07,2.1595500459002565e-08,0.0016592334733793797,0.0015206702666577157
outputs/Tau5_joint_refinement/AA/pool_1/conformer_62.pdb,outputs/Tau5_joint_refinement/AA/backcalc/pool_1/conformer_62/model.pdb,27.67075605716761,0.002,0.003048318146013149,0.004200350215050289,0.005238558328236871,0.005460165812439507,0.004336567766775406,0.0012957974160870398,1.2805279845522007e-05,0.002249866527924409,0.0045347232784767825
outputs/Tau5_joint_refinement/AA/pool_1/conformer_63.pdb,outputs/Tau5_joint_refinement/AA/backcalc/pool_1/conformer_63/model.pdb,42.34525635050027,0.002,0.0015186158604699545,0.0013530657710553807,0.0011559180335598222,0.0007129685352667154,0.00015509540180629847,1.192785283956968e-06,9.063604740054363e-08,0.0026593988655835283,0.0009109240330321683
outputs/Tau5_joint_refinement/AA/pool_1/conformer_64.pdb,outputs/Tau5_joint_refinement/AA/backcalc/pool_1/conformer_64/model.pdb,28.10713238425263,0.002,0.0013672705169989077,0.0012450350997004682,0.0008851797877826644,0.0002796331274432484,1.3900799391029534e-05,2.6322259117841534e-07,2.1023954277025195e-08,0.001636597354042637,0.0010633416814236666
outputs/Tau5_joint_refinement/AA/pool_1/conformer_65.pdb,outputs/Tau5_joint_refinement/AA/backcalc/pool_1/conformer_65/model.pdb,39.1907626698864,0.002,0.0014251425739973634,0.0008958701352264032,0.00037789291937282896,5.4044071746557554e-05,1.1336553949442302e-06,3.202901677276295e-08,2.6336684551152907e-09,0.001945263177362604,0.0003900002270216525
outputs/Tau5_joint_refinement/AA/pool_1/conformer_66.pdb,outputs/Tau5_joint_refinement/AA/backcalc/pool_1/conformer_66/model.pdb,39.21568548055562,0.002,0.0017165940494048954,0.0019797175898446373,0.002490230609262702,0.002600907410125092,0.0012038702677890055,1.4834098131321983e-05,7.931394503176744e-07,0.0020977854417547678,0.0024765847040454283
outputs/Tau5_joint_refinement/AA/pool_1/conformer_67.pdb,outputs/Tau5_joint_refinement/AA/backcalc/pool_1/conformer_67/model.pdb,29.17610783122801,0.002,0.002069181623030347,0.0015914986579355266,0.0009495847163608777,0.00042956498767000607,5.539332611418005e-05,5.948142920063642e-07,4.625315305024662e-08,0.0023431705494597545,0.0007921747095722293
outputs/Tau5_joint_refinement/AA/pool_1/conformer_68.pdb,outputs/Tau5_joint_refinement/AA/backcalc/pool_1/conformer_68/model.pdb,24.504123103713475,0.002,0.0010051740016878699,0.00045541878069370626,0.00015355067668121314,2.2249600330639227e-05,7.458800173632108e-07,2.146052177074534e-08,1.7675899717899621e-09,0.002131533426560171,0.00014034406326116853
outputs/Tau5_joint_refinement/AA/pool_1/conformer_69.pdb,outputs/Tau5_joint_refinement/AA/backcalc/pool_1/conformer_69/model.pdb,30.485556774641022,0.002,0.0012407696538659417,0.0009985553945344994,0.0006157298225676486,0.00024313019652485003,2.612293372589316e-05,4.2630558509087905e-07,3.3680413917921655e-08,0.0024416708928411985,0.0005036734201594838
outputs/Tau5_joint_refinement/AA/pool_1/conformer_7.pdb,outputs/Tau5_joint_refinement/AA/backcalc/pool_1/conformer_7/model.pdb,20.153657497415328,0.002,0.0024981799512807613,0.0014215208874536235,0.0005092577242435668,5.150741291742622e-05,6.789383628561739e-07,1.9438401606069528e-08,1.600658069097256e-09,0.0016224564763837233,0.000602280256364579
outputs/Tau5_joint_refinement/AA/pool_1/conformer_70.pdb,outputs/Tau5_joint_refinement/AA/backcalc/pool_1/conformer_70/model.pdb,21.249183632402016,0.002,0.0024184300750337813,0.0014659607922474218,0.0004921377317863021,3.459388818052155e-05,5.035840698345073e-07,1.4549732535693147e-08,1.1991081495757658e-09,0.0019584113003972715,0.0005038565964289367
outputs/Tau5_joint_refinement/AA/pool_1/conformer_71.pdb,outputs/Tau5_joint_refinement/AA/backcalc/pool_1/conformer_71/model.pdb,35.28222310258954,0.002,0.002404120497928718,0.003112666991457062,0.0030787044650911525,0.001830659242822494,0.0005556550187281595,4.802739236076041e-06,3.340370182922892e-07,0.0020971871491574433,0.0029361507060104404
outputs/Tau5_joint_refinement/AA/pool_1/conformer_72.pdb,outputs/Tau5_joint_refinement/AA/backcalc/pool_1/conformer_72/model.pdb,26.461718891838725,0.002,0.004917755061352486,0.011226758794880925,0.028594336848377703,0.05316774965993847,0.06534893411262886,0.07417824509874495,0.07638620920632856,0.0018797393264751141,0.031012809038001566
outputs/Tau5_joint_refinement/AA/pool_1/conformer_73.pdb,outputs/Tau5_joint_refinement/AA/backcalc/pool_1/conformer_73/model.pdb,28.442200058415256,0.002,0.0022950884480197244,0.0023430039703628194,0.0028065485226840114,0.004665059565504754,0.007203121228084184,0.006959104351128192,0.005323206294177664,0.0026311671775796457,0.0020956693781830262
outputs/Tau5_joint_refinement/AA/pool_1/conformer_74.pdb,outputs/Tau5_joint_refinement/AA/backcalc/pool_1/conformer_74/model.pdb,34.9484764659527,0.002,0.0014657491679443539,0.0009798150347469976,0.0003051667696797716,1.4877111290466472e-05,3.801395545640936e-07,1.1094300324157209e-08,9.151821420192068e-10,0.0013742799540898557,0.0004532511427957595
outputs/Tau5_joint_refinement/AA/pool_1/conformer_75.pdb,outputs/Tau5_joint_refinement/AA/backcalc/pool_1/conformer_75/model.pdb,34.734170876929085,0.002,0.0019763787319064864,0.001808574273761373,0.0011968780559475896,0.0005070943650327409,6.463262529072815e-05,6.201816088500003e-07,4.804133771097772e-08,0.0021842091990963044,0.0010720670620575235
outputs/Tau5_joint_refinement/AA/pool_1/conformer_76.pdb,outputs/Tau5_joint_refinement/AA/backcalc/pool_1/conformer_76/model.pdb,28.89704981632833,0.002,0.0021918961129018567,0.002395587188685393,0.0026893646891363284,0.0035987929574123204,0.003420806265173709,0.0003536441501916715,3.4826527399615034e-06,0.002326039231575847,0.002302807272083
outputs/Tau5_joint_refinement/AA/pool_1/conformer_77.pdb,outputs/Tau5_joint_refinement/AA/backcalc/pool_1/conformer_77/model.pdb,26.148473478625117,0.002,0.0015533790096788351,0.0006990072280664145,0.00016868335502276792,1.2314244539086215e-05,4.5286870340247063e-07,1.3197058891647748e-08,1.0883959361293758e-09,0.0017614962206624592,0.00019258687665095635
outputs/Tau5_joint_refinement/AA/pool_1/conformer_78.pdb,outputs/Tau5_joint_refinement/AA/backcalc/pool_1/conformer_78/model.pdb,29.89263874815053,0.002,0.003098785700241976,0.004927386050103204,0.008064460025727162,0.009604981732786353,0.0070687016249749305,0.0025959321908992,0.00016389840017388006,0.0018728955775895579,0.008557332654799655
outputs/Tau5_joint_refinement/AA/pool_1/conformer_79.pdb,outputs/Tau5_joint_refinement/AA/backcalc/pool_1/conformer_79/model.pdb,33.81901747240272,0.002,0.0025536940212081754,0.0031977453858440777,0.0038421478793920403,0.0038724466808464277,0.002337122496828757,0.0001335633365261864,2.4911379087275607e-06,0.0021557182359540107,0.003634222841940112
outputs/Tau5_joint_refinement/AA/pool_1/conformer_8.pdb,outputs/Tau5_joint_refinement/AA/backcalc/pool_1/conformer_8/model.pdb,33.94416147004641,0.002,0.002185158412140435,0.0023129964383441512,0.0020659037454200595,0.0009835076916100691,0.00013797538838615484,9.698708569196887e-07,7.416354752542084e-08,0.0018521224382293,0.002178036455051168
outputs/Tau5_joint_refinement/AA/pool_1/conformer_80.pdb,outputs/Tau5_joint_refinement/AA/backcalc/pool_1/conformer_80/model.pdb,33.851176165133715,0.002,0.0020846433111149686,0.002056855212967939,0.0017552224951215948,0.0016476475363408822,0.0020673093345197307,0.000930576291057352,1.4234296016647822e-05,0.002638330043296166,0.0013137473614296463
outputs/Tau5_joint_refinement/AA/pool_1/conformer_81.pdb,outputs/Tau5_joint_refinement/AA/backcalc/pool_1/conformer_81/model.pdb,29.286699597993714,0.002,0.0031326321474856936,0.0031706326080141313,0.0022088621860613163,0.0006961124093664386,3.237085076350758e-05,3.630185042152132e-07,2.8405049646473294e-08,0.0019043929511117434,0.0022416271974357717
outputs/Tau5_joint_refinement/AA/pool_1/conformer_82.pdb,outputs/Tau5_joint_refinement/AA/backcalc/pool_1/conformer_82/model.pdb,34.706937675552034,0.002,0.001952624575902729,0.0018850323033482105,0.001684743047659884,0.0013767739554627902,0.0009296510978018495,9.187739538485126e-05,2.2334822786790953e-06,0.0021234693542894496,0.001469237664647972
outputs/Tau5_joint_refinement/AA/pool_1/conformer_83.pdb,outputs/Tau5_joint_refinement/AA/backcalc/pool_1/conformer_83/model.pdb,27.097443431881686,0.002,0.001743960274502714,0.001404914074695192,0.0010128074868929705,0.0005655662701228169,0.00012068498184257676,1.065911484996287e-06,8.150072197849061e-08,0.0022566436780274983,0.0008687248638890459
outputs/Tau5_joint_refinement/AA/pool_1/conformer_84.pdb,outputs/Tau5_joint_refinement/AA/backcalc/pool_1/conformer_84/model.pdb,31.87461151802917,0.002,0.0017539554177016354,0.0017782381291467301,0.0017137492224745423,0.0013659025001801846,0.0005712713564688536,7.569583508693966e-06,4.994152048695556e-07,0.002301074177058586,0.0015379284346478544
outputs/Tau5_joint_refinement/AA/pool_1/conformer_85.pdb,outputs/Tau5_joint_refinement/AA/backcalc/pool_1/conformer_85/model.pdb,23.765091729572603,0.002,0.0019287910678863246,0.0013382659899679036,0.000741536298432737,0.00022069420181865943,1.1897683753720111e-05,2.312483369050766e-07,1.8494490251511257e-08,0.0026917788054496247,0.0005440510760598731
outputs/Tau5_joint_refinement/AA/pool_1/conformer_86.pdb,outputs/Tau5_joint_refinement/AA/backcalc/pool_1/conformer_86/model.pdb,23.43831891489933,0.002,0.002926597812139309,0.0034079165040020514,0.0031668043065136778,0.0017439082630043262,0.0003529365506147445,1.8746520131893459e-06,1.3902835215993705e-07,0.0016106426588410317,0.0037025942656519996
outputs/Tau5_joint_refinement/AA/pool_1/conformer_87.pdb,outputs/Tau5_joint_refinement/AA/backcalc/pool_1/conformer_87/model.pdb,40.60264676906253,0.002,0.0014686979538369746,0.0010876285092775587,0.0006029835196387848,0.00016442829206028304,8.223755708542641e-06,1.8460629871443576e-07,1.4891979602527016e-08,0.002026303384854606,0.0006020222581751755
outputs/Tau5_joint_refinement/AA/pool_1/conformer_88.pdb,outputs/Tau5_joint_refinement/AA/backcalc/pool_1/conformer_88/model.pdb,23.967391935139073,0.002,0.001873482818266954,0.0017554990521721234,0.0013789473088346856,0.0006538084697679663,0.00010695834993899372,1.021317621236916e-06,7.841986525841356e-08,0.002145174546393572,0.0012344649604933238
outputs/Tau5_joint_refinement/AA/pool_1/conformer_89.pdb,outputs/Tau5_joint_refinement/AA/backcalc/pool_1/conformer_89/model.pdb,42.403680396070385,0.002,0.002021524164791978,0.0023080704311546595,0.0031788050458410686,0.004147055176335807,0.002819350401667306,0.0001392523268692108,2.199566508318167e-06,0.0021155381143025446,0.002996670054128611
outputs/Tau5_joint_refinement/AA/pool_1/conformer_9.pdb,outputs/Tau5_joint_refinement/AA/backcalc/pool_1/conformer_9/model.pdb,26.025539185846426,0.002,0.0024191581829175247,0.00223436686315273,0.0018280489010070412,0.0009383943104818236,0.00010216720372747704,7.295900880162267e-07,5.617567548447398e-08,0.0016424488966311308,0.0022377819330911958
outputs/Tau5_joint_refinement/AA/pool_1/conformer_90.pdb,outputs/Tau5_joint_refinement/AA/backcalc/pool_1/conformer_90/model.pdb,28.215064257549354,0.002,0.0011710549035641655,0.0006428971895910882,0.00025156434130900495,3.976840369204295e-05,9.831928918642386e-07,2.798057542100468e-08,2.3022601614613276e-09,0.0020134760851382646,0.00026047139203673887
outputs/Tau5_joint_refinement/AA/pool_1/conformer_91.pdb,outputs/Tau5_joint_refinement/AA/backcalc/pool_1/conformer_91/model.pdb,28.780150718880165,0.002,0.001340354724043158,0.0010594432845132888,0.0008283506223197375,0.0005777555148094778,0.00017730269432211112,1.6605234450470805e-06,1.248366596680614e-07,0.0025645338332587054,0.0006424597294669797
outputs/Tau5_joint_refinement/AA/pool_1/conformer_92.pdb,outputs/Tau5_joint_refinement/AA/backcalc/pool_1/conformer_92/model.pdb,34.34406312872216,0.002,0.0021899976820149284,0.0028685145656790548,0.0042032729093517485,0.00648444982304358,0.009240494292207498,0.012266979722919142,0.013359847397934183,0.00234869488726061,0.0036221442552463
outputs/Tau5_joint_refinement/AA/pool_1/conformer_93.pdb,outputs/Tau5_joint_refinement/AA/backcalc/pool_1/conformer_93/model.pdb,23.779047592031464,0.002,0.0009744201416688456,0.0005867197908392967,0.0002829909042815485,4.6189521916525387e-05,8.904503741972806e-07,2.5294354893819026e-08,2.080999000686457e-09,0.002069759462851224,0.0002802854131188364
outputs/Tau5_joint_refinement/AA/pool_1/conformer_94.pdb,outputs/Tau5_joint_refinement/AA/backcalc/pool_1/conformer_94/model.pdb,19.194225985664286,0.002,0.005441853685312295,0.0058588584492793834,0.004126948742378249,0.001197806402101351,7.909877228668887e-05,6.455011899384194e-07,5.0035379720099795e-08,0.00196136393061956,0.004014095153230188
outputs/Tau5_joint_refinement/AA/pool_1/conformer_95.pdb,outputs/Tau5_joint_refinement/AA/backcalc/pool_1/conformer_95/model.pdb,22.308139370117743,0.002,0.0020651127607761756,0.0021794435244622454,0.003121590127415118,0.004784557494082264,0.003466798474852348,0.000369817533625688,4.623880334017441e-06,0.0018677314900446738,0.003311034514459592
outputs/Tau5_joint_refinement/AA/pool_1/conformer_96.pdb,outputs/Tau5_joint_refinement/AA/backcalc/pool_1/conformer_96/model.pdb,28.344922051280978,0.002,0.0019237241434729864,0.0015034285639412188,0.0008055981388862619,0.0002111028253094455,8.429225465570611e-06,1.8183072768697696e-07,1.463180010873922e-08,0.0018485706442676593,0.0008596123011161719
outputs/Tau5_joint_refinement/AA/pool_1/conformer_97.pdb,outputs/Tau5_joint_refinement/AA/backcalc/pool_1/conformer_97/model.pdb,37.58585709132326,0.002,0.0020258183201765177,0.0018848374858293194,0.0016960466457824942,0.0015843066061193174,0.0014864757577044995,0.00029400029483043485,4.611800306188529e-06,0.0026864056481952126,0.0011865892969305776
outputs/Tau5_joint_refinement/AA/pool_1/conformer_98.pdb,outputs/Tau5_joint_refinement/AA/backcalc/pool_1/conformer_98/model.pdb,36.166869003825326,0.002,0.0013448378592927906,0.0011670675840716907,0.0009663334306630391,0.0004723622402497963,4.452752533845517e-05,5.130048287773393e-07,4.006019451220328e-08,0.0016749470291845968,0.0011525416328880234
outputs/Tau5_joint_refinement/AA/pool_1/conformer_99.pdb,outputs/Tau5_joint_refinement/AA/backcalc/pool_1/conformer_99/model.pdb,42.42554636984165,0.002,0.0009809989742786923,0.00035242273337960246,6.55474169216099e-05,2.710582741361176e-06,1.7682156300033955e-07,5.255068064553184e-09,4.341577023487418e-10,0.0018358453299638616,7.283398496808889e-05
outputs/Tau5_joint_refinement/AA/pool_2/conformer_1.pdb,outputs/Tau5_joint_refinement/AA/backcalc/pool_2/conformer_1/model.pdb,44.92194986871752,0.002,0.0013672023290558198,0.0009816665620174512,0.0006674033162258021,0.00024150923436851583,1.3209087777358095e-05,2.50334733251535e-07,2.0006704920131067e-08,0.0021579907466571934,0.000647959806206411
outputs/Tau5_joint_refinement/AA/pool_2/conformer_10.pdb,outputs/Tau5_joint_refinement/AA/backcalc/pool_2/conformer_10/model.pdb,37.099107302417934,0.002,0.0011793485681193773,0.000661165103630143,0.00025743913362503404,3.19186297608077e-05,6.748607015160503e-07,1.938680258245989e-08,1.5968404768153676e-09,0.001927313407699603,0.0002673325066467271
outputs/Tau5_joint_refinement/AA/pool_2/conformer_100.pdb,outputs/Tau5_joint_refinement/AA/backcalc/pool_2/conformer_100/model.pdb,30.758187562360035,0.002,0.0018946519297230468,0.0017345258987175034,0.0012268854371092841,0.00053844663678385,5.964421317037285e-05,5.768237128353453e-07,4.471073928085705e-08,0.00193280869158978,0.0012630811298661162
outputs/Tau5_joint_refinement/AA/pool_2/conformer_101.pdb,outputs/Tau5_joint_refinement/AA/backcalc/pool_2/conformer_101/model.pdb,43.98494033585925,0.002,0.001769195674407891,0.0020700681319540492,0.003165654240075563,0.005746981807839682,0.00792519373956739,0.006478117020433629,0.0034779251184031213,0.0023704958729926493,0.0027188402292222663
outputs/Tau5_joint_refinement/AA/pool_2/conformer_102.pdb,outputs/Tau5_joint_refinement/AA/backcalc/pool_2/conformer_102/model.pdb,29.38550794707435,0.002,0.0022270000211524277,0.002355338129011147,0.0019232381125542073,0.0012349457109426532,0.0006286256950391412,2.4220427930320274e-05,1.1943904730167209e-06,0.0018193087300133622,0.002037511568820379
outputs/Tau5_joint_refinement/AA/pool_2/conformer_103.pdb,outputs/Tau5_joint_refinement/AA/backcalc/pool_2/conformer_103/model.pdb,23.573822174803052,0.002,0.0025536394871648275,0.0028474710198149126,0.002930475141320164,0.00208122889452109,0.0007255414059509194,4.923702538770553e-06,3.3279762490352705e-07,0.0018705672378989172,0.003051297887713007
outputs/Tau5_joint_refinement/AA/pool_2/conformer_104.pdb,outputs/Tau5_joint_refinement/AA/backcalc/pool_2/conformer_104/model.pdb,29.115204089204695,0.002,0.001253075688995456,0.000818824751261511,0.0004922881821134593,0.0002191775619774733,2.10895456034864e-05,3.5215954159269836e-07,2.7922472602097e-08,0.0019523114734099796,0.0004880661207005687
outputs/Tau5_joint_refinement/AA/pool_2/conformer_105.pdb,outputs/Tau5_joint_refinement/AA/backcalc/pool_2/conformer_105/model.pdb,28.01838804886792,0.002,0.001586605095657759,0.0015243530646691765,0.001155225448249906,0.0004234735127130832,2.3398610106509454e-05,3.611410100481549e-07,2.8562813188410547e-08,0.001756760839349507,0.001310896109753516
outputs/Tau5_joint_refinement/AA/pool_2/conformer_106.pdb,outputs/Tau5_joint_refinement/AA/backcalc/pool_2/conformer_106/model.pdb,42.01464740438579,0.002,0.001466523526054704,0.0013560406536621424,0.0011034879934474237,0.00043554982737133505,2.562246320808824e-05,3.771275072933703e-07,2.974056999604092e-08,0.0015632946632956628,0.001441881206117911
outputs/Tau5_joint_refinement/AA/pool_2/conformer_107.pdb,outputs/Tau5_joint_refinement/AA/backcalc/pool_2/conformer_107/model.pdb,31.852362842013864,0.002,0.002516035782507455,0.003263866391253971,0.0036760373517617535,0.0037089326096549744,0.003992751660028529,0.00258280563445361,0.0004983122061261657,0.0022579930114168143,0.0032551992015071225
outputs/Tau5_joint_refinement/AA/pool_2/conformer_108.pdb,outputs/Tau5_joint_refinement/AA/backcalc/pool_2/conformer_108/model.pdb,26.248986245058376,0.002,0.0014233758270882466,0.0012206932201808726,0.0010695974914283854,0.000592622031290386,5.3059394324685285e-05,5.435696465826686e-07,4.23265986722781e-08,0.0017130884785482594,0.0012521645855049523
outputs/Tau5_joint_refinement/AA/pool_2/conformer_109.pdb,outputs/Tau5_joint_refinement/AA/backcalc/pool_2/conformer_109/model.pdb,26.824308316057856,0.002,0.001926563981912235,0.0018376043625820994,0.0021906491852209005,0.0033431449565925813,0.0028767110663788587,0.0003370803603572193,3.814240655108217e-06,0.0021093891060919435,0.001999868003616323
outputs/Tau5_joint_refinement/AA/pool_2/conformer_11.pdb,outputs/Tau5_joint_refinement/AA/backcalc/pool_2/conformer_11/model.pdb,28.095218165808486,0.002,0.002574879571910218,0.003015455699285504,0.0032695074494456925,0.002985798080078547,0.0016938068020793777,0.00010583997524601853,2.198996423262532e-06,0.002107737057901955,0.0030274433828254015
outputs/Tau5_joint_refinement/AA/pool_2/conformer_110.pdb,outputs/Tau5_joint_refinement/AA/backcalc/pool_2/conformer_110/model.pdb,20.891638706626022,0.002,0.0019184812132305481,0.0011800321823305165,0.0006514642506200816,0.0003926446301472119,0.00013612859191412997,1.5288584749624389e-06,1.1554531067649902e-07,0.002009276398715507,0.0006183585567076648
outputs/Tau5_joint_refinement/AA/pool_2/conformer_111.pdb,outputs/Tau5_joint_refinement/AA/backcalc/pool_2/conformer_111/model.pdb,37.38666339146351,0.002,0.001714304942099742,0.0018611248849064407,0.001696919937520399,0.0007755005269246888,9.698855934417361e-05,8.667204189682267e-07,6.687744502901872e-08,0.002580626535742332,0.0013500859967353852
outputs/Tau5_joint_refinement/AA/pool_2/conformer_112.pdb,outputs/Tau5_joint_refinement/AA/backcalc/pool_2/conformer_112/model.pdb,35.15273939038808,0.002,0.002056257226606896,0.0017310910083097937,0.000939921818770101,0.0002010071610511007,4.448601749862463e-06,1.0822713763724398e-07,8.79003374355669e-09,0.0017800006206122971,0.00104668256384239
outputs/Tau5_joint_refinement/AA/pool_2/conformer_113.pdb,outputs/Tau5_joint_refinement/AA/backcalc/pool_2/conformer_113/model.pdb,31.482771570887035,0.002,0.0016072819906580856,0.0009818342884040804,0.0003750819819559085,5.5743289154302835e-05,9.937443332399599e-07,2.80455839610275e-08,2.3061132508756896e-09,0.00203675465050352,0.0003729969087173706
outputs/Tau5_joint_refinement/AA/pool_2/conformer_114.pdb,outputs/Tau5_joint_refinement/AA/backcalc/pool_2/conformer_114/model.pdb,34.006421912768715,0.002,0.0019618286552504274,0.0016118971251909819,0.0010680654015521368,0.00039329110363309206,2.79138840388533e-05,3.857148482642385e-07,3.035268750798447e-08,0.0020175141491914224,0.0010707623741845022
outputs/Tau5_joint_refinement/AA/pool_2/conformer_115.pdb,outputs/Tau5_joint_refinement/AA/backcalc/pool_2/conformer_115/model.pdb,45.462565601191486,0.002,0.0017190569639873765,0.0014400972756790991,0.0011040910670659131,0.0004959510077105308,3.7106929922739026e-05,4.5554842752063043e-07,3.5668694133416744e-08,0.0020220434078521985,0.0010927487011568406
outputs/Tau5_joint_refinement/AA/pool_2/conformer_116.pdb,outputs/Tau5_joint_refinement/AA/backcalc/pool_2/conformer_116/model.pdb,35.90191334570388,0.002,0.0015603115551977244,0.0012840346624747895,0.0008467984804546792,0.0002922541758674797,1.7107023713146112e-05,2.8967193903167344e-07,2.301356507325211e-08,0.0018780271586311935,0.000910641790273319
outputs/Tau5_joint_refinement/AA/pool_2/conformer_117.pdb,outputs/Tau5_joint_refinement/AA/backcalc/pool_2/conformer_117/model.pdb,27.002635008940178,0.002,0.003784218237179518,0.003524687765456054,0.0019423314883889632,0.0004752371166813153,2.8593495596161015e-05,4.2576201024855664e-07,3.359254261821854e-08,0.002067704191924917,0.001843559639125666
outputs/Tau5_joint_refinement/AA/pool_2/conformer_118.pdb,outputs/Tau5_joint_refinement/AA/backcalc/pool_2/conformer_118/model.pdb,31.808803488093776,0.002,0.0020490017152316967,0.0025416564021014934,0.00354577319599631,0.005907606573839999,0.008672339018293212,0.008410539992654646,0.0069619393880545315,0.0021688951548648984,0.003125432387502641
outputs/Tau5_joint_refinement/AA/pool_2/conformer_119.pdb,outputs/Tau5_joint_refinement/AA/backcalc/pool_2/conformer_119/model.pdb,38.86449832636018,0.002,0.001958132978356511,0.00224242067326601,0.0025001438637703892,0.002646484767702211,0.002019672539976844,0.0003862834526738708,7.370168780226526e-06,0.002010313520641059,0.0024875025108179413
outputs/Tau5_joint_refinement/AA/pool_2/conformer_12.pdb,outputs/Tau5_joint_refinement/AA/backcalc/pool_2/conformer_12/model.pdb,35.64710967053563,0.002,0.0024489876419208144,0.002843334626717086,0.0026453414562886976,0.0015957541642286025,0.00035973954601183967,1.5189899588531134e-06,1.1328879566801599e-07,0.002197507349406826,0.0024478408109389056
outputs/Tau5_joint_refinement/AA/pool_2/conformer_120.pdb,outputs/Tau5_joint_refinement/AA/backcalc/pool_2/conformer_120/model.pdb,28.396991847291485,0.002,0.002468478576488986,0.0019298469954116555,0.0009682990912397661,0.0002755448405262087,2.454755132780361e-05,3.9306111265370653e-07,3.10524764091227e-08,0.0017110642906342252,0.001105994995495344
outputs/Tau5_joint_refinement/AA/pool_2/conformer_121.pdb,outputs/Tau5_joint_refinement/AA/backcalc/pool_2/conformer_121/model.pdb,34.40997076958985,0.002,0.001633229462515612,0.0016062625578127335,0.0014500468047700956,0.0009265659150130775,0.00021738943871654482,1.7583800452338576e-06,1.3192652524245245e-07,0.0018865620672258504,0.0015750950962494122
outputs/Tau5_joint_refinement/AA/pool_2/conformer_122.pdb,outputs/Tau5_joint_refinement/AA/backcalc/pool_2/conformer_122/model.pdb,30.19119121373149,0.002,0.0011411443042717894,0.0005392029548816878,0.00012940750237314995,6.046910680687142e-06,2.987499633642475e-07,8.801161784657294e-09,7.265638861029859e-10,0.0016591830392384333,0.00015387822471472679
outputs/Tau5_joint_refinement/AA/pool_2/conformer_123.pdb,outputs/Tau5_joint_refinement/AA/backcalc/pool_2/conformer_123/model.pdb,39.661733297651374,0.002,0.002478563229757299,0.0032538665788409355,0.0037393048266954397,0.002998004423607664,0.0014553938464696547,2.7545170926537977e-05,1.1422616154062102e-06,0.0022758782318880923,0.0034486107983667386
outputs/Tau5_joint_refinement/AA/pool_2/conformer_124.pdb,outputs/Tau5_joint_refinement/AA/backcalc/pool_2/conformer_124/model.pdb,36.124197384068275,0.002,0.0013112803330266709,0.0006338595644491312,0.00016470744588028497,9.43788849067409e-06,3.4041290021815503e-07,9.945166604037863e-09,8.204515923696394e-10,0.001601998246843745,0.00021102682205725097
outputs/Tau5_joint_refinement/AA/pool_2/conformer_125.pdb,outputs/Tau5_joint_refinement/AA/backcalc/pool_2/conformer_125/model.pdb,25.435968629207768,0.002,0.00200603001562534,0.0017248474015572313,0.0012756340881268635,0.0005521871640311282,4.6524452519528905e-05,5.199717446018031e-07,4.053159121763516e-08,0.0015482899215765648,0.0016186713819743661
outputs/Tau5_joint_refinement/AA/pool_2/conformer_126.pdb,outputs/Tau5_joint_refinement/AA/backcalc/pool_2/conformer_126/model.pdb,41.99074061517247,0.002,0.002048638675552706,0.0029602288760904164,0.005580995592106386,0.010709393112288362,0.013629948527984418,0.011377663833904877,0.008649674360444587,0.0021686708999702686,0.005000528546615046
outputs/Tau5_joint_refinement/AA/pool_2/conformer_127.pdb,outputs/Tau5_joint_refinement/AA/backcalc/pool_2/conformer_127/model.pdb,36.37209952906039,0.002,0.0017703898139753516,0.0014560911243717918,0.0008870652160580991,0.00017542953692587703,1.8925742310830193e-06,5.097585326888608e-08,4.17458742863623e-09,0.001688556495202831,0.001068212516362462
outputs/Tau5_joint_refinement/AA/pool_2/conformer_128.pdb,outputs/Tau5_joint_refinement/AA/backcalc/pool_2/conformer_128/model.pdb,37.420197297581566,0.002,0.0014748794343775995,0.0011373698966178835,0.0006860054930962533,0.00017990600168196917,5.447978107635253e-06,1.3045132094584652e-07,1.0581214848799278e-08,0.0022287495784527544,0.0006129204226038295
outputs/Tau5_joint_refinement/AA/pool_2/conformer_129.pdb,outputs/Tau5_joint_refinement/AA/backcalc/pool_2/conformer_129/model.pdb,20.49222953532733,0.002,0.004155242435019508,0.004469366112798823,0.003443422967248501,0.0019013758988895492,0.0011917423115295493,0.00032560011285902426,5.865511941168561e-06,0.0018888432428575983,0.0035367906485341666
outputs/Tau5_joint_refinement/AA/pool_2/conformer_13.pdb,outputs/Tau5_joint_refinement/AA/backcalc/pool_2/conformer_13/model.pdb,32.33853251373146,0.002,0.0015491929711654781,0.0012529334640680404,0.0007931818588425983,0.00026777807483599903,1.7692821287974904e-05,3.1239749603318457e-07,2.4847058102544e-08,0.002052215608265664,0.0007899792758323279
outputs/Tau5_joint_refinement/AA/pool_2/conformer_130.pdb,outputs/Tau5_joint_refinement/AA/backcalc/pool_2/conformer_130/model.pdb,27.112876211419618,0.002,0.0019208948620732978,0.002024011057643718,0.0019075729641817342,0.0012277553096121797,0.0003264837389162609,2.719313317979416e-06,2.002904100807869e-07,0.001975145943902064,0.0019388304092916664
outputs/Tau5_joint_refinement/AA/pool_2/conformer_131.pdb,outputs/Tau5_joint_refinement/AA/backcalc/pool_2/conformer_131/model.pdb,31.2802905910404,0.002,0.001527013284635427,0.001009137591274581,0.0004966397717000021,0.00012237105439785823,3.299591410287317e-06,8.417815019973581e-08,6.858995528303912e-09,0.001697310284428914,0.0005851645882776649
outputs/Tau5_joint_refinement/AA/pool_2/conformer_132.pdb,outputs/Tau5_joint_refinement/AA/backcalc/pool_2/conformer_132/model.pdb,32.15711584218288,0.002,0.0015903392927165145,0.0011249740379332765,0.0004880240384625613,6.813742487648689e-05,9.684080774905508e-07,2.7318946264620836e-08,2.2462577055570016e-09,0.0017403440802055115,0.0005495781811640752
outputs/Tau5_joint_refinement/AA/pool_2/conformer_133.pdb,outputs/Tau5_joint_refinement/AA/backcalc/pool_2/conformer_133/model.pdb,30.334582775745275,0.002,0.0012632775766884352,0.0008942794538989052,0.00048520914006751364,0.0001156024869461242,2.850827939005439e-06,7.509178397252001e-08,6.134962565492214e-09,0.002134772892864246,0.0004581848691743825
outputs/Tau5_joint_refinement/AA/pool_2/conformer_134.pdb,outputs/Tau5_joint_refinement/AA/backcalc/pool_2/conformer_134/model.pdb,37.64791218550506,0.002,0.002386882517604844,0.00235934660635147,0.0017183406828413198,0.0006849821095294221,0.00012510450081958582,1.1378528494082022e-06,8.707967176321646e-08,0.0023019123960679876,0.0014404881196280297
outputs/Tau5_joint_refinement/AA/pool_2/conformer_135.pdb,outputs/Tau5_joint_refinement/AA/backcalc/pool_2/conformer_135/model.pdb,39.94778718316955,0.002,0.0025263942406636214,0.003190904979886414,0.004189242733600791,0.007099223013424337,0.01701223105829754,0.0315314092329341,0.03797276778638873,0.0024556250417877117,0.003462927005952298
outputs/Tau5_joint_refinement/AA/pool_2/conformer_136.pdb,outputs/Tau5_joint_refinement/AA/backcalc/pool_2/conformer_136/model.pdb,23.23782790989427,0.002,0.0016976779299698664,0.0010483829233006248,0.0004437529552263724,8.196062189502371e-05,1.872320941918725e-06,5.1473689571703913e-08,4.221780486585769e-09,0.0017668879466171455,0.0004699157491256701
outputs/Tau5_joint_refinement/AA/pool_2/conformer_137.pdb,outputs/Tau5_joint_refinement/AA/backcalc/pool_2/conformer_137/model.pdb,45.168650111378106,0.002,0.002230542878855271,0.003035712805595794,0.0036575665685824256,0.0031088309198153787,0.0022038306953524388,0.000845244477732765,2.4998573771043803e-05,0.0018137530230098676,0.004022117297679792
outputs/Tau5_joint_refinement/AA/pool_2/conformer_138.pdb,outputs/Tau5_joint_refinement/AA/backcalc/pool_2/conformer_138/model.pdb,28.18321186538234,0.002,0.0021651733921003993,0.0026614537274950683,0.0033428864902443852,0.004503310595184077,0.006526591209661387,0.01053087615828416,0.013323121040735738,0.0023738981197021776,0.002817638164421252
outputs/Tau5_joint_refinement/AA/pool_2/conformer_139.pdb,outputs/Tau5_joint_refinement/AA/backcalc/pool_2/conformer_139/model.pdb,24.48858835453034,0.002,0.0012781255927583537,0.001048464041184304,0.0008496342407722421,0.0004050861099283341,3.0100989505630272e-05,4.2760879515293526e-07,3.3654879322996483e-08,0.002088124411013672,0.0008212987323682075
outputs/Tau5_joint_refinement/AA/pool_2/conformer_14.pdb,outputs/Tau5_joint_refinement/AA/backcalc/pool_2/conformer_14/model.pdb,33.621569324334665,0.002,0.0035309405208862766,0.005221689770566511,0.007201598821100539,0.008137206188565104,0.008521224841621391,0.007419496132559466,0.005274955710695939,0.0019131440216088558,0.007070817552528078
outputs/Tau5_joint_refinement/AA/pool_2/conformer_140.pdb,outputs/Tau5_joint_refinement/AA/backcalc/pool_2/conformer_140/model.pdb,41.803147443887724,0.002,0.0014344038753713714,0.0012196192612323627,0.0009613320921522729,0.0005583522197691738,0.00012244777108249755,1.0966094973610982e-06,8.377259132212415e-08,0.002347688447104196,0.000828118828433588
outputs/Tau5_joint_refinement/AA/pool_2/conformer_141.pdb,outputs/Tau5_joint_refinement/AA/backcalc/pool_2/conformer_141/model.pdb,22.148078446552713,0.002,0.00387061948125051,0.0046201643177221224,0.003763399956418567,0.0015041510405015787,0.00024312292335927974,1.4948401548916011e-06,1.1242361040658488e-07,0.0021194372343923784,0.003437112051953834
outputs/Tau5_joint_refinement/AA/pool_2/conformer_142.pdb,outputs/Tau5_joint_refinement/AA/backcalc/pool_2/conformer_142/model.pdb,42.50541585383153,0.002,0.0025974809245109896,0.0044437234739961905,0.012022636954517213,0.03745158578663463,0.057944048982967004,0.06568440522911938,0.06743978579612898,0.0020585609874586115,0.012177811664697875
outputs/Tau5_joint_refinement/AA/pool_2/conformer_143.pdb,outputs/Tau5_joint_refinement/AA/backcalc/pool_2/conformer_143/model.pdb,28.37110330459865,0.002,0.0010304807708240555,0.0004580049809044335,0.00010015780550841275,4.4051101516795225e-06,2.4381695564183904e-07,7.203722780282843e-09,5.948409503145392e-10,0.0018020931165165985,0.00011326214486307579
outputs/Tau5_joint_refinement/AA/pool_2/conformer_144.pdb,outputs/Tau5_joint_refinement/AA/backcalc/pool_2/conformer_144/model.pdb,28.90298689360813,0.002,0.002567791648429345,0.003885373076635335,0.006323679215265128,0.010896398617530657,0.01635421412756168,0.022793806624522017,0.02619365866200491,0.002245145424181752,0.005606582180132705
outputs/Tau5_joint_refinement/AA/pool_2/conformer_145.pdb,outputs/Tau5_joint_refinement/AA/backcalc/pool_2/conformer_145/model.pdb,28.761603324499028,0.002,0.0014915997237100697,0.001352048846044552,0.0011102920997983431,0.0007495288371290082,0.00021564608938914984,1.9056934565574049e-06,1.4291627250951678e-07,0.002029213345775039,0.0010606542197234075
outputs/Tau5_joint_refinement/AA/pool_2/conformer_146.pdb,outputs/Tau5_joint_refinement/AA/backcalc/pool_2/conformer_146/model.pdb,31.642551540526267,0.002,0.0017520731822057752,0.0018027122681765673,0.0019425243478490644,0.0015528884652684118,0.00033799364369970067,1.5076278694104008e-06,1.1249033268387108e-07,0.001998933547969085,0.001988025159896804
outputs/Tau5_joint_refinement/AA/pool_2/conformer_147.pdb,outputs/Tau5_joint_refinement/AA/backcalc/pool_2/conformer_147/model.pdb,45.87831049762846,0.002,0.002166064047028232,0.002907812044303358,0.005316433941745303,0.010535228860094895,0.015781632277793303,0.020820341129091688,0.023668469672391293,0.0021460433068645293,0.0049340795941766
outputs/Tau5_joint_refinement/AA/pool_2/conformer_148.pdb,outputs/Tau5_joint_refinement/AA/backcalc/pool_2/conformer_148/model.pdb,34.21683162328216,0.002,0.002420111708384352,0.002021785279949604,0.0010101497084837683,0.00022016026708114575,8.383593198843346e-06,1.8067787460991716e-07,1.4549544946698961e-08,0.002316970149109271,0.0009144045528750768
outputs/Tau5_joint_refinement/AA/pool_2/conformer_149.pdb,outputs/Tau5_joint_refinement/AA/backcalc/pool_2/conformer_149/model.pdb,39.117348013870576,0.002,0.001662972490000281,0.0016598719717060995,0.001780633758855823,0.0023334221121676115,0.0038499332488315667,0.00463513523049184,0.003368844654664174,0.002690110907025112,0.0013038800466802039
outputs/Tau5_joint_refinement/AA/pool_2/conformer_15.pdb,outputs/Tau5_joint_refinement/AA/backcalc/pool_2/conformer_15/model.pdb,26.52338495481917,0.002,0.0014126508235111194,0.0011468769581202936,0.000919468017675952,0.0003744877504042436,2.099369931569892e-05,3.281074055619293e-07,2.5969988148870315e-08,0.002018691058612527,0.0008865891682088015
outputs/Tau5_joint_refinement/AA/pool_2/conformer_150.pdb,outputs/Tau5_joint_refinement/AA/backcalc/pool_2/conformer_150/model.pdb,29.070656980382157,0.002,0.001452357724331818,0.0009575088864830261,0.0004962322813271187,0.00011028611850510286,1.8299468523369922e-06,4.97195276727629e-08,4.074373524636407e-09,0.0023269678062338497,0.0004306595169273345
outputs/Tau5_joint_refinement/AA/pool_2/conformer_151.pdb,outputs/Tau5_joint_refinement/AA/backcalc/pool_2/conformer_151/model.pdb,41.20890273756001,0.002,0.0017667798755665236,0.0017339314228615517,0.0017417559641750165,0.0011127868135072467,0.00016041239460989643,9.271818167172515e-07,7.080001674191747e-08,0.0018173216122460312,0.001871384404664476
outputs/Tau5_joint_refinement/AA/pool_2/conformer_152.pdb,outputs/Tau5_joint_refinement/AA/backcalc/pool_2/conformer_152/model.pdb,33.53724770152025,0.002,0.0016777455876683578,0.001275838396400477,0.0006283950963618185,0.00011807771203182047,1.9938891896274144e-06,5.382401958837073e-08,4.407769534573513e-09,0.0016041150515754218,0.000776512812210911
outputs/Tau5_joint_refinement/AA/pool_2/conformer_153.pdb,outputs/Tau5_joint_refinement/AA/backcalc/pool_2/conformer_153/model.pdb,24.39527003762433,0.002,0.0022629609740762776,0.0026511264957891035,0.004110770223534468,0.01015971605085501,0.022763136945498356,0.03537732415643457,0.04026884656745688,0.0019224980697168505,0.004003846213414961
outputs/Tau5_joint_refinement/AA/pool_2/conformer_154.pdb,outputs/Tau5_joint_refinement/AA/backcalc/pool_2/conformer_154/model.pdb,50.25763993286452,0.002,0.001372809943831345,0.0011592602071564101,0.0011659358460198357,0.0012634439042310635,0.0008159405238545501,2.346137939064169e-05,1.116071073038451e-06,0.001802389407495138,0.0013072693575277709
outputs/Tau5_joint_refinement/AA/pool_2/conformer_155.pdb,outputs/Tau5_joint_refinement/AA/backcalc/pool_2/conformer_155/model.pdb,41.00619491537478,0.002,0.001820287937468444,0.0016276892909134358,0.001018058317881336,0.00021473277057087095,4.6082427043325605e-06,1.135641275927945e-07,9.231895328278131e-09,0.0017106151931728655,0.0011808847784840477
outputs/Tau5_joint_refinement/AA/pool_2/conformer_156.pdb,outputs/Tau5_joint_refinement/AA/backcalc/pool_2/conformer_156/model.pdb,34.35418267098374,0.002,0.0018067806587831305,0.0012031608527773136,0.00046750443257832905,5.237047751589072e-05,7.884946579138969e-07,2.243459165557052e-08,1.8461654932071325e-09,0.0016549492302983736,0.0005691107588479118
outputs/Tau5_joint_refinement/AA/pool_2/conformer_157.pdb,outputs/Tau5_joint_refinement/AA/backcalc/pool_2/conformer_157/model.pdb,39.88870861057606,0.002,0.00176135157855719,0.001912078722105505,0.002271749448948836,0.0024687390809622943,0.0014111519268911565,0.00011449441987125715,2.5116328252918513e-06,0.0018525442964716517,0.002426026668819991
outputs/Tau5_joint_refinement/AA/pool_2/conformer_158.pdb,outputs/Tau5_joint_refinement/AA/backcalc/pool_2/conformer_158/model.pdb,34.12934787901471,0.002,0.001993799930335199,0.0017735531825530018,0.0011945251339231684,0.0004119735182971762,2.057032318849564e-05,3.060932191765294e-07,2.4195646706810144e-08,0.0019802510594185757,0.0011847108830059419
outputs/Tau5_joint_refinement/AA/pool_2/conformer_159.pdb,outputs/Tau5_joint_refinement/AA/backcalc/pool_2/conformer_159/model.pdb,32.14512331492178,0.002,0.0015749181283631105,0.001389368831783491,0.001059580857946218,0.00043023014947634637,2.7005851571212132e-05,3.7595586280683193e-07,2.9596797716498343e-08,0.0020823879999310804,0.0010117640448522498
outputs/Tau5_joint_refinement/AA/pool_2/conformer_16.pdb,outputs/Tau5_joint_refinement/AA/backcalc/pool_2/conformer_16/model.pdb,26.66548788059463,0.002,0.0016468605402861995,0.0012871161042993411,0.0007474772560921273,0.00015079982787987703,1.6660127644799072e-06,4.5299873620373334e-08,3.7128281568833646e-09,0.0018526722159218799,0.0008024843080301597
outputs/Tau5_joint_refinement/AA/pool_2/conformer_160.pdb,outputs/Tau5_joint_refinement/AA/backcalc/pool_2/conformer_160/model.pdb,31.24927721159901,0.002,0.0009871590647326986,0.00043799237328420216,0.00012108281161058732,9.887889843863374e-06,3.945174343487411e-07,1.1522248458560358e-08,9.505007091417567e-10,0.0022109359599132516,0.00011406866424394577
outputs/Tau5_joint_refinement/AA/pool_2/conformer_161.pdb,outputs/Tau5_joint_refinement/AA/backcalc/pool_2/conformer_161/model.pdb,31.456367193726106,0.002,0.001984290999717133,0.0013347559084890207,0.0005635468168223026,0.00011927435576089203,3.061260670388008e-06,7.972822264205988e-08,6.508315542711523e-09,0.0020471952766821836,0.0005556493812864466
outputs/Tau5_joint_refinement/AA/pool_2/conformer_162.pdb,outputs/Tau5_joint_refinement/AA/backcalc/pool_2/conformer_162/model.pdb,27.60426242870308,0.002,0.001652513157362498,0.00166878875358255,0.0016605987247373438,0.001359112439665051,0.0005201706677883316,4.0982409647159156e-06,2.8706543592653154e-07,0.0021963753252555985,0.0014117112182251512
outputs/Tau5_joint_refinement/AA/pool_2/conformer_163.pdb,outputs/Tau5_joint_refinement/AA/backcalc/pool_2/conformer_163/model.pdb,38.435760300968965,0.002,0.0017026811176985345,0.001595705952089158,0.0012945142947190398,0.000542178657628296,4.77685540360579e-05,5.732448222849489e-07,4.47730029956171e-08,0.0016150283260031179,0.0015889847412631584
outputs/Tau5_joint_refinement/AA/pool_2/conformer_164.pdb,outputs/Tau5_joint_refinement/AA/backcalc/pool_2/conformer_164/model.pdb,29.89595107215724,0.002,0.0022802893417395694,0.0020728821844685605,0.0013045388985899072,0.00046724005255240563,5.78918602967706e-05,6.373926194901237e-07,4.951904282563285e-08,0.002197661840427646,0.001212512889674054
outputs/Tau5_joint_refinement/AA/pool_2/conformer_165.pdb,outputs/Tau5_joint_refinement/AA/backcalc/pool_2/conformer_165/model.pdb,32.318689277295285,0.002,0.0019734466609135424,0.0017699220243364243,0.0012726410146766695,0.0005147824880833673,4.354565864963765e-05,5.168881157862205e-07,4.0449983396831124e-08,0.0022677298755087575,0.0011103760306450392
outputs/Tau5_joint_refinement/AA/pool_2/conformer_166.pdb,outputs/Tau5_joint_refinement/AA/backcalc/pool_2/conformer_166/model.pdb,26.246973415110965,0.002,0.001772613689781471,0.0014706992887315443,0.0008033959660092712,0.00016622194529489057,3.571583352808018e-06,9.083624584724822e-08,7.4013903990505074e-09,0.001931761121670134,0.0008231404085916403
outputs/Tau5_joint_refinement/AA/pool_2/conformer_167.pdb,outputs/Tau5_joint_refinement/AA/backcalc/pool_2/conformer_167/model.pdb,37.239488409415614,0.002,0.001760593207946903,0.001887440089130922,0.0019114629166761762,0.001323800264631986,0.0002488297749665804,1.2067066409294948e-06,9.126650269220329e-08,0.002219301096438734,0.0017796211655538826
outputs/Tau5_joint_refinement/AA/pool_2/conformer_168.pdb,outputs/Tau5_joint_refinement/AA/backcalc/pool_2/conformer_168/model.pdb,32.03974968501367,0.002,0.0033681420232676168,0.00496276368047259,0.0065303401458569445,0.0071629012551227104,0.006320522883199823,0.0026185876666167903,4.547912982286292e-05,0.001999460350618623,0.0065868447862565275
outputs/Tau5_joint_refinement/AA/pool_2/conformer_169.pdb,outputs/Tau5_joint_refinement/AA/backcalc/pool_2/conformer_169/model.pdb,35.01373498294495,0.002,0.0022037589150946356,0.0015807414547006982,0.0005935339075634798,6.656464250806835e-05,1.0840282846942594e-06,3.0524229761721185e-08,2.5092481045177416e-09,0.0018805242344246019,0.0006522804669994227
outputs/Tau5_joint_refinement/AA/pool_2/conformer_17.pdb,outputs/Tau5_joint_refinement/AA/backcalc/pool_2/conformer_17/model.pdb,34.01739850472659,0.002,0.003066602282704345,0.003887936057937664,0.004343673720939018,0.003742695586116537,0.001837046396439187,5.0507434751565764e-05,1.5290918941888254e-06,0.0019812141323699425,0.0043677769213031565
outputs/Tau5_joint_refinement/AA/pool_2/conformer_170.pdb,outputs/Tau5_joint_refinement/AA/backcalc/pool_2/conformer_170/model.pdb,36.32586736764692,0.002,0.0017944351924110587,0.002008606238068673,0.0019234976910047603,0.0009378096547169255,0.00010002551487223841,8.186500700471844e-07,6.315841940258016e-08,0.001956982733790113,0.0019521606395037493
outputs/Tau5_joint_refinement/AA/pool_2/conformer_171.pdb,outputs/Tau5_joint_refinement/AA/backcalc/pool_2/conformer_171/model.pdb,29.570610569241012,0.002,0.0015477151184419007,0.001897612926270788,0.00308576604822368,0.008858513820960534,0.02869594769287887,0.051343207396781596,0.05956806754153401,0.002932762247582125,0.0020447182908638565
outputs/Tau5_joint_refinement/AA/pool_2/conformer_172.pdb,outputs/Tau5_joint_refinement/AA/backcalc/pool_2/conformer_172/model.pdb,31.21622226420081,0.002,0.00189778365605592,0.0017245809091273815,0.0012047919890426095,0.0006919623921080893,0.00032982800906522275,5.85768448131175e-06,4.052911892513868e-07,0.0024513401696756995,0.0009427243748120273
outputs/Tau5_joint_refinement/AA/pool_2/conformer_173.pdb,outputs/Tau5_joint_refinement/AA/backcalc/pool_2/conformer_173/model.pdb,30.71386846718004,0.002,0.0021475576101493443,0.001961478341013061,0.0014186460853568162,0.0005487333100119213,4.076553951671445e-05,4.6685628769275274e-07,3.647515909959254e-08,0.002363954842025386,0.001224606284893812
outputs/Tau5_joint_refinement/AA/pool_2/conformer_174.pdb,outputs/Tau5_joint_refinement/AA/backcalc/pool_2/conformer_174/model.pdb,25.47129769082551,0.002,0.0029863654212615304,0.002460412538340752,0.0012608838615864343,0.0002456360603946132,4.650689836556829e-06,1.1214485741655282e-07,9.101928958320442e-09,0.0017688605649834445,0.0014586973145150257
outputs/Tau5_joint_refinement/AA/pool_2/conformer_175.pdb,outputs/Tau5_joint_refinement/AA/backcalc/pool_2/conformer_175/model.pdb,24.733266931962472,0.002,0.0014809463450148185,0.0015917082387032877,0.001805330148711668,0.001479965318206486,0.0004375429754605509,2.9305101051215177e-06,2.1282185591192893e-07,0.002031262480352288,0.0017213115810771344
outputs/Tau5_joint_refinement/AA/pool_2/conformer_176.pdb,outputs/Tau5_joint_refinement/AA/backcalc/pool_2/conformer_176/model.pdb,22.756373285397984,0.002,0.003285978247037021,0.003229609307822596,0.002635982397882208,0.0013609905284317336,0.0001868773462690605,9.112535539817016e-07,6.955471107455274e-08,0.002089272190365713,0.00233769528664676
outputs/Tau5_joint_refinement/AA/pool_2/conformer_177.pdb,outputs/Tau5_joint_refinement/AA/backcalc/pool_2/conformer_177/model.pdb,29.454443036892442,0.002,0.0020659394038726187,0.0024286796644020976,0.0027662112965006758,0.002681191751705127,0.001490722866971491,3.254438789168879e-05,1.2267318742639105e-06,0.002251770819870119,0.002477949516022233
outputs/Tau5_joint_refinement/AA/pool_2/conformer_178.pdb,outputs/Tau5_joint_refinement/AA/backcalc/pool_2/conformer_178/model.pdb,42.3189279442131,0.002,0.0016344992859431942,0.0017327703053612261,0.0023079841850393063,0.002893330332845651,0.0016250101999023174,8.025340878178028e-05,1.8476568585787104e-06,0.0020514289056347383,0.0022845796840549595
outputs/Tau5_joint_refinement/AA/pool_2/conformer_179.pdb,outputs/Tau5_joint_refinement/AA/backcalc/pool_2/conformer_179/model.pdb,24.928551872216005,0.002,0.001387569091194448,0.0010967317252127899,0.000779897553445356,0.0003508679621834791,2.7060797457409008e-05,4.000834767998591e-07,3.153559221562478e-08,0.0019108971576443634,0.0007854308812577121
outputs/Tau5_joint_refinement/AA/pool_2/conformer_18.pdb,outputs/Tau5_joint_refinement/AA/backcalc/pool_2/conformer_18/model.pdb,25.77392490455066,0.002,0.0016006132453359658,0.0013385506790983203,0.001009516860517758,0.0004937974552778049,6.16949596894634e-05,6.341959473848066e-07,4.9234550446669774e-08,0.0022677745042222358,0.0008711814973141651
outputs/Tau5_joint_refinement/AA/pool_2/conformer_180.pdb,outputs/Tau5_joint_refinement/AA/backcalc/pool_2/conformer_180/model.pdb,32.915803719006995,0.002,0.002704071394029013,0.0023789475950790314,0.0014281814500301708,0.00039357139208757796,2.0905748459899283e-05,3.2652985106243955e-07,2.585162805644556e-08,0.0019567369060582637,0.001450213511709021
outputs/Tau5_joint_refinement/AA/pool_2/conformer_181.pdb,outputs/Tau5_joint_refinement/AA/backcalc/pool_2/conformer_181/model.pdb,27.62343356274554,0.002,0.0019342732380915981,0.00167070744201161,0.0013961405080717036,0.0011233940345344617,0.00044015237674951507,2.7942456998285e-06,2.011411486455127e-07,0.0019276635258064978,0.0014207056531341388
outputs/Tau5_joint_refinement/AA/pool_2/conformer_182.pdb,outputs/Tau5_joint_refinement/AA/backcalc/pool_2/conformer_182/model.pdb,23.02443465798286,0.002,0.0030431785254669153,0.002521732545804262,0.001632961303397565,0.0007816264902794827,0.00013538354017964696,9.144343816337497e-07,6.985368909820092e-08,0.002090573079345632,0.0014829340150116868
outputs/Tau5_joint_refinement/AA/pool_2/conformer_183.pdb,outputs/Tau5_joint_refinement/AA/backcalc/pool_2/conformer_183/model.pdb,40.08069582068416,0.002,0.0013825254258440249,0.0008536435609630764,0.0003509437620723798,5.7637212471104964e-05,1.4090228967346901e-06,3.9333264256848206e-08,3.230532291320624e-09,0.002108275825274636,0.0003263484241912664
outputs/Tau5_joint_refinement/AA/pool_2/conformer_184.pdb,outputs/Tau5_joint_refinement/AA/backcalc/pool_2/conformer_184/model.pdb,23.916526577240706,0.002,0.0022870576862129392,0.002731451065603889,0.0034342869493133666,0.004148818967923168,0.004392288641688465,0.002705349639886227,0.00043927811938733154,0.002051093709018802,0.0033485302983379756
outputs/Tau5_joint_refinement/AA/pool_2/conformer_185.pdb,outputs/Tau5_joint_refinement/AA/backcalc/pool_2/conformer_185/model.pdb,36.03647783607123,0.002,0.0014498622249443063,0.0007555452809833534,0.00020821764007926066,1.3296919392506123e-05,4.00718075375182e-07,1.1660132365941835e-08,9.61576024387063e-10,0.0021007711040214685,0.00020865389371921752
outputs/Tau5_joint_refinement/AA/pool_2/conformer_186.pdb,outputs/Tau5_joint_refinement/AA/backcalc/pool_2/conformer_186/model.pdb,39.296770006991174,0.002,0.0017207637706708595,0.0012546409316094654,0.000650603753326794,0.00012549758462765718,1.737350425606585e-06,4.7297731356440386e-08,3.876951406332544e-09,0.0017421755030868687,0.0007448642087312936
outputs/Tau5_joint_refinement/AA/pool_2/conformer_187.pdb,outputs/Tau5_joint_refinement/AA/backcalc/pool_2/conformer_187/model.pdb,35.406090210264125,0.002,0.0017488034589082818,0.0013372773993481307,0.0006609359404998882,0.00011097189359169807,1.6510867588593109e-06,4.5286477054420824e-08,3.7139453866881524e-09,0.002039965801184283,0.0006730774013715169
outputs/Tau5_joint_refinement/AA/pool_2/conformer_188.pdb,outputs/Tau5_joint_refinement/AA/backcalc/pool_2/conformer_188/model.pdb,23.306193735580607,0.002,0.0022240930311174883,0.002315498307513086,0.0020133550350900607,0.0007456648667095419,3.6592374098743124e-05,4.2773530802656514e-07,3.3506259301354294e-08,0.0016024634224106554,0.002351914932818675
outputs/Tau5_joint_refinement/AA/pool_2/conformer_189.pdb,outputs/Tau5_joint_refinement/AA/backcalc/pool_2/conformer_189/model.pdb,29.78507838052167,0.002,0.002062350762110613,0.002222672048778417,0.0027167629507746046,0.004362362168516964,0.005300637835212424,0.003587541411650786,0.0013348091966092948,0.0017806045817058936,0.002940769796921511
outputs/Tau5_joint_refinement/AA/pool_2/conformer_19.pdb,outputs/Tau5_joint_refinement/AA/backcalc/pool_2/conformer_19/model.pdb,31.16361881276565,0.002,0.002669492886659333,0.0029671616534205658,0.0024211608090751653,0.001227237282554547,0.0003170327282025766,2.1790672982103807e-06,1.601917924823955e-07,0.0023945344700678794,0.0020701631490188718
outputs/Tau5_joint_refinement/AA/pool_2/conformer_190.pdb,outputs/Tau5_joint_refinement/AA/backcalc/pool_2/conformer_190/model.pdb,24.392448845370733,0.002,0.003034994545403726,0.003318660679864601,0.0031750766805127943,0.002271140054312499,0.0009191396547949751,1.3700317223754151e-05,7.627732003276136e-07,0.002145181697490969,0.0029843806209845797
outputs/Tau5_joint_refinement/AA/pool_2/conformer_191.pdb,outputs/Tau5_joint_refinement/AA/backcalc/pool_2/conformer_191/model.pdb,40.76278868069607,0.002,0.0016111601949637198,0.0011590538433496726,0.0006508954558069617,0.00015010482711134312,2.7699995503264656e-06,7.210176858261274e-08,5.886377144738103e-09,0.0017934035686974815,0.0007290667868299955
outputs/Tau5_joint_refinement/AA/pool_2/conformer_192.pdb,outputs/Tau5_joint_refinement/AA/backcalc/pool_2/conformer_192/model.pdb,40.17935194509374,0.002,0.0022633027021381,0.0028574808714705055,0.00345714021724039,0.0030827421076543415,0.001570178847354875,4.916919093621854e-05,1.4708137082332533e-06,0.0024619952443422433,0.0028529978089487135
outputs/Tau5_joint_refinement/AA/pool_2/conformer_193.pdb,outputs/Tau5_joint_refinement/AA/backcalc/pool_2/conformer_193/model.pdb,23.852396708796782,0.002,0.002397776970994129,0.0016669985134880815,0.0006362426000628873,8.042182152613424e-05,1.4695511940246987e-06,4.099020832365424e-08,3.366560731365904e-09,0.0017671969092074942,0.0006411186759553821
outputs/Tau5_joint_refinement/AA/pool_2/conformer_194.pdb,outputs/Tau5_joint_refinement/AA/backcalc/pool_2/conformer_194/model.pdb,35.67301800424685,0.002,0.0019511519230029158,0.002002437675898324,0.0019293702445299348,0.0015701461431019772,0.0007213551794006694,9.769622717023943e-06,6.03761574124184e-07,0.0021317153337119528,0.0017709183584537279
outputs/Tau5_joint_refinement/AA/pool_2/conformer_195.pdb,outputs/Tau5_joint_refinement/AA/backcalc/pool_2/conformer_195/model.pdb,23.871701089835025,0.002,0.0024562710364536586,0.0021236349900820746,0.0012067782524945504,0.0002854775661692068,1.3698991930507849e-05,2.636345834806953e-07,2.1079249237885864e-08,0.0017296417040765085,0.0013378875193546837
outputs/Tau5_joint_refinement/AA/pool_2/conformer_196.pdb,outputs/Tau5_joint_refinement/AA/backcalc/pool_2/conformer_196/model.pdb,23.473903145600392,0.002,0.0014110747816079672,0.0010200374236558312,0.0007204885165537362,0.0003201252625115019,2.9657274985064393e-05,4.3297283658217767e-07,3.4068259398602354e-08,0.001958620462686256,0.0006964705792719334
outputs/Tau5_joint_refinement/AA/pool_2/conformer_197.pdb,outputs/Tau5_joint_refinement/AA/backcalc/pool_2/conformer_197/model.pdb,37.18666187379985,0.002,0.002687770097058949,0.00329807478047363,0.0034344713537424547,0.0027521135816009233,0.0011713764907171655,6.691237931035394e-06,4.2584472538543e-07,0.002518946267658009,0.0028747366106638243
outputs/Tau5_joint_refinement/AA/pool_2/conformer_198.pdb,outputs/Tau5_joint_refinement/AA/backcalc/pool_2/conformer_198/model.pdb,41.71980007522324,0.002,0.0016784125682920488,0.0019803240527266138,0.0026791172888132636,0.003017691468452205,0.001799805012464669,0.00012161945838026,2.5452413079663217e-06,0.0021804330820805297,0.0024834996550969018
outputs/Tau5_joint_refinement/AA/pool_2/conformer_199.pdb,outputs/Tau5_joint_refinement/AA/backcalc/pool_2/conformer_199/model.pdb,42.52428962486796,0.002,0.0026042719705314872,0.0037974320895432633,0.005409413519730883,0.0046345047779178215,0.0015531336953006076,1.7025418014476254e-05,8.760378855767508e-07,0.0016687367946776083,0.00674228077036016
outputs/Tau5_joint_refinement/AA/pool_2/conformer_2.pdb,outputs/Tau5_joint_refinement/AA/backcalc/pool_2/conformer_2/model.pdb,31.86965317742095,0.002,0.0022961527272622705,0.0021039093041298257,0.0012329526848707762,0.00031591460697076877,1.857512503603496e-05,3.182178549913195e-07,2.5270242018180412e-08,0.0019584453002253993,0.001247469315192057
outputs/Tau5_joint_refinement/AA/pool_2/conformer_20.pdb,outputs/Tau5_joint_refinement/AA/backcalc/pool_2/conformer_20/model.pdb,31.068300404707575,0.002,0.002326111458551523,0.0022333505032190305,0.001569846290486192,0.0005758355888051598,5.555229126001865e-05,5.92431414327704e-07,4.6063533892123504e-08,0.00218080889787343,0.0014228909959488152
outputs/Tau5_joint_refinement/AA/pool_2/conformer_200.pdb,outputs/Tau5_joint_refinement/AA/backcalc/pool_2/conformer_200/model.pdb,34.31991615994762,0.002,0.001436937190713711,0.0010509858785617025,0.0005728219503989547,0.0001626539309655164,4.915301292425233e-06,1.1941292502960333e-07,9.696575897503664e-09,0.001960219042090959,0.0005894474469902363
outputs/Tau5_joint_refinement/AA/pool_2/conformer_201.pdb,outputs/Tau5_joint_refinement/AA/backcalc/pool_2/conformer_201/model.pdb,27.39062437635418,0.002,0.0013688849750437037,0.0008274283153246356,0.0003844723607038806,6.312422919521804e-05,9.226979626865467e-07,2.6096906402929515e-08,2.146461442616548e-09,0.001964703962800763,0.00037813359767627436
outputs/Tau5_joint_refinement/AA/pool_2/conformer_202.pdb,outputs/Tau5_joint_refinement/AA/backcalc/pool_2/conformer_202/model.pdb,26.342217873056878,0.002,0.0018812203477721417,0.0017203277199947737,0.001472011701602771,0.001558861753824516,0.0016322639571679505,0.0007487112530796064,2.2345460533553977e-05,0.002298191699486718,0.0012656342617079657
outputs/Tau5_joint_refinement/AA/pool_2/conformer_203.pdb,outputs/Tau5_joint_refinement/AA/backcalc/pool_2/conformer_203/model.pdb,26.702776750037838,0.002,0.0018978886404602774,0.001725007670526388,0.001616171282865421,0.0018909217634370244,0.0018637615963645372,0.00030465994552315276,3.8275639158555e-06,0.0023860548596319874,0.0013062177454191595
outputs/Tau5_joint_refinement/AA/pool_2/conformer_204.pdb,outputs/Tau5_joint_refinement/AA/backcalc/pool_2/conformer_204/model.pdb,24.952844880068284,0.002,0.001084484552108891,0.0005475814943483432,0.000220277640100996,3.8022416941506294e-05,9.966718687124154e-07,2.8279177776825984e-08,2.3262302519492385e-09,0.0020783257970806673,0.00020771155072879508
outputs/Tau5_joint_refinement/AA/pool_2/conformer_205.pdb,outputs/Tau5_joint_refinement/AA/backcalc/pool_2/conformer_205/model.pdb,36.82267584541243,0.002,0.001830399143260407,0.0014256771772405987,0.0008985137384063414,0.0003706242114401792,5.265287165795112e-05,6.89315771145263e-07,5.383048773521753e-08,0.002709255159156551,0.000663911133815853
outputs/Tau5_joint_refinement/AA/pool_2/conformer_206.pdb,outputs/Tau5_joint_refinement/AA/backcalc/pool_2/conformer_206/model.pdb,23.260255545902638,0.002,0.0018323299818454324,0.0018318308309580055,0.0016699670252564376,0.000863251847739895,0.00011597087097079709,9.198092298288426e-07,7.062379897142292e-08,0.0018706643105320373,0.0017733012963565202
outputs/Tau5_joint_refinement/AA/pool_2/conformer_207.pdb,outputs/Tau5_joint_refinement/AA/backcalc/pool_2/conformer_207/model.pdb,44.16688667054247,0.002,0.0019675077103235004,0.001997505809490689,0.0019200685975616825,0.0010330701679099115,0.00015796938490969092,1.1462369056196527e-06,8.724981696169521e-08,0.0017985306241284325,0.0021172056102595677
outputs/Tau5_joint_refinement/AA/pool_2/conformer_208.pdb,outputs/Tau5_joint_refinement/AA/backcalc/pool_2/conformer_208/model.pdb,30.60971952739803,0.002,0.0015293994227195133,0.0010453203667840708,0.0005111570001582775,0.00011801827817608467,2.5287507982820495e-06,6.670871934876225e-08,5.451619154498198e-09,0.0018351372273245489,0.0005530558878102714
outputs/Tau5_joint_refinement/AA/pool_2/conformer_209.pdb,outputs/Tau5_joint_refinement/AA/backcalc/pool_2/conformer_209/model.pdb,30.229345836500958,0.002,0.0021300714913846126,0.0016025568683066915,0.0007281774735880257,0.0001295375838715761,2.9144635025216505e-06,7.631100276449169e-08,6.231788077171103e-09,0.0021659820656346977,0.0006732757862277955
outputs/Tau5_joint_refinement/AA/pool_2/conformer_21.pdb,outputs/Tau5_joint_refinement/AA/backcalc/pool_2/conformer_21/model.pdb,33.51828764971175,0.002,0.001876211189487519,0.0015561549870170665,0.0008327519774580521,0.00021129403923273284,1.4307003330268545e-05,2.8474855032609105e-07,2.278957335231812e-08,0.002069221841058871,0.0007923781260687447
outputs/Tau5_joint_refinement/AA/pool_2/conformer_210.pdb,outputs/Tau5_joint_refinement/AA/backcalc/pool_2/conformer_210/model.pdb,25.762533566778234,0.002,0.0011930875956006684,0.0007217920317631615,0.00040267542044510827,0.0002197366787117076,5.787507093742873e-05,8.880512954214228e-07,6.924407345300085e-08,0.002457953155115273,0.00032161482694067535
outputs/Tau5_joint_refinement/AA/pool_2/conformer_211.pdb,outputs/Tau5_joint_refinement/AA/backcalc/pool_2/conformer_211/model.pdb,42.499903513428876,0.002,0.001994672401752343,0.0024133880055896904,0.0025126913378308185,0.0019629975846057793,0.0012664940785587025,0.00012129896318195903,2.854732020001598e-06,0.0026222012223427447,0.0019482118304962098
outputs/Tau5_joint_refinement/AA/pool_2/conformer_212.pdb,outputs/Tau5_joint_refinement/AA/backcalc/pool_2/conformer_212/model.pdb,30.385013080952472,0.002,0.0008694064928660741,0.0003947172547641097,0.00014486828187318677,2.7074647945849222e-05,8.162196822056914e-07,2.335383792224186e-08,1.9226965994149572e-09,0.002017768175717817,0.00013973160493600494
outputs/Tau5_joint_refinement/AA/pool_2/conformer_213.pdb,outputs/Tau5_joint_refinement/AA/backcalc/pool_2/conformer_213/model.pdb,42.48233401051352,0.002,0.0022420657814330846,0.003285437569484036,0.005667004281448204,0.008270381604208028,0.008938587132372607,0.0072400533726548685,0.00494608009057757,0.0019058721896981783,0.0059484954191981534
outputs/Tau5_joint_refinement/AA/pool_2/conformer_214.pdb,outputs/Tau5_joint_refinement/AA/backcalc/pool_2/conformer_214/model.pdb,27.16861781579684,0.002,0.0034147430890191233,0.004917904058817676,0.0067313616259465974,0.009657990842885517,0.01540894075225672,0.02270699359105495,0.02544980735826038,0.0020158166184271165,0.0064944925533078875
outputs/Tau5_joint_refinement/AA/pool_2/conformer_215.pdb,outputs/Tau5_joint_refinement/AA/backcalc/pool_2/conformer_215/model.pdb,34.65999250189258,0.002,0.003974465032411861,0.007449209405997589,0.013996411266956199,0.018474467781057526,0.01541746808202393,0.007056243701742054,0.001467811371106559,0.0020624633649197225,0.013930708772882527
outputs/Tau5_joint_refinement/AA/pool_2/conformer_216.pdb,outputs/Tau5_joint_refinement/AA/backcalc/pool_2/conformer_216/model.pdb,24.24146369734842,0.002,0.0027868453827851105,0.0033691359297451126,0.004052918763111145,0.004859909236988107,0.006281709800136306,0.008844151524999158,0.009767479579632657,0.0017272454880018048,0.004521695181515199
outputs/Tau5_joint_refinement/AA/pool_2/conformer_217.pdb,outputs/Tau5_joint_refinement/AA/backcalc/pool_2/conformer_217/model.pdb,36.775036636126856,0.002,0.0017171169268229776,0.0015698763373932832,0.0010462993012545251,0.0002942876570625294,1.5125617366378597e-05,2.7811027483085105e-07,2.218495604687997e-08,0.0016720331631006574,0.0012335588586476938
outputs/Tau5_joint_refinement/AA/pool_2/conformer_218.pdb,outputs/Tau5_joint_refinement/AA/backcalc/pool_2/conformer_218/model.pdb,48.881700509054966,0.002,0.0015628720156187145,0.0014755047509553566,0.0018415643807306809,0.002867526067545101,0.0027220869545258103,0.0003317928335637997,3.546297019492319e-06,0.002003606893538275,0.0019177574960181354
outputs/Tau5_joint_refinement/AA/pool_2/conformer_219.pdb,outputs/Tau5_joint_refinement/AA/backcalc/pool_2/conformer_219/model.pdb,32.23555326247692,0.002,0.0025285898158923636,0.002721343189877207,0.0025310620853926506,0.0018791735212383808,0.0006669648616879429,3.5874583070357723e-06,2.5182391058020374e-07,0.002023967777202512,0.0024511665371635626
outputs/Tau5_joint_refinement/AA/pool_2/conformer_22.pdb,outputs/Tau5_joint_refinement/AA/backcalc/pool_2/conformer_22/model.pdb,32.20982060270012,0.002,0.001214898204471798,0.0009166223842371579,0.0005572492966075932,0.00017604810630948768,7.391889128858067e-06,1.6590010886412183e-07,1.3390863197848879e-08,0.0021711200378835825,0.000503812273532537
outputs/Tau5_joint_refinement/AA/pool_2/conformer_220.pdb,outputs/Tau5_joint_refinement/AA/backcalc/pool_2/conformer_220/model.pdb,36.59972357109105,0.002,0.0019442565975220081,0.001637319015221129,0.000989809767873993,0.00021071672133917227,3.7012683707227993e-06,9.182942575088828e-08,7.469390167806846e-09,0.002019352913971606,0.0009760061371682275
outputs/Tau5_joint_refinement/AA/pool_2/conformer_221.pdb,outputs/Tau5_joint_refinement/AA/backcalc/pool_2/conformer_221/model.pdb,42.9741347915789,0.002,0.0013871048783469341,0.0009718099277349235,0.000587937585123983,0.00019098449160802043,1.0938719246687542e-05,2.2383311380096915e-07,1.7958063142339587e-08,0.0019671352071337755,0.0005875378457167614
outputs/Tau5_joint_refinement/AA/pool_2/conformer_222.pdb,outputs/Tau5_joint_refinement/AA/backcalc/pool_2/conformer_222/model.pdb,36.421416349436875,0.002,0.0024970343784748573,0.0032988134180115666,0.0038536259934193523,0.0032476987171592723,0.0016958696335187692,0.00011287059023438763,2.2957456358677903e-06,0.0016681980812527184,0.004557614182149863
outputs/Tau5_joint_refinement/AA/pool_2/conformer_223.pdb,outputs/Tau5_joint_refinement/AA/backcalc/pool_2/conformer_223/model.pdb,32.67920358316373,0.002,0.0020298074398692675,0.001566728196654736,0.0007613570342565552,0.00017100425354791022,4.3282817966617675e-06,1.0583451493421725e-07,8.59742398392721e-09,0.0019989948769498526,0.0007541630923440959
outputs/Tau5_joint_refinement/AA/pool_2/conformer_224.pdb,outputs/Tau5_joint_refinement/AA/backcalc/pool_2/conformer_224/model.pdb,42.8096960969757,0.002,0.0016607020352012744,0.0015258458763918387,0.0015150864409642752,0.0011877030234827086,0.0003011565995007363,1.5521811331559474e-06,1.1592588206211831e-07,0.002243490127359019,0.0013966155674963617
outputs/Tau5_joint_refinement/AA/pool_2/conformer_225.pdb,outputs/Tau5_joint_refinement/AA/backcalc/pool_2/conformer_225/model.pdb,25.879424633561054,0.002,0.002206824221683143,0.0019041877956217524,0.001272477705365919,0.00037667484311600596,1.1825645284434947e-05,2.1576792578901352e-07,1.7220455609263835e-08,0.0018720702548313025,0.0013732299497000095
outputs/Tau5_joint_refinement/AA/pool_2/conformer_226.pdb,outputs/Tau5_joint_refinement/AA/backcalc/pool_2/conformer_226/model.pdb,39.34810929386411,0.002,0.0024270825985678395,0.0031081825767085266,0.003457304757054434,0.0024750305382095954,0.0007136827466541791,3.0648268253451482e-06,2.1769515957634095e-07,0.0021640483446798545,0.0033642431572128467
outputs/Tau5_joint_refinement/AA/pool_2/conformer_227.pdb,outputs/Tau5_joint_refinement/AA/backcalc/pool_2/conformer_227/model.pdb,21.890743222673866,0.002,0.0015547345720000813,0.0006949298719388045,0.00019523548596128387,1.755510989288231e-05,4.6696077114877015e-07,1.3539369688289225e-08,1.1161646249773775e-09,0.0016137303450646555,0.00023840755298620622
outputs/Tau5_joint_refinement/AA/pool_2/conformer_228.pdb,outputs/Tau5_joint_refinement/AA/backcalc/pool_2/conformer_228/model.pdb,35.991239025094124,0.002,0.002167528636001418,0.0017003660639274842,0.0008869660860285009,0.00016949322758456832,2.983988782554204e-06,7.678357922662589e-08,6.264070331980336e-09,0.0023865330723691065,0.000719832583772659
outputs/Tau5_joint_refinement/AA/pool_2/conformer_229.pdb,outputs/Tau5_joint_refinement/AA/backcalc/pool_2/conformer_229/model.pdb,28.810585285851683,0.002,0.003486310352811938,0.0038378417251610174,0.002907538728866993,0.0011443827686938863,0.0001593116817045302,1.0244629465743433e-06,7.805103293245556e-08,0.0022951410906192687,0.002422412451662432
outputs/Tau5_joint_refinement/AA/pool_2/conformer_23.pdb,outputs/Tau5_joint_refinement/AA/backcalc/pool_2/conformer_23/model.pdb,39.419827103668595,0.002,0.0014105032552098357,0.0009203941673815491,0.00040795766228084884,5.176075620060023e-05,7.890633440274695e-07,2.255419560621339e-08,1.8568255414968824e-09,0.001605440751628413,0.0005111171760567474
outputs/Tau5_joint_refinement/AA/pool_2/conformer_230.pdb,outputs/Tau5_joint_refinement/AA/backcalc/pool_2/conformer_230/model.pdb,29.380814686783232,0.002,0.0017875780959911575,0.001966901071501057,0.002587139291635541,0.005049163520945837,0.011240135260572102,0.018955285197734623,0.02130177637038862,0.002570113174946884,0.002019222877842819
outputs/Tau5_joint_refinement/AA/pool_2/conformer_231.pdb,outputs/Tau5_joint_refinement/AA/backcalc/pool_2/conformer_231/model.pdb,28.94792911156144,0.002,0.0018356615000567741,0.0016471014427044844,0.001170134300773832,0.0005586831326729552,0.00010786663426588374,1.1067828244492166e-06,8.485518888491797e-08,0.0018097458957139544,0.0012180054949680278
outputs/Tau5_joint_refinement/AA/pool_2/conformer_232.pdb,outputs/Tau5_joint_refinement/AA/backcalc/pool_2/conformer_232/model.pdb,21.797469556537852,0.002,0.0017247565052909183,0.0007783129361419239,0.00020336410319120565,1.1452556087431848e-05,3.512422057688858e-07,1.0249828644534397e-08,8.455343980157056e-10,0.0018005821081653317,0.00021501746054237539
outputs/Tau5_joint_refinement/AA/pool_2/conformer_233.pdb,outputs/Tau5_joint_refinement/AA/backcalc/pool_2/conformer_233/model.pdb,30.716866722499184,0.002,0.0022695665637418646,0.0015169144547656007,0.0006963367300806251,0.00019002494771420037,9.110657349459334e-06,1.8873998919699545e-07,1.5150849077461695e-08,0.002542789686511183,0.0005399802333257274
outputs/Tau5_joint_refinement/AA/pool_2/conformer_234.pdb,outputs/Tau5_joint_refinement/AA/backcalc/pool_2/conformer_234/model.pdb,28.80317021642323,0.002,0.0015562506051517817,0.001280494951004283,0.0008309256950285337,0.00033243480898644613,4.193235558508718e-05,6.257999444413748e-07,4.912879592509814e-08,0.002282239500756467,0.0007231673526208213
outputs/Tau5_joint_refinement/AA/pool_2/conformer_235.pdb,outputs/Tau5_joint_refinement/AA/backcalc/pool_2/conformer_235/model.pdb,41.75744344194069,0.002,0.002320306078931,0.0028686533808539006,0.00391797356752612,0.004450566000412604,0.0024298155040769287,0.00011903838549431176,2.0327763510714834e-06,0.0018246761180408999,0.004438768906424936
outputs/Tau5_joint_refinement/AA/pool_2/conformer_236.pdb,outputs/Tau5_joint_refinement/AA/backcalc/pool_2/conformer_236/model.pdb,23.989888348758583,0.002,0.0017156317936454335,0.0010592222750960745,0.00044176806795756437,6.613505857144379e-05,1.2225501286070565e-06,3.429974302445728e-08,2.8185285442262766e-09,0.0017948748213272535,0.0004629280403315048
outputs/Tau5_joint_refinement/AA/pool_2/conformer_237.pdb,outputs/Tau5_joint_refinement/AA/backcalc/pool_2/conformer_237/model.pdb,33.40803950620561,0.002,0.0023863816516746725,0.002351150353874335,0.001600127573099307,0.00047346992267619317,2.1342976031098374e-05,3.0598600192485177e-07,2.414356332595892e-08,0.0017926720103464897,0.0017841647065230347
outputs/Tau5_joint_refinement/AA/pool_2/conformer_238.pdb,outputs/Tau5_joint_refinement/AA/backcalc/pool_2/conformer_238/model.pdb,28.554440740026667,0.002,0.00267564253295159,0.0034569115129803045,0.004989087531607026,0.008683024296661443,0.013769619319621942,0.016584432456550762,0.017381151492273726,0.0024847822637279297,0.00397221865390987
outputs/Tau5_joint_refinement/AA/pool_2/conformer_239.pdb,outputs/Tau5_joint_refinement/AA/backcalc/pool_2/conformer_239/model.pdb,26.646973498861517,0.002,0.0018528688564607642,0.0019071868778309244,0.0020854677759340407,0.0025874527342053537,0.002719097200322409,0.0008658704802393958,1.2873765466427852e-05,0.0018759576688602343,0.0021602332259296484
outputs/Tau5_joint_refinement/AA/pool_2/conformer_24.pdb,outputs/Tau5_joint_refinement/AA/backcalc/pool_2/conformer_24/model.pdb,29.50932920285667,0.002,0.0019835819758716533,0.0020062955090305746,0.0016392837921887496,0.0006382598109244072,3.376507947992853e-05,3.9752145608005506e-07,3.112493260103225e-08,0.0018589923439159472,0.0017890569679111206
outputs/Tau5_joint_refinement/AA/pool_2/conformer_240.pdb,outputs/Tau5_joint_refinement/AA/backcalc/pool_2/conformer_240/model.pdb,31.849073854381935,0.002,0.0025052785782952525,0.0031919511258831123,0.00352082786534088,0.002656994308587255,0.0009067546369323519,5.531080722348829e-06,3.690082703333703e-07,0.0022340794039738786,0.0031749229598055967
outputs/Tau5_joint_refinement/AA/pool_2/conformer_241.pdb,outputs/Tau5_joint_refinement/AA/backcalc/pool_2/conformer_241/model.pdb,38.20938113649252,0.002,0.0019287327098191235,0.0022559448119979977,0.0027904628952032293,0.003332509183883582,0.0031649864611507732,0.001134439475818742,2.0355520510541184e-05,0.0025163577780420174,0.0022942662550625194
outputs/Tau5_joint_refinement/AA/pool_2/conformer_242.pdb,outputs/Tau5_joint_refinement/AA/backcalc/pool_2/conformer_242/model.pdb,21.550601501234254,0.002,0.0032675728123554276,0.002840786767578525,0.0019415630034122023,0.000746377883463585,6.955758070926674e-05,5.920087192080948e-07,4.587450476571364e-08,0.0024304713502504047,0.0014100675348616449
outputs/Tau5_joint_refinement/AA/pool_2/conformer_243.pdb,outputs/Tau5_joint_refinement/AA/backcalc/pool_2/conformer_243/model.pdb,29.97774741887375,0.002,0.0026115712391410356,0.0025109309010285753,0.0015982387475228152,0.00036529596542658884,7.418066507334495e-06,1.5631271608883666e-07,1.2576632137187004e-08,0.0016312557052940194,0.0019266951340558985
outputs/Tau5_joint_refinement/AA/pool_2/conformer_244.pdb,outputs/Tau5_joint_refinement/AA/backcalc/pool_2/conformer_244/model.pdb,33.404496667284974,0.002,0.001273737016386275,0.0006058933933277298,0.00015544608130420908,9.384120948030918e-06,3.564743766396619e-07,1.0419904248467843e-08,8.596407029965905e-10,0.0021473274415757184,0.00015047132310279276
outputs/Tau5_joint_refinement/AA/pool_2/conformer_245.pdb,outputs/Tau5_joint_refinement/AA/backcalc/pool_2/conformer_245/model.pdb,30.637387219795595,0.002,0.0012731091282338397,0.0008369129867117738,0.0003642114474189516,5.313769320815678e-05,1.2089068872506e-06,3.425366629121944e-08,2.8172672449095873e-09,0.0024008162691536573,0.00029953092343686154
outputs/Tau5_joint_refinement/AA/pool_2/conformer_246.pdb,outputs/Tau5_joint_refinement/AA/backcalc/pool_2/conformer_246/model.pdb,30.61753138847474,0.002,0.0025645704139084006,0.0035538913907699134,0.004884858669704184,0.005664706357984197,0.0043359939933299545,0.0008396977210265386,6.841783430033833e-06,0.0018842822058982949,0.0051544425539817125
outputs/Tau5_joint_refinement/AA/pool_2/conformer_247.pdb,outputs/Tau5_joint_refinement/AA/backcalc/pool_2/conformer_247/model.pdb,39.913363430805774,0.002,0.0035273115528360738,0.004460344593294359,0.004543174975780865,0.002451199039126048,0.00045160815257046266,1.938889565707083e-06,1.4393089633602854e-07,0.001846152887245527,0.0046802320249912785
outputs/Tau5_joint_refinement/AA/pool_2/conformer_248.pdb,outputs/Tau5_joint_refinement/AA/backcalc/pool_2/conformer_248/model.pdb,43.53064960724593,0.002,0.001743892606034828,0.0016042650546120047,0.0011589118285988433,0.0004102495227920775,3.175091428734802e-05,4.6544700824743355e-07,3.663631760403751e-08,0.0017557792357688316,0.00135046212989474
outputs/Tau5_joint_refinement/AA/pool_2/conformer_249.pdb,outputs/Tau5_joint_refinement/AA/backcalc/pool_2/conformer_249/model.pdb,36.398203551950694,0.002,0.0015018239576435688,0.0010612969137259664,0.0005561609574338296,0.000105911353304374,1.5080401068881393e-06,4.150011304442601e-08,3.404866976708947e-09,0.0016466102650389103,0.0006646561007079899
outputs/Tau5_joint_refinement/AA/pool_2/conformer_25.pdb,outputs/Tau5_joint_refinement/AA/backcalc/pool_2/conformer_25/model.pdb,25.081029608010848,0.002,0.0019673914213082606,0.001189297507355264,0.0004216806443797686,4.302271998895811e-05,7.476843105687521e-07,2.143569817180895e-08,1.7652515744736887e-09,0.0021157316459258406,0.0003749345842903492
outputs/Tau5_joint_refinement/AA/pool_2/conformer_250.pdb,outputs/Tau5_joint_refinement/AA/backcalc/pool_2/conformer_250/model.pdb,28.755780443685,0.002,0.0018176068360947265,0.0017490896526448643,0.0014485792226529,0.0007666085032166458,0.0001356428681013741,9.974747377682793e-07,7.609203599575356e-08,0.0020138220993429308,0.0014509164240151767
outputs/Tau5_joint_refinement/AA/pool_2/conformer_26.pdb,outputs/Tau5_joint_refinement/AA/backcalc/pool_2/conformer_26/model.pdb,24.55117297849252,0.002,0.0026579011928864636,0.0034754288195885954,0.0043390838844202815,0.004679084413774084,0.003922048658353817,0.0013851243498224264,1.461043434550551e-05,0.001793554350002038,0.004688149954169681
outputs/Tau5_joint_refinement/AA/pool_2/conformer_27.pdb,outputs/Tau5_joint_refinement/AA/backcalc/pool_2/conformer_27/model.pdb,40.01611366120043,0.002,0.0018728425758250708,0.001442318451660352,0.0007567169637271719,0.0001497752469349186,2.4795469162809783e-06,6.543781819649717e-08,5.349388183855948e-09,0.002419028831969692,0.0006495085874407374
outputs/Tau5_joint_refinement/AA/pool_2/conformer_28.pdb,outputs/Tau5_joint_refinement/AA/backcalc/pool_2/conformer_28/model.pdb,34.6016141859891,0.002,0.0019234544564086043,0.0019766077067940933,0.001672024630747106,0.0009473099124945723,0.0001892580048166797,1.177918098049331e-06,8.907657271087909e-08,0.0016651620927008194,0.002012565511061496
outputs/Tau5_joint_refinement/AA/pool_2/conformer_29.pdb,outputs/Tau5_joint_refinement/AA/backcalc/pool_2/conformer_29/model.pdb,43.42525993470627,0.002,0.0021568114665274684,0.002837214604982201,0.004021824462316932,0.0052434017967924315,0.005218372813216983,0.0034876767408642192,0.0011565914234548324,0.002009475047060815,0.004045605416839427
outputs/Tau5_joint_refinement/AA/pool_2/conformer_3.pdb,outputs/Tau5_joint_refinement/AA/backcalc/pool_2/conformer_3/model.pdb,29.191299652811082,0.002,0.001847420490327781,0.001494646582601569,0.0008635757699539287,0.000277656427627208,2.1646228030389973e-05,3.612425314023945e-07,2.8620621138423656e-08,0.0020500626950115505,0.0008294025944576974
outputs/Tau5_joint_refinement/AA/pool_2/conformer_30.pdb,outputs/Tau5_joint_refinement/AA/backcalc/pool_2/conformer_30/model.pdb,36.40177964624845,0.002,0.002630066204084812,0.003126092617372021,0.0037895466599925792,0.005445338217221196,0.009813353491344939,0.014003068739595587,0.015203495270464197,0.002411367819571254,0.0030571786192104995
outputs/Tau5_joint_refinement/AA/pool_2/conformer_31.pdb,outputs/Tau5_joint_refinement/AA/backcalc/pool_2/conformer_31/model.pdb,38.95156580875562,0.002,0.001661966792286969,0.0013031643271374197,0.0008199792214885653,0.0002991238326778335,3.0512140981812083e-05,4.971949308318624e-07,3.92804477754833e-08,0.002471240363295557,0.0006589171625658683
outputs/Tau5_joint_refinement/AA/pool_2/conformer_32.pdb,outputs/Tau5_joint_refinement/AA/backcalc/pool_2/conformer_32/model.pdb,31.907670647404895,0.002,0.0011935840658093561,0.0008963378098553712,0.0005448667721745975,0.0001913937990153299,1.4598713476126236e-05,2.8716783947575844e-07,2.297519587441345e-08,0.002046868323431391,0.0005262531823463937
outputs/Tau5_joint_refinement/AA/pool_2/conformer_33.pdb,outputs/Tau5_joint_refinement/AA/backcalc/pool_2/conformer_33/model.pdb,36.089236514440266,0.002,0.0015695388434018359,0.0011141701437110746,0.000567570620428295,0.00013481659964878693,4.015259491919294e-06,1.006237405247905e-07,8.188582505623347e-09,0.0023960414974001864,0.0004702570008821388
outputs/Tau5_joint_refinement/AA/pool_2/conformer_34.pdb,outputs/Tau5_joint_refinement/AA/backcalc/pool_2/conformer_34/model.pdb,33.16254799128119,0.002,0.0017517721070708773,0.0016897672978143155,0.0014362832536538926,0.0008433768160640648,0.00013414997366420272,8.897497520912997e-07,6.802807100804907e-08,0.002117220984400993,0.001420011896191977
outputs/Tau5_joint_refinement/AA/pool_2/conformer_35.pdb,outputs/Tau5_joint_refinement/AA/backcalc/pool_2/conformer_35/model.pdb,30.873618958681107,0.002,0.002874228399424626,0.003991896663743332,0.0047303741613161625,0.003407716908491131,0.0010662716899254045,6.090361768245281e-06,3.961158902425644e-07,0.0020925716381976485,0.004583488233308777
outputs/Tau5_joint_refinement/AA/pool_2/conformer_36.pdb,outputs/Tau5_joint_refinement/AA/backcalc/pool_2/conformer_36/model.pdb,27.639264438081458,0.002,0.0015882912337218784,0.0012475858147934008,0.0008073543370878399,0.00028143693884485866,1.8446275211487882e-05,3.043700812785022e-07,2.4140107057891278e-08,0.0022487428110977213,0.0006834560081555915
outputs/Tau5_joint_refinement/AA/pool_2/conformer_37.pdb,outputs/Tau5_joint_refinement/AA/backcalc/pool_2/conformer_37/model.pdb,32.40487091653708,0.002,0.002426928691122028,0.0032670326785017834,0.004303960888447439,0.003520465410480984,0.0006847559135989243,1.6421368421184185e-06,1.2084943250813025e-07,0.0014772855679127106,0.005974715264277417
outputs/Tau5_joint_refinement/AA/pool_2/conformer_38.pdb,outputs/Tau5_joint_refinement/AA/backcalc/pool_2/conformer_38/model.pdb,47.321663788193014,0.002,0.0014497487752217957,0.001196428979613218,0.0012219867875854472,0.0010502872908943436,0.00021578618456270823,1.1147541847905764e-06,8.451134076229006e-08,0.002252839748183227,0.0011011798983250709
outputs/Tau5_joint_refinement/AA/pool_2/conformer_39.pdb,outputs/Tau5_joint_refinement/AA/backcalc/pool_2/conformer_39/model.pdb,31.00290124823334,0.002,0.0022099012523970406,0.0022002668053579823,0.002170632817568555,0.0017785855112656228,0.0006514810710603829,3.3060496342885075e-06,2.3197855372907554e-07,0.0021132475840231974,0.0019991351509073252
outputs/Tau5_joint_refinement/AA/pool_2/conformer_4.pdb,outputs/Tau5_joint_refinement/AA/backcalc/pool_2/conformer_4/model.pdb,42.98120073765698,0.002,0.0019229936976884326,0.002122097467686211,0.0023184424679153406,0.0017486785368632982,0.0005618673055948342,4.0257586416229214e-06,2.83177270796327e-07,0.0020491273711779508,0.0022867152270343812
outputs/Tau5_joint_refinement/AA/pool_2/conformer_40.pdb,outputs/Tau5_joint_refinement/AA/backcalc/pool_2/conformer_40/model.pdb,27.067773515983347,0.002,0.0009519239751371791,0.0004913260515056648,0.00017637896411669694,2.6997458609799336e-05,7.060419817607273e-07,2.0301750968858323e-08,1.672289939513604e-09,0.0017469082748686232,0.0002002430222925188
outputs/Tau5_joint_refinement/AA/pool_2/conformer_41.pdb,outputs/Tau5_joint_refinement/AA/backcalc/pool_2/conformer_41/model.pdb,25.42257090870619,0.002,0.0009907224423961146,0.000522035767285839,0.00021249175987820236,4.3459045640673266e-05,1.6748810733372867e-06,4.684518659078509e-08,3.847059545897716e-09,0.0024060833314815564,0.0001758261642074759
outputs/Tau5_joint_refinement/AA/pool_2/conformer_42.pdb,outputs/Tau5_joint_refinement/AA/backcalc/pool_2/conformer_42/model.pdb,29.40589122698248,0.002,0.002126428669886028,0.0017189202754155234,0.001163384194992792,0.000383765309375,1.2649090594095236e-05,2.2394902173209355e-07,1.7853981550513797e-08,0.0017237974623865897,0.00128084977639503
outputs/Tau5_joint_refinement/AA/pool_2/conformer_43.pdb,outputs/Tau5_joint_refinement/AA/backcalc/pool_2/conformer_43/model.pdb,30.40378162855413,0.002,0.0013435285910204217,0.001302433210582864,0.0013901072202960592,0.0016482849477947514,0.0011785067811857762,8.90126578003394e-05,2.160145564582907e-06,0.002022539679399535,0.0013537541729770617
outputs/Tau5_joint_refinement/AA/pool_2/conformer_44.pdb,outputs/Tau5_joint_refinement/AA/backcalc/pool_2/conformer_44/model.pdb,41.70932901579677,0.002,0.0015526432268798598,0.0012250143622419248,0.000784918501964823,0.00027720924581877104,1.9428221030408573e-05,3.2803755918498877e-07,2.6042936188900745e-08,0.001706402455647104,0.0008870695149543924
outputs/Tau5_joint_refinement/AA/pool_2/conformer_45.pdb,outputs/Tau5_joint_refinement/AA/backcalc/pool_2/conformer_45/model.pdb,26.001013294672234,0.002,0.0025223326405225724,0.002733549839412627,0.0026007213781622392,0.0022049272112573248,0.0014097193271514754,0.00011284685771175878,2.353944960006545e-06,0.002035984622539108,0.0025403539637698395
outputs/Tau5_joint_refinement/AA/pool_2/conformer_46.pdb,outputs/Tau5_joint_refinement/AA/backcalc/pool_2/conformer_46/model.pdb,33.23135305293302,0.002,0.001623453720861146,0.0011953639454840544,0.0006975108189775742,0.00021386697694513124,1.0347436640767276e-05,2.153979392082233e-07,1.7296203831152244e-08,0.001943256868943858,0.0007088555120554286
outputs/Tau5_joint_refinement/AA/pool_2/conformer_47.pdb,outputs/Tau5_joint_refinement/AA/backcalc/pool_2/conformer_47/model.pdb,34.57604525666136,0.002,0.0016723744447016719,0.0016573903760893685,0.001379758763187437,0.0006034404410336754,6.916229109450153e-05,7.048814232109747e-07,5.46448180014361e-08,0.001685521563484766,0.0016334320606784447
outputs/Tau5_joint_refinement/AA/pool_2/conformer_48.pdb,outputs/Tau5_joint_refinement/AA/backcalc/pool_2/conformer_48/model.pdb,23.9804480307352,0.002,0.0023227023001803544,0.0027658842906266045,0.0041096330364049005,0.0067829323380715015,0.007695545058391384,0.005583075766944995,0.003196426937352059,0.002018559810819911,0.0038669843173810346
outputs/Tau5_joint_refinement/AA/pool_2/conformer_49.pdb,outputs/Tau5_joint_refinement/AA/backcalc/pool_2/conformer_49/model.pdb,32.508605532584674,0.002,0.0016288604447617574,0.001216626625820187,0.0007000710527495536,0.00021967789888015525,7.0147836329783765e-06,1.5411129483353688e-07,1.2423808054631055e-08,0.001809190872723775,0.0008229188327644203
outputs/Tau5_joint_refinement/AA/pool_2/conformer_5.pdb,outputs/Tau5_joint_refinement/AA/backcalc/pool_2/conformer_5/model.pdb,36.294732992537405,0.002,0.0016750627491931827,0.0010088172492329229,0.00030254723941577975,2.0660731341637748e-05,5.282681740287457e-07,1.530825298127234e-08,1.2618871648342876e-09,0.0019375504307383206,0.00030284106734354105
outputs/Tau5_joint_refinement/AA/pool_2/conformer_50.pdb,outputs/Tau5_joint_refinement/AA/backcalc/pool_2/conformer_50/model.pdb,26.301988581140222,0.002,0.0031473214912044393,0.00425613462242952,0.00521560013138576,0.004170120869813809,0.0017189694211047666,6.108086880354059e-05,1.6050798121442187e-06,0.0015500256750049627,0.006536485528746498
outputs/Tau5_joint_refinement/AA/pool_2/conformer_51.pdb,outputs/Tau5_joint_refinement/AA/backcalc/pool_2/conformer_51/model.pdb,35.19543085149493,0.002,0.0019260255524425997,0.0016674240731342838,0.0010093177171299744,0.0003028914634323427,1.9572143611270033e-05,3.207972013511947e-07,2.5424820164988293e-08,0.0020967125201784573,0.0009661688825027075
outputs/Tau5_joint_refinement/AA/pool_2/conformer_52.pdb,outputs/Tau5_joint_refinement/AA/backcalc/pool_2/conformer_52/model.pdb,33.373578611419084,0.002,0.0013818235232150957,0.0009810086333044271,0.0005004383215360511,0.00013137203984528288,5.8377650493568965e-06,1.394837748971106e-07,1.1304629849970284e-08,0.002393651019486082,0.0004190503385757458
outputs/Tau5_joint_refinement/AA/pool_2/conformer_53.pdb,outputs/Tau5_joint_refinement/AA/backcalc/pool_2/conformer_53/model.pdb,41.73043666573746,0.002,0.00163108377263614,0.0012765981614630288,0.0008494333063316469,0.0002200638559913872,3.952544862992453e-06,9.859748022127763e-08,8.02424856836016e-09,0.001778397331781682,0.0009675287894544017
outputs/Tau5_joint_refinement/AA/pool_2/conformer_54.pdb,outputs/Tau5_joint_refinement/AA/backcalc/pool_2/conformer_54/model.pdb,31.386728457709417,0.002,0.002279208330073187,0.0020704804203739704,0.001533626641134496,0.0007712420805355085,0.00011591487222908373,9.196575341489299e-07,7.052257131808837e-08,0.0018889097655798417,0.001643147171812844
outputs/Tau5_joint_refinement/AA/pool_2/conformer_55.pdb,outputs/Tau5_joint_refinement/AA/backcalc/pool_2/conformer_55/model.pdb,39.456295605604,0.002,0.001983024916693806,0.0018456793817780285,0.0013958744181511169,0.0004204128262638473,1.2790812665536485e-05,2.243118008340903e-07,1.787460512191075e-08,0.0022019233832330097,0.0012716132844590945
outputs/Tau5_joint_refinement/AA/pool_2/conformer_56.pdb,outputs/Tau5_joint_refinement/AA/backcalc/pool_2/conformer_56/model.pdb,26.9669305527635,0.002,0.002141516358636392,0.002481881689773216,0.0029155361450217583,0.002556919821726762,0.0009215805581989396,7.287101108498419e-06,4.6583781807741036e-07,0.001990709429745731,0.002916809688086943
outputs/Tau5_joint_refinement/AA/pool_2/conformer_57.pdb,outputs/Tau5_joint_refinement/AA/backcalc/pool_2/conformer_57/model.pdb,30.822082476902597,0.002,0.0017119019502530378,0.0017246934610411328,0.001589663248066585,0.0011673404692535815,0.00041031719560198,3.048918794987924e-06,2.189213911575338e-07,0.0020166940200832813,0.0015394414321016933
outputs/Tau5_joint_refinement/AA/pool_2/conformer_58.pdb,outputs/Tau5_joint_refinement/AA/backcalc/pool_2/conformer_58/model.pdb,36.494803014324866,0.002,0.0021006299598711493,0.0023325797872600705,0.0022475568258298814,0.0011814335150224912,0.0001215434346952114,7.1457123116586e-07,5.4942578109926145e-08,0.0016284639763015773,0.0029074948580187156
outputs/Tau5_joint_refinement/AA/pool_2/conformer_59.pdb,outputs/Tau5_joint_refinement/AA/backcalc/pool_2/conformer_59/model.pdb,34.00432050833762,0.002,0.00159669907216251,0.0017391570584493485,0.00169598238821075,0.0009986890418265326,0.00023010532467510262,1.7017325479214954e-06,1.2697154786653083e-07,0.00177458386972616,0.0019363066681279614
outputs/Tau5_joint_refinement/AA/pool_2/conformer_6.pdb,outputs/Tau5_joint_refinement/AA/backcalc/pool_2/conformer_6/model.pdb,29.002748136214755,0.002,0.0016746571834025887,0.0011940244793204012,0.0005855396960767254,0.00013232197008231764,3.881389599251201e-06,9.828988725720291e-08,8.003945320202718e-09,0.0021754502441279568,0.0005369404716046769
outputs/Tau5_joint_refinement/AA/pool_2/conformer_60.pdb,outputs/Tau5_joint_refinement/AA/backcalc/pool_2/conformer_60/model.pdb,25.872845108206867,0.002,0.0015358825434924495,0.001319477896231747,0.0009063374312298028,0.0002360798194115058,4.066120025263264e-06,1.0040614494066487e-07,8.165091931912316e-09,0.0017761611901040554,0.0010217690262057137
outputs/Tau5_joint_refinement/AA/pool_2/conformer_61.pdb,outputs/Tau5_joint_refinement/AA/backcalc/pool_2/conformer_61/model.pdb,25.615107367250367,0.002,0.0016919247532616994,0.001307826894044423,0.0007146950185521117,0.00017111283448825073,5.5830722419036405e-06,1.3452359770890621e-07,1.0913153794808045e-08,0.0017467285281255634,0.0007691044496396311
outputs/Tau5_joint_refinement/AA/pool_2/conformer_62.pdb,outputs/Tau5_joint_refinement/AA/backcalc/pool_2/conformer_62/model.pdb,45.14294293017628,0.002,0.0018480087511448988,0.0021578059537698344,0.002264008138768935,0.0012001600097033065,0.000127170810616768,8.278273790413277e-07,6.357273975444202e-08,0.0017447361988489865,0.002705669310583225
outputs/Tau5_joint_refinement/AA/pool_2/conformer_63.pdb,outputs/Tau5_joint_refinement/AA/backcalc/pool_2/conformer_63/model.pdb,31.637640452704172,0.002,0.001812450705172399,0.0016741181043775422,0.0013865339774814065,0.0008794173193283908,0.00014360571007033957,8.581703713771884e-07,6.567233778674818e-08,0.002509741227846483,0.0011121189282298374
outputs/Tau5_joint_refinement/AA/pool_2/conformer_64.pdb,outputs/Tau5_joint_refinement/AA/backcalc/pool_2/conformer_64/model.pdb,25.837587588178692,0.002,0.001975901767818251,0.0015467924065787782,0.000890308856817967,0.00021900332034502514,5.070608202083676e-06,1.2043653769216155e-07,9.764943921604932e-09,0.0017863141289567459,0.0009382020321244701
outputs/Tau5_joint_refinement/AA/pool_2/conformer_65.pdb,outputs/Tau5_joint_refinement/AA/backcalc/pool_2/conformer_65/model.pdb,32.869662122403575,0.002,0.003318569125622559,0.004763289370351608,0.006303194899103809,0.005708734922206963,0.0025383608584470395,7.709117961215124e-05,1.6788261130444147e-06,0.0018104949881877564,0.006977425822096446
outputs/Tau5_joint_refinement/AA/pool_2/conformer_66.pdb,outputs/Tau5_joint_refinement/AA/backcalc/pool_2/conformer_66/model.pdb,32.12375325214324,0.002,0.0012095598829753554,0.0006193677431553134,0.00019501616077123249,1.949891759855847e-05,5.735859402951775e-07,1.6607143870462266e-08,1.368825500722226e-09,0.0017342625639940733,0.00021648928592331207
outputs/Tau5_joint_refinement/AA/pool_2/conformer_67.pdb,outputs/Tau5_joint_refinement/AA/backcalc/pool_2/conformer_67/model.pdb,31.706326600088165,0.002,0.001760710835493391,0.002043916189412968,0.002290769997292853,0.001558729827540565,0.0004279863637803835,3.243738292922024e-06,2.320405303984689e-07,0.0018111717273510324,0.002585125242276252
outputs/Tau5_joint_refinement/AA/pool_2/conformer_68.pdb,outputs/Tau5_joint_refinement/AA/backcalc/pool_2/conformer_68/model.pdb,44.79252416747099,0.002,0.0015592422315115503,0.0013833368304833513,0.0009591646493354565,0.0002838756415888826,9.608275891458374e-06,1.9763266722328155e-07,1.5875685941087868e-08,0.0018539445710322891,0.0010405533389391693
outputs/Tau5_joint_refinement/AA/pool_2/conformer_69.pdb,outputs/Tau5_joint_refinement/AA/backcalc/pool_2/conformer_69/model.pdb,31.694539632707023,0.002,0.0014875296090497273,0.0008997769256512558,0.0003412361141794047,3.465028807278604e-05,6.589211859359864e-07,1.8954390030127457e-08,1.5614041525852429e-09,0.0015886975434726994,0.00042021780201729526
outputs/Tau5_joint_refinement/AA/pool_2/conformer_7.pdb,outputs/Tau5_joint_refinement/AA/backcalc/pool_2/conformer_7/model.pdb,31.196247970186434,0.002,0.002855840458674497,0.003473335719976961,0.0038247796080306865,0.004847415247983458,0.008613015135987234,0.01684032421238829,0.022116749311699928,0.0018619937491712302,0.0040087682198951665
outputs/Tau5_joint_refinement/AA/pool_2/conformer_70.pdb,outputs/Tau5_joint_refinement/AA/backcalc/pool_2/conformer_70/model.pdb,34.46389630338416,0.002,0.002310028125481608,0.003061641833885322,0.0037086988179250912,0.0037277202954381565,0.003338896888502677,0.0025238361806678247,0.0011963881972684503,0.0018389225317145734,0.004013877345852517
outputs/Tau5_joint_refinement/AA/pool_2/conformer_71.pdb,outputs/Tau5_joint_refinement/AA/backcalc/pool_2/conformer_71/model.pdb,35.6572601333934,0.002,0.0025738220625839193,0.002186119215504086,0.0010710633350369777,0.0002511225562756071,2.0953936523913176e-05,3.5152423947410984e-07,2.7840574582694076e-08,0.002243478071393873,0.0009508291953893536
outputs/Tau5_joint_refinement/AA/pool_2/conformer_72.pdb,outputs/Tau5_joint_refinement/AA/backcalc/pool_2/conformer_72/model.pdb,26.279319988773704,0.002,0.0032562984359200053,0.0036476093760378875,0.003056873957989952,0.0012900352522037936,0.00010673971351785742,6.631470203033555e-07,5.10374089641693e-08,0.0017507359341955848,0.0034705464054255015
outputs/Tau5_joint_refinement/AA/pool_2/conformer_73.pdb,outputs/Tau5_joint_refinement/AA/backcalc/pool_2/conformer_73/model.pdb,31.648390086258953,0.002,0.0025904399532484554,0.0026976320184930033,0.0022446673136613197,0.00150171371943778,0.0007122948657575116,9.775804604474309e-06,5.980903592350742e-07,0.0021918248589119786,0.0019966222094994716
outputs/Tau5_joint_refinement/AA/pool_2/conformer_74.pdb,outputs/Tau5_joint_refinement/AA/backcalc/pool_2/conformer_74/model.pdb,30.01503482836537,0.002,0.0027724045420543272,0.003115786287441569,0.002647935165375647,0.0014219254681698491,0.0003246571515493666,2.0683503520749843e-06,1.530263760606211e-07,0.0016726410391348593,0.0030001447662229832
outputs/Tau5_joint_refinement/AA/pool_2/conformer_75.pdb,outputs/Tau5_joint_refinement/AA/backcalc/pool_2/conformer_75/model.pdb,36.08291463339063,0.002,0.002031218083862495,0.0023093733667682785,0.0021900539428098063,0.0010602977636241441,0.00011845230741323108,7.710510739829454e-07,5.9158083009386815e-08,0.0017086757339030017,0.0025721133060396563
outputs/Tau5_joint_refinement/AA/pool_2/conformer_76.pdb,outputs/Tau5_joint_refinement/AA/backcalc/pool_2/conformer_76/model.pdb,44.34073611612847,0.002,0.0016500337455532797,0.001503768397024112,0.0012422182575501596,0.0004610301918269271,2.2294767236827107e-05,3.3205618930598553e-07,2.623126977278265e-08,0.0018176035761589828,0.0014175907118491073
outputs/Tau5_joint_refinement/AA/pool_2/conformer_77.pdb,outputs/Tau5_joint_refinement/AA/backcalc/pool_2/conformer_77/model.pdb,29.238761217914046,0.002,0.0016565422992090636,0.001518569680853335,0.0012496499954126165,0.0004907175448824007,1.7506912023623982e-05,2.658102194143891e-07,2.104542698923754e-08,0.001667514165552146,0.0015058547832855638
outputs/Tau5_joint_refinement/AA/pool_2/conformer_78.pdb,outputs/Tau5_joint_refinement/AA/backcalc/pool_2/conformer_78/model.pdb,37.49305306849357,0.002,0.001600778008817275,0.0011730896438090048,0.0006252862466823398,0.0001712162741743389,8.280391969676235e-06,1.8156824217964677e-07,1.4631473932548718e-08,0.002056509129913412,0.0005945643526569327
outputs/Tau5_joint_refinement/AA/pool_2/conformer_79.pdb,outputs/Tau5_joint_refinement/AA/backcalc/pool_2/conformer_79/model.pdb,26.271135380164228,0.002,0.0017307661744980335,0.0010072772047917077,0.0003857447395172061,6.475004577646869e-05,1.4097237195213486e-06,3.916054019833916e-08,3.214955866392225e-09,0.0017995934553258683,0.00040535713857884855
outputs/Tau5_joint_refinement/AA/pool_2/conformer_8.pdb,outputs/Tau5_joint_refinement/AA/backcalc/pool_2/conformer_8/model.pdb,36.62813403694682,0.002,0.0016820991052844297,0.0013746386127659787,0.0010003015533916518,0.0004984059655865007,5.5658660783968404e-05,5.681248236296758e-07,4.420583522383452e-08,0.002204177613586642,0.000918785089259641
outputs/Tau5_joint_refinement/AA/pool_2/conformer_80.pdb,outputs/Tau5_joint_refinement/AA/backcalc/pool_2/conformer_80/model.pdb,27.57709442544412,0.002,0.0017038790691688663,0.0016551189953849714,0.0016865685343575528,0.0017180673544513261,0.0007990088602796766,9.640401529924743e-06,5.999871527452939e-07,0.002022661642350208,0.0016789425917231157
outputs/Tau5_joint_refinement/AA/pool_2/conformer_81.pdb,outputs/Tau5_joint_refinement/AA/backcalc/pool_2/conformer_81/model.pdb,18.688926723155404,0.002,0.003120534148281308,0.002834481449791552,0.0023070244654420724,0.0010475468369973637,0.00014149226127706092,9.607179764540734e-07,7.34854207478721e-08,0.001667803477303189,0.0025733889982582307
outputs/Tau5_joint_refinement/AA/pool_2/conformer_82.pdb,outputs/Tau5_joint_refinement/AA/backcalc/pool_2/conformer_82/model.pdb,49.99214996701913,0.002,0.0012118871232120027,0.0008009611196835932,0.0006260528092863099,0.0005212263652294246,0.00015740792790724952,1.172236054324011e-06,8.900130582235635e-08,0.0019576466764561437,0.0006579092112402667
outputs/Tau5_joint_refinement/AA/pool_2/conformer_83.pdb,outputs/Tau5_joint_refinement/AA/backcalc/pool_2/conformer_83/model.pdb,27.487928068969865,0.002,0.0018665252178325501,0.0018125067891655035,0.001590257523169808,0.001018491557112936,0.00026443871082833676,2.054290401657276e-06,1.5228552401159076e-07,0.0017921724355458102,0.0017527694007276008
outputs/Tau5_joint_refinement/AA/pool_2/conformer_84.pdb,outputs/Tau5_joint_refinement/AA/backcalc/pool_2/conformer_84/model.pdb,30.024441911172325,0.002,0.0026529328755636595,0.002979398438310065,0.0025512146803420826,0.001365187127073114,0.00028563567290080784,1.6966689043241062e-06,1.2671725637064662e-07,0.0016501607901462838,0.003006731499362512
outputs/Tau5_joint_refinement/AA/pool_2/conformer_85.pdb,outputs/Tau5_joint_refinement/AA/backcalc/pool_2/conformer_85/model.pdb,29.493111827855955,0.002,0.0011879258180868648,0.0006676174263020547,0.0002443381470946786,3.210043842731266e-05,7.677191274983182e-07,2.2041665029574174e-08,1.8152201699523982e-09,0.001844619616112798,0.00026530596436661767
outputs/Tau5_joint_refinement/AA/pool_2/conformer_86.pdb,outputs/Tau5_joint_refinement/AA/backcalc/pool_2/conformer_86/model.pdb,28.688646788308187,0.002,0.0008893263694041572,0.0005093337272731943,0.0001995278407122999,2.705626675705226e-05,7.41901575700605e-07,2.1364315697964734e-08,1.7598852224023757e-09,0.00170237140940808,0.00023214617836728532
outputs/Tau5_joint_refinement/AA/pool_2/conformer_87.pdb,outputs/Tau5_joint_refinement/AA/backcalc/pool_2/conformer_87/model.pdb,49.743755304313495,0.002,0.0017208437870787872,0.0016799765044566506,0.001828801894597157,0.0017861744292430497,0.0007068997225900124,3.0330902050110256e-06,2.1337435516999896e-07,0.0020372581438845763,0.0018303929104327014
outputs/Tau5_joint_refinement/AA/pool_2/conformer_88.pdb,outputs/Tau5_joint_refinement/AA/backcalc/pool_2/conformer_88/model.pdb,28.68972118018224,0.002,0.0013501429730267296,0.000800471051786114,0.0003420963223800726,7.582720382571018e-05,2.3422240048092684e-06,6.333706293981026e-08,5.1862955262321645e-09,0.0018541778819456654,0.00036055526180183946
outputs/Tau5_joint_refinement/AA/pool_2/conformer_89.pdb,outputs/Tau5_joint_refinement/AA/backcalc/pool_2/conformer_89/model.pdb,24.661456669576854,0.002,0.0018169183026922546,0.0017007121363335808,0.0013556258936110576,0.0008943758451870476,0.0003621234518316526,5.355246165279338e-06,3.7343139671318995e-07,0.0019643626862710446,0.0013150611056629159
outputs/Tau5_joint_refinement/AA/pool_2/conformer_9.pdb,outputs/Tau5_joint_refinement/AA/backcalc/pool_2/conformer_9/model.pdb,29.279865873116776,0.002,0.0018754119951103997,0.0014477009306537291,0.0007216417962055908,0.0001328183257316724,2.354411384986799e-06,6.30634081070369e-08,5.161371317618202e-09,0.0016353134765978855,0.0008531188918119198
outputs/Tau5_joint_refinement/AA/pool_2/conformer_90.pdb,outputs/Tau5_joint_refinement/AA/backcalc/pool_2/conformer_90/model.pdb,47.45826343340404,0.002,0.0017834032963214583,0.0015954738434159072,0.0015714356330609853,0.001507869328602425,0.000918041880813749,2.7156444565603953e-05,1.1682651400136824e-06,0.0019756841511835285,0.0015561145555807391
outputs/Tau5_joint_refinement/AA/pool_2/conformer_91.pdb,outputs/Tau5_joint_refinement/AA/backcalc/pool_2/conformer_91/model.pdb,29.950715377719327,0.002,0.001902074313098858,0.0013515670724000154,0.0006384981999339602,0.00010111756324093077,1.301431424251018e-06,3.614203323378334e-08,2.9676693104398628e-09,0.0019361450625140508,0.0006688776716364432
outputs/Tau5_joint_refinement/AA/pool_2/conformer_92.pdb,outputs/Tau5_joint_refinement/AA/backcalc/pool_2/conformer_92/model.pdb,42.620659452836406,0.002,0.0016880356781896816,0.001281221304210139,0.0007606944426770358,0.00013480701901836975,1.3154519987778044e-06,3.654486079884692e-08,3.001039908725847e-09,0.001724371949697117,0.000914309694222298
outputs/Tau5_joint_refinement/AA/pool_2/conformer_93.pdb,outputs/Tau5_joint_refinement/AA/backcalc/pool_2/conformer_93/model.pdb,33.653372675107214,0.002,0.002497759117318232,0.00329572698750581,0.004870934316699621,0.008556124748698527,0.01239063944298597,0.012199707221904435,0.009731015822423611,0.002308785284285527,0.004372569358884488
outputs/Tau5_joint_refinement/AA/pool_2/conformer_94.pdb,outputs/Tau5_joint_refinement/AA/backcalc/pool_2/conformer_94/model.pdb,33.738279849851196,0.002,0.0022098482858057115,0.002010121693593872,0.0014541429007976477,0.0007936553001108457,0.00016393882818038964,1.21828683871971e-06,9.268659104347234e-08,0.001889617310211642,0.0015459999765226253
outputs/Tau5_joint_refinement/AA/pool_2/conformer_95.pdb,outputs/Tau5_joint_refinement/AA/backcalc/pool_2/conformer_95/model.pdb,45.555892698809195,0.002,0.0016851901796429327,0.0013488025126520192,0.0010013811698601817,0.0005311414888629757,6.74392670848888e-05,6.278457932537249e-07,4.85715532351419e-08,0.0019284828920865756,0.0010504534680862052
outputs/Tau5_joint_refinement/AA/pool_2/conformer_96.pdb,outputs/Tau5_joint_refinement/AA/backcalc/pool_2/conformer_96/model.pdb,46.424807131728556,0.002,0.0015689145839927702,0.0012996289543531765,0.0009647487726770811,0.0004199879556722377,2.847691885126332e-05,3.9506992259164853e-07,3.1083240932447635e-08,0.0018145997168039956,0.0010738908485344258
outputs/Tau5_joint_refinement/AA/pool_2/conformer_97.pdb,outputs/Tau5_joint_refinement/AA/backcalc/pool_2/conformer_97/model.pdb,32.986761805892385,0.002,0.0023978874972574744,0.002700025102296963,0.0025305618618971493,0.0013442014189263168,0.00020222116676404343,1.0891552293001711e-06,8.286536536223101e-08,0.0022947900047999175,0.0022137550782201495
outputs/Tau5_joint_refinement/AA/pool_2/conformer_98.pdb,outputs/Tau5_joint_refinement/AA/backcalc/pool_2/conformer_98/model.pdb,26.96134697495709,0.002,0.0012015113689370321,0.0009225507331057712,0.0006311333391931484,0.00028309450094482063,2.944791485850316e-05,4.557406078204976e-07,3.5936643114858907e-08,0.0021158121747813646,0.0005733999573917053
outputs/Tau5_joint_refinement/AA/pool_2/conformer_99.pdb,outputs/Tau5_joint_refinement/AA/backcalc/pool_2/conformer_99/model.pdb,28.7292847510602,0.002,0.0016985039903271869,0.001814820545498378,0.0018892216707264173,0.002109251155015136,0.001577303334367967,0.00015906499485631746,3.146983265855048e-06,0.002262248644580432,0.0015548342039534708
